[2026-05-25 13:27:17] ============================================================
[2026-05-25 13:27:17] 🐕 加密货币监控看门狗启动（智能版）
[2026-05-25 13:27:17] 监控目标：crypto_signal_monitor.py
[2026-05-25 13:27:17] 检查间隔：10秒
[2026-05-25 13:27:17] ⚠️  检测到进程未运行时自动启动（带 PID 文件检查）
[2026-05-25 13:27:17] ============================================================
[2026-05-25 13:27:18] 💓 心跳正常 (PID: 23121)
[2026-05-25 13:27:28] 💓 心跳正常 (PID: 23121)
[2026-05-25 13:27:41] 💓 心跳正常 (PID: 23121)
[2026-05-25 13:27:51] 💓 心跳正常 (PID: 23121)
[2026-05-25 13:28:02] 💓 心跳正常 (PID: 23121)
[2026-05-25 13:28:12] 💓 心跳正常 (PID: 23121)
[2026-05-25 13:28:22] 💓 心跳正常 (PID: 23121)
[2026-05-25 13:28:33] 💓 心跳正常 (PID: 23121)
[2026-05-25 13:28:43] 💓 心跳正常 (PID: 23121)
[2026-05-25 13:28:54] 💓 心跳正常 (PID: 23121)
[2026-05-25 13:29:04] 💓 心跳正常 (PID: 23121)
[2026-05-25 13:29:16] 💓 心跳正常 (PID: 23121)
[2026-05-25 13:29:29] 💓 心跳正常 (PID: 23121)
[2026-05-25 13:29:39] 💓 心跳正常 (PID: 23121)
[2026-05-25 13:29:50] 💓 心跳正常 (PID: 23121)
[2026-05-25 13:30:00] 💓 心跳正常 (PID: 23121)
[2026-05-25 13:30:11] 💓 心跳正常 (PID: 23121)
[2026-05-25 13:30:21] 💓 心跳正常 (PID: 23121)
[2026-05-25 13:30:32] 💓 心跳正常 (PID: 23121)
[2026-05-25 13:30:42] 💓 心跳正常 (PID: 23121)
[2026-05-25 13:30:53] 💓 心跳正常 (PID: 23121)
[2026-05-25 13:31:03] 💓 心跳正常 (PID: 23121)
[2026-05-25 13:31:14] 💓 心跳正常 (PID: 23121)
[2026-05-25 13:31:24] 💓 心跳正常 (PID: 23121)
[2026-05-25 13:31:35] 💓 心跳正常 (PID: 23121)
[2026-05-25 13:31:45] 💓 心跳正常 (PID: 23121)
[2026-05-25 13:31:56] 💓 心跳正常 (PID: 23121)
[2026-05-25 13:32:06] 💓 心跳正常 (PID: 23121)
[2026-05-25 13:32:17] 💓 心跳正常 (PID: 23121)
[2026-05-25 13:32:27] 💓 心跳正常 (PID: 23121)
[2026-05-25 13:32:38] 💓 心跳正常 (PID: 23121)
[2026-05-25 13:32:49] 💓 心跳正常 (PID: 23121)
[2026-05-25 13:32:59] 💓 心跳正常 (PID: 23121)
[2026-05-25 13:33:10] 💓 心跳正常 (PID: 23121)
[2026-05-25 13:33:20] 💓 心跳正常 (PID: 23121)
[2026-05-25 13:33:30] 💓 心跳正常 (PID: 23121)
[2026-05-25 13:33:44] 💓 心跳正常 (PID: 23121)
[2026-05-25 13:34:04] 💓 心跳正常 (PID: 23121)
[2026-05-25 13:34:15] 💓 心跳正常 (PID: 23121)
[2026-05-25 13:34:25] 💓 心跳正常 (PID: 23121)
[2026-05-25 13:34:35] 💓 心跳正常 (PID: 23121)
[2026-05-25 13:34:46] 💓 心跳正常 (PID: 23121)
[2026-05-25 13:34:59] 💓 心跳正常 (PID: 23121)
[2026-05-25 13:35:09] 💓 心跳正常 (PID: 23121)
[2026-05-25 13:35:20] 💓 心跳正常 (PID: 23121)
[2026-05-25 13:35:30] 💓 心跳正常 (PID: 23121)
[2026-05-25 13:35:41] 💓 心跳正常 (PID: 23121)
[2026-05-25 13:35:51] 💓 心跳正常 (PID: 23121)
[2026-05-25 13:36:02] 💓 心跳正常 (PID: 23121)
[2026-05-25 13:36:12] 💓 心跳正常 (PID: 23121)
[2026-05-25 13:36:26] 💓 心跳正常 (PID: 23121)
[2026-05-25 13:36:37] 💓 心跳正常 (PID: 23121)
[2026-05-25 13:36:47] 💓 心跳正常 (PID: 23121)
[2026-05-25 13:36:58] 💓 心跳正常 (PID: 23121)
[2026-05-25 13:37:08] 💓 心跳正常 (PID: 23121)
[2026-05-25 13:37:19] 💓 心跳正常 (PID: 23121)
[2026-05-25 13:37:29] 💓 心跳正常 (PID: 23121)
[2026-05-25 13:37:40] 💓 心跳正常 (PID: 23121)
[2026-05-25 13:37:52] 💓 心跳正常 (PID: 23121)
[2026-05-25 13:38:03] 💓 心跳正常 (PID: 23121)
[2026-05-25 13:38:16] 💓 心跳正常 (PID: 23121)
[2026-05-25 13:38:27] 💓 心跳正常 (PID: 23121)
[2026-05-25 13:38:37] 💓 心跳正常 (PID: 23121)
[2026-05-25 13:38:47] 💓 心跳正常 (PID: 23121)
[2026-05-25 13:38:58] 💓 心跳正常 (PID: 23121)
[2026-05-25 13:39:08] 💓 心跳正常 (PID: 23121)
[2026-05-25 13:39:19] 💓 心跳正常 (PID: 23121)
[2026-05-25 13:39:29] 💓 心跳正常 (PID: 23121)
[2026-05-25 13:39:40] 💓 心跳正常 (PID: 23121)
[2026-05-25 13:39:57] 💓 心跳正常 (PID: 23121)
[2026-05-25 13:40:08] 💓 心跳正常 (PID: 23121)
[2026-05-25 13:40:18] 💓 心跳正常 (PID: 23121)
[2026-05-25 13:40:29] 💓 心跳正常 (PID: 23121)
[2026-05-25 13:40:39] 💓 心跳正常 (PID: 23121)
[2026-05-25 13:40:50] 💓 心跳正常 (PID: 23121)
[2026-05-25 13:41:01] 💓 心跳正常 (PID: 23121)
[2026-05-25 13:41:11] 💓 心跳正常 (PID: 23121)
[2026-05-25 13:41:22] 💓 心跳正常 (PID: 23121)
[2026-05-25 13:41:33] 💓 心跳正常 (PID: 23121)
[2026-05-25 13:41:43] 💓 心跳正常 (PID: 23121)
[2026-05-25 13:41:53] 💓 心跳正常 (PID: 23121)
[2026-05-25 13:42:04] 💓 心跳正常 (PID: 23121)
[2026-05-25 13:42:15] 💓 心跳正常 (PID: 23121)
[2026-05-25 13:42:26] 💓 心跳正常 (PID: 23121)
[2026-05-25 13:42:36] 💓 心跳正常 (PID: 23121)
[2026-05-25 13:42:47] 💓 心跳正常 (PID: 23121)
[2026-05-25 13:42:57] 💓 心跳正常 (PID: 23121)
[2026-05-25 13:43:08] 💓 心跳正常 (PID: 23121)
[2026-05-25 13:43:18] 💓 心跳正常 (PID: 23121)
[2026-05-25 13:43:29] 💓 心跳正常 (PID: 23121)
[2026-05-25 13:43:40] 💓 心跳正常 (PID: 23121)
[2026-05-25 13:43:50] 💓 心跳正常 (PID: 23121)
[2026-05-25 13:44:01] 💓 心跳正常 (PID: 23121)
[2026-05-25 13:44:11] 💓 心跳正常 (PID: 23121)
[2026-05-25 13:44:22] 💓 心跳正常 (PID: 23121)
[2026-05-25 13:44:33] 💓 心跳正常 (PID: 23121)
[2026-05-25 13:44:43] 💓 心跳正常 (PID: 23121)
[2026-05-25 13:44:54] 💓 心跳正常 (PID: 23121)
[2026-05-25 13:45:04] 💓 心跳正常 (PID: 23121)
[2026-05-25 13:45:15] 💓 心跳正常 (PID: 23121)
[2026-05-25 13:45:26] 💓 心跳正常 (PID: 23121)
[2026-05-25 13:45:36] 💓 心跳正常 (PID: 23121)
[2026-05-25 13:45:47] 💓 心跳正常 (PID: 23121)
[2026-05-25 13:45:58] 💓 心跳正常 (PID: 23121)
[2026-05-25 13:46:08] 💓 心跳正常 (PID: 23121)
[2026-05-25 13:46:19] 💓 心跳正常 (PID: 23121)
[2026-05-25 13:46:29] 💓 心跳正常 (PID: 23121)
[2026-05-25 13:46:40] 💓 心跳正常 (PID: 23121)
[2026-05-25 13:46:51] 💓 心跳正常 (PID: 23121)
[2026-05-25 13:47:01] 💓 心跳正常 (PID: 23121)
[2026-05-25 13:47:12] 💓 心跳正常 (PID: 23121)
[2026-05-25 13:47:22] 💓 心跳正常 (PID: 23121)
[2026-05-25 13:47:33] 💓 心跳正常 (PID: 23121)
[2026-05-25 13:47:43] 💓 心跳正常 (PID: 23121)
[2026-05-25 13:47:54] 💓 心跳正常 (PID: 23121)
[2026-05-25 13:48:04] 💓 心跳正常 (PID: 23121)
[2026-05-25 13:48:14] 💓 心跳正常 (PID: 23121)
[2026-05-25 13:48:25] 💓 心跳正常 (PID: 23121)
[2026-05-25 13:48:35] 💓 心跳正常 (PID: 23121)
[2026-05-25 13:48:46] 💓 心跳正常 (PID: 23121)
[2026-05-25 13:48:56] 💓 心跳正常 (PID: 23121)
[2026-05-25 13:49:06] 💓 心跳正常 (PID: 23121)
[2026-05-25 13:49:17] 💓 心跳正常 (PID: 23121)
[2026-05-25 13:49:27] 💓 心跳正常 (PID: 23121)
[2026-05-25 13:49:37] 💓 心跳正常 (PID: 23121)
[2026-05-25 13:49:48] 💓 心跳正常 (PID: 23121)
[2026-05-25 13:49:58] 💓 心跳正常 (PID: 23121)
[2026-05-25 13:50:09] 💓 心跳正常 (PID: 23121)
[2026-05-25 13:50:19] 💓 心跳正常 (PID: 23121)
[2026-05-25 13:50:29] 💓 心跳正常 (PID: 23121)
[2026-05-25 13:50:40] 💓 心跳正常 (PID: 23121)
[2026-05-25 13:50:50] 💓 心跳正常 (PID: 23121)
[2026-05-25 13:51:00] 💓 心跳正常 (PID: 23121)
[2026-05-25 13:51:11] 💓 心跳正常 (PID: 23121)
[2026-05-25 13:51:21] 💓 心跳正常 (PID: 23121)
[2026-05-25 13:51:31] 💓 心跳正常 (PID: 23121)
[2026-05-25 13:51:42] 💓 心跳正常 (PID: 23121)
[2026-05-25 13:51:52] 💓 心跳正常 (PID: 23121)
[2026-05-25 13:52:02] 💓 心跳正常 (PID: 23121)
[2026-05-25 13:52:12] 💓 心跳正常 (PID: 23121)
[2026-05-25 13:52:23] 💓 心跳正常 (PID: 23121)
[2026-05-25 13:52:33] 💓 心跳正常 (PID: 23121)
[2026-05-25 13:52:43] 💓 心跳正常 (PID: 23121)
[2026-05-25 13:52:54] 💓 心跳正常 (PID: 23121)
[2026-05-25 13:53:04] 💓 心跳正常 (PID: 23121)
[2026-05-25 13:53:14] 💓 心跳正常 (PID: 23121)
[2026-05-25 13:53:25] 💓 心跳正常 (PID: 23121)
[2026-05-25 13:53:35] 💓 心跳正常 (PID: 23121)
[2026-05-25 13:53:46] 💓 心跳正常 (PID: 23121)
[2026-05-25 13:53:56] 💓 心跳正常 (PID: 23121)
[2026-05-25 13:54:06] 💓 心跳正常 (PID: 23121)
[2026-05-25 13:54:16] 💓 心跳正常 (PID: 23121)
[2026-05-25 13:54:27] 💓 心跳正常 (PID: 23121)
[2026-05-25 13:54:37] 💓 心跳正常 (PID: 23121)
[2026-05-25 13:54:47] 💓 心跳正常 (PID: 23121)
[2026-05-25 13:54:58] 💓 心跳正常 (PID: 23121)
[2026-05-25 13:55:08] 💓 心跳正常 (PID: 23121)
[2026-05-25 13:55:19] 💓 心跳正常 (PID: 23121)
[2026-05-25 13:55:29] 💓 心跳正常 (PID: 23121)
[2026-05-25 13:55:39] 💓 心跳正常 (PID: 23121)
[2026-05-25 13:55:50] 💓 心跳正常 (PID: 23121)
[2026-05-25 13:56:00] 💓 心跳正常 (PID: 23121)
[2026-05-25 13:56:11] 💓 心跳正常 (PID: 23121)
[2026-05-25 13:56:21] 💓 心跳正常 (PID: 23121)
[2026-05-25 13:56:31] 💓 心跳正常 (PID: 23121)
[2026-05-25 13:56:41] 💓 心跳正常 (PID: 23121)
[2026-05-25 13:56:52] 💓 心跳正常 (PID: 23121)
[2026-05-25 13:57:02] 💓 心跳正常 (PID: 23121)
[2026-05-25 13:57:12] 💓 心跳正常 (PID: 23121)
[2026-05-25 13:57:23] 💓 心跳正常 (PID: 23121)
[2026-05-25 13:57:33] 💓 心跳正常 (PID: 23121)
[2026-05-25 13:57:44] 💓 心跳正常 (PID: 23121)
[2026-05-25 13:57:54] 💓 心跳正常 (PID: 23121)
[2026-05-25 13:58:04] 💓 心跳正常 (PID: 23121)
[2026-05-25 13:58:15] 💓 心跳正常 (PID: 23121)
[2026-05-25 13:58:25] 💓 心跳正常 (PID: 23121)
[2026-05-25 13:58:35] 💓 心跳正常 (PID: 23121)
[2026-05-25 13:58:46] 💓 心跳正常 (PID: 23121)
[2026-05-25 13:58:56] 💓 心跳正常 (PID: 23121)
[2026-05-25 13:59:06] 💓 心跳正常 (PID: 23121)
[2026-05-25 13:59:17] 💓 心跳正常 (PID: 23121)
[2026-05-25 13:59:27] 💓 心跳正常 (PID: 23121)
[2026-05-25 13:59:37] 💓 心跳正常 (PID: 23121)
[2026-05-25 13:59:48] 💓 心跳正常 (PID: 23121)
[2026-05-25 13:59:58] 💓 心跳正常 (PID: 23121)
[2026-05-25 14:00:08] 💓 心跳正常 (PID: 23121)
[2026-05-25 14:00:19] 💓 心跳正常 (PID: 23121)
[2026-05-25 14:00:29] 💓 心跳正常 (PID: 23121)
[2026-05-25 14:00:39] 💓 心跳正常 (PID: 23121)
[2026-05-25 14:00:50] 💓 心跳正常 (PID: 23121)
[2026-05-25 14:01:00] 💓 心跳正常 (PID: 23121)
[2026-05-25 14:01:10] 💓 心跳正常 (PID: 23121)
[2026-05-25 14:01:21] 💓 心跳正常 (PID: 23121)
[2026-05-25 14:01:31] 💓 心跳正常 (PID: 23121)
[2026-05-25 14:01:41] 💓 心跳正常 (PID: 23121)
[2026-05-25 14:01:51] 💓 心跳正常 (PID: 23121)
[2026-05-25 14:02:02] 💓 心跳正常 (PID: 23121)
[2026-05-25 14:02:12] 💓 心跳正常 (PID: 23121)
[2026-05-25 14:02:22] 💓 心跳正常 (PID: 23121)
[2026-05-25 14:02:32] 💓 心跳正常 (PID: 23121)
[2026-05-25 14:02:43] 💓 心跳正常 (PID: 23121)
[2026-05-25 14:02:53] 💓 心跳正常 (PID: 23121)
[2026-05-25 14:03:03] 💓 心跳正常 (PID: 23121)
[2026-05-25 14:03:14] 💓 心跳正常 (PID: 23121)
[2026-05-25 14:03:24] 💓 心跳正常 (PID: 23121)
[2026-05-25 14:03:34] 💓 心跳正常 (PID: 23121)
[2026-05-25 14:03:45] 💓 心跳正常 (PID: 23121)
[2026-05-25 14:03:55] 💓 心跳正常 (PID: 23121)
[2026-05-25 14:04:06] 💓 心跳正常 (PID: 23121)
[2026-05-25 14:04:16] 💓 心跳正常 (PID: 23121)
[2026-05-25 14:04:26] 💓 心跳正常 (PID: 23121)
[2026-05-25 14:04:37] 💓 心跳正常 (PID: 23121)
[2026-05-25 14:04:47] 💓 心跳正常 (PID: 23121)
[2026-05-25 14:04:57] 💓 心跳正常 (PID: 23121)
[2026-05-25 14:05:07] 💓 心跳正常 (PID: 23121)
[2026-05-25 14:05:18] 💓 心跳正常 (PID: 23121)
[2026-05-25 14:05:28] 💓 心跳正常 (PID: 23121)
[2026-05-25 14:05:38] 💓 心跳正常 (PID: 23121)
[2026-05-25 14:05:49] 💓 心跳正常 (PID: 23121)
[2026-05-25 14:05:59] 💓 心跳正常 (PID: 23121)
[2026-05-25 14:06:10] 💓 心跳正常 (PID: 23121)
[2026-05-25 14:06:20] 💓 心跳正常 (PID: 23121)
[2026-05-25 14:06:30] 💓 心跳正常 (PID: 23121)
[2026-05-25 14:06:41] 💓 心跳正常 (PID: 23121)
[2026-05-25 14:06:51] 💓 心跳正常 (PID: 23121)
[2026-05-25 14:07:01] 💓 心跳正常 (PID: 23121)
[2026-05-25 14:07:11] 💓 心跳正常 (PID: 23121)
[2026-05-25 14:07:22] 💓 心跳正常 (PID: 23121)
[2026-05-25 14:07:32] 💓 心跳正常 (PID: 23121)
[2026-05-25 14:07:42] 💓 心跳正常 (PID: 23121)
[2026-05-25 14:07:53] 💓 心跳正常 (PID: 23121)
[2026-05-25 14:08:03] 💓 心跳正常 (PID: 23121)
[2026-05-25 14:08:14] 💓 心跳正常 (PID: 23121)
[2026-05-25 14:08:24] 💓 心跳正常 (PID: 23121)
[2026-05-25 14:08:34] 💓 心跳正常 (PID: 23121)
[2026-05-25 14:08:45] 💓 心跳正常 (PID: 23121)
[2026-05-25 14:08:55] 💓 心跳正常 (PID: 23121)
[2026-05-25 14:09:05] 💓 心跳正常 (PID: 23121)
[2026-05-25 14:09:16] 💓 心跳正常 (PID: 23121)
[2026-05-25 14:09:26] 💓 心跳正常 (PID: 23121)
[2026-05-25 14:09:37] 💓 心跳正常 (PID: 23121)
[2026-05-25 14:09:47] 💓 心跳正常 (PID: 23121)
[2026-05-25 14:09:57] 💓 心跳正常 (PID: 23121)
[2026-05-25 14:10:07] 💓 心跳正常 (PID: 23121)
[2026-05-25 14:10:18] 💓 心跳正常 (PID: 23121)
[2026-05-25 14:10:28] 💓 心跳正常 (PID: 23121)
[2026-05-25 14:10:38] 💓 心跳正常 (PID: 23121)
[2026-05-25 14:10:49] 💓 心跳正常 (PID: 23121)
[2026-05-25 14:10:59] 💓 心跳正常 (PID: 23121)
[2026-05-25 14:11:09] 💓 心跳正常 (PID: 23121)
[2026-05-25 14:11:20] 💓 心跳正常 (PID: 23121)
[2026-05-25 14:11:30] 💓 心跳正常 (PID: 23121)
[2026-05-25 14:11:41] 💓 心跳正常 (PID: 23121)
[2026-05-25 14:11:51] 💓 心跳正常 (PID: 23121)
[2026-05-25 14:12:01] 💓 心跳正常 (PID: 23121)
[2026-05-25 14:12:11] 💓 心跳正常 (PID: 23121)
[2026-05-25 14:12:22] 💓 心跳正常 (PID: 23121)
[2026-05-25 14:12:32] 💓 心跳正常 (PID: 23121)
[2026-05-25 14:12:42] 💓 心跳正常 (PID: 23121)
[2026-05-25 14:12:53] 💓 心跳正常 (PID: 23121)
[2026-05-25 14:13:03] 💓 心跳正常 (PID: 23121)
[2026-05-25 14:13:13] 💓 心跳正常 (PID: 23121)
[2026-05-25 14:13:24] 💓 心跳正常 (PID: 23121)
[2026-05-25 14:13:34] 💓 心跳正常 (PID: 23121)
[2026-05-25 14:13:44] 💓 心跳正常 (PID: 23121)
[2026-05-25 14:13:55] 💓 心跳正常 (PID: 23121)
[2026-05-25 14:14:05] 💓 心跳正常 (PID: 23121)
[2026-05-25 14:14:16] 💓 心跳正常 (PID: 23121)
[2026-05-25 14:14:26] 💓 心跳正常 (PID: 23121)
[2026-05-25 14:14:36] 💓 心跳正常 (PID: 23121)
[2026-05-25 14:14:47] 💓 心跳正常 (PID: 23121)
[2026-05-25 14:14:57] 💓 心跳正常 (PID: 23121)
[2026-05-25 14:15:07] 💓 心跳正常 (PID: 23121)
[2026-05-25 14:15:17] 💓 心跳正常 (PID: 23121)
[2026-05-25 14:15:28] 💓 心跳正常 (PID: 23121)
[2026-05-25 14:15:38] 💓 心跳正常 (PID: 23121)
[2026-05-25 14:15:49] 💓 心跳正常 (PID: 23121)
[2026-05-25 14:15:59] 💓 心跳正常 (PID: 23121)
[2026-05-25 14:16:09] 💓 心跳正常 (PID: 23121)
[2026-05-25 14:16:20] 💓 心跳正常 (PID: 23121)
[2026-05-25 14:16:30] 💓 心跳正常 (PID: 23121)
[2026-05-25 14:16:41] 💓 心跳正常 (PID: 23121)
[2026-05-25 14:16:51] 💓 心跳正常 (PID: 23121)
[2026-05-25 14:17:01] 💓 心跳正常 (PID: 23121)
[2026-05-25 14:17:12] 💓 心跳正常 (PID: 23121)
[2026-05-25 14:17:22] 💓 心跳正常 (PID: 23121)
[2026-05-25 14:17:32] 💓 心跳正常 (PID: 23121)
[2026-05-25 14:17:43] 💓 心跳正常 (PID: 23121)
[2026-05-25 14:17:53] 💓 心跳正常 (PID: 23121)
[2026-05-25 14:18:03] 💓 心跳正常 (PID: 23121)
[2026-05-25 14:18:14] 💓 心跳正常 (PID: 23121)
[2026-05-25 14:18:24] 💓 心跳正常 (PID: 23121)
[2026-05-25 14:18:35] 💓 心跳正常 (PID: 23121)
[2026-05-25 14:18:45] 💓 心跳正常 (PID: 23121)
[2026-05-25 14:18:56] 💓 心跳正常 (PID: 23121)
[2026-05-25 14:19:06] 💓 心跳正常 (PID: 23121)
[2026-05-25 14:19:16] 💓 心跳正常 (PID: 23121)
[2026-05-25 14:19:27] 💓 心跳正常 (PID: 23121)
[2026-05-25 14:19:37] 💓 心跳正常 (PID: 23121)
[2026-05-25 14:19:47] 💓 心跳正常 (PID: 23121)
[2026-05-25 14:19:58] 💓 心跳正常 (PID: 23121)
[2026-05-25 14:20:08] 💓 心跳正常 (PID: 23121)
[2026-05-25 14:20:18] 💓 心跳正常 (PID: 23121)
[2026-05-25 14:20:29] 💓 心跳正常 (PID: 23121)
[2026-05-25 14:20:39] 💓 心跳正常 (PID: 23121)
[2026-05-25 14:20:50] 💓 心跳正常 (PID: 23121)
[2026-05-25 14:21:00] 💓 心跳正常 (PID: 23121)
[2026-05-25 14:21:11] 💓 心跳正常 (PID: 23121)
[2026-05-25 14:21:21] 💓 心跳正常 (PID: 23121)
[2026-05-25 14:21:31] 💓 心跳正常 (PID: 23121)
[2026-05-25 14:21:42] 💓 心跳正常 (PID: 23121)
[2026-05-25 14:21:52] 💓 心跳正常 (PID: 23121)
[2026-05-25 14:22:03] 💓 心跳正常 (PID: 23121)
[2026-05-25 14:22:13] 💓 心跳正常 (PID: 23121)
[2026-05-25 14:22:23] 💓 心跳正常 (PID: 23121)
[2026-05-25 14:22:34] 💓 心跳正常 (PID: 23121)
[2026-05-25 14:22:44] 💓 心跳正常 (PID: 23121)
[2026-05-25 14:22:55] 💓 心跳正常 (PID: 23121)
[2026-05-25 14:23:05] 💓 心跳正常 (PID: 23121)
[2026-05-25 14:23:16] 💓 心跳正常 (PID: 23121)
[2026-05-25 14:23:26] 💓 心跳正常 (PID: 23121)
[2026-05-25 14:23:36] 💓 心跳正常 (PID: 23121)
[2026-05-25 14:23:47] 💓 心跳正常 (PID: 23121)
[2026-05-25 14:23:57] 💓 心跳正常 (PID: 23121)
[2026-05-25 14:24:07] 💓 心跳正常 (PID: 23121)
[2026-05-25 14:24:18] 💓 心跳正常 (PID: 23121)
[2026-05-25 14:24:28] 💓 心跳正常 (PID: 23121)
[2026-05-25 14:24:38] 💓 心跳正常 (PID: 23121)
[2026-05-25 14:24:49] 💓 心跳正常 (PID: 23121)
[2026-05-25 14:24:59] 💓 心跳正常 (PID: 23121)
[2026-05-25 14:25:10] 💓 心跳正常 (PID: 23121)
[2026-05-25 14:25:20] 💓 心跳正常 (PID: 23121)
[2026-05-25 14:25:31] 💓 心跳正常 (PID: 23121)
[2026-05-25 14:25:41] 💓 心跳正常 (PID: 23121)
[2026-05-25 14:25:52] 💓 心跳正常 (PID: 23121)
[2026-05-25 14:26:02] 💓 心跳正常 (PID: 23121)
[2026-05-25 14:26:12] 💓 心跳正常 (PID: 23121)
[2026-05-25 14:26:23] 💓 心跳正常 (PID: 23121)
[2026-05-25 14:26:33] 💓 心跳正常 (PID: 23121)
[2026-05-25 14:26:44] 💓 心跳正常 (PID: 23121)
[2026-05-25 14:26:54] 💓 心跳正常 (PID: 23121)
[2026-05-25 14:27:04] 💓 心跳正常 (PID: 23121)
[2026-05-25 14:27:14] 💓 心跳正常 (PID: 23121)
[2026-05-25 14:27:25] 📁 交易日志 /root/.openclaw/logs/trading/monitor.log (0.0MB)，>10MB 时自动归档至 logs/trading/archive/
[2026-05-25 14:27:25] 💓 心跳正常 (PID: 23121)
[2026-05-25 14:27:36] 💓 心跳正常 (PID: 23121)
[2026-05-25 14:27:46] 💓 心跳正常 (PID: 23121)
[2026-05-25 14:27:56] 💓 心跳正常 (PID: 23121)
[2026-05-25 14:28:07] 💓 心跳正常 (PID: 23121)
[2026-05-25 14:28:17] 💓 心跳正常 (PID: 23121)
[2026-05-25 14:28:28] 💓 心跳正常 (PID: 23121)
[2026-05-25 14:28:38] 💓 心跳正常 (PID: 23121)
[2026-05-25 14:28:49] 💓 心跳正常 (PID: 23121)
[2026-05-25 14:28:59] 💓 心跳正常 (PID: 23121)
[2026-05-25 14:29:10] 💓 心跳正常 (PID: 23121)
[2026-05-25 14:29:20] 💓 心跳正常 (PID: 23121)
[2026-05-25 14:29:30] 💓 心跳正常 (PID: 23121)
[2026-05-25 14:29:40] 💓 心跳正常 (PID: 23121)
[2026-05-25 14:29:51] 💓 心跳正常 (PID: 23121)
[2026-05-25 14:30:01] 💓 心跳正常 (PID: 23121)
[2026-05-25 14:30:12] 💓 心跳正常 (PID: 23121)
[2026-05-25 14:30:23] 💓 心跳正常 (PID: 23121)
[2026-05-25 14:30:33] 💓 心跳正常 (PID: 23121)
[2026-05-25 14:30:43] 💓 心跳正常 (PID: 23121)
[2026-05-25 14:30:54] 💓 心跳正常 (PID: 23121)
[2026-05-25 14:31:05] 💓 心跳正常 (PID: 23121)
[2026-05-25 14:31:15] 💓 心跳正常 (PID: 23121)
[2026-05-25 14:31:25] 💓 心跳正常 (PID: 23121)
[2026-05-25 14:31:35] 💓 心跳正常 (PID: 23121)
[2026-05-25 14:31:46] 💓 心跳正常 (PID: 23121)
[2026-05-25 14:31:56] 💓 心跳正常 (PID: 23121)
[2026-05-25 14:32:07] 💓 心跳正常 (PID: 23121)
[2026-05-25 14:32:17] 💓 心跳正常 (PID: 23121)
[2026-05-25 14:32:27] 💓 心跳正常 (PID: 23121)
[2026-05-25 14:32:37] 💓 心跳正常 (PID: 23121)
[2026-05-25 14:32:48] 💓 心跳正常 (PID: 23121)
[2026-05-25 14:32:58] 💓 心跳正常 (PID: 23121)
[2026-05-25 14:33:08] 💓 心跳正常 (PID: 23121)
[2026-05-25 14:33:19] 💓 心跳正常 (PID: 23121)
[2026-05-25 14:33:29] 💓 心跳正常 (PID: 23121)
[2026-05-25 14:33:40] 💓 心跳正常 (PID: 23121)
[2026-05-25 14:33:50] 💓 心跳正常 (PID: 23121)
[2026-05-25 14:34:01] 💓 心跳正常 (PID: 23121)
[2026-05-25 14:34:11] 💓 心跳正常 (PID: 23121)
[2026-05-25 14:34:22] 💓 心跳正常 (PID: 23121)
[2026-05-25 14:34:32] 💓 心跳正常 (PID: 23121)
[2026-05-25 14:34:42] 💓 心跳正常 (PID: 23121)
[2026-05-25 14:34:52] 💓 心跳正常 (PID: 23121)
[2026-05-25 14:35:03] 💓 心跳正常 (PID: 23121)
[2026-05-25 14:35:13] 💓 心跳正常 (PID: 23121)
[2026-05-25 14:35:24] 💓 心跳正常 (PID: 23121)
[2026-05-25 14:35:34] 💓 心跳正常 (PID: 23121)
[2026-05-25 14:35:44] 💓 心跳正常 (PID: 23121)
[2026-05-25 14:35:55] 💓 心跳正常 (PID: 23121)
[2026-05-25 14:36:05] 💓 心跳正常 (PID: 23121)
[2026-05-25 14:36:15] 💓 心跳正常 (PID: 23121)
[2026-05-25 14:36:26] 💓 心跳正常 (PID: 23121)
[2026-05-25 14:36:36] 💓 心跳正常 (PID: 23121)
[2026-05-25 14:36:46] 💓 心跳正常 (PID: 23121)
[2026-05-25 14:36:57] 💓 心跳正常 (PID: 23121)
[2026-05-25 14:37:07] 💓 心跳正常 (PID: 23121)
[2026-05-25 14:37:17] 💓 心跳正常 (PID: 23121)
[2026-05-25 14:37:28] 💓 心跳正常 (PID: 23121)
[2026-05-25 14:37:38] 💓 心跳正常 (PID: 23121)
[2026-05-25 14:37:48] 💓 心跳正常 (PID: 23121)
[2026-05-25 14:37:59] 💓 心跳正常 (PID: 23121)
[2026-05-25 14:38:09] 💓 心跳正常 (PID: 23121)
[2026-05-25 14:38:19] 💓 心跳正常 (PID: 23121)
[2026-05-25 14:38:30] 💓 心跳正常 (PID: 23121)
[2026-05-25 14:38:40] 💓 心跳正常 (PID: 23121)
[2026-05-25 14:38:51] 💓 心跳正常 (PID: 23121)
[2026-05-25 14:39:01] 💓 心跳正常 (PID: 23121)
[2026-05-25 14:39:12] 💓 心跳正常 (PID: 23121)
[2026-05-25 14:39:22] 💓 心跳正常 (PID: 23121)
[2026-05-25 14:39:33] 💓 心跳正常 (PID: 23121)
[2026-05-25 14:39:43] 💓 心跳正常 (PID: 23121)
[2026-05-25 14:39:53] 💓 心跳正常 (PID: 23121)
[2026-05-25 14:40:03] 💓 心跳正常 (PID: 23121)
[2026-05-25 14:40:14] 💓 心跳正常 (PID: 23121)
[2026-05-25 14:40:24] 💓 心跳正常 (PID: 23121)
[2026-05-25 14:40:34] 💓 心跳正常 (PID: 23121)
[2026-05-25 14:40:45] 💓 心跳正常 (PID: 23121)
[2026-05-25 14:40:55] 💓 心跳正常 (PID: 23121)
[2026-05-25 14:41:06] 💓 心跳正常 (PID: 23121)
[2026-05-25 14:41:16] 💓 心跳正常 (PID: 23121)
[2026-05-25 14:41:26] 💓 心跳正常 (PID: 23121)
[2026-05-25 14:41:37] 💓 心跳正常 (PID: 23121)
[2026-05-25 14:41:47] 💓 心跳正常 (PID: 23121)
[2026-05-25 14:41:57] 💓 心跳正常 (PID: 23121)
[2026-05-25 14:42:08] 💓 心跳正常 (PID: 23121)
[2026-05-25 14:42:18] 💓 心跳正常 (PID: 23121)
[2026-05-25 14:42:29] 💓 心跳正常 (PID: 23121)
[2026-05-25 14:42:39] 💓 心跳正常 (PID: 23121)
[2026-05-25 14:42:49] 💓 心跳正常 (PID: 23121)
[2026-05-25 14:42:59] 💓 心跳正常 (PID: 23121)
[2026-05-25 14:43:10] 💓 心跳正常 (PID: 23121)
[2026-05-25 14:43:20] 💓 心跳正常 (PID: 23121)
[2026-05-25 14:43:30] 💓 心跳正常 (PID: 23121)
[2026-05-25 14:43:41] 💓 心跳正常 (PID: 23121)
[2026-05-25 14:43:51] 💓 心跳正常 (PID: 23121)
[2026-05-25 14:44:02] 💓 心跳正常 (PID: 23121)
[2026-05-25 14:44:12] 💓 心跳正常 (PID: 23121)
[2026-05-25 14:44:22] 💓 心跳正常 (PID: 23121)
[2026-05-25 14:44:33] 💓 心跳正常 (PID: 23121)
[2026-05-25 14:44:43] 💓 心跳正常 (PID: 23121)
[2026-05-25 14:44:53] 💓 心跳正常 (PID: 23121)
[2026-05-25 14:45:03] 💓 心跳正常 (PID: 23121)
[2026-05-25 14:45:14] 💓 心跳正常 (PID: 23121)
[2026-05-25 14:45:24] 💓 心跳正常 (PID: 23121)
[2026-05-25 14:45:34] 💓 心跳正常 (PID: 23121)
[2026-05-25 14:45:45] 💓 心跳正常 (PID: 23121)
[2026-05-25 14:45:55] 💓 心跳正常 (PID: 23121)
[2026-05-25 14:46:06] 💓 心跳正常 (PID: 23121)
[2026-05-25 14:46:16] 💓 心跳正常 (PID: 23121)
[2026-05-25 14:46:26] 💓 心跳正常 (PID: 23121)
[2026-05-25 14:46:37] 💓 心跳正常 (PID: 23121)
[2026-05-25 14:46:48] 💓 心跳正常 (PID: 23121)
[2026-05-25 14:46:58] 💓 心跳正常 (PID: 23121)
[2026-05-25 14:47:09] 💓 心跳正常 (PID: 23121)
[2026-05-25 14:47:19] 💓 心跳正常 (PID: 23121)
[2026-05-25 14:47:29] 💓 心跳正常 (PID: 23121)
[2026-05-25 14:47:39] 💓 心跳正常 (PID: 23121)
[2026-05-25 14:47:50] 💓 心跳正常 (PID: 23121)
[2026-05-25 14:48:00] 💓 心跳正常 (PID: 23121)
[2026-05-25 14:48:10] 💓 心跳正常 (PID: 23121)
[2026-05-25 14:48:21] 💓 心跳正常 (PID: 23121)
[2026-05-25 14:48:31] 💓 心跳正常 (PID: 23121)
[2026-05-25 14:48:42] 💓 心跳正常 (PID: 23121)
[2026-05-25 14:48:52] 💓 心跳正常 (PID: 23121)
[2026-05-25 14:49:02] 💓 心跳正常 (PID: 23121)
[2026-05-25 14:49:13] 💓 心跳正常 (PID: 23121)
[2026-05-25 14:49:23] 💓 心跳正常 (PID: 23121)
[2026-05-25 14:49:34] 💓 心跳正常 (PID: 23121)
[2026-05-25 14:49:44] 💓 心跳正常 (PID: 23121)
[2026-05-25 14:49:55] 💓 心跳正常 (PID: 23121)
[2026-05-25 14:50:05] 💓 心跳正常 (PID: 23121)
[2026-05-25 14:50:16] 💓 心跳正常 (PID: 23121)
[2026-05-25 14:50:26] 💓 心跳正常 (PID: 23121)
[2026-05-25 14:50:36] 💓 心跳正常 (PID: 23121)
[2026-05-25 14:50:47] 💓 心跳正常 (PID: 23121)
[2026-05-25 14:50:57] 💓 心跳正常 (PID: 23121)
[2026-05-25 14:51:07] 💓 心跳正常 (PID: 23121)
[2026-05-25 14:51:18] 💓 心跳正常 (PID: 23121)
[2026-05-25 14:51:28] 💓 心跳正常 (PID: 23121)
[2026-05-25 14:51:39] 💓 心跳正常 (PID: 23121)
[2026-05-25 14:51:49] 💓 心跳正常 (PID: 23121)
[2026-05-25 14:52:00] 💓 心跳正常 (PID: 23121)
[2026-05-25 14:52:10] 💓 心跳正常 (PID: 23121)
[2026-05-25 14:52:21] 💓 心跳正常 (PID: 23121)
[2026-05-25 14:52:31] 💓 心跳正常 (PID: 23121)
[2026-05-25 14:52:42] 💓 心跳正常 (PID: 23121)
[2026-05-25 14:52:52] 💓 心跳正常 (PID: 23121)
[2026-05-25 14:53:02] 💓 心跳正常 (PID: 23121)
[2026-05-25 14:53:13] 💓 心跳正常 (PID: 23121)
[2026-05-25 14:53:23] 💓 心跳正常 (PID: 23121)
[2026-05-25 14:53:34] 💓 心跳正常 (PID: 23121)
[2026-05-25 14:53:44] 💓 心跳正常 (PID: 23121)
[2026-05-25 14:53:55] 💓 心跳正常 (PID: 23121)
[2026-05-25 14:54:05] 💓 心跳正常 (PID: 23121)
[2026-05-25 14:54:16] 💓 心跳正常 (PID: 23121)
[2026-05-25 14:54:26] 💓 心跳正常 (PID: 23121)
[2026-05-25 14:54:37] 💓 心跳正常 (PID: 23121)
[2026-05-25 14:54:47] 💓 心跳正常 (PID: 23121)
[2026-05-25 14:54:57] 💓 心跳正常 (PID: 23121)
[2026-05-25 14:55:07] 💓 心跳正常 (PID: 23121)
[2026-05-25 14:55:18] 💓 心跳正常 (PID: 23121)
[2026-05-25 14:55:28] 💓 心跳正常 (PID: 23121)
[2026-05-25 14:55:38] 💓 心跳正常 (PID: 23121)
[2026-05-25 14:55:49] 💓 心跳正常 (PID: 23121)
[2026-05-25 14:55:59] 💓 心跳正常 (PID: 23121)
[2026-05-25 14:56:10] 💓 心跳正常 (PID: 23121)
[2026-05-25 14:56:20] 💓 心跳正常 (PID: 23121)
[2026-05-25 14:56:30] 💓 心跳正常 (PID: 23121)
[2026-05-25 14:56:41] 💓 心跳正常 (PID: 23121)
[2026-05-25 14:56:51] 💓 心跳正常 (PID: 23121)
[2026-05-25 14:57:02] 💓 心跳正常 (PID: 23121)
[2026-05-25 14:57:12] 💓 心跳正常 (PID: 23121)
[2026-05-25 14:57:23] 💓 心跳正常 (PID: 23121)
[2026-05-25 14:57:33] 💓 心跳正常 (PID: 23121)
[2026-05-25 14:57:43] 💓 心跳正常 (PID: 23121)
[2026-05-25 14:57:53] 💓 心跳正常 (PID: 23121)
[2026-05-25 14:58:04] 💓 心跳正常 (PID: 23121)
[2026-05-25 14:58:14] 💓 心跳正常 (PID: 23121)
[2026-05-25 14:58:25] 💓 心跳正常 (PID: 23121)
[2026-05-25 14:58:35] 💓 心跳正常 (PID: 23121)
[2026-05-25 14:58:46] 💓 心跳正常 (PID: 23121)
[2026-05-25 14:58:56] 💓 心跳正常 (PID: 23121)
[2026-05-25 14:59:06] 💓 心跳正常 (PID: 23121)
[2026-05-25 14:59:17] 💓 心跳正常 (PID: 23121)
[2026-05-25 14:59:28] 💓 心跳正常 (PID: 23121)
[2026-05-25 14:59:38] 💓 心跳正常 (PID: 23121)
[2026-05-25 14:59:48] 💓 心跳正常 (PID: 23121)
[2026-05-25 14:59:59] 💓 心跳正常 (PID: 23121)
[2026-05-25 15:00:09] 💓 心跳正常 (PID: 23121)
[2026-05-25 15:00:20] 💓 心跳正常 (PID: 23121)
[2026-05-25 15:00:30] 💓 心跳正常 (PID: 23121)
[2026-05-25 15:00:40] 💓 心跳正常 (PID: 23121)
[2026-05-25 15:00:51] 💓 心跳正常 (PID: 23121)
[2026-05-25 15:01:01] 💓 心跳正常 (PID: 23121)
[2026-05-25 15:01:11] 💓 心跳正常 (PID: 23121)
[2026-05-25 15:01:22] 💓 心跳正常 (PID: 23121)
[2026-05-25 15:01:32] 💓 心跳正常 (PID: 23121)
[2026-05-25 15:01:42] 💓 心跳正常 (PID: 23121)
[2026-05-25 15:01:53] 💓 心跳正常 (PID: 23121)
[2026-05-25 15:02:03] 💓 心跳正常 (PID: 23121)
[2026-05-25 15:02:14] 💓 心跳正常 (PID: 23121)
[2026-05-25 15:02:24] 💓 心跳正常 (PID: 23121)
[2026-05-25 15:02:35] 💓 心跳正常 (PID: 23121)
[2026-05-25 15:02:45] 💓 心跳正常 (PID: 23121)
[2026-05-25 15:02:55] 💓 心跳正常 (PID: 23121)
[2026-05-25 15:03:06] 💓 心跳正常 (PID: 23121)
[2026-05-25 15:03:16] 💓 心跳正常 (PID: 23121)
[2026-05-25 15:03:27] 💓 心跳正常 (PID: 23121)
[2026-05-25 15:03:37] 💓 心跳正常 (PID: 23121)
[2026-05-25 15:03:47] 💓 心跳正常 (PID: 23121)
[2026-05-25 15:03:58] 💓 心跳正常 (PID: 23121)
[2026-05-25 15:04:08] 💓 心跳正常 (PID: 23121)
[2026-05-25 15:04:18] 💓 心跳正常 (PID: 23121)
[2026-05-25 15:04:28] 💓 心跳正常 (PID: 23121)
[2026-05-25 15:04:39] 💓 心跳正常 (PID: 23121)
[2026-05-25 15:04:49] 💓 心跳正常 (PID: 23121)
[2026-05-25 15:05:00] 💓 心跳正常 (PID: 23121)
[2026-05-25 15:05:10] 💓 心跳正常 (PID: 23121)
[2026-05-25 15:05:20] 💓 心跳正常 (PID: 23121)
[2026-05-25 15:05:30] 💓 心跳正常 (PID: 23121)
[2026-05-25 15:05:41] 💓 心跳正常 (PID: 23121)
[2026-05-25 15:05:51] 💓 心跳正常 (PID: 23121)
[2026-05-25 15:06:01] 💓 心跳正常 (PID: 23121)
[2026-05-25 15:06:12] 💓 心跳正常 (PID: 23121)
[2026-05-25 15:06:22] 💓 心跳正常 (PID: 23121)
[2026-05-25 15:06:32] 💓 心跳正常 (PID: 23121)
[2026-05-25 15:06:43] 💓 心跳正常 (PID: 23121)
[2026-05-25 15:06:53] 💓 心跳正常 (PID: 23121)
[2026-05-25 15:07:03] 💓 心跳正常 (PID: 23121)
[2026-05-25 15:07:14] 💓 心跳正常 (PID: 23121)
[2026-05-25 15:07:24] 💓 心跳正常 (PID: 23121)
[2026-05-25 15:07:34] 💓 心跳正常 (PID: 23121)
[2026-05-25 15:07:45] 💓 心跳正常 (PID: 23121)
[2026-05-25 15:07:55] 💓 心跳正常 (PID: 23121)
[2026-05-25 15:08:05] 💓 心跳正常 (PID: 23121)
[2026-05-25 15:08:15] 💓 心跳正常 (PID: 23121)
[2026-05-25 15:08:26] 💓 心跳正常 (PID: 23121)
[2026-05-25 15:08:36] 💓 心跳正常 (PID: 23121)
[2026-05-25 15:08:46] 💓 心跳正常 (PID: 23121)
[2026-05-25 15:08:57] 💓 心跳正常 (PID: 23121)
[2026-05-25 15:09:07] 💓 心跳正常 (PID: 23121)
[2026-05-25 15:09:17] 💓 心跳正常 (PID: 23121)
[2026-05-25 15:09:28] 💓 心跳正常 (PID: 23121)
[2026-05-25 15:09:38] 💓 心跳正常 (PID: 23121)
[2026-05-25 15:09:49] 💓 心跳正常 (PID: 23121)
[2026-05-25 15:09:59] 💓 心跳正常 (PID: 23121)
[2026-05-25 15:10:10] 💓 心跳正常 (PID: 23121)
[2026-05-25 15:10:20] 💓 心跳正常 (PID: 23121)
[2026-05-25 15:10:30] 💓 心跳正常 (PID: 23121)
[2026-05-25 15:10:41] 💓 心跳正常 (PID: 23121)
[2026-05-25 15:10:51] 💓 心跳正常 (PID: 23121)
[2026-05-25 15:11:02] 💓 心跳正常 (PID: 23121)
[2026-05-25 15:11:12] 💓 心跳正常 (PID: 23121)
[2026-05-25 15:11:22] 💓 心跳正常 (PID: 23121)
[2026-05-25 15:11:33] 💓 心跳正常 (PID: 23121)
[2026-05-25 15:11:43] 💓 心跳正常 (PID: 23121)
[2026-05-25 15:11:53] 💓 心跳正常 (PID: 23121)
[2026-05-25 15:12:04] 💓 心跳正常 (PID: 23121)
[2026-05-25 15:12:14] 💓 心跳正常 (PID: 23121)
[2026-05-25 15:12:24] 💓 心跳正常 (PID: 23121)
[2026-05-25 15:12:34] 💓 心跳正常 (PID: 23121)
[2026-05-25 15:12:45] 💓 心跳正常 (PID: 23121)
[2026-05-25 15:12:56] 💓 心跳正常 (PID: 23121)
[2026-05-25 15:13:06] 💓 心跳正常 (PID: 23121)
[2026-05-25 15:13:16] 💓 心跳正常 (PID: 23121)
[2026-05-25 15:13:27] 💓 心跳正常 (PID: 23121)
[2026-05-25 15:13:37] 💓 心跳正常 (PID: 23121)
[2026-05-25 15:13:48] 💓 心跳正常 (PID: 23121)
[2026-05-25 15:13:58] 💓 心跳正常 (PID: 23121)
[2026-05-25 15:14:08] 💓 心跳正常 (PID: 23121)
[2026-05-25 15:14:19] 💓 心跳正常 (PID: 23121)
[2026-05-25 15:14:29] 💓 心跳正常 (PID: 23121)
[2026-05-25 15:14:40] 💓 心跳正常 (PID: 23121)
[2026-05-25 15:14:50] 💓 心跳正常 (PID: 23121)
[2026-05-25 15:15:00] 💓 心跳正常 (PID: 23121)
[2026-05-25 15:15:11] 💓 心跳正常 (PID: 23121)
[2026-05-25 15:15:21] 💓 心跳正常 (PID: 23121)
[2026-05-25 15:15:32] 💓 心跳正常 (PID: 23121)
[2026-05-25 15:15:42] 💓 心跳正常 (PID: 23121)
[2026-05-25 15:15:52] 💓 心跳正常 (PID: 23121)
[2026-05-25 15:16:03] 💓 心跳正常 (PID: 23121)
[2026-05-25 15:16:13] 💓 心跳正常 (PID: 23121)
[2026-05-25 15:16:23] 💓 心跳正常 (PID: 23121)
[2026-05-25 15:16:34] 💓 心跳正常 (PID: 23121)
[2026-05-25 15:16:44] 💓 心跳正常 (PID: 23121)
[2026-05-25 15:16:55] 💓 心跳正常 (PID: 23121)
[2026-05-25 15:17:05] 💓 心跳正常 (PID: 23121)
[2026-05-25 15:17:15] 💓 心跳正常 (PID: 23121)
[2026-05-25 15:17:26] 💓 心跳正常 (PID: 23121)
[2026-05-25 15:17:36] 💓 心跳正常 (PID: 23121)
[2026-05-25 15:17:46] 💓 心跳正常 (PID: 23121)
[2026-05-25 15:17:57] 💓 心跳正常 (PID: 23121)
[2026-05-25 15:18:07] 💓 心跳正常 (PID: 23121)
[2026-05-25 15:18:18] 💓 心跳正常 (PID: 23121)
[2026-05-25 15:18:28] 💓 心跳正常 (PID: 23121)
[2026-05-25 15:18:39] 💓 心跳正常 (PID: 23121)
[2026-05-25 15:18:49] 💓 心跳正常 (PID: 23121)
[2026-05-25 15:18:59] 💓 心跳正常 (PID: 23121)
[2026-05-25 15:19:10] 💓 心跳正常 (PID: 23121)
[2026-05-25 15:19:20] 💓 心跳正常 (PID: 23121)
[2026-05-25 15:19:31] 💓 心跳正常 (PID: 23121)
[2026-05-25 15:19:41] 💓 心跳正常 (PID: 23121)
[2026-05-25 15:19:51] 💓 心跳正常 (PID: 23121)
[2026-05-25 15:20:02] 💓 心跳正常 (PID: 23121)
[2026-05-25 15:20:12] 💓 心跳正常 (PID: 23121)
[2026-05-25 15:20:23] 💓 心跳正常 (PID: 23121)
[2026-05-25 15:20:33] 💓 心跳正常 (PID: 23121)
[2026-05-25 15:20:43] 💓 心跳正常 (PID: 23121)
[2026-05-25 15:20:54] 💓 心跳正常 (PID: 23121)
[2026-05-25 15:21:04] 💓 心跳正常 (PID: 23121)
[2026-05-25 15:21:15] 💓 心跳正常 (PID: 23121)
[2026-05-25 15:21:25] 💓 心跳正常 (PID: 23121)
[2026-05-25 15:21:36] 💓 心跳正常 (PID: 23121)
[2026-05-25 15:21:46] 💓 心跳正常 (PID: 23121)
[2026-05-25 15:21:57] 💓 心跳正常 (PID: 23121)
[2026-05-25 15:22:07] 💓 心跳正常 (PID: 23121)
[2026-05-25 15:22:17] 💓 心跳正常 (PID: 23121)
[2026-05-25 15:22:28] 💓 心跳正常 (PID: 23121)
[2026-05-25 15:22:38] 💓 心跳正常 (PID: 23121)
[2026-05-25 15:22:49] 💓 心跳正常 (PID: 23121)
[2026-05-25 15:22:59] 💓 心跳正常 (PID: 23121)
[2026-05-25 15:23:09] 💓 心跳正常 (PID: 23121)
[2026-05-25 15:23:19] 💓 心跳正常 (PID: 23121)
[2026-05-25 15:23:30] 💓 心跳正常 (PID: 23121)
[2026-05-25 15:23:40] 💓 心跳正常 (PID: 23121)
[2026-05-25 15:23:50] 💓 心跳正常 (PID: 23121)
[2026-05-25 15:24:00] 💓 心跳正常 (PID: 23121)
[2026-05-25 15:24:11] 💓 心跳正常 (PID: 23121)
[2026-05-25 15:24:21] 💓 心跳正常 (PID: 23121)
[2026-05-25 15:24:31] 💓 心跳正常 (PID: 23121)
[2026-05-25 15:24:42] 💓 心跳正常 (PID: 23121)
[2026-05-25 15:24:52] 💓 心跳正常 (PID: 23121)
[2026-05-25 15:25:03] 💓 心跳正常 (PID: 23121)
[2026-05-25 15:25:13] 💓 心跳正常 (PID: 23121)
[2026-05-25 15:25:23] 💓 心跳正常 (PID: 23121)
[2026-05-25 15:25:34] 💓 心跳正常 (PID: 23121)
[2026-05-25 15:25:44] 💓 心跳正常 (PID: 23121)
[2026-05-25 15:25:55] 💓 心跳正常 (PID: 23121)
[2026-05-25 15:26:05] 💓 心跳正常 (PID: 23121)
[2026-05-25 15:26:15] 💓 心跳正常 (PID: 23121)
[2026-05-25 15:26:25] 💓 心跳正常 (PID: 23121)
[2026-05-25 15:26:36] 💓 心跳正常 (PID: 23121)
[2026-05-25 15:26:46] 💓 心跳正常 (PID: 23121)
[2026-05-25 15:26:56] 💓 心跳正常 (PID: 23121)
[2026-05-25 15:27:06] 💓 心跳正常 (PID: 23121)
[2026-05-25 15:27:17] 💓 心跳正常 (PID: 23121)
[2026-05-25 15:27:27] 📁 交易日志 /root/.openclaw/logs/trading/monitor.log (0.3MB)，>10MB 时自动归档至 logs/trading/archive/
[2026-05-25 15:27:27] 💓 心跳正常 (PID: 23121)
[2026-05-25 15:27:38] 💓 心跳正常 (PID: 23121)
[2026-05-25 15:27:48] 💓 心跳正常 (PID: 23121)
[2026-05-25 15:27:58] 💓 心跳正常 (PID: 23121)
[2026-05-25 15:28:08] 💓 心跳正常 (PID: 23121)
[2026-05-25 15:28:19] 💓 心跳正常 (PID: 23121)
[2026-05-25 15:28:29] 💓 心跳正常 (PID: 23121)
[2026-05-25 15:28:39] 💓 心跳正常 (PID: 23121)
[2026-05-25 15:28:50] 💓 心跳正常 (PID: 23121)
[2026-05-25 15:29:00] 💓 心跳正常 (PID: 23121)
[2026-05-25 15:29:11] 💓 心跳正常 (PID: 23121)
[2026-05-25 15:29:21] 💓 心跳正常 (PID: 23121)
[2026-05-25 15:29:31] 💓 心跳正常 (PID: 23121)
[2026-05-25 15:29:42] 💓 心跳正常 (PID: 23121)
[2026-05-25 15:29:52] 💓 心跳正常 (PID: 23121)
[2026-05-25 15:30:02] 💓 心跳正常 (PID: 23121)
[2026-05-25 15:30:13] 💓 心跳正常 (PID: 23121)
[2026-05-25 15:30:23] 💓 心跳正常 (PID: 23121)
[2026-05-25 15:30:33] 💓 心跳正常 (PID: 23121)
[2026-05-25 15:30:44] 💓 心跳正常 (PID: 23121)
[2026-05-25 15:30:54] 💓 心跳正常 (PID: 23121)
[2026-05-25 15:31:04] 💓 心跳正常 (PID: 23121)
[2026-05-25 15:31:15] 💓 心跳正常 (PID: 23121)
[2026-05-25 15:31:25] 💓 心跳正常 (PID: 23121)
[2026-05-25 15:31:35] 💓 心跳正常 (PID: 23121)
[2026-05-25 15:31:46] 💓 心跳正常 (PID: 23121)
[2026-05-25 15:31:56] 💓 心跳正常 (PID: 23121)
[2026-05-25 15:32:06] 💓 心跳正常 (PID: 23121)
[2026-05-25 15:32:16] 💓 心跳正常 (PID: 23121)
[2026-05-25 15:32:26] 💓 心跳正常 (PID: 23121)
[2026-05-25 15:32:37] 💓 心跳正常 (PID: 23121)
[2026-05-25 15:32:47] 💓 心跳正常 (PID: 23121)
[2026-05-25 15:32:58] 💓 心跳正常 (PID: 23121)
[2026-05-25 15:33:08] 💓 心跳正常 (PID: 23121)
[2026-05-25 15:33:18] 💓 心跳正常 (PID: 23121)
[2026-05-25 15:33:28] 💓 心跳正常 (PID: 23121)
[2026-05-25 15:33:39] 💓 心跳正常 (PID: 23121)
[2026-05-25 15:33:49] 💓 心跳正常 (PID: 23121)
[2026-05-25 15:34:00] 💓 心跳正常 (PID: 23121)
[2026-05-25 15:34:10] 💓 心跳正常 (PID: 23121)
[2026-05-25 15:34:21] 💓 心跳正常 (PID: 23121)
[2026-05-25 15:34:31] 💓 心跳正常 (PID: 23121)
[2026-05-25 15:34:41] 💓 心跳正常 (PID: 23121)
[2026-05-25 15:34:52] 💓 心跳正常 (PID: 23121)
[2026-05-25 15:35:02] 💓 心跳正常 (PID: 23121)
[2026-05-25 15:35:13] 💓 心跳正常 (PID: 23121)
[2026-05-25 15:35:23] 💓 心跳正常 (PID: 23121)
[2026-05-25 15:35:34] 💓 心跳正常 (PID: 23121)
[2026-05-25 15:35:44] 💓 心跳正常 (PID: 23121)
[2026-05-25 15:35:54] 💓 心跳正常 (PID: 23121)
[2026-05-25 15:36:05] 💓 心跳正常 (PID: 23121)
[2026-05-25 15:36:16] 💓 心跳正常 (PID: 23121)
[2026-05-25 15:36:26] 💓 心跳正常 (PID: 23121)
[2026-05-25 15:36:36] 💓 心跳正常 (PID: 23121)
[2026-05-25 15:36:47] 💓 心跳正常 (PID: 23121)
[2026-05-25 15:36:58] 💓 心跳正常 (PID: 23121)
[2026-05-25 15:37:08] 💓 心跳正常 (PID: 23121)
[2026-05-25 15:37:18] 💓 心跳正常 (PID: 23121)
[2026-05-25 15:37:29] 💓 心跳正常 (PID: 23121)
[2026-05-25 15:37:39] 💓 心跳正常 (PID: 23121)
[2026-05-25 15:37:50] 💓 心跳正常 (PID: 23121)
[2026-05-25 15:38:00] 💓 心跳正常 (PID: 23121)
[2026-05-25 15:38:11] 💓 心跳正常 (PID: 23121)
[2026-05-25 15:38:21] 💓 心跳正常 (PID: 23121)
[2026-05-25 15:38:31] 💓 心跳正常 (PID: 23121)
[2026-05-25 15:38:42] 💓 心跳正常 (PID: 23121)
[2026-05-25 15:38:52] 💓 心跳正常 (PID: 23121)
[2026-05-25 15:39:02] 💓 心跳正常 (PID: 23121)
[2026-05-25 15:39:13] 💓 心跳正常 (PID: 23121)
[2026-05-25 15:39:23] 💓 心跳正常 (PID: 23121)
[2026-05-25 15:39:34] 💓 心跳正常 (PID: 23121)
[2026-05-25 15:39:44] 💓 心跳正常 (PID: 23121)
[2026-05-25 15:39:54] 💓 心跳正常 (PID: 23121)
[2026-05-25 15:40:04] 💓 心跳正常 (PID: 23121)
[2026-05-25 15:40:14] 💓 心跳正常 (PID: 23121)
[2026-05-25 15:40:25] 💓 心跳正常 (PID: 23121)
[2026-05-25 15:40:35] 💓 心跳正常 (PID: 23121)
[2026-05-25 15:40:46] 💓 心跳正常 (PID: 23121)
[2026-05-25 15:40:56] 💓 心跳正常 (PID: 23121)
[2026-05-25 15:41:07] 💓 心跳正常 (PID: 23121)
[2026-05-25 15:41:17] 💓 心跳正常 (PID: 23121)
[2026-05-25 15:41:27] 💓 心跳正常 (PID: 23121)
[2026-05-25 15:41:38] 💓 心跳正常 (PID: 23121)
[2026-05-25 15:41:48] 💓 心跳正常 (PID: 23121)
[2026-05-25 15:41:59] 💓 心跳正常 (PID: 23121)
[2026-05-25 15:42:09] 💓 心跳正常 (PID: 23121)
[2026-05-25 15:42:19] 💓 心跳正常 (PID: 23121)
[2026-05-25 15:42:30] 💓 心跳正常 (PID: 23121)
[2026-05-25 15:42:40] 💓 心跳正常 (PID: 23121)
[2026-05-25 15:42:50] 💓 心跳正常 (PID: 23121)
[2026-05-25 15:43:01] 💓 心跳正常 (PID: 23121)
[2026-05-25 15:43:11] 💓 心跳正常 (PID: 23121)
[2026-05-25 15:43:21] 💓 心跳正常 (PID: 23121)
[2026-05-25 15:43:32] 💓 心跳正常 (PID: 23121)
[2026-05-25 15:43:42] 💓 心跳正常 (PID: 23121)
[2026-05-25 15:43:53] 💓 心跳正常 (PID: 23121)
[2026-05-25 15:44:03] 💓 心跳正常 (PID: 23121)
[2026-05-25 15:44:14] 💓 心跳正常 (PID: 23121)
[2026-05-25 15:44:24] 💓 心跳正常 (PID: 23121)
[2026-05-25 15:44:35] 💓 心跳正常 (PID: 23121)
[2026-05-25 15:44:45] 💓 心跳正常 (PID: 23121)
[2026-05-25 15:44:55] 💓 心跳正常 (PID: 23121)
[2026-05-25 15:45:06] 💓 心跳正常 (PID: 23121)
[2026-05-25 15:45:16] 💓 心跳正常 (PID: 23121)
[2026-05-25 15:45:26] 💓 心跳正常 (PID: 23121)
[2026-05-25 15:45:37] 💓 心跳正常 (PID: 23121)
[2026-05-25 15:45:47] 💓 心跳正常 (PID: 23121)
[2026-05-25 15:45:58] 💓 心跳正常 (PID: 23121)
[2026-05-25 15:46:08] 💓 心跳正常 (PID: 23121)
[2026-05-25 15:46:18] 💓 心跳正常 (PID: 23121)
[2026-05-25 15:46:28] 💓 心跳正常 (PID: 23121)
[2026-05-25 15:46:39] 💓 心跳正常 (PID: 23121)
[2026-05-25 15:46:49] 💓 心跳正常 (PID: 23121)
[2026-05-25 15:47:00] 💓 心跳正常 (PID: 23121)
[2026-05-25 15:47:10] 💓 心跳正常 (PID: 23121)
[2026-05-25 15:47:20] 💓 心跳正常 (PID: 23121)
[2026-05-25 15:47:31] 💓 心跳正常 (PID: 23121)
[2026-05-25 15:47:41] 💓 心跳正常 (PID: 23121)
[2026-05-25 15:47:51] 💓 心跳正常 (PID: 23121)
[2026-05-25 15:48:02] 💓 心跳正常 (PID: 23121)
[2026-05-25 15:48:12] 💓 心跳正常 (PID: 23121)
[2026-05-25 15:48:22] 💓 心跳正常 (PID: 23121)
[2026-05-25 15:48:33] 💓 心跳正常 (PID: 23121)
[2026-05-25 15:48:43] 💓 心跳正常 (PID: 23121)
[2026-05-25 15:48:53] 💓 心跳正常 (PID: 23121)
[2026-05-25 15:49:03] 💓 心跳正常 (PID: 23121)
[2026-05-25 15:49:14] 💓 心跳正常 (PID: 23121)
[2026-05-25 15:49:24] 💓 心跳正常 (PID: 23121)
[2026-05-25 15:49:35] 💓 心跳正常 (PID: 23121)
[2026-05-25 15:49:45] 💓 心跳正常 (PID: 23121)
[2026-05-25 15:49:55] 💓 心跳正常 (PID: 23121)
[2026-05-25 15:50:06] 💓 心跳正常 (PID: 23121)
[2026-05-25 15:50:16] 💓 心跳正常 (PID: 23121)
[2026-05-25 15:50:26] 💓 心跳正常 (PID: 23121)
[2026-05-25 15:50:37] 💓 心跳正常 (PID: 23121)
[2026-05-25 15:50:47] 💓 心跳正常 (PID: 23121)
[2026-05-25 15:50:57] 💓 心跳正常 (PID: 23121)
[2026-05-25 15:51:08] 💓 心跳正常 (PID: 23121)
[2026-05-25 15:51:18] 💓 心跳正常 (PID: 23121)
[2026-05-25 15:51:29] 💓 心跳正常 (PID: 23121)
[2026-05-25 15:51:39] 💓 心跳正常 (PID: 23121)
[2026-05-25 15:51:49] 💓 心跳正常 (PID: 23121)
[2026-05-25 15:52:00] 💓 心跳正常 (PID: 23121)
[2026-05-25 15:52:10] 💓 心跳正常 (PID: 23121)
[2026-05-25 15:52:20] 💓 心跳正常 (PID: 23121)
[2026-05-25 15:52:30] 💓 心跳正常 (PID: 23121)
[2026-05-25 15:52:41] 💓 心跳正常 (PID: 23121)
[2026-05-25 15:52:51] 💓 心跳正常 (PID: 23121)
[2026-05-25 15:53:02] 💓 心跳正常 (PID: 23121)
[2026-05-25 15:53:12] 💓 心跳正常 (PID: 23121)
[2026-05-25 15:53:22] 💓 心跳正常 (PID: 23121)
[2026-05-25 15:53:33] 💓 心跳正常 (PID: 23121)
[2026-05-25 15:53:43] 💓 心跳正常 (PID: 23121)
[2026-05-25 15:53:54] 💓 心跳正常 (PID: 23121)
[2026-05-25 15:54:04] 💓 心跳正常 (PID: 23121)
[2026-05-25 15:54:14] 💓 心跳正常 (PID: 23121)
[2026-05-25 15:54:25] 💓 心跳正常 (PID: 23121)
[2026-05-25 15:54:35] 💓 心跳正常 (PID: 23121)
[2026-05-25 15:54:46] 💓 心跳正常 (PID: 23121)
[2026-05-25 15:54:56] 💓 心跳正常 (PID: 23121)
[2026-05-25 15:55:06] 💓 心跳正常 (PID: 23121)
[2026-05-25 15:55:17] 💓 心跳正常 (PID: 23121)
[2026-05-25 15:55:27] 💓 心跳正常 (PID: 23121)
[2026-05-25 15:55:37] 💓 心跳正常 (PID: 23121)
[2026-05-25 15:55:47] 💓 心跳正常 (PID: 23121)
[2026-05-25 15:55:58] 💓 心跳正常 (PID: 23121)
[2026-05-25 15:56:08] 💓 心跳正常 (PID: 23121)
[2026-05-25 15:56:19] 💓 心跳正常 (PID: 23121)
[2026-05-25 15:56:29] 💓 心跳正常 (PID: 23121)
[2026-05-25 15:56:39] 💓 心跳正常 (PID: 23121)
[2026-05-25 15:56:50] 💓 心跳正常 (PID: 23121)
[2026-05-25 15:57:00] 💓 心跳正常 (PID: 23121)
[2026-05-25 15:57:10] 💓 心跳正常 (PID: 23121)
[2026-05-25 15:57:21] 💓 心跳正常 (PID: 23121)
[2026-05-25 15:57:31] 💓 心跳正常 (PID: 23121)
[2026-05-25 15:57:41] 💓 心跳正常 (PID: 23121)
[2026-05-25 15:57:52] 💓 心跳正常 (PID: 23121)
[2026-05-25 15:58:02] 💓 心跳正常 (PID: 23121)
[2026-05-25 15:58:12] 💓 心跳正常 (PID: 23121)
[2026-05-25 15:58:23] 💓 心跳正常 (PID: 23121)
[2026-05-25 15:58:33] 💓 心跳正常 (PID: 23121)
[2026-05-25 15:58:43] 💓 心跳正常 (PID: 23121)
[2026-05-25 15:58:54] 💓 心跳正常 (PID: 23121)
[2026-05-25 15:59:04] 💓 心跳正常 (PID: 23121)
[2026-05-25 15:59:14] 💓 心跳正常 (PID: 23121)
[2026-05-25 15:59:25] 💓 心跳正常 (PID: 23121)
[2026-05-25 15:59:35] 💓 心跳正常 (PID: 23121)
[2026-05-25 15:59:45] 💓 心跳正常 (PID: 23121)
[2026-05-25 15:59:56] 💓 心跳正常 (PID: 23121)
[2026-05-25 16:00:06] 💓 心跳正常 (PID: 23121)
[2026-05-25 16:00:16] 💓 心跳正常 (PID: 23121)
[2026-05-25 16:00:27] 💓 心跳正常 (PID: 23121)
[2026-05-25 16:00:37] 💓 心跳正常 (PID: 23121)
[2026-05-25 16:00:47] 💓 心跳正常 (PID: 23121)
[2026-05-25 16:00:58] 💓 心跳正常 (PID: 23121)
[2026-05-25 16:01:08] 💓 心跳正常 (PID: 23121)
[2026-05-25 16:01:18] 💓 心跳正常 (PID: 23121)
[2026-05-25 16:01:29] 💓 心跳正常 (PID: 23121)
[2026-05-25 16:01:39] 💓 心跳正常 (PID: 23121)
[2026-05-25 16:01:49] 💓 心跳正常 (PID: 23121)
[2026-05-25 16:02:00] 💓 心跳正常 (PID: 23121)
[2026-05-25 16:02:10] 💓 心跳正常 (PID: 23121)
[2026-05-25 16:02:20] 💓 心跳正常 (PID: 23121)
[2026-05-25 16:02:30] 💓 心跳正常 (PID: 23121)
[2026-05-25 16:02:41] 💓 心跳正常 (PID: 23121)
[2026-05-25 16:02:51] 💓 心跳正常 (PID: 23121)
[2026-05-25 16:03:02] 💓 心跳正常 (PID: 23121)
[2026-05-25 16:03:12] 💓 心跳正常 (PID: 23121)
[2026-05-25 16:03:23] 💓 心跳正常 (PID: 23121)
[2026-05-25 16:03:33] 💓 心跳正常 (PID: 23121)
[2026-05-25 16:03:43] 💓 心跳正常 (PID: 23121)
[2026-05-25 16:03:54] 💓 心跳正常 (PID: 23121)
[2026-05-25 16:04:04] 💓 心跳正常 (PID: 23121)
[2026-05-25 16:04:15] 💓 心跳正常 (PID: 23121)
[2026-05-25 16:04:26] 💓 心跳正常 (PID: 23121)
[2026-05-25 16:04:36] 💓 心跳正常 (PID: 23121)
[2026-05-25 16:04:46] 💓 心跳正常 (PID: 23121)
[2026-05-25 16:04:56] 💓 心跳正常 (PID: 23121)
[2026-05-25 16:05:07] 💓 心跳正常 (PID: 23121)
[2026-05-25 16:05:18] 💓 心跳正常 (PID: 23121)
[2026-05-25 16:05:28] 💓 心跳正常 (PID: 23121)
[2026-05-25 16:05:38] 💓 心跳正常 (PID: 23121)
[2026-05-25 16:05:49] 💓 心跳正常 (PID: 23121)
[2026-05-25 16:05:59] 💓 心跳正常 (PID: 23121)
[2026-05-25 16:06:09] 💓 心跳正常 (PID: 23121)
[2026-05-25 16:06:20] 💓 心跳正常 (PID: 23121)
[2026-05-25 16:06:30] 💓 心跳正常 (PID: 23121)
[2026-05-25 16:06:41] 💓 心跳正常 (PID: 23121)
[2026-05-25 16:06:51] 💓 心跳正常 (PID: 23121)
[2026-05-25 16:07:02] 💓 心跳正常 (PID: 23121)
[2026-05-25 16:07:12] 💓 心跳正常 (PID: 23121)
[2026-05-25 16:07:23] 💓 心跳正常 (PID: 23121)
[2026-05-25 16:07:33] 💓 心跳正常 (PID: 23121)
[2026-05-25 16:07:43] 💓 心跳正常 (PID: 23121)
[2026-05-25 16:07:54] 💓 心跳正常 (PID: 23121)
[2026-05-25 16:08:04] 💓 心跳正常 (PID: 23121)
[2026-05-25 16:08:15] 💓 心跳正常 (PID: 23121)
[2026-05-25 16:08:25] 💓 心跳正常 (PID: 23121)
[2026-05-25 16:08:35] 💓 心跳正常 (PID: 23121)
[2026-05-25 16:08:46] 💓 心跳正常 (PID: 23121)
[2026-05-25 16:08:56] 💓 心跳正常 (PID: 23121)
[2026-05-25 16:09:06] 💓 心跳正常 (PID: 23121)
[2026-05-25 16:09:17] 💓 心跳正常 (PID: 23121)
[2026-05-25 16:09:27] 💓 心跳正常 (PID: 23121)
[2026-05-25 16:09:38] 💓 心跳正常 (PID: 23121)
[2026-05-25 16:09:48] 💓 心跳正常 (PID: 23121)
[2026-05-25 16:09:58] 💓 心跳正常 (PID: 23121)
[2026-05-25 16:10:09] 💓 心跳正常 (PID: 23121)
[2026-05-25 16:10:19] 💓 心跳正常 (PID: 23121)
[2026-05-25 16:10:29] 💓 心跳正常 (PID: 23121)
[2026-05-25 16:10:40] 💓 心跳正常 (PID: 23121)
[2026-05-25 16:10:50] 💓 心跳正常 (PID: 23121)
[2026-05-25 16:11:00] 💓 心跳正常 (PID: 23121)
[2026-05-25 16:11:10] 💓 心跳正常 (PID: 23121)
[2026-05-25 16:11:21] 💓 心跳正常 (PID: 23121)
[2026-05-25 16:11:31] 💓 心跳正常 (PID: 23121)
[2026-05-25 16:11:42] 💓 心跳正常 (PID: 23121)
[2026-05-25 16:11:52] 💓 心跳正常 (PID: 23121)
[2026-05-25 16:12:02] 💓 心跳正常 (PID: 23121)
[2026-05-25 16:12:13] 💓 心跳正常 (PID: 23121)
[2026-05-25 16:12:23] 💓 心跳正常 (PID: 23121)
[2026-05-25 16:12:34] 💓 心跳正常 (PID: 23121)
[2026-05-25 16:12:44] 💓 心跳正常 (PID: 23121)
[2026-05-25 16:12:55] 💓 心跳正常 (PID: 23121)
[2026-05-25 16:13:05] 💓 心跳正常 (PID: 23121)
[2026-05-25 16:13:15] 💓 心跳正常 (PID: 23121)
[2026-05-25 16:13:26] 💓 心跳正常 (PID: 23121)
[2026-05-25 16:13:37] 💓 心跳正常 (PID: 23121)
[2026-05-25 16:13:47] 💓 心跳正常 (PID: 23121)
[2026-05-25 16:13:57] 💓 心跳正常 (PID: 23121)
[2026-05-25 16:14:07] 💓 心跳正常 (PID: 23121)
[2026-05-25 16:14:18] 💓 心跳正常 (PID: 23121)
[2026-05-25 16:14:28] 💓 心跳正常 (PID: 23121)
[2026-05-25 16:14:38] 💓 心跳正常 (PID: 23121)
[2026-05-25 16:14:49] 💓 心跳正常 (PID: 23121)
[2026-05-25 16:14:59] 💓 心跳正常 (PID: 23121)
[2026-05-25 16:15:10] 💓 心跳正常 (PID: 23121)
[2026-05-25 16:15:20] 💓 心跳正常 (PID: 23121)
[2026-05-25 16:15:30] 💓 心跳正常 (PID: 23121)
[2026-05-25 16:15:41] 💓 心跳正常 (PID: 23121)
[2026-05-25 16:15:51] 💓 心跳正常 (PID: 23121)
[2026-05-25 16:16:01] 💓 心跳正常 (PID: 23121)
[2026-05-25 16:16:12] 💓 心跳正常 (PID: 23121)
[2026-05-25 16:16:22] 💓 心跳正常 (PID: 23121)
[2026-05-25 16:16:32] 💓 心跳正常 (PID: 23121)
[2026-05-25 16:16:43] 💓 心跳正常 (PID: 23121)
[2026-05-25 16:16:53] 💓 心跳正常 (PID: 23121)
[2026-05-25 16:17:03] 💓 心跳正常 (PID: 23121)
[2026-05-25 16:17:14] 💓 心跳正常 (PID: 23121)
[2026-05-25 16:17:24] 💓 心跳正常 (PID: 23121)
[2026-05-25 16:17:34] 💓 心跳正常 (PID: 23121)
[2026-05-25 16:17:45] 💓 心跳正常 (PID: 23121)
[2026-05-25 16:17:55] 💓 心跳正常 (PID: 23121)
[2026-05-25 16:18:05] 💓 心跳正常 (PID: 23121)
[2026-05-25 16:18:16] 💓 心跳正常 (PID: 23121)
[2026-05-25 16:18:26] 💓 心跳正常 (PID: 23121)
[2026-05-25 16:18:36] 💓 心跳正常 (PID: 23121)
[2026-05-25 16:18:46] 💓 心跳正常 (PID: 23121)
[2026-05-25 16:18:57] 💓 心跳正常 (PID: 23121)
[2026-05-25 16:19:07] 💓 心跳正常 (PID: 23121)
[2026-05-25 16:19:18] 💓 心跳正常 (PID: 23121)
[2026-05-25 16:19:28] 💓 心跳正常 (PID: 23121)
[2026-05-25 16:19:39] 💓 心跳正常 (PID: 23121)
[2026-05-25 16:19:49] 💓 心跳正常 (PID: 23121)
[2026-05-25 16:20:00] 💓 心跳正常 (PID: 23121)
[2026-05-25 16:20:10] 💓 心跳正常 (PID: 23121)
[2026-05-25 16:20:21] 💓 心跳正常 (PID: 23121)
[2026-05-25 16:20:31] 💓 心跳正常 (PID: 23121)
[2026-05-25 16:20:41] 💓 心跳正常 (PID: 23121)
[2026-05-25 16:20:52] 💓 心跳正常 (PID: 23121)
[2026-05-25 16:21:02] 💓 心跳正常 (PID: 23121)
[2026-05-25 16:21:12] 💓 心跳正常 (PID: 23121)
[2026-05-25 16:21:23] 💓 心跳正常 (PID: 23121)
[2026-05-25 16:21:33] 💓 心跳正常 (PID: 23121)
[2026-05-25 16:21:44] 💓 心跳正常 (PID: 23121)
[2026-05-25 16:21:54] 💓 心跳正常 (PID: 23121)
[2026-05-25 16:22:04] 💓 心跳正常 (PID: 23121)
[2026-05-25 16:22:14] 💓 心跳正常 (PID: 23121)
[2026-05-25 16:22:25] 💓 心跳正常 (PID: 23121)
[2026-05-25 16:22:35] 💓 心跳正常 (PID: 23121)
[2026-05-25 16:22:46] 💓 心跳正常 (PID: 23121)
[2026-05-25 16:22:56] 💓 心跳正常 (PID: 23121)
[2026-05-25 16:23:07] 💓 心跳正常 (PID: 23121)
[2026-05-25 16:23:17] 💓 心跳正常 (PID: 23121)
[2026-05-25 16:23:27] 💓 心跳正常 (PID: 23121)
[2026-05-25 16:23:38] 💓 心跳正常 (PID: 23121)
[2026-05-25 16:23:48] 💓 心跳正常 (PID: 23121)
[2026-05-25 16:23:58] 💓 心跳正常 (PID: 23121)
[2026-05-25 16:24:09] 💓 心跳正常 (PID: 23121)
[2026-05-25 16:24:19] 💓 心跳正常 (PID: 23121)
[2026-05-25 16:24:29] 💓 心跳正常 (PID: 23121)
[2026-05-25 16:24:40] 💓 心跳正常 (PID: 23121)
[2026-05-25 16:24:50] 💓 心跳正常 (PID: 23121)
[2026-05-25 16:25:00] 💓 心跳正常 (PID: 23121)
[2026-05-25 16:25:10] 💓 心跳正常 (PID: 23121)
[2026-05-25 16:25:21] 💓 心跳正常 (PID: 23121)
[2026-05-25 16:25:31] 💓 心跳正常 (PID: 23121)
[2026-05-25 16:25:41] 💓 心跳正常 (PID: 23121)
[2026-05-25 16:25:51] 💓 心跳正常 (PID: 23121)
[2026-05-25 16:26:02] 💓 心跳正常 (PID: 23121)
[2026-05-25 16:26:12] 💓 心跳正常 (PID: 23121)
[2026-05-25 16:26:22] 💓 心跳正常 (PID: 23121)
[2026-05-25 16:26:33] 💓 心跳正常 (PID: 23121)
[2026-05-25 16:26:43] 💓 心跳正常 (PID: 23121)
[2026-05-25 16:26:53] 💓 心跳正常 (PID: 23121)
[2026-05-25 16:27:04] 💓 心跳正常 (PID: 23121)
[2026-05-25 16:27:14] 💓 心跳正常 (PID: 23121)
[2026-05-25 16:27:24] 💓 心跳正常 (PID: 23121)
[2026-05-25 16:27:35] 📁 交易日志 /root/.openclaw/logs/trading/monitor.log (0.6MB)，>10MB 时自动归档至 logs/trading/archive/
[2026-05-25 16:27:35] 💓 心跳正常 (PID: 23121)
[2026-05-25 16:27:45] 💓 心跳正常 (PID: 23121)
[2026-05-25 16:27:55] 💓 心跳正常 (PID: 23121)
[2026-05-25 16:28:06] 💓 心跳正常 (PID: 23121)
[2026-05-25 16:28:16] 💓 心跳正常 (PID: 23121)
[2026-05-25 16:28:26] 💓 心跳正常 (PID: 23121)
[2026-05-25 16:28:37] 💓 心跳正常 (PID: 23121)
[2026-05-25 16:28:47] 💓 心跳正常 (PID: 23121)
[2026-05-25 16:28:58] 💓 心跳正常 (PID: 23121)
[2026-05-25 16:29:08] 💓 心跳正常 (PID: 23121)
[2026-05-25 16:29:19] 💓 心跳正常 (PID: 23121)
[2026-05-25 16:29:29] 💓 心跳正常 (PID: 23121)
[2026-05-25 16:29:39] 💓 心跳正常 (PID: 23121)
[2026-05-25 16:29:50] 💓 心跳正常 (PID: 23121)
[2026-05-25 16:30:00] 💓 心跳正常 (PID: 23121)
[2026-05-25 16:30:10] 💓 心跳正常 (PID: 23121)
[2026-05-25 16:30:21] 💓 心跳正常 (PID: 23121)
[2026-05-25 16:30:31] 💓 心跳正常 (PID: 23121)
[2026-05-25 16:30:41] 💓 心跳正常 (PID: 23121)
[2026-05-25 16:30:52] 💓 心跳正常 (PID: 23121)
[2026-05-25 16:31:02] 💓 心跳正常 (PID: 23121)
[2026-05-25 16:31:13] 💓 心跳正常 (PID: 23121)
[2026-05-25 16:31:23] 💓 心跳正常 (PID: 23121)
[2026-05-25 16:31:33] 💓 心跳正常 (PID: 23121)
[2026-05-25 16:31:44] 💓 心跳正常 (PID: 23121)
[2026-05-25 16:31:54] 💓 心跳正常 (PID: 23121)
[2026-05-25 16:32:04] 💓 心跳正常 (PID: 23121)
[2026-05-25 16:32:14] 💓 心跳正常 (PID: 23121)
[2026-05-25 16:32:25] 💓 心跳正常 (PID: 23121)
[2026-05-25 16:32:35] 💓 心跳正常 (PID: 23121)
[2026-05-25 16:32:45] 💓 心跳正常 (PID: 23121)
[2026-05-25 16:32:56] 💓 心跳正常 (PID: 23121)
[2026-05-25 16:33:06] 💓 心跳正常 (PID: 23121)
[2026-05-25 16:33:16] 💓 心跳正常 (PID: 23121)
[2026-05-25 16:33:27] 💓 心跳正常 (PID: 23121)
[2026-05-25 16:33:37] 💓 心跳正常 (PID: 23121)
[2026-05-25 16:33:47] 💓 心跳正常 (PID: 23121)
[2026-05-25 16:33:58] 💓 心跳正常 (PID: 23121)
[2026-05-25 16:34:08] 💓 心跳正常 (PID: 23121)
[2026-05-25 16:34:18] 💓 心跳正常 (PID: 23121)
[2026-05-25 16:34:29] 💓 心跳正常 (PID: 23121)
[2026-05-25 16:34:39] 💓 心跳正常 (PID: 23121)
[2026-05-25 16:34:49] 💓 心跳正常 (PID: 23121)
[2026-05-25 16:35:00] 💓 心跳正常 (PID: 23121)
[2026-05-25 16:35:10] 💓 心跳正常 (PID: 23121)
[2026-05-25 16:35:20] 💓 心跳正常 (PID: 23121)
[2026-05-25 16:35:31] 💓 心跳正常 (PID: 23121)
[2026-05-25 16:35:41] 💓 心跳正常 (PID: 23121)
[2026-05-25 16:35:51] 💓 心跳正常 (PID: 23121)
[2026-05-25 16:36:02] 💓 心跳正常 (PID: 23121)
[2026-05-25 16:36:12] 💓 心跳正常 (PID: 23121)
[2026-05-25 16:36:23] 💓 心跳正常 (PID: 23121)
[2026-05-25 16:36:33] 💓 心跳正常 (PID: 23121)
[2026-05-25 16:36:44] 💓 心跳正常 (PID: 23121)
[2026-05-25 16:36:54] 💓 心跳正常 (PID: 23121)
[2026-05-25 16:37:04] 💓 心跳正常 (PID: 23121)
[2026-05-25 16:37:15] 💓 心跳正常 (PID: 23121)
[2026-05-25 16:37:25] 💓 心跳正常 (PID: 23121)
[2026-05-25 16:37:35] 💓 心跳正常 (PID: 23121)
[2026-05-25 16:37:46] 💓 心跳正常 (PID: 23121)
[2026-05-25 16:37:56] 💓 心跳正常 (PID: 23121)
[2026-05-25 16:38:07] 💓 心跳正常 (PID: 23121)
[2026-05-25 16:38:17] 💓 心跳正常 (PID: 23121)
[2026-05-25 16:38:27] 💓 心跳正常 (PID: 23121)
[2026-05-25 16:38:38] 💓 心跳正常 (PID: 23121)
[2026-05-25 16:38:48] 💓 心跳正常 (PID: 23121)
[2026-05-25 16:38:58] 💓 心跳正常 (PID: 23121)
[2026-05-25 16:39:09] 💓 心跳正常 (PID: 23121)
[2026-05-25 16:39:19] 💓 心跳正常 (PID: 23121)
[2026-05-25 16:39:30] 💓 心跳正常 (PID: 23121)
[2026-05-25 16:39:40] 💓 心跳正常 (PID: 23121)
[2026-05-25 16:39:50] 💓 心跳正常 (PID: 23121)
[2026-05-25 16:40:01] 💓 心跳正常 (PID: 23121)
[2026-05-25 16:40:11] 💓 心跳正常 (PID: 23121)
[2026-05-25 16:40:22] 💓 心跳正常 (PID: 23121)
[2026-05-25 16:40:32] 💓 心跳正常 (PID: 23121)
[2026-05-25 16:40:43] 💓 心跳正常 (PID: 23121)
[2026-05-25 16:40:53] 💓 心跳正常 (PID: 23121)
[2026-05-25 16:41:03] 💓 心跳正常 (PID: 23121)
[2026-05-25 16:41:14] 💓 心跳正常 (PID: 23121)
[2026-05-25 16:41:24] 💓 心跳正常 (PID: 23121)
[2026-05-25 16:41:34] 💓 心跳正常 (PID: 23121)
[2026-05-25 16:41:45] 💓 心跳正常 (PID: 23121)
[2026-05-25 16:41:55] 💓 心跳正常 (PID: 23121)
[2026-05-25 16:42:06] 💓 心跳正常 (PID: 23121)
[2026-05-25 16:42:16] 💓 心跳正常 (PID: 23121)
[2026-05-25 16:42:26] 💓 心跳正常 (PID: 23121)
[2026-05-25 16:42:37] 💓 心跳正常 (PID: 23121)
[2026-05-25 16:42:47] 💓 心跳正常 (PID: 23121)
[2026-05-25 16:42:57] 💓 心跳正常 (PID: 23121)
[2026-05-25 16:43:08] 💓 心跳正常 (PID: 23121)
[2026-05-25 16:43:18] 💓 心跳正常 (PID: 23121)
[2026-05-25 16:43:29] 💓 心跳正常 (PID: 23121)
[2026-05-25 16:43:39] 💓 心跳正常 (PID: 23121)
[2026-05-25 16:43:49] 💓 心跳正常 (PID: 23121)
[2026-05-25 16:44:00] 💓 心跳正常 (PID: 23121)
[2026-05-25 16:44:10] 💓 心跳正常 (PID: 23121)
[2026-05-25 16:44:20] 💓 心跳正常 (PID: 23121)
[2026-05-25 16:44:31] 💓 心跳正常 (PID: 23121)
[2026-05-25 16:44:41] 💓 心跳正常 (PID: 23121)
[2026-05-25 16:44:52] 💓 心跳正常 (PID: 23121)
[2026-05-25 16:45:02] 💓 心跳正常 (PID: 23121)
[2026-05-25 16:45:12] 💓 心跳正常 (PID: 23121)
[2026-05-25 16:45:22] 💓 心跳正常 (PID: 23121)
[2026-05-25 16:45:33] 💓 心跳正常 (PID: 23121)
[2026-05-25 16:45:43] 💓 心跳正常 (PID: 23121)
[2026-05-25 16:45:54] 💓 心跳正常 (PID: 23121)
[2026-05-25 16:46:04] 💓 心跳正常 (PID: 23121)
[2026-05-25 16:46:14] 💓 心跳正常 (PID: 23121)
[2026-05-25 16:46:25] 💓 心跳正常 (PID: 23121)
[2026-05-25 16:46:35] 💓 心跳正常 (PID: 23121)
[2026-05-25 16:46:46] 💓 心跳正常 (PID: 23121)
[2026-05-25 16:46:56] 💓 心跳正常 (PID: 23121)
[2026-05-25 16:47:07] 💓 心跳正常 (PID: 23121)
[2026-05-25 16:47:17] 💓 心跳正常 (PID: 23121)
[2026-05-25 16:47:28] 💓 心跳正常 (PID: 23121)
[2026-05-25 16:47:38] 💓 心跳正常 (PID: 23121)
[2026-05-25 16:47:48] 💓 心跳正常 (PID: 23121)
[2026-05-25 16:47:59] 💓 心跳正常 (PID: 23121)
[2026-05-25 16:48:09] 💓 心跳正常 (PID: 23121)
[2026-05-25 16:48:20] 💓 心跳正常 (PID: 23121)
[2026-05-25 16:48:30] 💓 心跳正常 (PID: 23121)
[2026-05-25 16:48:41] 💓 心跳正常 (PID: 23121)
[2026-05-25 16:48:51] 💓 心跳正常 (PID: 23121)
[2026-05-25 16:49:02] 💓 心跳正常 (PID: 23121)
[2026-05-25 16:49:12] 💓 心跳正常 (PID: 23121)
[2026-05-25 16:49:22] 💓 心跳正常 (PID: 23121)
[2026-05-25 16:49:32] 💓 心跳正常 (PID: 23121)
[2026-05-25 16:49:43] 💓 心跳正常 (PID: 23121)
[2026-05-25 16:49:53] 💓 心跳正常 (PID: 23121)
[2026-05-25 16:50:03] 💓 心跳正常 (PID: 23121)
[2026-05-25 16:50:14] 💓 心跳正常 (PID: 23121)
[2026-05-25 16:50:24] 💓 心跳正常 (PID: 23121)
[2026-05-25 16:50:35] 💓 心跳正常 (PID: 23121)
[2026-05-25 16:50:45] 💓 心跳正常 (PID: 23121)
[2026-05-25 16:50:55] 💓 心跳正常 (PID: 23121)
[2026-05-25 16:51:06] 💓 心跳正常 (PID: 23121)
[2026-05-25 16:51:16] 💓 心跳正常 (PID: 23121)
[2026-05-25 16:51:27] 💓 心跳正常 (PID: 23121)
[2026-05-25 16:51:37] 💓 心跳正常 (PID: 23121)
[2026-05-25 16:51:47] 💓 心跳正常 (PID: 23121)
[2026-05-25 16:51:58] 💓 心跳正常 (PID: 23121)
[2026-05-25 16:52:08] 💓 心跳正常 (PID: 23121)
[2026-05-25 16:52:18] 💓 心跳正常 (PID: 23121)
[2026-05-25 16:52:28] 💓 心跳正常 (PID: 23121)
[2026-05-25 16:52:39] 💓 心跳正常 (PID: 23121)
[2026-05-25 16:52:49] 💓 心跳正常 (PID: 23121)
[2026-05-25 16:52:59] 💓 心跳正常 (PID: 23121)
[2026-05-25 16:53:10] 💓 心跳正常 (PID: 23121)
[2026-05-25 16:53:20] 💓 心跳正常 (PID: 23121)
[2026-05-25 16:53:30] 💓 心跳正常 (PID: 23121)
[2026-05-25 16:53:41] 💓 心跳正常 (PID: 23121)
[2026-05-25 16:53:51] 💓 心跳正常 (PID: 23121)
[2026-05-25 16:54:01] 💓 心跳正常 (PID: 23121)
[2026-05-25 16:54:12] 💓 心跳正常 (PID: 23121)
[2026-05-25 16:54:22] 💓 心跳正常 (PID: 23121)
[2026-05-25 16:54:33] 💓 心跳正常 (PID: 23121)
[2026-05-25 16:54:43] 💓 心跳正常 (PID: 23121)
[2026-05-25 16:54:53] 💓 心跳正常 (PID: 23121)
[2026-05-25 16:55:04] 💓 心跳正常 (PID: 23121)
[2026-05-25 16:55:14] 💓 心跳正常 (PID: 23121)
[2026-05-25 16:55:25] 💓 心跳正常 (PID: 23121)
[2026-05-25 16:55:35] 💓 心跳正常 (PID: 23121)
[2026-05-25 16:55:45] 💓 心跳正常 (PID: 23121)
[2026-05-25 16:55:56] 💓 心跳正常 (PID: 23121)
[2026-05-25 16:56:06] 💓 心跳正常 (PID: 23121)
[2026-05-25 16:56:17] 💓 心跳正常 (PID: 23121)
[2026-05-25 16:56:27] 💓 心跳正常 (PID: 23121)
[2026-05-25 16:56:37] 💓 心跳正常 (PID: 23121)
[2026-05-25 16:56:48] 💓 心跳正常 (PID: 23121)
[2026-05-25 16:56:58] 💓 心跳正常 (PID: 23121)
[2026-05-25 16:57:08] 💓 心跳正常 (PID: 23121)
[2026-05-25 16:57:19] 💓 心跳正常 (PID: 23121)
[2026-05-25 16:57:29] 💓 心跳正常 (PID: 23121)
[2026-05-25 16:57:39] 💓 心跳正常 (PID: 23121)
[2026-05-25 16:57:50] 💓 心跳正常 (PID: 23121)
[2026-05-25 16:58:00] 💓 心跳正常 (PID: 23121)
[2026-05-25 16:58:10] 💓 心跳正常 (PID: 23121)
[2026-05-25 16:58:21] 💓 心跳正常 (PID: 23121)
[2026-05-25 16:58:31] 💓 心跳正常 (PID: 23121)
[2026-05-25 16:58:41] 💓 心跳正常 (PID: 23121)
[2026-05-25 16:58:52] 💓 心跳正常 (PID: 23121)
[2026-05-25 16:59:02] 💓 心跳正常 (PID: 23121)
[2026-05-25 16:59:12] 💓 心跳正常 (PID: 23121)
[2026-05-25 16:59:23] 💓 心跳正常 (PID: 23121)
[2026-05-25 16:59:33] 💓 心跳正常 (PID: 23121)
[2026-05-25 16:59:43] 💓 心跳正常 (PID: 23121)
[2026-05-25 16:59:53] 💓 心跳正常 (PID: 23121)
[2026-05-25 17:00:04] 💓 心跳正常 (PID: 23121)
[2026-05-25 17:00:14] 💓 心跳正常 (PID: 23121)
[2026-05-25 17:00:25] 💓 心跳正常 (PID: 23121)
[2026-05-25 17:00:35] 💓 心跳正常 (PID: 23121)
[2026-05-25 17:00:45] 💓 心跳正常 (PID: 23121)
[2026-05-25 17:00:56] 💓 心跳正常 (PID: 23121)
[2026-05-25 17:01:06] 💓 心跳正常 (PID: 23121)
[2026-05-25 17:01:16] 💓 心跳正常 (PID: 23121)
[2026-05-25 17:01:27] 💓 心跳正常 (PID: 23121)
[2026-05-25 17:01:37] 💓 心跳正常 (PID: 23121)
[2026-05-25 17:01:47] 💓 心跳正常 (PID: 23121)
[2026-05-25 17:01:58] 💓 心跳正常 (PID: 23121)
[2026-05-25 17:02:08] 💓 心跳正常 (PID: 23121)
[2026-05-25 17:02:18] 💓 心跳正常 (PID: 23121)
[2026-05-25 17:02:29] 💓 心跳正常 (PID: 23121)
[2026-05-25 17:02:39] 💓 心跳正常 (PID: 23121)
[2026-05-25 17:02:50] 💓 心跳正常 (PID: 23121)
[2026-05-25 17:03:00] 💓 心跳正常 (PID: 23121)
[2026-05-25 17:03:10] 💓 心跳正常 (PID: 23121)
[2026-05-25 17:03:21] 💓 心跳正常 (PID: 23121)
[2026-05-25 17:03:31] 💓 心跳正常 (PID: 23121)
[2026-05-25 17:03:42] 💓 心跳正常 (PID: 23121)
[2026-05-25 17:03:52] 💓 心跳正常 (PID: 23121)
[2026-05-25 17:04:03] 💓 心跳正常 (PID: 23121)
[2026-05-25 17:04:14] 💓 心跳正常 (PID: 23121)
[2026-05-25 17:04:24] 💓 心跳正常 (PID: 23121)
[2026-05-25 17:04:34] 💓 心跳正常 (PID: 23121)
[2026-05-25 17:04:45] 💓 心跳正常 (PID: 23121)
[2026-05-25 17:04:55] 💓 心跳正常 (PID: 23121)
[2026-05-25 17:05:05] 💓 心跳正常 (PID: 23121)
[2026-05-25 17:05:16] 💓 心跳正常 (PID: 23121)
[2026-05-25 17:05:26] 💓 心跳正常 (PID: 23121)
[2026-05-25 17:05:36] 💓 心跳正常 (PID: 23121)
[2026-05-25 17:05:47] 💓 心跳正常 (PID: 23121)
[2026-05-25 17:05:57] 💓 心跳正常 (PID: 23121)
[2026-05-25 17:06:07] 💓 心跳正常 (PID: 23121)
[2026-05-25 17:06:18] 💓 心跳正常 (PID: 23121)
[2026-05-25 17:06:28] 💓 心跳正常 (PID: 23121)
[2026-05-25 17:06:38] 💓 心跳正常 (PID: 23121)
[2026-05-25 17:06:49] 💓 心跳正常 (PID: 23121)
[2026-05-25 17:06:59] 💓 心跳正常 (PID: 23121)
[2026-05-25 17:07:09] 💓 心跳正常 (PID: 23121)
[2026-05-25 17:07:20] 💓 心跳正常 (PID: 23121)
[2026-05-25 17:07:30] 💓 心跳正常 (PID: 23121)
[2026-05-25 17:07:40] 💓 心跳正常 (PID: 23121)
[2026-05-25 17:07:50] 💓 心跳正常 (PID: 23121)
[2026-05-25 17:08:01] 💓 心跳正常 (PID: 23121)
[2026-05-25 17:08:11] 💓 心跳正常 (PID: 23121)
[2026-05-25 17:08:21] 💓 心跳正常 (PID: 23121)
[2026-05-25 17:08:32] 💓 心跳正常 (PID: 23121)
[2026-05-25 17:08:42] 💓 心跳正常 (PID: 23121)
[2026-05-25 17:08:53] 💓 心跳正常 (PID: 23121)
[2026-05-25 17:09:03] 💓 心跳正常 (PID: 23121)
[2026-05-25 17:09:13] 💓 心跳正常 (PID: 23121)
[2026-05-25 17:09:24] 💓 心跳正常 (PID: 23121)
[2026-05-25 17:09:34] 💓 心跳正常 (PID: 23121)
[2026-05-25 17:09:45] 💓 心跳正常 (PID: 23121)
[2026-05-25 17:09:55] 💓 心跳正常 (PID: 23121)
[2026-05-25 17:10:05] 💓 心跳正常 (PID: 23121)
[2026-05-25 17:10:16] 💓 心跳正常 (PID: 23121)
[2026-05-25 17:10:26] 💓 心跳正常 (PID: 23121)
[2026-05-25 17:10:37] 💓 心跳正常 (PID: 23121)
[2026-05-25 17:10:47] 💓 心跳正常 (PID: 23121)
[2026-05-25 17:10:57] 💓 心跳正常 (PID: 23121)
[2026-05-25 17:11:08] 💓 心跳正常 (PID: 23121)
[2026-05-25 17:11:18] 💓 心跳正常 (PID: 23121)
[2026-05-25 17:11:28] 💓 心跳正常 (PID: 23121)
[2026-05-25 17:11:39] 💓 心跳正常 (PID: 23121)
[2026-05-25 17:11:49] 💓 心跳正常 (PID: 23121)
[2026-05-25 17:11:59] 💓 心跳正常 (PID: 23121)
[2026-05-25 17:12:10] 💓 心跳正常 (PID: 23121)
[2026-05-25 17:12:20] 💓 心跳正常 (PID: 23121)
[2026-05-25 17:12:30] 💓 心跳正常 (PID: 23121)
[2026-05-25 17:12:41] 💓 心跳正常 (PID: 23121)
[2026-05-25 17:12:51] 💓 心跳正常 (PID: 23121)
[2026-05-25 17:13:01] 💓 心跳正常 (PID: 23121)
[2026-05-25 17:13:12] 💓 心跳正常 (PID: 23121)
[2026-05-25 17:13:22] 💓 心跳正常 (PID: 23121)
[2026-05-25 17:13:33] 💓 心跳正常 (PID: 23121)
[2026-05-25 17:13:43] 💓 心跳正常 (PID: 23121)
[2026-05-25 17:13:53] 💓 心跳正常 (PID: 23121)
[2026-05-25 17:14:04] 💓 心跳正常 (PID: 23121)
[2026-05-25 17:14:14] 💓 心跳正常 (PID: 23121)
[2026-05-25 17:14:25] 💓 心跳正常 (PID: 23121)
[2026-05-25 17:14:35] 💓 心跳正常 (PID: 23121)
[2026-05-25 17:14:46] 💓 心跳正常 (PID: 23121)
[2026-05-25 17:14:56] 💓 心跳正常 (PID: 23121)
[2026-05-25 17:15:06] 💓 心跳正常 (PID: 23121)
[2026-05-25 17:15:16] 💓 心跳正常 (PID: 23121)
[2026-05-25 17:15:27] 💓 心跳正常 (PID: 23121)
[2026-05-25 17:15:37] 💓 心跳正常 (PID: 23121)
[2026-05-25 17:15:47] 💓 心跳正常 (PID: 23121)
[2026-05-25 17:15:58] 💓 心跳正常 (PID: 23121)
[2026-05-25 17:16:08] 💓 心跳正常 (PID: 23121)
[2026-05-25 17:16:19] 💓 心跳正常 (PID: 23121)
[2026-05-25 17:16:29] 💓 心跳正常 (PID: 23121)
[2026-05-25 17:16:40] 💓 心跳正常 (PID: 23121)
[2026-05-25 17:16:50] 💓 心跳正常 (PID: 23121)
[2026-05-25 17:17:00] 💓 心跳正常 (PID: 23121)
[2026-05-25 17:17:11] 💓 心跳正常 (PID: 23121)
[2026-05-25 17:17:21] 💓 心跳正常 (PID: 23121)
[2026-05-25 17:17:31] 💓 心跳正常 (PID: 23121)
[2026-05-25 17:17:42] 💓 心跳正常 (PID: 23121)
[2026-05-25 17:17:52] 💓 心跳正常 (PID: 23121)
[2026-05-25 17:18:03] 💓 心跳正常 (PID: 23121)
[2026-05-25 17:18:13] 💓 心跳正常 (PID: 23121)
[2026-05-25 17:18:23] 💓 心跳正常 (PID: 23121)
[2026-05-25 17:18:34] 💓 心跳正常 (PID: 23121)
[2026-05-25 17:18:44] 💓 心跳正常 (PID: 23121)
[2026-05-25 17:18:55] 💓 心跳正常 (PID: 23121)
[2026-05-25 17:19:05] 💓 心跳正常 (PID: 23121)
[2026-05-25 17:19:15] 💓 心跳正常 (PID: 23121)
[2026-05-25 17:19:26] 💓 心跳正常 (PID: 23121)
[2026-05-25 17:19:36] 💓 心跳正常 (PID: 23121)
[2026-05-25 17:19:47] 💓 心跳正常 (PID: 23121)
[2026-05-25 17:19:57] 💓 心跳正常 (PID: 23121)
[2026-05-25 17:20:07] 💓 心跳正常 (PID: 23121)
[2026-05-25 17:20:18] 💓 心跳正常 (PID: 23121)
[2026-05-25 17:20:29] 💓 心跳正常 (PID: 23121)
[2026-05-25 17:20:39] 💓 心跳正常 (PID: 23121)
[2026-05-25 17:20:49] 💓 心跳正常 (PID: 23121)
[2026-05-25 17:21:00] 💓 心跳正常 (PID: 23121)
[2026-05-25 17:21:10] 💓 心跳正常 (PID: 23121)
[2026-05-25 17:21:21] 💓 心跳正常 (PID: 23121)
[2026-05-25 17:21:31] 💓 心跳正常 (PID: 23121)
[2026-05-25 17:21:41] 💓 心跳正常 (PID: 23121)
[2026-05-25 17:21:51] 💓 心跳正常 (PID: 23121)
[2026-05-25 17:22:02] 💓 心跳正常 (PID: 23121)
[2026-05-25 17:22:13] 💓 心跳正常 (PID: 23121)
[2026-05-25 17:22:23] 💓 心跳正常 (PID: 23121)
[2026-05-25 17:22:33] 💓 心跳正常 (PID: 23121)
[2026-05-25 17:22:44] 💓 心跳正常 (PID: 23121)
[2026-05-25 17:22:54] 💓 心跳正常 (PID: 23121)
[2026-05-25 17:23:05] 💓 心跳正常 (PID: 23121)
[2026-05-25 17:23:15] 💓 心跳正常 (PID: 23121)
[2026-05-25 17:23:25] 💓 心跳正常 (PID: 23121)
[2026-05-25 17:23:35] 💓 心跳正常 (PID: 23121)
[2026-05-25 17:23:46] 💓 心跳正常 (PID: 23121)
[2026-05-25 17:23:56] 💓 心跳正常 (PID: 23121)
[2026-05-25 17:24:06] 💓 心跳正常 (PID: 23121)
[2026-05-25 17:24:17] 💓 心跳正常 (PID: 23121)
[2026-05-25 17:24:27] 💓 心跳正常 (PID: 23121)
[2026-05-25 17:24:37] 💓 心跳正常 (PID: 23121)
[2026-05-25 17:24:48] 💓 心跳正常 (PID: 23121)
[2026-05-25 17:24:58] 💓 心跳正常 (PID: 23121)
[2026-05-25 17:25:08] 💓 心跳正常 (PID: 23121)
[2026-05-25 17:25:19] 💓 心跳正常 (PID: 23121)
[2026-05-25 17:25:29] 💓 心跳正常 (PID: 23121)
[2026-05-25 17:25:39] 💓 心跳正常 (PID: 23121)
[2026-05-25 17:25:50] 💓 心跳正常 (PID: 23121)
[2026-05-25 17:26:00] 💓 心跳正常 (PID: 23121)
[2026-05-25 17:26:10] 💓 心跳正常 (PID: 23121)
[2026-05-25 17:26:21] 💓 心跳正常 (PID: 23121)
[2026-05-25 17:26:31] 💓 心跳正常 (PID: 23121)
[2026-05-25 17:26:42] 💓 心跳正常 (PID: 23121)
[2026-05-25 17:26:52] 💓 心跳正常 (PID: 23121)
[2026-05-25 17:27:02] 💓 心跳正常 (PID: 23121)
[2026-05-25 17:27:13] 💓 心跳正常 (PID: 23121)
[2026-05-25 17:27:23] 💓 心跳正常 (PID: 23121)
[2026-05-25 17:27:33] 💓 心跳正常 (PID: 23121)
[2026-05-25 17:27:44] 📁 交易日志 /root/.openclaw/logs/trading/monitor.log (0.9MB)，>10MB 时自动归档至 logs/trading/archive/
[2026-05-25 17:27:44] 💓 心跳正常 (PID: 23121)
[2026-05-25 17:27:54] 💓 心跳正常 (PID: 23121)
[2026-05-25 17:28:04] 💓 心跳正常 (PID: 23121)
[2026-05-25 17:28:15] 💓 心跳正常 (PID: 23121)
[2026-05-25 17:28:25] 💓 心跳正常 (PID: 23121)
[2026-05-25 17:28:35] 💓 心跳正常 (PID: 23121)
[2026-05-25 17:28:46] 💓 心跳正常 (PID: 23121)
[2026-05-25 17:28:56] 💓 心跳正常 (PID: 23121)
[2026-05-25 17:29:06] 💓 心跳正常 (PID: 23121)
[2026-05-25 17:29:17] 💓 心跳正常 (PID: 23121)
[2026-05-25 17:29:27] 💓 心跳正常 (PID: 23121)
[2026-05-25 17:29:37] 💓 心跳正常 (PID: 23121)
[2026-05-25 17:29:48] 💓 心跳正常 (PID: 23121)
[2026-05-25 17:29:58] 💓 心跳正常 (PID: 23121)
[2026-05-25 17:30:09] 💓 心跳正常 (PID: 23121)
[2026-05-25 17:30:19] 💓 心跳正常 (PID: 23121)
[2026-05-25 17:30:29] 💓 心跳正常 (PID: 23121)
[2026-05-25 17:30:40] 💓 心跳正常 (PID: 23121)
[2026-05-25 17:30:50] 💓 心跳正常 (PID: 23121)
[2026-05-25 17:31:01] 💓 心跳正常 (PID: 23121)
[2026-05-25 17:31:11] 💓 心跳正常 (PID: 23121)
[2026-05-25 17:31:21] 💓 心跳正常 (PID: 23121)
[2026-05-25 17:31:32] 💓 心跳正常 (PID: 23121)
[2026-05-25 17:31:42] 💓 心跳正常 (PID: 23121)
[2026-05-25 17:31:53] 💓 心跳正常 (PID: 23121)
[2026-05-25 17:32:03] 💓 心跳正常 (PID: 23121)
[2026-05-25 17:32:13] 💓 心跳正常 (PID: 23121)
[2026-05-25 17:32:23] 💓 心跳正常 (PID: 23121)
[2026-05-25 17:32:34] 💓 心跳正常 (PID: 23121)
[2026-05-25 17:32:44] 💓 心跳正常 (PID: 23121)
[2026-05-25 17:32:55] 💓 心跳正常 (PID: 23121)
[2026-05-25 17:33:05] 💓 心跳正常 (PID: 23121)
[2026-05-25 17:33:16] 💓 心跳正常 (PID: 23121)
[2026-05-25 17:33:26] 💓 心跳正常 (PID: 23121)
[2026-05-25 17:33:37] 💓 心跳正常 (PID: 23121)
[2026-05-25 17:33:47] 💓 心跳正常 (PID: 23121)
[2026-05-25 17:33:57] 💓 心跳正常 (PID: 23121)
[2026-05-25 17:34:08] 💓 心跳正常 (PID: 23121)
[2026-05-25 17:34:18] 💓 心跳正常 (PID: 23121)
[2026-05-25 17:34:28] 💓 心跳正常 (PID: 23121)
[2026-05-25 17:34:39] 💓 心跳正常 (PID: 23121)
[2026-05-25 17:34:49] 💓 心跳正常 (PID: 23121)
[2026-05-25 17:34:59] 💓 心跳正常 (PID: 23121)
[2026-05-25 17:35:10] 💓 心跳正常 (PID: 23121)
[2026-05-25 17:35:20] 💓 心跳正常 (PID: 23121)
[2026-05-25 17:35:30] 💓 心跳正常 (PID: 23121)
[2026-05-25 17:35:41] 💓 心跳正常 (PID: 23121)
[2026-05-25 17:35:51] 💓 心跳正常 (PID: 23121)
[2026-05-25 17:36:01] 💓 心跳正常 (PID: 23121)
[2026-05-25 17:36:12] 💓 心跳正常 (PID: 23121)
[2026-05-25 17:36:22] 💓 心跳正常 (PID: 23121)
[2026-05-25 17:36:33] 💓 心跳正常 (PID: 23121)
[2026-05-25 17:36:43] 💓 心跳正常 (PID: 23121)
[2026-05-25 17:36:53] 💓 心跳正常 (PID: 23121)
[2026-05-25 17:37:04] 💓 心跳正常 (PID: 23121)
[2026-05-25 17:37:14] 💓 心跳正常 (PID: 23121)
[2026-05-25 17:37:25] 💓 心跳正常 (PID: 23121)
[2026-05-25 17:37:35] 💓 心跳正常 (PID: 23121)
[2026-05-25 17:37:45] 💓 心跳正常 (PID: 23121)
[2026-05-25 17:37:56] 💓 心跳正常 (PID: 23121)
[2026-05-25 17:38:07] 💓 心跳正常 (PID: 23121)
[2026-05-25 17:38:17] 💓 心跳正常 (PID: 23121)
[2026-05-25 17:38:27] 💓 心跳正常 (PID: 23121)
[2026-05-25 17:38:37] 💓 心跳正常 (PID: 23121)
[2026-05-25 17:38:48] 💓 心跳正常 (PID: 23121)
[2026-05-25 17:38:58] 💓 心跳正常 (PID: 23121)
[2026-05-25 17:39:08] 💓 心跳正常 (PID: 23121)
[2026-05-25 17:39:19] 💓 心跳正常 (PID: 23121)
[2026-05-25 17:39:29] 💓 心跳正常 (PID: 23121)
[2026-05-25 17:39:39] 💓 心跳正常 (PID: 23121)
[2026-05-25 17:39:50] 💓 心跳正常 (PID: 23121)
[2026-05-25 17:40:00] 💓 心跳正常 (PID: 23121)
[2026-05-25 17:40:11] 💓 心跳正常 (PID: 23121)
[2026-05-25 17:40:21] 💓 心跳正常 (PID: 23121)
[2026-05-25 17:40:31] 💓 心跳正常 (PID: 23121)
[2026-05-25 17:40:42] 💓 心跳正常 (PID: 23121)
[2026-05-25 17:40:52] 💓 心跳正常 (PID: 23121)
[2026-05-25 17:41:03] 💓 心跳正常 (PID: 23121)
[2026-05-25 17:41:13] 💓 心跳正常 (PID: 23121)
[2026-05-25 17:41:23] 💓 心跳正常 (PID: 23121)
[2026-05-25 17:41:33] 💓 心跳正常 (PID: 23121)
[2026-05-25 17:41:44] 💓 心跳正常 (PID: 23121)
[2026-05-25 17:41:54] 💓 心跳正常 (PID: 23121)
[2026-05-25 17:42:05] 💓 心跳正常 (PID: 23121)
[2026-05-25 17:42:15] 💓 心跳正常 (PID: 23121)
[2026-05-25 17:42:25] 💓 心跳正常 (PID: 23121)
[2026-05-25 17:42:36] 💓 心跳正常 (PID: 23121)
[2026-05-25 17:42:46] 💓 心跳正常 (PID: 23121)
[2026-05-25 17:42:56] 💓 心跳正常 (PID: 23121)
[2026-05-25 17:43:07] 💓 心跳正常 (PID: 23121)
[2026-05-25 17:43:17] 💓 心跳正常 (PID: 23121)
[2026-05-25 17:43:27] 💓 心跳正常 (PID: 23121)
[2026-05-25 17:43:38] 💓 心跳正常 (PID: 23121)
[2026-05-25 17:43:48] 💓 心跳正常 (PID: 23121)
[2026-05-25 17:43:58] 💓 心跳正常 (PID: 23121)
[2026-05-25 17:44:09] 💓 心跳正常 (PID: 23121)
[2026-05-25 17:44:19] 💓 心跳正常 (PID: 23121)
[2026-05-25 17:44:29] 💓 心跳正常 (PID: 23121)
[2026-05-25 17:44:40] 💓 心跳正常 (PID: 23121)
[2026-05-25 17:44:50] 💓 心跳正常 (PID: 23121)
[2026-05-25 17:45:01] 💓 心跳正常 (PID: 23121)
[2026-05-25 17:45:11] 💓 心跳正常 (PID: 23121)
[2026-05-25 17:45:22] 💓 心跳正常 (PID: 23121)
[2026-05-25 17:45:32] 💓 心跳正常 (PID: 23121)
[2026-05-25 17:45:43] 💓 心跳正常 (PID: 23121)
[2026-05-25 17:45:53] 💓 心跳正常 (PID: 23121)
[2026-05-25 17:46:03] 💓 心跳正常 (PID: 23121)
[2026-05-25 17:46:14] 💓 心跳正常 (PID: 23121)
[2026-05-25 17:46:24] 💓 心跳正常 (PID: 23121)
[2026-05-25 17:46:34] 💓 心跳正常 (PID: 23121)
[2026-05-25 17:46:45] 💓 心跳正常 (PID: 23121)
[2026-05-25 17:46:55] 💓 心跳正常 (PID: 23121)
[2026-05-25 17:47:05] 💓 心跳正常 (PID: 23121)
[2026-05-25 17:47:16] 💓 心跳正常 (PID: 23121)
[2026-05-25 17:47:26] 💓 心跳正常 (PID: 23121)
[2026-05-25 17:47:36] 💓 心跳正常 (PID: 23121)
[2026-05-25 17:47:47] 💓 心跳正常 (PID: 23121)
[2026-05-25 17:47:57] 💓 心跳正常 (PID: 23121)
[2026-05-25 17:48:08] 💓 心跳正常 (PID: 23121)
[2026-05-25 17:48:18] 💓 心跳正常 (PID: 23121)
[2026-05-25 17:48:28] 💓 心跳正常 (PID: 23121)
[2026-05-25 17:48:39] 💓 心跳正常 (PID: 23121)
[2026-05-25 17:48:49] 💓 心跳正常 (PID: 23121)
[2026-05-25 17:49:00] 💓 心跳正常 (PID: 23121)
[2026-05-25 17:49:10] 💓 心跳正常 (PID: 23121)
[2026-05-25 17:49:20] 💓 心跳正常 (PID: 23121)
[2026-05-25 17:49:31] 💓 心跳正常 (PID: 23121)
[2026-05-25 17:49:41] 💓 心跳正常 (PID: 23121)
[2026-05-25 17:49:51] 💓 心跳正常 (PID: 23121)
[2026-05-25 17:50:02] 💓 心跳正常 (PID: 23121)
[2026-05-25 17:50:12] 💓 心跳正常 (PID: 23121)
[2026-05-25 17:50:23] 💓 心跳正常 (PID: 23121)
[2026-05-25 17:50:33] 💓 心跳正常 (PID: 23121)
[2026-05-25 17:50:43] 💓 心跳正常 (PID: 23121)
[2026-05-25 17:50:53] 💓 心跳正常 (PID: 23121)
[2026-05-25 17:51:04] 💓 心跳正常 (PID: 23121)
[2026-05-25 17:51:14] 💓 心跳正常 (PID: 23121)
[2026-05-25 17:51:24] 💓 心跳正常 (PID: 23121)
[2026-05-25 17:51:34] 💓 心跳正常 (PID: 23121)
[2026-05-25 17:51:45] 💓 心跳正常 (PID: 23121)
[2026-05-25 17:51:55] 💓 心跳正常 (PID: 23121)
[2026-05-25 17:52:05] 💓 心跳正常 (PID: 23121)
[2026-05-25 17:52:16] 💓 心跳正常 (PID: 23121)
[2026-05-25 17:52:26] 💓 心跳正常 (PID: 23121)
[2026-05-25 17:52:37] 💓 心跳正常 (PID: 23121)
[2026-05-25 17:52:47] 💓 心跳正常 (PID: 23121)
[2026-05-25 17:52:57] 💓 心跳正常 (PID: 23121)
[2026-05-25 17:53:08] 💓 心跳正常 (PID: 23121)
[2026-05-25 17:53:18] 💓 心跳正常 (PID: 23121)
[2026-05-25 17:53:28] 💓 心跳正常 (PID: 23121)
[2026-05-25 17:53:39] 💓 心跳正常 (PID: 23121)
[2026-05-25 17:53:49] 💓 心跳正常 (PID: 23121)
[2026-05-25 17:54:00] 💓 心跳正常 (PID: 23121)
[2026-05-25 17:54:11] 💓 心跳正常 (PID: 23121)
[2026-05-25 17:54:21] 💓 心跳正常 (PID: 23121)
[2026-05-25 17:54:31] 💓 心跳正常 (PID: 23121)
[2026-05-25 17:54:42] 💓 心跳正常 (PID: 23121)
[2026-05-25 17:54:52] 💓 心跳正常 (PID: 23121)
[2026-05-25 17:55:03] 💓 心跳正常 (PID: 23121)
[2026-05-25 17:55:14] 💓 心跳正常 (PID: 23121)
[2026-05-25 17:55:24] 💓 心跳正常 (PID: 23121)
[2026-05-25 17:55:34] 💓 心跳正常 (PID: 23121)
[2026-05-25 17:55:45] 💓 心跳正常 (PID: 23121)
[2026-05-25 17:55:55] 💓 心跳正常 (PID: 23121)
[2026-05-25 17:56:06] 💓 心跳正常 (PID: 23121)
[2026-05-25 17:56:16] 💓 心跳正常 (PID: 23121)
[2026-05-25 17:56:26] 💓 心跳正常 (PID: 23121)
[2026-05-25 17:56:37] 💓 心跳正常 (PID: 23121)
[2026-05-25 17:56:47] 💓 心跳正常 (PID: 23121)
[2026-05-25 17:56:57] 💓 心跳正常 (PID: 23121)
[2026-05-25 17:57:08] 💓 心跳正常 (PID: 23121)
[2026-05-25 17:57:18] 💓 心跳正常 (PID: 23121)
[2026-05-25 17:57:28] 💓 心跳正常 (PID: 23121)
[2026-05-25 17:57:38] 💓 心跳正常 (PID: 23121)
[2026-05-25 17:57:49] 💓 心跳正常 (PID: 23121)
[2026-05-25 17:57:59] 💓 心跳正常 (PID: 23121)
[2026-05-25 17:58:10] 💓 心跳正常 (PID: 23121)
[2026-05-25 17:58:20] 💓 心跳正常 (PID: 23121)
[2026-05-25 17:58:31] 💓 心跳正常 (PID: 23121)
[2026-05-25 17:58:41] 💓 心跳正常 (PID: 23121)
[2026-05-25 17:58:51] 💓 心跳正常 (PID: 23121)
[2026-05-25 17:59:02] 💓 心跳正常 (PID: 23121)
[2026-05-25 17:59:12] 💓 心跳正常 (PID: 23121)
[2026-05-25 17:59:23] 💓 心跳正常 (PID: 23121)
[2026-05-25 17:59:33] 💓 心跳正常 (PID: 23121)
[2026-05-25 17:59:43] 💓 心跳正常 (PID: 23121)
[2026-05-25 17:59:54] 💓 心跳正常 (PID: 23121)
[2026-05-25 18:00:04] 💓 心跳正常 (PID: 23121)
[2026-05-25 18:00:14] 💓 心跳正常 (PID: 23121)
[2026-05-25 18:00:25] 💓 心跳正常 (PID: 23121)
[2026-05-25 18:00:35] 💓 心跳正常 (PID: 23121)
[2026-05-25 18:00:45] 💓 心跳正常 (PID: 23121)
[2026-05-25 18:00:56] 💓 心跳正常 (PID: 23121)
[2026-05-25 18:01:06] 💓 心跳正常 (PID: 23121)
[2026-05-25 18:01:17] 💓 心跳正常 (PID: 23121)
[2026-05-25 18:01:27] 💓 心跳正常 (PID: 23121)
[2026-05-25 18:01:37] 💓 心跳正常 (PID: 23121)
[2026-05-25 18:01:48] 💓 心跳正常 (PID: 23121)
[2026-05-25 18:01:58] 💓 心跳正常 (PID: 23121)
[2026-05-25 18:02:08] 💓 心跳正常 (PID: 23121)
[2026-05-25 18:02:19] 💓 心跳正常 (PID: 23121)
[2026-05-25 18:02:29] 💓 心跳正常 (PID: 23121)
[2026-05-25 18:02:40] 💓 心跳正常 (PID: 23121)
[2026-05-25 18:02:50] 💓 心跳正常 (PID: 23121)
[2026-05-25 18:03:01] 💓 心跳正常 (PID: 23121)
[2026-05-25 18:03:11] 💓 心跳正常 (PID: 23121)
[2026-05-25 18:03:21] 💓 心跳正常 (PID: 23121)
[2026-05-25 18:03:32] 💓 心跳正常 (PID: 23121)
[2026-05-25 18:03:42] 💓 心跳正常 (PID: 23121)
[2026-05-25 18:03:53] 💓 心跳正常 (PID: 23121)
[2026-05-25 18:04:03] 💓 心跳正常 (PID: 23121)
[2026-05-25 18:04:13] 💓 心跳正常 (PID: 23121)
[2026-05-25 18:04:24] 💓 心跳正常 (PID: 23121)
[2026-05-25 18:04:34] 💓 心跳正常 (PID: 23121)
[2026-05-25 18:04:44] 💓 心跳正常 (PID: 23121)
[2026-05-25 18:04:55] 💓 心跳正常 (PID: 23121)
[2026-05-25 18:05:05] 💓 心跳正常 (PID: 23121)
[2026-05-25 18:05:15] 💓 心跳正常 (PID: 23121)
[2026-05-25 18:05:26] 💓 心跳正常 (PID: 23121)
[2026-05-25 18:05:36] 💓 心跳正常 (PID: 23121)
[2026-05-25 18:05:46] 💓 心跳正常 (PID: 23121)
[2026-05-25 18:05:56] 💓 心跳正常 (PID: 23121)
[2026-05-25 18:06:07] 💓 心跳正常 (PID: 23121)
[2026-05-25 18:06:17] 💓 心跳正常 (PID: 23121)
[2026-05-25 18:06:28] 💓 心跳正常 (PID: 23121)
[2026-05-25 18:06:38] 💓 心跳正常 (PID: 23121)
[2026-05-25 18:06:49] 💓 心跳正常 (PID: 23121)
[2026-05-25 18:06:59] 💓 心跳正常 (PID: 23121)
[2026-05-25 18:07:09] 💓 心跳正常 (PID: 23121)
[2026-05-25 18:07:20] 💓 心跳正常 (PID: 23121)
[2026-05-25 18:07:30] 💓 心跳正常 (PID: 23121)
[2026-05-25 18:07:41] 💓 心跳正常 (PID: 23121)
[2026-05-25 18:07:51] 💓 心跳正常 (PID: 23121)
[2026-05-25 18:08:01] 💓 心跳正常 (PID: 23121)
[2026-05-25 18:08:11] 💓 心跳正常 (PID: 23121)
[2026-05-25 18:08:22] 💓 心跳正常 (PID: 23121)
[2026-05-25 18:08:32] 💓 心跳正常 (PID: 23121)
[2026-05-25 18:08:43] 💓 心跳正常 (PID: 23121)
[2026-05-25 18:08:53] 💓 心跳正常 (PID: 23121)
[2026-05-25 18:09:03] 💓 心跳正常 (PID: 23121)
[2026-05-25 18:09:14] 💓 心跳正常 (PID: 23121)
[2026-05-25 18:09:24] 💓 心跳正常 (PID: 23121)
[2026-05-25 18:09:34] 💓 心跳正常 (PID: 23121)
[2026-05-25 18:09:45] 💓 心跳正常 (PID: 23121)
[2026-05-25 18:09:55] 💓 心跳正常 (PID: 23121)
[2026-05-25 18:10:05] 💓 心跳正常 (PID: 23121)
[2026-05-25 18:10:16] 💓 心跳正常 (PID: 23121)
[2026-05-25 18:10:26] 💓 心跳正常 (PID: 23121)
[2026-05-25 18:10:37] 💓 心跳正常 (PID: 23121)
[2026-05-25 18:10:47] 💓 心跳正常 (PID: 23121)
[2026-05-25 18:10:57] 💓 心跳正常 (PID: 23121)
[2026-05-25 18:11:08] 💓 心跳正常 (PID: 23121)
[2026-05-25 18:11:18] 💓 心跳正常 (PID: 23121)
[2026-05-25 18:11:29] 💓 心跳正常 (PID: 23121)
[2026-05-25 18:11:39] 💓 心跳正常 (PID: 23121)
[2026-05-25 18:11:49] 💓 心跳正常 (PID: 23121)
[2026-05-25 18:12:00] 💓 心跳正常 (PID: 23121)
[2026-05-25 18:12:10] 💓 心跳正常 (PID: 23121)
[2026-05-25 18:12:20] 💓 心跳正常 (PID: 23121)
[2026-05-25 18:12:31] 💓 心跳正常 (PID: 23121)
[2026-05-25 18:12:41] 💓 心跳正常 (PID: 23121)
[2026-05-25 18:12:51] 💓 心跳正常 (PID: 23121)
[2026-05-25 18:13:02] 💓 心跳正常 (PID: 23121)
[2026-05-25 18:13:12] 💓 心跳正常 (PID: 23121)
[2026-05-25 18:13:22] 💓 心跳正常 (PID: 23121)
[2026-05-25 18:13:33] 💓 心跳正常 (PID: 23121)
[2026-05-25 18:13:43] 💓 心跳正常 (PID: 23121)
[2026-05-25 18:13:53] 💓 心跳正常 (PID: 23121)
[2026-05-25 18:14:03] 💓 心跳正常 (PID: 23121)
[2026-05-25 18:14:14] 💓 心跳正常 (PID: 23121)
[2026-05-25 18:14:24] 💓 心跳正常 (PID: 23121)
[2026-05-25 18:14:34] 💓 心跳正常 (PID: 23121)
[2026-05-25 18:14:45] 💓 心跳正常 (PID: 23121)
[2026-05-25 18:14:55] 💓 心跳正常 (PID: 23121)
[2026-05-25 18:15:05] 💓 心跳正常 (PID: 23121)
[2026-05-25 18:15:16] 💓 心跳正常 (PID: 23121)
[2026-05-25 18:15:26] 💓 心跳正常 (PID: 23121)
[2026-05-25 18:15:37] 💓 心跳正常 (PID: 23121)
[2026-05-25 18:15:48] 💓 心跳正常 (PID: 23121)
[2026-05-25 18:15:58] 💓 心跳正常 (PID: 23121)
[2026-05-25 18:16:08] 💓 心跳正常 (PID: 23121)
[2026-05-25 18:16:19] 💓 心跳正常 (PID: 23121)
[2026-05-25 18:16:29] 💓 心跳正常 (PID: 23121)
[2026-05-25 18:16:39] 💓 心跳正常 (PID: 23121)
[2026-05-25 18:16:49] 💓 心跳正常 (PID: 23121)
[2026-05-25 18:16:59] 💓 心跳正常 (PID: 23121)
[2026-05-25 18:17:10] 💓 心跳正常 (PID: 23121)
[2026-05-25 18:17:20] 💓 心跳正常 (PID: 23121)
[2026-05-25 18:17:30] 💓 心跳正常 (PID: 23121)
[2026-05-25 18:17:40] 💓 心跳正常 (PID: 23121)
[2026-05-25 18:17:51] 💓 心跳正常 (PID: 23121)
[2026-05-25 18:18:01] 💓 心跳正常 (PID: 23121)
[2026-05-25 18:18:11] 💓 心跳正常 (PID: 23121)
[2026-05-25 18:18:22] 💓 心跳正常 (PID: 23121)
[2026-05-25 18:18:32] 💓 心跳正常 (PID: 23121)
[2026-05-25 18:18:43] 💓 心跳正常 (PID: 23121)
[2026-05-25 18:18:53] 💓 心跳正常 (PID: 23121)
[2026-05-25 18:19:03] 💓 心跳正常 (PID: 23121)
[2026-05-25 18:19:14] 💓 心跳正常 (PID: 23121)
[2026-05-25 18:19:24] 💓 心跳正常 (PID: 23121)
[2026-05-25 18:19:34] 💓 心跳正常 (PID: 23121)
[2026-05-25 18:19:45] 💓 心跳正常 (PID: 23121)
[2026-05-25 18:19:55] 💓 心跳正常 (PID: 23121)
[2026-05-25 18:20:06] 💓 心跳正常 (PID: 23121)
[2026-05-25 18:20:16] 💓 心跳正常 (PID: 23121)
[2026-05-25 18:20:26] 💓 心跳正常 (PID: 23121)
[2026-05-25 18:20:36] 💓 心跳正常 (PID: 23121)
[2026-05-25 18:20:47] 💓 心跳正常 (PID: 23121)
[2026-05-25 18:20:57] 💓 心跳正常 (PID: 23121)
[2026-05-25 18:21:08] 💓 心跳正常 (PID: 23121)
[2026-05-25 18:21:18] 💓 心跳正常 (PID: 23121)
[2026-05-25 18:21:28] 💓 心跳正常 (PID: 23121)
[2026-05-25 18:21:39] 💓 心跳正常 (PID: 23121)
[2026-05-25 18:21:49] 💓 心跳正常 (PID: 23121)
[2026-05-25 18:21:59] 💓 心跳正常 (PID: 23121)
[2026-05-25 18:22:10] 💓 心跳正常 (PID: 23121)
[2026-05-25 18:22:20] 💓 心跳正常 (PID: 23121)
[2026-05-25 18:22:30] 💓 心跳正常 (PID: 23121)
[2026-05-25 18:22:41] 💓 心跳正常 (PID: 23121)
[2026-05-25 18:22:51] 💓 心跳正常 (PID: 23121)
[2026-05-25 18:23:02] 💓 心跳正常 (PID: 23121)
[2026-05-25 18:23:12] 💓 心跳正常 (PID: 23121)
[2026-05-25 18:23:22] 💓 心跳正常 (PID: 23121)
[2026-05-25 18:23:33] 💓 心跳正常 (PID: 23121)
[2026-05-25 18:23:43] 💓 心跳正常 (PID: 23121)
[2026-05-25 18:23:53] 💓 心跳正常 (PID: 23121)
[2026-05-25 18:24:04] 💓 心跳正常 (PID: 23121)
[2026-05-25 18:24:14] 💓 心跳正常 (PID: 23121)
[2026-05-25 18:24:24] 💓 心跳正常 (PID: 23121)
[2026-05-25 18:24:35] 💓 心跳正常 (PID: 23121)
[2026-05-25 18:24:45] 💓 心跳正常 (PID: 23121)
[2026-05-25 18:24:56] 💓 心跳正常 (PID: 23121)
[2026-05-25 18:25:06] 💓 心跳正常 (PID: 23121)
[2026-05-25 18:25:16] 💓 心跳正常 (PID: 23121)
[2026-05-25 18:25:27] 💓 心跳正常 (PID: 23121)
[2026-05-25 18:25:37] 💓 心跳正常 (PID: 23121)
[2026-05-25 18:25:47] 💓 心跳正常 (PID: 23121)
[2026-05-25 18:25:58] 💓 心跳正常 (PID: 23121)
[2026-05-25 18:26:08] 💓 心跳正常 (PID: 23121)
[2026-05-25 18:26:18] 💓 心跳正常 (PID: 23121)
[2026-05-25 18:26:29] 💓 心跳正常 (PID: 23121)
[2026-05-25 18:26:39] 💓 心跳正常 (PID: 23121)
[2026-05-25 18:26:50] 💓 心跳正常 (PID: 23121)
[2026-05-25 18:27:00] 💓 心跳正常 (PID: 23121)
[2026-05-25 18:27:10] 💓 心跳正常 (PID: 23121)
[2026-05-25 18:27:21] 💓 心跳正常 (PID: 23121)
[2026-05-25 18:27:31] 💓 心跳正常 (PID: 23121)
[2026-05-25 18:27:42] 💓 心跳正常 (PID: 23121)
[2026-05-25 18:27:52] 📁 交易日志 /root/.openclaw/logs/trading/monitor.log (1.2MB)，>10MB 时自动归档至 logs/trading/archive/
[2026-05-25 18:27:52] 💓 心跳正常 (PID: 23121)
[2026-05-25 18:28:03] 💓 心跳正常 (PID: 23121)
[2026-05-25 18:28:13] 💓 心跳正常 (PID: 23121)
[2026-05-25 18:28:23] 💓 心跳正常 (PID: 23121)
[2026-05-25 18:28:34] 💓 心跳正常 (PID: 23121)
[2026-05-25 18:28:44] 💓 心跳正常 (PID: 23121)
[2026-05-25 18:28:54] 💓 心跳正常 (PID: 23121)
[2026-05-25 18:29:05] 💓 心跳正常 (PID: 23121)
[2026-05-25 18:29:15] 💓 心跳正常 (PID: 23121)
[2026-05-25 18:29:25] 💓 心跳正常 (PID: 23121)
[2026-05-25 18:29:35] 💓 心跳正常 (PID: 23121)
[2026-05-25 18:29:46] 💓 心跳正常 (PID: 23121)
[2026-05-25 18:29:56] 💓 心跳正常 (PID: 23121)
[2026-05-25 18:30:06] 💓 心跳正常 (PID: 23121)
[2026-05-25 18:30:17] 💓 心跳正常 (PID: 23121)
[2026-05-25 18:30:27] 💓 心跳正常 (PID: 23121)
[2026-05-25 18:30:37] 💓 心跳正常 (PID: 23121)
[2026-05-25 18:30:47] 💓 心跳正常 (PID: 23121)
[2026-05-25 18:30:58] 💓 心跳正常 (PID: 23121)
[2026-05-25 18:31:08] 💓 心跳正常 (PID: 23121)
[2026-05-25 18:31:18] 💓 心跳正常 (PID: 23121)
[2026-05-25 18:31:29] 💓 心跳正常 (PID: 23121)
[2026-05-25 18:31:39] 💓 心跳正常 (PID: 23121)
[2026-05-25 18:31:50] 💓 心跳正常 (PID: 23121)
[2026-05-25 18:32:00] 💓 心跳正常 (PID: 23121)
[2026-05-25 18:32:11] 💓 心跳正常 (PID: 23121)
[2026-05-25 18:32:21] 💓 心跳正常 (PID: 23121)
[2026-05-25 18:32:31] 💓 心跳正常 (PID: 23121)
[2026-05-25 18:32:42] 💓 心跳正常 (PID: 23121)
[2026-05-25 18:32:52] 💓 心跳正常 (PID: 23121)
[2026-05-25 18:33:03] 💓 心跳正常 (PID: 23121)
[2026-05-25 18:33:13] 💓 心跳正常 (PID: 23121)
[2026-05-25 18:33:24] 💓 心跳正常 (PID: 23121)
[2026-05-25 18:33:34] 💓 心跳正常 (PID: 23121)
[2026-05-25 18:33:44] 💓 心跳正常 (PID: 23121)
[2026-05-25 18:33:55] 💓 心跳正常 (PID: 23121)
[2026-05-25 18:34:05] 💓 心跳正常 (PID: 23121)
[2026-05-25 18:34:16] 💓 心跳正常 (PID: 23121)
[2026-05-25 18:34:26] 💓 心跳正常 (PID: 23121)
[2026-05-25 18:34:37] 💓 心跳正常 (PID: 23121)
[2026-05-25 18:34:47] 💓 心跳正常 (PID: 23121)
[2026-05-25 18:34:58] 💓 心跳正常 (PID: 23121)
[2026-05-25 18:35:08] 💓 心跳正常 (PID: 23121)
[2026-05-25 18:35:18] 💓 心跳正常 (PID: 23121)
[2026-05-25 18:35:29] 💓 心跳正常 (PID: 23121)
[2026-05-25 18:35:39] 💓 心跳正常 (PID: 23121)
[2026-05-25 18:35:49] 💓 心跳正常 (PID: 23121)
[2026-05-25 18:35:59] 💓 心跳正常 (PID: 23121)
[2026-05-25 18:36:10] 💓 心跳正常 (PID: 23121)
[2026-05-25 18:36:20] 💓 心跳正常 (PID: 23121)
[2026-05-25 18:36:30] 💓 心跳正常 (PID: 23121)
[2026-05-25 18:36:41] 💓 心跳正常 (PID: 23121)
[2026-05-25 18:36:51] 💓 心跳正常 (PID: 23121)
[2026-05-25 18:37:02] 💓 心跳正常 (PID: 23121)
[2026-05-25 18:37:12] 💓 心跳正常 (PID: 23121)
[2026-05-25 18:37:23] 💓 心跳正常 (PID: 23121)
[2026-05-25 18:37:33] 💓 心跳正常 (PID: 23121)
[2026-05-25 18:37:44] 💓 心跳正常 (PID: 23121)
[2026-05-25 18:37:54] 💓 心跳正常 (PID: 23121)
[2026-05-25 18:38:04] 💓 心跳正常 (PID: 23121)
[2026-05-25 18:38:15] 💓 心跳正常 (PID: 23121)
[2026-05-25 18:38:25] 💓 心跳正常 (PID: 23121)
[2026-05-25 18:38:36] 💓 心跳正常 (PID: 23121)
[2026-05-25 18:38:46] 💓 心跳正常 (PID: 23121)
[2026-05-25 18:38:56] 💓 心跳正常 (PID: 23121)
[2026-05-25 18:39:07] 💓 心跳正常 (PID: 23121)
[2026-05-25 18:39:17] 💓 心跳正常 (PID: 23121)
[2026-05-25 18:39:27] 💓 心跳正常 (PID: 23121)
[2026-05-25 18:39:38] 💓 心跳正常 (PID: 23121)
[2026-05-25 18:39:48] 💓 心跳正常 (PID: 23121)
[2026-05-25 18:39:58] 💓 心跳正常 (PID: 23121)
[2026-05-25 18:40:08] 💓 心跳正常 (PID: 23121)
[2026-05-25 18:40:19] 💓 心跳正常 (PID: 23121)
[2026-05-25 18:40:29] 💓 心跳正常 (PID: 23121)
[2026-05-25 18:40:39] 💓 心跳正常 (PID: 23121)
[2026-05-25 18:40:50] 💓 心跳正常 (PID: 23121)
[2026-05-25 18:41:00] 💓 心跳正常 (PID: 23121)
[2026-05-25 18:41:11] 💓 心跳正常 (PID: 23121)
[2026-05-25 18:41:21] 💓 心跳正常 (PID: 23121)
[2026-05-25 18:41:31] 💓 心跳正常 (PID: 23121)
[2026-05-25 18:41:41] 💓 心跳正常 (PID: 23121)
[2026-05-25 18:41:52] 💓 心跳正常 (PID: 23121)
[2026-05-25 18:42:02] 💓 心跳正常 (PID: 23121)
[2026-05-25 18:42:12] 💓 心跳正常 (PID: 23121)
[2026-05-25 18:42:22] 💓 心跳正常 (PID: 23121)
[2026-05-25 18:42:32] 💓 心跳正常 (PID: 23121)
[2026-05-25 18:42:42] 💓 心跳正常 (PID: 23121)
[2026-05-25 18:42:53] 💓 心跳正常 (PID: 23121)
[2026-05-25 18:43:03] 💓 心跳正常 (PID: 23121)
[2026-05-25 18:43:13] 💓 心跳正常 (PID: 23121)
[2026-05-25 18:43:24] 💓 心跳正常 (PID: 23121)
[2026-05-25 18:43:34] 💓 心跳正常 (PID: 23121)
[2026-05-25 18:43:44] 💓 心跳正常 (PID: 23121)
[2026-05-25 18:43:55] 💓 心跳正常 (PID: 23121)
[2026-05-25 18:44:05] 💓 心跳正常 (PID: 23121)
[2026-05-25 18:44:15] 💓 心跳正常 (PID: 23121)
[2026-05-25 18:44:26] 💓 心跳正常 (PID: 23121)
[2026-05-25 18:44:36] 💓 心跳正常 (PID: 23121)
[2026-05-25 18:44:47] 💓 心跳正常 (PID: 23121)
[2026-05-25 18:44:57] 💓 心跳正常 (PID: 23121)
[2026-05-25 18:45:08] 💓 心跳正常 (PID: 23121)
[2026-05-25 18:45:18] 💓 心跳正常 (PID: 23121)
[2026-05-25 18:45:28] 💓 心跳正常 (PID: 23121)
[2026-05-25 18:45:39] 💓 心跳正常 (PID: 23121)
[2026-05-25 18:45:49] 💓 心跳正常 (PID: 23121)
[2026-05-25 18:45:59] 💓 心跳正常 (PID: 23121)
[2026-05-25 22:12:44] ============================================================
[2026-05-25 22:12:44] 🐕 加密货币监控看门狗启动（智能版）
[2026-05-25 22:12:44] 监控目标：crypto_signal_monitor.py
[2026-05-25 22:12:44] 检查间隔：10秒
[2026-05-25 22:12:44] ⚠️  检测到进程未运行时自动启动（带 PID 文件检查）
[2026-05-25 22:12:44] ============================================================
[2026-05-25 22:12:44] 📁 交易日志 /root/.openclaw/logs/trading/monitor.log (1.3MB)，>10MB 时自动归档至 logs/trading/archive/
[2026-05-25 22:12:45] 💓 心跳正常 (PID: 11652)
[2026-05-25 22:12:55] 💓 心跳正常 (PID: 11652)
[2026-05-25 22:13:05] 💓 心跳正常 (PID: 11652)
[2026-05-25 22:13:15] 💓 心跳正常 (PID: 11652)
[2026-05-25 22:13:25] 💓 心跳正常 (PID: 11652)
[2026-05-25 22:13:36] 💓 心跳正常 (PID: 11652)
[2026-05-25 22:13:46] 💓 心跳正常 (PID: 11652)
[2026-05-25 22:13:57] 💓 心跳正常 (PID: 11652)
[2026-05-25 22:14:13] 💓 心跳正常 (PID: 11652)
[2026-05-25 22:14:25] 💓 心跳正常 (PID: 11652)
[2026-05-25 22:14:35] 💓 心跳正常 (PID: 11652)
[2026-05-25 22:14:45] 💓 心跳正常 (PID: 11652)
[2026-05-25 22:14:55] 💓 心跳正常 (PID: 11652)
[2026-05-25 22:15:06] 💓 心跳正常 (PID: 11652)
[2026-05-25 22:15:16] 💓 心跳正常 (PID: 11652)
[2026-05-25 22:15:26] 💓 心跳正常 (PID: 11652)
[2026-05-25 22:15:36] 💓 心跳正常 (PID: 11652)
[2026-05-25 22:15:47] 💓 心跳正常 (PID: 11652)
[2026-05-25 22:15:57] 💓 心跳正常 (PID: 11652)
[2026-05-25 22:16:07] 💓 心跳正常 (PID: 11652)
[2026-05-25 22:16:17] 💓 心跳正常 (PID: 11652)
[2026-05-25 22:16:28] 💓 心跳正常 (PID: 11652)
[2026-05-25 22:16:38] 💓 心跳正常 (PID: 11652)
[2026-05-25 22:16:48] 💓 心跳正常 (PID: 11652)
[2026-05-25 22:16:58] 💓 心跳正常 (PID: 11652)
[2026-05-25 22:17:08] 💓 心跳正常 (PID: 11652)
[2026-05-25 22:17:19] 💓 心跳正常 (PID: 11652)
[2026-05-25 22:17:29] 💓 心跳正常 (PID: 11652)
[2026-05-25 22:17:39] 💓 心跳正常 (PID: 11652)
[2026-05-25 22:17:49] 💓 心跳正常 (PID: 11652)
[2026-05-25 22:18:00] 💓 心跳正常 (PID: 11652)
[2026-05-25 22:18:10] 💓 心跳正常 (PID: 11652)
[2026-05-25 22:18:20] 💓 心跳正常 (PID: 11652)
[2026-05-25 22:18:30] 💓 心跳正常 (PID: 11652)
[2026-05-25 22:18:41] 💓 心跳正常 (PID: 11652)
[2026-05-25 22:18:51] 💓 心跳正常 (PID: 11652)
[2026-05-25 22:19:01] 💓 心跳正常 (PID: 11652)
[2026-05-25 22:19:11] 💓 心跳正常 (PID: 11652)
[2026-05-25 22:19:21] 💓 心跳正常 (PID: 11652)
[2026-05-25 22:19:32] 💓 心跳正常 (PID: 11652)
[2026-05-25 22:19:42] 💓 心跳正常 (PID: 11652)
[2026-05-25 22:19:52] 💓 心跳正常 (PID: 11652)
[2026-05-25 22:20:03] 💓 心跳正常 (PID: 11652)
[2026-05-25 22:20:13] 💓 心跳正常 (PID: 11652)
[2026-05-25 22:20:23] 💓 心跳正常 (PID: 11652)
[2026-05-25 22:20:33] 💓 心跳正常 (PID: 11652)
[2026-05-25 22:20:44] 💓 心跳正常 (PID: 11652)
[2026-05-25 22:20:54] 💓 心跳正常 (PID: 11652)
[2026-05-25 22:21:04] 💓 心跳正常 (PID: 11652)
[2026-05-25 22:21:14] 💓 心跳正常 (PID: 11652)
[2026-05-25 22:21:25] 💓 心跳正常 (PID: 11652)
[2026-05-25 22:21:35] 💓 心跳正常 (PID: 11652)
[2026-05-25 22:21:45] 💓 心跳正常 (PID: 11652)
[2026-05-25 22:21:55] 💓 心跳正常 (PID: 11652)
[2026-05-25 22:22:06] 💓 心跳正常 (PID: 11652)
[2026-05-25 22:22:16] 💓 心跳正常 (PID: 11652)
[2026-05-25 22:22:26] 💓 心跳正常 (PID: 11652)
[2026-05-25 22:22:36] 💓 心跳正常 (PID: 11652)
[2026-05-25 22:22:47] 💓 心跳正常 (PID: 11652)
[2026-05-25 22:22:57] 💓 心跳正常 (PID: 11652)
[2026-05-25 22:23:07] 💓 心跳正常 (PID: 11652)
[2026-05-25 22:23:17] 💓 心跳正常 (PID: 11652)
[2026-05-25 22:23:28] 💓 心跳正常 (PID: 11652)
[2026-05-25 22:23:38] 💓 心跳正常 (PID: 11652)
[2026-05-25 22:23:48] 💓 心跳正常 (PID: 11652)
[2026-05-25 22:23:58] 💓 心跳正常 (PID: 11652)
[2026-05-25 22:24:09] 💓 心跳正常 (PID: 11652)
[2026-05-25 22:24:19] 💓 心跳正常 (PID: 11652)
[2026-05-25 22:24:29] 💓 心跳正常 (PID: 11652)
[2026-05-25 22:24:39] 💓 心跳正常 (PID: 11652)
[2026-05-25 22:24:50] 💓 心跳正常 (PID: 11652)
[2026-05-25 22:25:00] 💓 心跳正常 (PID: 11652)
[2026-05-25 22:25:10] 💓 心跳正常 (PID: 11652)
[2026-05-25 22:25:20] 💓 心跳正常 (PID: 11652)
[2026-05-25 22:25:30] 💓 心跳正常 (PID: 11652)
[2026-05-25 22:25:41] 💓 心跳正常 (PID: 11652)
[2026-05-25 22:25:51] 💓 心跳正常 (PID: 11652)
[2026-05-25 22:26:01] 💓 心跳正常 (PID: 11652)
[2026-05-25 22:26:14] 💓 心跳正常 (PID: 11652)
[2026-05-25 22:26:26] 💓 心跳正常 (PID: 11652)
[2026-05-25 22:26:41] 💓 心跳正常 (PID: 11652)
[2026-05-25 22:26:52] 💓 心跳正常 (PID: 11652)
[2026-05-25 22:27:02] 💓 心跳正常 (PID: 11652)
[2026-05-25 22:27:12] 💓 心跳正常 (PID: 11652)
[2026-05-25 22:27:22] 💓 心跳正常 (PID: 11652)
[2026-05-25 22:27:32] 💓 心跳正常 (PID: 11652)
[2026-05-25 22:27:43] 💓 心跳正常 (PID: 11652)
[2026-05-25 22:27:53] 💓 心跳正常 (PID: 11652)
[2026-05-25 22:28:03] 💓 心跳正常 (PID: 11652)
[2026-05-25 22:28:13] 💓 心跳正常 (PID: 11652)
[2026-05-25 22:28:24] 💓 心跳正常 (PID: 11652)
[2026-05-25 22:28:34] 💓 心跳正常 (PID: 11652)
[2026-05-25 22:28:44] 💓 心跳正常 (PID: 11652)
[2026-05-25 22:28:54] 💓 心跳正常 (PID: 11652)
[2026-05-25 22:29:04] 💓 心跳正常 (PID: 11652)
[2026-05-25 22:29:14] 💓 心跳正常 (PID: 11652)
[2026-05-25 22:29:25] 🚨 主脚本未运行！尝试自动启动...
[2026-05-25 22:29:25] 🚀 启动主脚本 crypto_signal_monitor.py...
[2026-05-25 22:29:28] ✅ 主脚本启动成功 (PID: 13704)
[2026-05-25 22:29:28] 📝 PID 文件已更新：/tmp/crypto_monitor.pid
[2026-05-25 22:29:38] 💓 心跳正常 (PID: 13704)
[2026-05-25 22:29:48] 💓 心跳正常 (PID: 13704)
[2026-05-25 22:29:59] 💓 心跳正常 (PID: 13704)
[2026-05-25 22:30:10] 💓 心跳正常 (PID: 13704)
[2026-05-25 22:30:20] 💓 心跳正常 (PID: 13704)
[2026-05-25 22:30:30] 💓 心跳正常 (PID: 13704)
[2026-05-25 22:30:41] 💓 心跳正常 (PID: 13704)
[2026-05-25 22:34:45] ============================================================
[2026-05-25 22:34:45] 🐕 加密货币监控看门狗启动（智能版）
[2026-05-25 22:34:45] 监控目标：crypto_signal_monitor.py
[2026-05-25 22:34:45] 检查间隔：10秒
[2026-05-25 22:34:45] ⚠️  检测到进程未运行时自动启动（带 PID 文件检查）
[2026-05-25 22:34:45] ============================================================
[2026-05-25 22:34:45] 📁 交易日志 /root/.openclaw/logs/trading/monitor.log (1.3MB)，>10MB 时自动归档至 logs/trading/archive/
[2026-05-25 22:34:45] 💓 心跳正常 (PID: 15132)
[2026-05-25 22:34:55] 💓 心跳正常 (PID: 15132)
[2026-05-25 22:35:05] 💓 心跳正常 (PID: 15132)
[2026-05-25 22:35:15] 💓 心跳正常 (PID: 15132)
[2026-05-25 22:35:26] 💓 心跳正常 (PID: 15132)
[2026-05-25 22:35:36] 💓 心跳正常 (PID: 15132)
[2026-05-25 22:35:46] 💓 心跳正常 (PID: 15132)
[2026-05-25 22:35:56] 💓 心跳正常 (PID: 15132)
[2026-05-25 22:36:06] 💓 心跳正常 (PID: 15132)
[2026-05-25 22:36:17] 💓 心跳正常 (PID: 15132)
[2026-05-25 22:36:27] 💓 心跳正常 (PID: 15132)
[2026-05-25 22:36:37] 💓 心跳正常 (PID: 15132)
[2026-05-25 22:36:47] 💓 心跳正常 (PID: 15132)
[2026-05-25 22:36:57] 💓 心跳正常 (PID: 15132)
[2026-05-25 22:37:07] 💓 心跳正常 (PID: 15132)
[2026-05-25 22:37:18] 💓 心跳正常 (PID: 15132)
[2026-05-25 22:37:29] 💓 心跳正常 (PID: 15132)
[2026-05-25 22:37:42] 💓 心跳正常 (PID: 15132)
[2026-05-25 22:37:52] 💓 心跳正常 (PID: 15132)
[2026-05-25 22:38:02] 💓 心跳正常 (PID: 15132)
[2026-05-25 22:38:13] 💓 心跳正常 (PID: 15132)
[2026-05-25 22:38:23] 💓 心跳正常 (PID: 15132)
[2026-05-25 22:38:33] 💓 心跳正常 (PID: 15132)
[2026-05-25 22:38:43] 💓 心跳正常 (PID: 15132)
[2026-05-25 22:38:53] 💓 心跳正常 (PID: 15132)
[2026-05-25 22:39:04] 💓 心跳正常 (PID: 15132)
[2026-05-25 22:39:14] 💓 心跳正常 (PID: 15132)
[2026-05-25 22:39:24] 💓 心跳正常 (PID: 15132)
[2026-05-25 22:39:35] 💓 心跳正常 (PID: 15132)
[2026-05-25 22:39:45] 💓 心跳正常 (PID: 15132)
[2026-05-25 22:39:55] 💓 心跳正常 (PID: 15132)
[2026-05-25 22:40:05] 💓 心跳正常 (PID: 15132)
[2026-05-25 22:40:16] 💓 心跳正常 (PID: 15132)
[2026-05-25 22:40:26] 💓 心跳正常 (PID: 15132)
[2026-05-25 22:40:36] 💓 心跳正常 (PID: 15132)
[2026-05-25 22:40:46] 💓 心跳正常 (PID: 15132)
[2026-05-25 22:40:56] 💓 心跳正常 (PID: 15132)
[2026-05-25 22:41:07] 💓 心跳正常 (PID: 15132)
[2026-05-25 22:41:17] 💓 心跳正常 (PID: 15132)
[2026-05-25 22:41:27] 💓 心跳正常 (PID: 15132)
[2026-05-25 22:41:37] 💓 心跳正常 (PID: 15132)
[2026-05-25 22:41:48] 💓 心跳正常 (PID: 15132)
[2026-05-25 22:41:58] 💓 心跳正常 (PID: 15132)
[2026-05-25 22:42:08] 💓 心跳正常 (PID: 15132)
[2026-05-25 22:42:18] 💓 心跳正常 (PID: 15132)
[2026-05-25 22:42:29] 💓 心跳正常 (PID: 15132)
[2026-05-25 22:42:39] 💓 心跳正常 (PID: 15132)
[2026-05-25 22:42:49] 💓 心跳正常 (PID: 15132)
[2026-05-25 22:42:59] 💓 心跳正常 (PID: 15132)
[2026-05-25 22:43:10] 💓 心跳正常 (PID: 15132)
[2026-05-25 22:43:20] 💓 心跳正常 (PID: 15132)
[2026-05-25 22:43:30] 💓 心跳正常 (PID: 15132)
[2026-05-25 22:43:40] 💓 心跳正常 (PID: 15132)
[2026-05-25 22:43:51] 💓 心跳正常 (PID: 15132)
[2026-05-25 22:44:01] 💓 心跳正常 (PID: 15132)
[2026-05-25 22:44:11] 💓 心跳正常 (PID: 15132)
[2026-05-25 22:44:21] 💓 心跳正常 (PID: 15132)
[2026-05-25 22:44:32] 💓 心跳正常 (PID: 15132)
[2026-05-25 22:44:42] 💓 心跳正常 (PID: 15132)
[2026-05-25 22:44:52] 💓 心跳正常 (PID: 15132)
[2026-05-25 22:45:02] 💓 心跳正常 (PID: 15132)
[2026-05-25 22:45:13] 💓 心跳正常 (PID: 15132)
[2026-05-25 22:45:23] 💓 心跳正常 (PID: 15132)
[2026-05-25 22:45:33] 💓 心跳正常 (PID: 15132)
[2026-05-25 22:45:43] 💓 心跳正常 (PID: 15132)
[2026-05-25 22:45:54] 💓 心跳正常 (PID: 15132)
[2026-05-25 22:46:04] 💓 心跳正常 (PID: 15132)
[2026-05-25 22:46:14] 💓 心跳正常 (PID: 15132)
[2026-05-25 22:46:25] 💓 心跳正常 (PID: 15132)
[2026-05-25 22:46:35] 💓 心跳正常 (PID: 15132)
[2026-05-25 22:46:45] 💓 心跳正常 (PID: 15132)
[2026-05-25 22:46:55] 💓 心跳正常 (PID: 15132)
[2026-05-25 22:47:06] 💓 心跳正常 (PID: 15132)
[2026-05-25 22:47:16] 💓 心跳正常 (PID: 15132)
[2026-05-25 22:47:26] 💓 心跳正常 (PID: 15132)
[2026-05-25 22:47:36] 💓 心跳正常 (PID: 15132)
[2026-05-25 22:47:47] 💓 心跳正常 (PID: 15132)
[2026-05-25 22:47:57] 💓 心跳正常 (PID: 15132)
[2026-05-25 22:48:07] 💓 心跳正常 (PID: 15132)
[2026-05-25 22:48:17] 💓 心跳正常 (PID: 15132)
[2026-05-25 22:48:28] 💓 心跳正常 (PID: 15132)
[2026-05-25 22:48:38] 💓 心跳正常 (PID: 15132)
[2026-05-25 22:48:48] 💓 心跳正常 (PID: 15132)
[2026-05-25 22:48:58] 💓 心跳正常 (PID: 15132)
[2026-05-25 22:49:09] 💓 心跳正常 (PID: 15132)
[2026-05-25 22:49:19] 💓 心跳正常 (PID: 15132)
[2026-05-25 22:49:29] 💓 心跳正常 (PID: 15132)
[2026-05-25 22:49:39] 💓 心跳正常 (PID: 15132)
[2026-05-25 22:49:52] 💓 心跳正常 (PID: 15132)
[2026-05-25 22:50:03] 💓 心跳正常 (PID: 15132)
[2026-05-25 22:50:13] 💓 心跳正常 (PID: 15132)
[2026-05-25 22:50:24] 💓 心跳正常 (PID: 15132)
[2026-05-25 22:50:34] 💓 心跳正常 (PID: 15132)
[2026-05-25 22:50:44] 💓 心跳正常 (PID: 15132)
[2026-05-25 22:50:55] 💓 心跳正常 (PID: 15132)
[2026-05-25 22:51:05] 💓 心跳正常 (PID: 15132)
[2026-05-25 22:51:16] 💓 心跳正常 (PID: 15132)
[2026-05-25 22:51:26] 💓 心跳正常 (PID: 15132)
[2026-05-25 22:51:36] 💓 心跳正常 (PID: 15132)
[2026-05-25 22:51:46] 💓 心跳正常 (PID: 15132)
[2026-05-25 22:51:58] 💓 心跳正常 (PID: 15132)
[2026-05-25 22:52:10] 💓 心跳正常 (PID: 15132)
[2026-05-25 22:52:22] 💓 心跳正常 (PID: 15132)
[2026-05-25 22:52:32] 💓 心跳正常 (PID: 15132)
[2026-05-25 22:52:42] 💓 心跳正常 (PID: 15132)
[2026-05-25 22:52:53] 💓 心跳正常 (PID: 15132)
[2026-05-25 22:53:03] 💓 心跳正常 (PID: 15132)
[2026-05-25 22:53:13] 💓 心跳正常 (PID: 15132)
[2026-05-25 22:53:23] 💓 心跳正常 (PID: 15132)
[2026-05-25 22:53:34] 💓 心跳正常 (PID: 15132)
[2026-05-25 22:53:44] 💓 心跳正常 (PID: 15132)
[2026-05-25 22:53:54] 💓 心跳正常 (PID: 15132)
[2026-05-25 22:54:04] 💓 心跳正常 (PID: 15132)
[2026-05-25 22:54:15] 💓 心跳正常 (PID: 15132)
[2026-05-25 22:54:25] 💓 心跳正常 (PID: 15132)
[2026-05-25 22:54:35] 💓 心跳正常 (PID: 15132)
[2026-05-25 22:54:45] 💓 心跳正常 (PID: 15132)
[2026-05-25 22:54:56] 💓 心跳正常 (PID: 15132)
[2026-05-25 22:55:06] 💓 心跳正常 (PID: 15132)
[2026-05-25 22:55:16] 💓 心跳正常 (PID: 15132)
[2026-05-25 22:55:26] 💓 心跳正常 (PID: 15132)
[2026-05-25 22:55:36] 💓 心跳正常 (PID: 15132)
[2026-05-25 22:58:08] ============================================================
[2026-05-25 22:58:08] 🐕 加密货币监控看门狗启动（智能版）
[2026-05-25 22:58:08] 监控目标：crypto_signal_monitor.py
[2026-05-25 22:58:08] 检查间隔：10秒
[2026-05-25 22:58:09] ⚠️  检测到进程未运行时自动启动（带 PID 文件检查）
[2026-05-25 22:58:09] ============================================================
[2026-05-25 22:58:09] 📁 交易日志 /root/.openclaw/logs/trading/monitor.log (1.4MB)，>10MB 时自动归档至 logs/trading/archive/
[2026-05-25 22:58:09] 💓 心跳正常 (PID: 19717)
[2026-05-25 22:58:19] 💓 心跳正常 (PID: 19717)
[2026-05-25 22:58:29] 💓 心跳正常 (PID: 19717)
[2026-05-25 22:58:39] 💓 心跳正常 (PID: 19717)
[2026-05-25 22:58:49] 💓 心跳正常 (PID: 19717)
[2026-05-25 22:59:00] 💓 心跳正常 (PID: 19717)
[2026-05-25 22:59:10] 💓 心跳正常 (PID: 19717)
[2026-05-25 22:59:20] 💓 心跳正常 (PID: 19717)
[2026-05-25 22:59:30] 💓 心跳正常 (PID: 19717)
[2026-05-25 22:59:40] 💓 心跳正常 (PID: 19717)
[2026-05-25 22:59:51] 💓 心跳正常 (PID: 19717)
[2026-05-25 23:00:01] 💓 心跳正常 (PID: 19717)
[2026-05-25 23:00:11] 💓 心跳正常 (PID: 19717)
[2026-05-25 23:00:21] 💓 心跳正常 (PID: 19717)
[2026-05-25 23:00:31] 💓 心跳正常 (PID: 19717)
[2026-05-25 23:00:42] 💓 心跳正常 (PID: 19717)
[2026-05-25 23:00:52] 💓 心跳正常 (PID: 19717)
[2026-05-25 23:01:02] 💓 心跳正常 (PID: 19717)
[2026-05-25 23:01:23] ============================================================
[2026-05-25 23:01:23] 🐕 加密货币监控看门狗启动（智能版）
[2026-05-25 23:01:23] 监控目标：crypto_signal_monitor.py
[2026-05-25 23:01:23] 检查间隔：10秒
[2026-05-25 23:01:23] ⚠️  检测到进程未运行时自动启动（带 PID 文件检查）
[2026-05-25 23:01:23] ============================================================
[2026-05-25 23:01:23] 📁 交易日志 /root/.openclaw/logs/trading/monitor.log (1.4MB)，>10MB 时自动归档至 logs/trading/archive/
[2026-05-25 23:01:23] 💓 心跳正常 (PID: 20285)
[2026-05-25 23:01:33] 💓 心跳正常 (PID: 20285)
[2026-05-25 23:01:44] 💓 心跳正常 (PID: 20285)
[2026-05-25 23:01:54] 💓 心跳正常 (PID: 20285)
[2026-05-25 23:02:04] 💓 心跳正常 (PID: 20285)
[2026-05-25 23:02:14] 💓 心跳正常 (PID: 20285)
[2026-05-25 23:02:24] 💓 心跳正常 (PID: 20285)
[2026-05-25 23:02:46] ============================================================
[2026-05-25 23:02:46] 🐕 加密货币监控看门狗启动（智能版）
[2026-05-25 23:02:46] 监控目标：crypto_signal_monitor.py
[2026-05-25 23:02:46] 检查间隔：10秒
[2026-05-25 23:02:46] ⚠️  检测到进程未运行时自动启动（带 PID 文件检查）
[2026-05-25 23:02:46] ============================================================
[2026-05-25 23:02:46] 📁 交易日志 /root/.openclaw/logs/trading/monitor.log (1.4MB)，>10MB 时自动归档至 logs/trading/archive/
[2026-05-25 23:02:46] 💓 心跳正常 (PID: 20563)
[2026-05-25 23:02:57] 💓 心跳正常 (PID: 20563)
[2026-05-25 23:03:07] 💓 心跳正常 (PID: 20563)
[2026-05-25 23:03:17] 💓 心跳正常 (PID: 20563)
[2026-05-25 23:03:27] 💓 心跳正常 (PID: 20563)
[2026-05-25 23:03:37] 💓 心跳正常 (PID: 20563)
[2026-05-25 23:03:48] 💓 心跳正常 (PID: 20563)
[2026-05-25 23:03:58] 💓 心跳正常 (PID: 20563)
[2026-05-25 23:04:08] 💓 心跳正常 (PID: 20563)
[2026-05-25 23:04:33] ============================================================
[2026-05-25 23:04:33] 🐕 加密货币监控看门狗启动（智能版）
[2026-05-25 23:04:33] 监控目标：crypto_signal_monitor.py
[2026-05-25 23:04:33] 检查间隔：10秒
[2026-05-25 23:04:33] ⚠️  检测到进程未运行时自动启动（带 PID 文件检查）
[2026-05-25 23:04:33] ============================================================
[2026-05-25 23:04:33] 📁 交易日志 /root/.openclaw/logs/trading/monitor.log (1.4MB)，>10MB 时自动归档至 logs/trading/archive/
[2026-05-25 23:04:33] 💓 心跳正常 (PID: 20909)
[2026-05-25 23:04:43] 💓 心跳正常 (PID: 20909)
[2026-05-25 23:04:53] 💓 心跳正常 (PID: 20909)
[2026-05-25 23:05:03] 💓 心跳正常 (PID: 20909)
[2026-05-25 23:05:14] 💓 心跳正常 (PID: 20909)
[2026-05-25 23:05:24] 💓 心跳正常 (PID: 20909)
[2026-05-25 23:05:34] 💓 心跳正常 (PID: 20909)
[2026-05-25 23:05:44] 💓 心跳正常 (PID: 20909)
[2026-05-25 23:05:54] 💓 心跳正常 (PID: 20909)
[2026-05-25 23:06:05] 💓 心跳正常 (PID: 20909)
[2026-05-25 23:06:15] 💓 心跳正常 (PID: 20909)
[2026-05-25 23:06:39] ============================================================
[2026-05-25 23:06:39] 🐕 加密货币监控看门狗启动（智能版）
[2026-05-25 23:06:39] 监控目标：crypto_signal_monitor.py
[2026-05-25 23:06:39] 检查间隔：10秒
[2026-05-25 23:06:39] ⚠️  检测到进程未运行时自动启动（带 PID 文件检查）
[2026-05-25 23:06:39] ============================================================
[2026-05-25 23:06:39] 📁 交易日志 /root/.openclaw/logs/trading/monitor.log (1.4MB)，>10MB 时自动归档至 logs/trading/archive/
[2026-05-25 23:06:39] 💓 心跳正常 (PID: 21262)
[2026-05-25 23:06:49] 💓 心跳正常 (PID: 21262)
[2026-05-25 23:07:00] 💓 心跳正常 (PID: 21262)
[2026-05-25 23:07:10] 💓 心跳正常 (PID: 21262)
[2026-05-25 23:07:20] 💓 心跳正常 (PID: 21262)
[2026-05-25 23:07:30] 💓 心跳正常 (PID: 21262)
[2026-05-25 23:07:40] 💓 心跳正常 (PID: 21262)
[2026-05-25 23:07:50] 💓 心跳正常 (PID: 21262)
[2026-05-25 23:08:00] 💓 心跳正常 (PID: 21262)
[2026-05-25 23:08:11] 💓 心跳正常 (PID: 21262)
[2026-05-25 23:08:21] 💓 心跳正常 (PID: 21262)
[2026-05-25 23:08:31] 💓 心跳正常 (PID: 21262)
[2026-05-25 23:08:41] 💓 心跳正常 (PID: 21262)
[2026-05-25 23:08:51] 💓 心跳正常 (PID: 21262)
[2026-05-25 23:09:02] 💓 心跳正常 (PID: 21262)
[2026-05-25 23:09:12] 💓 心跳正常 (PID: 21262)
[2026-05-25 23:09:22] 💓 心跳正常 (PID: 21262)
[2026-05-25 23:09:32] 💓 心跳正常 (PID: 21262)
[2026-05-25 23:09:43] 💓 心跳正常 (PID: 21262)
[2026-05-25 23:10:10] ============================================================
[2026-05-25 23:10:10] 🐕 加密货币监控看门狗启动（智能版）
[2026-05-25 23:10:10] 监控目标：crypto_signal_monitor.py
[2026-05-25 23:10:10] 检查间隔：10秒
[2026-05-25 23:10:10] ⚠️  检测到进程未运行时自动启动（带 PID 文件检查）
[2026-05-25 23:10:10] ============================================================
[2026-05-25 23:10:10] 📁 交易日志 /root/.openclaw/logs/trading/monitor.log (1.4MB)，>10MB 时自动归档至 logs/trading/archive/
[2026-05-25 23:10:10] 💓 心跳正常 (PID: 21747)
[2026-05-25 23:10:21] 💓 心跳正常 (PID: 21747)
[2026-05-25 23:10:31] 💓 心跳正常 (PID: 21747)
[2026-05-25 23:10:41] 💓 心跳正常 (PID: 21747)
[2026-05-25 23:10:51] 💓 心跳正常 (PID: 21747)
[2026-05-25 23:11:01] 💓 心跳正常 (PID: 21747)
[2026-05-25 23:11:12] 💓 心跳正常 (PID: 21747)
[2026-05-25 23:11:22] 💓 心跳正常 (PID: 21747)
[2026-05-25 23:11:32] 💓 心跳正常 (PID: 21747)
[2026-05-25 23:11:42] 💓 心跳正常 (PID: 21747)
[2026-05-25 23:11:52] 💓 心跳正常 (PID: 21747)
[2026-05-25 23:12:03] 💓 心跳正常 (PID: 21747)
[2026-05-25 23:12:13] 💓 心跳正常 (PID: 21747)
[2026-05-25 23:12:23] 💓 心跳正常 (PID: 21747)
[2026-05-25 23:12:33] 💓 心跳正常 (PID: 21747)
[2026-05-25 23:12:43] 💓 心跳正常 (PID: 21747)
[2026-05-25 23:12:54] 💓 心跳正常 (PID: 21747)
[2026-05-25 23:13:04] 💓 心跳正常 (PID: 21747)
[2026-05-25 23:13:14] 💓 心跳正常 (PID: 21747)
[2026-05-25 23:13:24] 💓 心跳正常 (PID: 21747)
[2026-05-25 23:13:34] 💓 心跳正常 (PID: 21747)
[2026-05-25 23:13:45] 💓 心跳正常 (PID: 21747)
[2026-05-25 23:13:55] 💓 心跳正常 (PID: 21747)
[2026-05-25 23:14:05] 💓 心跳正常 (PID: 21747)
[2026-05-25 23:14:16] 💓 心跳正常 (PID: 21747)
[2026-05-25 23:14:26] 💓 心跳正常 (PID: 21747)
[2026-05-25 23:14:36] 💓 心跳正常 (PID: 21747)
[2026-05-25 23:14:46] 💓 心跳正常 (PID: 21747)
[2026-05-25 23:14:56] 💓 心跳正常 (PID: 21747)
[2026-05-25 23:17:26] ============================================================
[2026-05-25 23:17:27] 🐕 加密货币监控看门狗启动（智能版）
[2026-05-25 23:17:27] 监控目标：crypto_signal_monitor.py
[2026-05-25 23:17:27] 检查间隔：10秒
[2026-05-25 23:17:27] ⚠️  检测到进程未运行时自动启动（带 PID 文件检查）
[2026-05-25 23:17:27] ============================================================
[2026-05-25 23:17:27] 📁 交易日志 /root/.openclaw/logs/trading/monitor.log (1.4MB)，>10MB 时自动归档至 logs/trading/archive/
[2026-05-25 23:17:27] 💓 心跳正常 (PID: 23464)
[2026-05-25 23:17:37] 💓 心跳正常 (PID: 23464)
[2026-05-25 23:17:47] 💓 心跳正常 (PID: 23464)
[2026-05-25 23:17:57] 💓 心跳正常 (PID: 23464)
[2026-05-25 23:18:08] 💓 心跳正常 (PID: 23464)
[2026-05-25 23:18:18] 💓 心跳正常 (PID: 23464)
[2026-05-25 23:18:28] 💓 心跳正常 (PID: 23464)
[2026-05-25 23:18:38] 💓 心跳正常 (PID: 23464)
[2026-05-25 23:18:49] 💓 心跳正常 (PID: 23464)
[2026-05-25 23:18:59] 💓 心跳正常 (PID: 23464)
[2026-05-25 23:19:09] 💓 心跳正常 (PID: 23464)
[2026-05-25 23:19:19] 💓 心跳正常 (PID: 23464)
[2026-05-25 23:19:30] 💓 心跳正常 (PID: 23464)
[2026-05-25 23:22:13] ============================================================
[2026-05-25 23:22:13] 🐕 加密货币监控看门狗启动（智能版）
[2026-05-25 23:22:13] 监控目标：crypto_signal_monitor.py
[2026-05-25 23:22:13] 检查间隔：10秒
[2026-05-25 23:22:13] ⚠️  检测到进程未运行时自动启动（带 PID 文件检查）
[2026-05-25 23:22:13] ============================================================
[2026-05-25 23:22:13] 📁 交易日志 /root/.openclaw/logs/trading/monitor.log (1.4MB)，>10MB 时自动归档至 logs/trading/archive/
[2026-05-25 23:22:13] 💓 心跳正常 (PID: 24873)
[2026-05-25 23:22:23] 💓 心跳正常 (PID: 24873)
[2026-05-25 23:22:34] 💓 心跳正常 (PID: 24873)
[2026-05-25 23:22:44] 💓 心跳正常 (PID: 24873)
[2026-05-25 23:22:54] 💓 心跳正常 (PID: 24873)
[2026-05-25 23:23:04] 💓 心跳正常 (PID: 24873)
[2026-05-25 23:23:14] 💓 心跳正常 (PID: 24873)
[2026-05-25 23:23:25] 💓 心跳正常 (PID: 24873)
[2026-05-25 23:23:35] 💓 心跳正常 (PID: 24873)
[2026-05-25 23:23:45] 💓 心跳正常 (PID: 24873)
[2026-05-25 23:23:55] 💓 心跳正常 (PID: 24873)
[2026-05-25 23:24:05] 💓 心跳正常 (PID: 24873)
[2026-05-25 23:24:16] 💓 心跳正常 (PID: 24873)
[2026-05-25 23:24:26] 💓 心跳正常 (PID: 24873)
[2026-05-25 23:24:36] 💓 心跳正常 (PID: 24873)
[2026-05-25 23:24:46] 💓 心跳正常 (PID: 24873)
[2026-05-25 23:24:57] 💓 心跳正常 (PID: 24873)
[2026-05-25 23:25:07] 💓 心跳正常 (PID: 24873)
[2026-05-25 23:25:17] 💓 心跳正常 (PID: 24873)
[2026-05-25 23:25:27] 💓 心跳正常 (PID: 24873)
[2026-05-25 23:25:37] 💓 心跳正常 (PID: 24873)
[2026-05-25 23:25:48] 💓 心跳正常 (PID: 24873)
[2026-05-25 23:25:58] 💓 心跳正常 (PID: 24873)
[2026-05-25 23:26:08] 💓 心跳正常 (PID: 24873)
[2026-05-25 23:26:19] 💓 心跳正常 (PID: 24873)
[2026-05-25 23:26:29] 💓 心跳正常 (PID: 24873)
[2026-05-25 23:26:39] 💓 心跳正常 (PID: 24873)
[2026-05-25 23:26:49] 💓 心跳正常 (PID: 24873)
[2026-05-25 23:27:00] 💓 心跳正常 (PID: 24873)
[2026-05-25 23:27:10] 💓 心跳正常 (PID: 24873)
[2026-05-25 23:29:15] ============================================================
[2026-05-25 23:29:15] 🐕 加密货币监控看门狗启动（智能版）
[2026-05-25 23:29:15] 监控目标：crypto_signal_monitor.py
[2026-05-25 23:29:15] 检查间隔：10秒
[2026-05-25 23:29:15] ⚠️  检测到进程未运行时自动启动（带 PID 文件检查）
[2026-05-25 23:29:15] ============================================================
[2026-05-25 23:29:15] 📁 交易日志 /root/.openclaw/logs/trading/monitor.log (1.4MB)，>10MB 时自动归档至 logs/trading/archive/
[2026-05-25 23:29:15] 💓 心跳正常 (PID: 27375)
[2026-05-25 23:29:25] 💓 心跳正常 (PID: 27375)
[2026-05-25 23:29:35] 💓 心跳正常 (PID: 27375)
[2026-05-25 23:29:46] 💓 心跳正常 (PID: 27375)
[2026-05-25 23:29:56] 💓 心跳正常 (PID: 27375)
[2026-05-25 23:30:06] 💓 心跳正常 (PID: 27375)
[2026-05-25 23:30:16] 💓 心跳正常 (PID: 27375)
[2026-05-25 23:30:26] 💓 心跳正常 (PID: 27375)
[2026-05-25 23:30:36] 💓 心跳正常 (PID: 27375)
[2026-05-25 23:30:46] 💓 心跳正常 (PID: 27375)
[2026-05-25 23:30:57] 💓 心跳正常 (PID: 27375)
[2026-05-25 23:31:07] 💓 心跳正常 (PID: 27375)
[2026-05-25 23:31:17] 💓 心跳正常 (PID: 27375)
[2026-05-25 23:31:27] 💓 心跳正常 (PID: 27375)
[2026-05-25 23:31:37] 💓 心跳正常 (PID: 27375)
[2026-05-25 23:31:47] 💓 心跳正常 (PID: 27375)
[2026-05-25 23:31:57] 💓 心跳正常 (PID: 27375)
[2026-05-25 23:32:08] 💓 心跳正常 (PID: 27375)
[2026-05-25 23:32:18] 💓 心跳正常 (PID: 27375)
[2026-05-25 23:32:28] 💓 心跳正常 (PID: 27375)
[2026-05-25 23:32:38] 💓 心跳正常 (PID: 27375)
[2026-05-25 23:32:48] 💓 心跳正常 (PID: 27375)
[2026-05-25 23:32:58] 💓 心跳正常 (PID: 27375)
[2026-05-25 23:33:09] 💓 心跳正常 (PID: 27375)
[2026-05-25 23:33:19] 💓 心跳正常 (PID: 27375)
[2026-05-25 23:33:29] 💓 心跳正常 (PID: 27375)
[2026-05-25 23:33:39] 💓 心跳正常 (PID: 27375)
[2026-05-25 23:33:49] 💓 心跳正常 (PID: 27375)
[2026-05-25 23:33:59] 💓 心跳正常 (PID: 27375)
[2026-05-25 23:34:09] 💓 心跳正常 (PID: 27375)
[2026-05-25 23:34:19] 💓 心跳正常 (PID: 27375)
[2026-05-25 23:34:29] 💓 心跳正常 (PID: 27375)
[2026-05-25 23:34:40] 💓 心跳正常 (PID: 27375)
[2026-05-25 23:34:50] 💓 心跳正常 (PID: 27375)
[2026-05-25 23:35:00] 💓 心跳正常 (PID: 27375)
[2026-05-25 23:35:10] 💓 心跳正常 (PID: 27375)
[2026-05-25 23:35:20] 💓 心跳正常 (PID: 27375)
[2026-05-25 23:35:30] 💓 心跳正常 (PID: 27375)
[2026-05-25 23:35:40] 💓 心跳正常 (PID: 27375)
[2026-05-25 23:35:50] 💓 心跳正常 (PID: 27375)
[2026-05-25 23:36:01] 💓 心跳正常 (PID: 27375)
[2026-05-25 23:36:11] 💓 心跳正常 (PID: 27375)
[2026-05-25 23:36:21] 💓 心跳正常 (PID: 27375)
[2026-05-25 23:36:31] 💓 心跳正常 (PID: 27375)
[2026-05-25 23:36:41] 💓 心跳正常 (PID: 27375)
[2026-05-25 23:36:51] 💓 心跳正常 (PID: 27375)
[2026-05-25 23:37:01] 💓 心跳正常 (PID: 27375)
[2026-05-25 23:39:32] ============================================================
[2026-05-25 23:39:32] 🐕 加密货币监控看门狗启动（智能版）
[2026-05-25 23:39:32] 监控目标：crypto_signal_monitor.py
[2026-05-25 23:39:32] 检查间隔：10秒
[2026-05-25 23:39:32] ⚠️  检测到进程未运行时自动启动（带 PID 文件检查）
[2026-05-25 23:39:32] ============================================================
[2026-05-25 23:39:32] 📁 交易日志 /root/.openclaw/logs/trading/monitor.log (1.4MB)，>10MB 时自动归档至 logs/trading/archive/
[2026-05-25 23:39:32] 💓 心跳正常 (PID: 32732)
[2026-05-25 23:39:43] 💓 心跳正常 (PID: 32732)
[2026-05-25 23:39:53] 💓 心跳正常 (PID: 32732)
[2026-05-25 23:40:03] 💓 心跳正常 (PID: 32732)
[2026-05-25 23:40:13] 💓 心跳正常 (PID: 32732)
[2026-05-25 23:40:23] 💓 心跳正常 (PID: 32732)
[2026-05-25 23:40:33] 💓 心跳正常 (PID: 32732)
[2026-05-25 23:40:43] 💓 心跳正常 (PID: 32732)
[2026-05-25 23:40:54] 💓 心跳正常 (PID: 32732)
[2026-05-25 23:41:04] 💓 心跳正常 (PID: 32732)
[2026-05-25 23:41:14] 💓 心跳正常 (PID: 32732)
[2026-05-25 23:41:25] 💓 心跳正常 (PID: 32732)
[2026-05-25 23:41:35] 💓 心跳正常 (PID: 32732)
[2026-05-25 23:41:45] 💓 心跳正常 (PID: 32732)
[2026-05-25 23:41:55] 💓 心跳正常 (PID: 32732)
[2026-05-25 23:42:05] 💓 心跳正常 (PID: 32732)
[2026-05-25 23:42:15] 💓 心跳正常 (PID: 32732)
[2026-05-25 23:42:25] 💓 心跳正常 (PID: 32732)
[2026-05-25 23:42:36] 💓 心跳正常 (PID: 32732)
[2026-05-25 23:42:46] 💓 心跳正常 (PID: 32732)
[2026-05-25 23:42:56] 💓 心跳正常 (PID: 32732)
[2026-05-25 23:43:06] 💓 心跳正常 (PID: 32732)
[2026-05-25 23:43:17] 💓 心跳正常 (PID: 32732)
[2026-05-25 23:43:27] 💓 心跳正常 (PID: 32732)
[2026-05-25 23:43:37] 💓 心跳正常 (PID: 32732)
[2026-05-25 23:43:47] 💓 心跳正常 (PID: 32732)
[2026-05-25 23:43:58] 💓 心跳正常 (PID: 32732)
[2026-05-25 23:44:08] 💓 心跳正常 (PID: 32732)
[2026-05-25 23:44:18] 💓 心跳正常 (PID: 32732)
[2026-05-25 23:44:28] 💓 心跳正常 (PID: 32732)
[2026-05-25 23:44:38] 💓 心跳正常 (PID: 32732)
[2026-05-25 23:44:49] 💓 心跳正常 (PID: 32732)
[2026-05-25 23:44:59] 💓 心跳正常 (PID: 32732)
[2026-05-25 23:45:09] 💓 心跳正常 (PID: 32732)
[2026-05-25 23:45:19] 💓 心跳正常 (PID: 32732)
[2026-05-25 23:45:30] 💓 心跳正常 (PID: 32732)
[2026-05-25 23:45:40] 💓 心跳正常 (PID: 32732)
[2026-05-25 23:45:50] 💓 心跳正常 (PID: 32732)
[2026-05-25 23:46:00] 💓 心跳正常 (PID: 32732)
[2026-05-25 23:46:10] 💓 心跳正常 (PID: 32732)
[2026-05-25 23:46:21] 💓 心跳正常 (PID: 32732)
[2026-05-25 23:46:31] 💓 心跳正常 (PID: 32732)
[2026-05-25 23:46:41] 💓 心跳正常 (PID: 32732)
[2026-05-25 23:46:52] 💓 心跳正常 (PID: 32732)
[2026-05-25 23:47:02] 💓 心跳正常 (PID: 32732)
[2026-05-25 23:47:12] 💓 心跳正常 (PID: 32732)
[2026-05-25 23:47:22] 💓 心跳正常 (PID: 32732)
[2026-05-25 23:47:32] 💓 心跳正常 (PID: 32732)
[2026-05-25 23:47:43] 💓 心跳正常 (PID: 32732)
[2026-05-25 23:47:53] 💓 心跳正常 (PID: 32732)
[2026-05-25 23:48:03] 💓 心跳正常 (PID: 32732)
[2026-05-25 23:48:14] 💓 心跳正常 (PID: 32732)
[2026-05-25 23:48:24] 💓 心跳正常 (PID: 32732)
[2026-05-25 23:48:34] 💓 心跳正常 (PID: 32732)
[2026-05-25 23:48:44] 💓 心跳正常 (PID: 32732)
[2026-05-25 23:48:54] 💓 心跳正常 (PID: 32732)
[2026-05-25 23:49:05] 💓 心跳正常 (PID: 32732)
[2026-05-25 23:49:15] 💓 心跳正常 (PID: 32732)
[2026-05-25 23:49:25] 💓 心跳正常 (PID: 32732)
[2026-05-25 23:49:35] 💓 心跳正常 (PID: 32732)
[2026-05-25 23:49:46] 💓 心跳正常 (PID: 32732)
[2026-05-25 23:49:56] 💓 心跳正常 (PID: 32732)
[2026-05-25 23:50:06] 💓 心跳正常 (PID: 32732)
[2026-05-25 23:50:17] 💓 心跳正常 (PID: 32732)
[2026-05-25 23:50:27] 💓 心跳正常 (PID: 32732)
[2026-05-25 23:50:37] 💓 心跳正常 (PID: 32732)
[2026-05-25 23:50:47] 💓 心跳正常 (PID: 32732)
[2026-05-25 23:50:58] 💓 心跳正常 (PID: 32732)
[2026-05-25 23:51:08] 💓 心跳正常 (PID: 32732)
[2026-05-25 23:51:18] 💓 心跳正常 (PID: 32732)
[2026-05-25 23:51:28] 💓 心跳正常 (PID: 32732)
[2026-05-25 23:51:38] 💓 心跳正常 (PID: 32732)
[2026-05-25 23:51:49] 💓 心跳正常 (PID: 32732)
[2026-05-25 23:51:59] 💓 心跳正常 (PID: 32732)
[2026-05-25 23:52:09] 💓 心跳正常 (PID: 32732)
[2026-05-25 23:52:20] 💓 心跳正常 (PID: 32732)
[2026-05-25 23:52:30] 💓 心跳正常 (PID: 32732)
[2026-05-25 23:52:40] 💓 心跳正常 (PID: 32732)
[2026-05-25 23:52:50] 💓 心跳正常 (PID: 32732)
[2026-05-25 23:53:01] 💓 心跳正常 (PID: 32732)
[2026-05-25 23:53:11] 💓 心跳正常 (PID: 32732)
[2026-05-25 23:53:21] 💓 心跳正常 (PID: 32732)
[2026-05-25 23:53:32] 💓 心跳正常 (PID: 32732)
[2026-05-25 23:53:42] 💓 心跳正常 (PID: 32732)
[2026-05-25 23:53:52] 💓 心跳正常 (PID: 32732)
[2026-05-25 23:54:02] 💓 心跳正常 (PID: 32732)
[2026-05-25 23:54:13] 💓 心跳正常 (PID: 32732)
[2026-05-25 23:54:23] 💓 心跳正常 (PID: 32732)
[2026-05-25 23:54:33] 💓 心跳正常 (PID: 32732)
[2026-05-25 23:54:44] 💓 心跳正常 (PID: 32732)
[2026-05-25 23:54:54] 💓 心跳正常 (PID: 32732)
[2026-05-25 23:55:04] 💓 心跳正常 (PID: 32732)
[2026-05-25 23:55:14] 💓 心跳正常 (PID: 32732)
[2026-05-25 23:55:25] 💓 心跳正常 (PID: 32732)
[2026-05-25 23:55:35] 💓 心跳正常 (PID: 32732)
[2026-05-25 23:55:45] 💓 心跳正常 (PID: 32732)
[2026-05-25 23:55:55] 💓 心跳正常 (PID: 32732)
[2026-05-25 23:56:06] 💓 心跳正常 (PID: 32732)
[2026-05-25 23:56:16] 💓 心跳正常 (PID: 32732)
[2026-05-25 23:56:26] 💓 心跳正常 (PID: 32732)
[2026-05-25 23:56:36] 💓 心跳正常 (PID: 32732)
[2026-05-25 23:56:47] 💓 心跳正常 (PID: 32732)
[2026-05-25 23:56:57] 💓 心跳正常 (PID: 32732)
[2026-05-25 23:57:07] 💓 心跳正常 (PID: 32732)
[2026-05-25 23:57:17] 💓 心跳正常 (PID: 32732)
[2026-05-25 23:57:28] 💓 心跳正常 (PID: 32732)
[2026-05-25 23:57:38] 💓 心跳正常 (PID: 32732)
[2026-05-25 23:57:48] 💓 心跳正常 (PID: 32732)
[2026-05-25 23:57:59] 💓 心跳正常 (PID: 32732)
[2026-05-25 23:58:09] 💓 心跳正常 (PID: 32732)
[2026-05-25 23:58:19] 💓 心跳正常 (PID: 32732)
[2026-05-25 23:58:29] 💓 心跳正常 (PID: 32732)
[2026-05-25 23:58:40] 💓 心跳正常 (PID: 32732)
[2026-05-25 23:58:50] 💓 心跳正常 (PID: 32732)
[2026-05-25 23:59:00] 💓 心跳正常 (PID: 32732)
[2026-05-25 23:59:10] 💓 心跳正常 (PID: 32732)
[2026-05-25 23:59:20] 💓 心跳正常 (PID: 32732)
[2026-05-25 23:59:31] 💓 心跳正常 (PID: 32732)
[2026-05-25 23:59:41] 💓 心跳正常 (PID: 32732)
[2026-05-25 23:59:51] 💓 心跳正常 (PID: 32732)
[2026-05-26 00:00:02] 💓 心跳正常 (PID: 32732)
[2026-05-26 00:00:12] 💓 心跳正常 (PID: 32732)
[2026-05-26 00:00:22] 💓 心跳正常 (PID: 32732)
[2026-05-26 00:00:32] 💓 心跳正常 (PID: 32732)
[2026-05-26 00:00:43] 💓 心跳正常 (PID: 32732)
[2026-05-26 00:00:53] 💓 心跳正常 (PID: 32732)
[2026-05-26 00:01:03] 💓 心跳正常 (PID: 32732)
[2026-05-26 00:01:13] 💓 心跳正常 (PID: 32732)
[2026-05-26 00:01:24] 💓 心跳正常 (PID: 32732)
[2026-05-26 00:01:34] 💓 心跳正常 (PID: 32732)
[2026-05-26 00:01:44] 💓 心跳正常 (PID: 32732)
[2026-05-26 00:01:54] 💓 心跳正常 (PID: 32732)
[2026-05-26 00:02:04] 💓 心跳正常 (PID: 32732)
[2026-05-26 00:02:14] 💓 心跳正常 (PID: 32732)
[2026-05-26 00:02:25] 💓 心跳正常 (PID: 32732)
[2026-05-26 00:02:35] 💓 心跳正常 (PID: 32732)
[2026-05-26 00:02:45] 💓 心跳正常 (PID: 32732)
[2026-05-26 00:02:55] 💓 心跳正常 (PID: 32732)
[2026-05-26 00:03:06] 💓 心跳正常 (PID: 32732)
[2026-05-26 00:03:16] 💓 心跳正常 (PID: 32732)
[2026-05-26 00:03:26] 💓 心跳正常 (PID: 32732)
[2026-05-26 00:03:36] 💓 心跳正常 (PID: 32732)
[2026-05-26 00:03:47] 💓 心跳正常 (PID: 32732)
[2026-05-26 00:03:57] 💓 心跳正常 (PID: 32732)
[2026-05-26 00:04:07] 💓 心跳正常 (PID: 32732)
[2026-05-26 00:04:17] 💓 心跳正常 (PID: 32732)
[2026-05-26 00:04:27] 💓 心跳正常 (PID: 32732)
[2026-05-26 00:04:38] 💓 心跳正常 (PID: 32732)
[2026-05-26 00:04:48] 💓 心跳正常 (PID: 32732)
[2026-05-26 00:04:58] 💓 心跳正常 (PID: 32732)
[2026-05-26 00:05:09] 💓 心跳正常 (PID: 32732)
[2026-05-26 00:05:19] 💓 心跳正常 (PID: 32732)
[2026-05-26 00:05:29] 💓 心跳正常 (PID: 32732)
[2026-05-26 00:05:39] 💓 心跳正常 (PID: 32732)
[2026-05-26 00:05:49] 💓 心跳正常 (PID: 32732)
[2026-05-26 00:06:00] 💓 心跳正常 (PID: 32732)
[2026-05-26 00:06:10] 💓 心跳正常 (PID: 32732)
[2026-05-26 00:06:20] 💓 心跳正常 (PID: 32732)
[2026-05-26 00:06:30] 💓 心跳正常 (PID: 32732)
[2026-05-26 00:06:41] 💓 心跳正常 (PID: 32732)
[2026-05-26 00:06:51] 💓 心跳正常 (PID: 32732)
[2026-05-26 00:07:01] 💓 心跳正常 (PID: 32732)
[2026-05-26 00:07:12] 💓 心跳正常 (PID: 32732)
[2026-05-26 00:07:22] 💓 心跳正常 (PID: 32732)
[2026-05-26 00:07:32] 💓 心跳正常 (PID: 32732)
[2026-05-26 00:07:42] 💓 心跳正常 (PID: 32732)
[2026-05-26 00:07:53] 💓 心跳正常 (PID: 32732)
[2026-05-26 00:08:03] 💓 心跳正常 (PID: 32732)
[2026-05-26 00:08:13] 💓 心跳正常 (PID: 32732)
[2026-05-26 00:08:23] 💓 心跳正常 (PID: 32732)
[2026-05-26 00:08:33] 💓 心跳正常 (PID: 32732)
[2026-05-26 00:08:44] 💓 心跳正常 (PID: 32732)
[2026-05-26 00:08:54] 💓 心跳正常 (PID: 32732)
[2026-05-26 00:09:04] 💓 心跳正常 (PID: 32732)
[2026-05-26 00:09:14] 💓 心跳正常 (PID: 32732)
[2026-05-26 00:09:24] 💓 心跳正常 (PID: 32732)
[2026-05-26 00:09:35] 💓 心跳正常 (PID: 32732)
[2026-05-26 00:09:45] 💓 心跳正常 (PID: 32732)
[2026-05-26 00:09:55] 💓 心跳正常 (PID: 32732)
[2026-05-26 00:10:05] 💓 心跳正常 (PID: 32732)
[2026-05-26 00:10:16] 💓 心跳正常 (PID: 32732)
[2026-05-26 00:10:26] 💓 心跳正常 (PID: 32732)
[2026-05-26 00:10:36] 💓 心跳正常 (PID: 32732)
[2026-05-26 00:10:46] 💓 心跳正常 (PID: 32732)
[2026-05-26 00:10:57] 💓 心跳正常 (PID: 32732)
[2026-05-26 00:11:07] 💓 心跳正常 (PID: 32732)
[2026-05-26 00:11:17] 💓 心跳正常 (PID: 32732)
[2026-05-26 00:11:27] 💓 心跳正常 (PID: 32732)
[2026-05-26 00:11:37] 💓 心跳正常 (PID: 32732)
[2026-05-26 00:11:48] 💓 心跳正常 (PID: 32732)
[2026-05-26 00:11:58] 💓 心跳正常 (PID: 32732)
[2026-05-26 00:12:08] 💓 心跳正常 (PID: 32732)
[2026-05-26 00:12:18] 💓 心跳正常 (PID: 32732)
[2026-05-26 00:12:29] 💓 心跳正常 (PID: 32732)
[2026-05-26 00:12:39] 💓 心跳正常 (PID: 32732)
[2026-05-26 00:12:49] 💓 心跳正常 (PID: 32732)
[2026-05-26 00:12:59] 💓 心跳正常 (PID: 32732)
[2026-05-26 00:13:09] 💓 心跳正常 (PID: 32732)
[2026-05-26 00:13:20] 💓 心跳正常 (PID: 32732)
[2026-05-26 00:13:30] 💓 心跳正常 (PID: 32732)
[2026-05-26 00:13:40] 💓 心跳正常 (PID: 32732)
[2026-05-26 00:13:51] 💓 心跳正常 (PID: 32732)
[2026-05-26 00:14:01] 💓 心跳正常 (PID: 32732)
[2026-05-26 00:14:11] 💓 心跳正常 (PID: 32732)
[2026-05-26 00:14:21] 💓 心跳正常 (PID: 32732)
[2026-05-26 00:14:31] 💓 心跳正常 (PID: 32732)
[2026-05-26 00:14:42] 💓 心跳正常 (PID: 32732)
[2026-05-26 00:14:52] 💓 心跳正常 (PID: 32732)
[2026-05-26 00:15:02] 💓 心跳正常 (PID: 32732)
[2026-05-26 00:15:12] 💓 心跳正常 (PID: 32732)
[2026-05-26 00:15:22] 💓 心跳正常 (PID: 32732)
[2026-05-26 00:15:33] 💓 心跳正常 (PID: 32732)
[2026-05-26 00:15:43] 💓 心跳正常 (PID: 32732)
[2026-05-26 00:15:53] 💓 心跳正常 (PID: 32732)
[2026-05-26 00:16:03] 💓 心跳正常 (PID: 32732)
[2026-05-26 00:16:13] 💓 心跳正常 (PID: 32732)
[2026-05-26 00:16:24] 💓 心跳正常 (PID: 32732)
[2026-05-26 00:16:34] 💓 心跳正常 (PID: 32732)
[2026-05-26 00:16:44] 💓 心跳正常 (PID: 32732)
[2026-05-26 00:16:54] 💓 心跳正常 (PID: 32732)
[2026-05-26 00:17:05] 💓 心跳正常 (PID: 32732)
[2026-05-26 00:17:15] 💓 心跳正常 (PID: 32732)
[2026-05-26 00:17:25] 💓 心跳正常 (PID: 32732)
[2026-05-26 00:17:35] 💓 心跳正常 (PID: 32732)
[2026-05-26 00:17:45] 💓 心跳正常 (PID: 32732)
[2026-05-26 00:17:55] 💓 心跳正常 (PID: 32732)
[2026-05-26 00:18:05] 💓 心跳正常 (PID: 32732)
[2026-05-26 00:18:16] 💓 心跳正常 (PID: 32732)
[2026-05-26 00:18:26] 💓 心跳正常 (PID: 32732)
[2026-05-26 00:18:36] 💓 心跳正常 (PID: 32732)
[2026-05-26 00:18:46] 💓 心跳正常 (PID: 32732)
[2026-05-26 00:18:57] 💓 心跳正常 (PID: 32732)
[2026-05-26 00:19:07] 💓 心跳正常 (PID: 32732)
[2026-05-26 00:19:17] 💓 心跳正常 (PID: 32732)
[2026-05-26 00:19:27] 💓 心跳正常 (PID: 32732)
[2026-05-26 00:19:37] 💓 心跳正常 (PID: 32732)
[2026-05-26 00:19:47] 💓 心跳正常 (PID: 32732)
[2026-05-26 00:19:58] 💓 心跳正常 (PID: 32732)
[2026-05-26 00:20:08] 💓 心跳正常 (PID: 32732)
[2026-05-26 00:20:18] 💓 心跳正常 (PID: 32732)
[2026-05-26 00:20:28] 💓 心跳正常 (PID: 32732)
[2026-05-26 00:20:38] 💓 心跳正常 (PID: 32732)
[2026-05-26 00:20:49] 💓 心跳正常 (PID: 32732)
[2026-05-26 00:20:59] 💓 心跳正常 (PID: 32732)
[2026-05-26 00:21:09] 💓 心跳正常 (PID: 32732)
[2026-05-26 00:21:20] 💓 心跳正常 (PID: 32732)
[2026-05-26 00:21:30] 💓 心跳正常 (PID: 32732)
[2026-05-26 00:21:40] 💓 心跳正常 (PID: 32732)
[2026-05-26 00:21:50] 💓 心跳正常 (PID: 32732)
[2026-05-26 00:22:01] 💓 心跳正常 (PID: 32732)
[2026-05-26 00:22:11] 💓 心跳正常 (PID: 32732)
[2026-05-26 00:22:21] 💓 心跳正常 (PID: 32732)
[2026-05-26 00:22:31] 💓 心跳正常 (PID: 32732)
[2026-05-26 00:22:41] 💓 心跳正常 (PID: 32732)
[2026-05-26 00:22:51] 💓 心跳正常 (PID: 32732)
[2026-05-26 00:23:02] 💓 心跳正常 (PID: 32732)
[2026-05-26 00:23:12] 💓 心跳正常 (PID: 32732)
[2026-05-26 00:23:22] 💓 心跳正常 (PID: 32732)
[2026-05-26 00:23:32] 💓 心跳正常 (PID: 32732)
[2026-05-26 00:23:43] 💓 心跳正常 (PID: 32732)
[2026-05-26 00:23:53] 💓 心跳正常 (PID: 32732)
[2026-05-26 00:24:03] 💓 心跳正常 (PID: 32732)
[2026-05-26 00:24:13] 💓 心跳正常 (PID: 32732)
[2026-05-26 00:24:23] 💓 心跳正常 (PID: 32732)
[2026-05-26 00:24:34] 💓 心跳正常 (PID: 32732)
[2026-05-26 00:24:44] 💓 心跳正常 (PID: 32732)
[2026-05-26 00:24:54] 💓 心跳正常 (PID: 32732)
[2026-05-26 00:25:04] 💓 心跳正常 (PID: 32732)
[2026-05-26 00:25:15] 💓 心跳正常 (PID: 32732)
[2026-05-26 00:25:25] 💓 心跳正常 (PID: 32732)
[2026-05-26 00:25:35] 💓 心跳正常 (PID: 32732)
[2026-05-26 00:25:45] 💓 心跳正常 (PID: 32732)
[2026-05-26 00:25:56] 💓 心跳正常 (PID: 32732)
[2026-05-26 00:26:06] 💓 心跳正常 (PID: 32732)
[2026-05-26 00:26:16] 💓 心跳正常 (PID: 32732)
[2026-05-26 00:26:27] 💓 心跳正常 (PID: 32732)
[2026-05-26 00:26:37] 💓 心跳正常 (PID: 32732)
[2026-05-26 00:26:47] 💓 心跳正常 (PID: 32732)
[2026-05-26 00:26:57] 💓 心跳正常 (PID: 32732)
[2026-05-26 00:27:08] 💓 心跳正常 (PID: 32732)
[2026-05-26 00:27:18] 💓 心跳正常 (PID: 32732)
[2026-05-26 00:27:28] 💓 心跳正常 (PID: 32732)
[2026-05-26 00:27:38] 💓 心跳正常 (PID: 32732)
[2026-05-26 00:27:49] 💓 心跳正常 (PID: 32732)
[2026-05-26 00:27:59] 💓 心跳正常 (PID: 32732)
[2026-05-26 00:28:09] 💓 心跳正常 (PID: 32732)
[2026-05-26 00:28:19] 💓 心跳正常 (PID: 32732)
[2026-05-26 00:28:30] 💓 心跳正常 (PID: 32732)
[2026-05-26 00:28:40] 💓 心跳正常 (PID: 32732)
[2026-05-26 00:28:50] 💓 心跳正常 (PID: 32732)
[2026-05-26 00:29:00] 💓 心跳正常 (PID: 32732)
[2026-05-26 00:29:11] 💓 心跳正常 (PID: 32732)
[2026-05-26 00:29:21] 💓 心跳正常 (PID: 32732)
[2026-05-26 00:29:31] 💓 心跳正常 (PID: 32732)
[2026-05-26 00:29:42] 💓 心跳正常 (PID: 32732)
[2026-05-26 00:29:52] 💓 心跳正常 (PID: 32732)
[2026-05-26 00:30:02] 💓 心跳正常 (PID: 32732)
[2026-05-26 00:30:12] 💓 心跳正常 (PID: 32732)
[2026-05-26 00:30:23] 💓 心跳正常 (PID: 32732)
[2026-05-26 00:30:33] 💓 心跳正常 (PID: 32732)
[2026-05-26 00:30:43] 💓 心跳正常 (PID: 32732)
[2026-05-26 00:30:53] 💓 心跳正常 (PID: 32732)
[2026-05-26 00:31:04] 💓 心跳正常 (PID: 32732)
[2026-05-26 00:31:14] 💓 心跳正常 (PID: 32732)
[2026-05-26 00:31:24] 💓 心跳正常 (PID: 32732)
[2026-05-26 00:31:34] 💓 心跳正常 (PID: 32732)
[2026-05-26 00:31:45] 💓 心跳正常 (PID: 32732)
[2026-05-26 00:31:55] 💓 心跳正常 (PID: 32732)
[2026-05-26 00:32:06] 💓 心跳正常 (PID: 32732)
[2026-05-26 00:32:16] 💓 心跳正常 (PID: 32732)
[2026-05-26 00:32:26] 💓 心跳正常 (PID: 32732)
[2026-05-26 00:32:36] 💓 心跳正常 (PID: 32732)
[2026-05-26 00:32:47] 💓 心跳正常 (PID: 32732)
[2026-05-26 00:32:57] 💓 心跳正常 (PID: 32732)
[2026-05-26 00:33:07] 💓 心跳正常 (PID: 32732)
[2026-05-26 00:33:18] 💓 心跳正常 (PID: 32732)
[2026-05-26 00:33:28] 💓 心跳正常 (PID: 32732)
[2026-05-26 00:33:38] 💓 心跳正常 (PID: 32732)
[2026-05-26 00:33:48] 💓 心跳正常 (PID: 32732)
[2026-05-26 00:33:59] 💓 心跳正常 (PID: 32732)
[2026-05-26 00:34:09] 💓 心跳正常 (PID: 32732)
[2026-05-26 00:34:19] 💓 心跳正常 (PID: 32732)
[2026-05-26 00:34:30] 💓 心跳正常 (PID: 32732)
[2026-05-26 00:34:40] 💓 心跳正常 (PID: 32732)
[2026-05-26 00:34:50] 💓 心跳正常 (PID: 32732)
[2026-05-26 00:35:00] 💓 心跳正常 (PID: 32732)
[2026-05-26 00:35:11] 💓 心跳正常 (PID: 32732)
[2026-05-26 00:35:21] 💓 心跳正常 (PID: 32732)
[2026-05-26 00:35:31] 💓 心跳正常 (PID: 32732)
[2026-05-26 00:35:42] 💓 心跳正常 (PID: 32732)
[2026-05-26 00:35:52] 💓 心跳正常 (PID: 32732)
[2026-05-26 00:36:02] 💓 心跳正常 (PID: 32732)
[2026-05-26 00:36:13] 💓 心跳正常 (PID: 32732)
[2026-05-26 00:36:23] 💓 心跳正常 (PID: 32732)
[2026-05-26 00:36:33] 💓 心跳正常 (PID: 32732)
[2026-05-26 00:36:44] 💓 心跳正常 (PID: 32732)
[2026-05-26 00:36:54] 💓 心跳正常 (PID: 32732)
[2026-05-26 00:37:04] 💓 心跳正常 (PID: 32732)
[2026-05-26 00:37:15] 💓 心跳正常 (PID: 32732)
[2026-05-26 00:37:25] 💓 心跳正常 (PID: 32732)
[2026-05-26 00:37:35] 💓 心跳正常 (PID: 32732)
[2026-05-26 00:37:46] 💓 心跳正常 (PID: 32732)
[2026-05-26 00:37:56] 💓 心跳正常 (PID: 32732)
[2026-05-26 00:38:06] 💓 心跳正常 (PID: 32732)
[2026-05-26 00:38:16] 💓 心跳正常 (PID: 32732)
[2026-05-26 00:38:27] 💓 心跳正常 (PID: 32732)
[2026-05-26 00:38:37] 💓 心跳正常 (PID: 32732)
[2026-05-26 00:38:47] 💓 心跳正常 (PID: 32732)
[2026-05-26 00:38:57] 💓 心跳正常 (PID: 32732)
[2026-05-26 00:39:08] 💓 心跳正常 (PID: 32732)
[2026-05-26 00:39:18] 💓 心跳正常 (PID: 32732)
[2026-05-26 00:39:28] 💓 心跳正常 (PID: 32732)
[2026-05-26 00:39:38] 📁 交易日志 /root/.openclaw/logs/trading/monitor.log (1.4MB)，>10MB 时自动归档至 logs/trading/archive/
[2026-05-26 00:39:39] 💓 心跳正常 (PID: 32732)
[2026-05-26 00:39:49] 💓 心跳正常 (PID: 32732)
[2026-05-26 00:39:59] 💓 心跳正常 (PID: 32732)
[2026-05-26 00:40:10] 💓 心跳正常 (PID: 32732)
[2026-05-26 00:40:20] 💓 心跳正常 (PID: 32732)
[2026-05-26 00:40:30] 💓 心跳正常 (PID: 32732)
[2026-05-26 00:40:41] 💓 心跳正常 (PID: 32732)
[2026-05-26 00:40:51] 💓 心跳正常 (PID: 32732)
[2026-05-26 00:41:01] 💓 心跳正常 (PID: 32732)
[2026-05-26 00:41:12] 💓 心跳正常 (PID: 32732)
[2026-05-26 00:41:22] 💓 心跳正常 (PID: 32732)
[2026-05-26 00:41:32] 💓 心跳正常 (PID: 32732)
[2026-05-26 00:41:42] 💓 心跳正常 (PID: 32732)
[2026-05-26 00:41:53] 💓 心跳正常 (PID: 32732)
[2026-05-26 00:42:03] 💓 心跳正常 (PID: 32732)
[2026-05-26 00:42:13] 💓 心跳正常 (PID: 32732)
[2026-05-26 00:42:24] 💓 心跳正常 (PID: 32732)
[2026-05-26 00:42:34] 💓 心跳正常 (PID: 32732)
[2026-05-26 00:42:44] 💓 心跳正常 (PID: 32732)
[2026-05-26 00:42:54] 💓 心跳正常 (PID: 32732)
[2026-05-26 00:43:04] 💓 心跳正常 (PID: 32732)
[2026-05-26 00:43:15] 💓 心跳正常 (PID: 32732)
[2026-05-26 00:43:25] 💓 心跳正常 (PID: 32732)
[2026-05-26 00:43:35] 💓 心跳正常 (PID: 32732)
[2026-05-26 00:43:46] 💓 心跳正常 (PID: 32732)
[2026-05-26 00:43:56] 💓 心跳正常 (PID: 32732)
[2026-05-26 00:44:06] 💓 心跳正常 (PID: 32732)
[2026-05-26 00:44:16] 💓 心跳正常 (PID: 32732)
[2026-05-26 00:44:27] 💓 心跳正常 (PID: 32732)
[2026-05-26 00:44:37] 💓 心跳正常 (PID: 32732)
[2026-05-26 00:44:47] 💓 心跳正常 (PID: 32732)
[2026-05-26 00:44:58] 💓 心跳正常 (PID: 32732)
[2026-05-26 00:45:08] 💓 心跳正常 (PID: 32732)
[2026-05-26 00:45:18] 💓 心跳正常 (PID: 32732)
[2026-05-26 00:45:29] 💓 心跳正常 (PID: 32732)
[2026-05-26 00:45:39] 💓 心跳正常 (PID: 32732)
[2026-05-26 00:45:49] 💓 心跳正常 (PID: 32732)
[2026-05-26 00:46:00] 💓 心跳正常 (PID: 32732)
[2026-05-26 00:46:10] 💓 心跳正常 (PID: 32732)
[2026-05-26 00:46:20] 💓 心跳正常 (PID: 32732)
[2026-05-26 00:46:31] 💓 心跳正常 (PID: 32732)
[2026-05-26 00:46:41] 💓 心跳正常 (PID: 32732)
[2026-05-26 00:46:51] 💓 心跳正常 (PID: 32732)
[2026-05-26 00:47:01] 💓 心跳正常 (PID: 32732)
[2026-05-26 00:47:12] 💓 心跳正常 (PID: 32732)
[2026-05-26 00:47:22] 💓 心跳正常 (PID: 32732)
[2026-05-26 00:47:32] 💓 心跳正常 (PID: 32732)
[2026-05-26 00:47:43] 💓 心跳正常 (PID: 32732)
[2026-05-26 00:47:53] 💓 心跳正常 (PID: 32732)
[2026-05-26 00:48:03] 💓 心跳正常 (PID: 32732)
[2026-05-26 00:48:14] 💓 心跳正常 (PID: 32732)
[2026-05-26 00:48:24] 💓 心跳正常 (PID: 32732)
[2026-05-26 00:48:34] 💓 心跳正常 (PID: 32732)
[2026-05-26 00:48:44] 💓 心跳正常 (PID: 32732)
[2026-05-26 00:48:55] 💓 心跳正常 (PID: 32732)
[2026-05-26 00:49:05] 💓 心跳正常 (PID: 32732)
[2026-05-26 00:49:15] 💓 心跳正常 (PID: 32732)
[2026-05-26 00:49:26] 💓 心跳正常 (PID: 32732)
[2026-05-26 00:49:36] 💓 心跳正常 (PID: 32732)
[2026-05-26 00:49:47] 💓 心跳正常 (PID: 32732)
[2026-05-26 00:49:57] 💓 心跳正常 (PID: 32732)
[2026-05-26 00:50:07] 💓 心跳正常 (PID: 32732)
[2026-05-26 00:50:18] 💓 心跳正常 (PID: 32732)
[2026-05-26 00:50:28] 💓 心跳正常 (PID: 32732)
[2026-05-26 00:50:39] 💓 心跳正常 (PID: 32732)
[2026-05-26 00:50:49] 💓 心跳正常 (PID: 32732)
[2026-05-26 00:50:59] 💓 心跳正常 (PID: 32732)
[2026-05-26 00:51:09] 💓 心跳正常 (PID: 32732)
[2026-05-26 00:51:20] 💓 心跳正常 (PID: 32732)
[2026-05-26 00:51:30] 💓 心跳正常 (PID: 32732)
[2026-05-26 00:51:40] 💓 心跳正常 (PID: 32732)
[2026-05-26 00:51:50] 💓 心跳正常 (PID: 32732)
[2026-05-26 00:52:01] 💓 心跳正常 (PID: 32732)
[2026-05-26 00:52:11] 💓 心跳正常 (PID: 32732)
[2026-05-26 00:52:21] 💓 心跳正常 (PID: 32732)
[2026-05-26 00:52:31] 💓 心跳正常 (PID: 32732)
[2026-05-26 00:52:41] 💓 心跳正常 (PID: 32732)
[2026-05-26 00:52:52] 💓 心跳正常 (PID: 32732)
[2026-05-26 00:53:02] 💓 心跳正常 (PID: 32732)
[2026-05-26 00:53:12] 💓 心跳正常 (PID: 32732)
[2026-05-26 00:53:23] 💓 心跳正常 (PID: 32732)
[2026-05-26 00:53:33] 💓 心跳正常 (PID: 32732)
[2026-05-26 00:53:43] 💓 心跳正常 (PID: 32732)
[2026-05-26 00:53:54] 💓 心跳正常 (PID: 32732)
[2026-05-26 00:54:04] 💓 心跳正常 (PID: 32732)
[2026-05-26 00:54:14] 💓 心跳正常 (PID: 32732)
[2026-05-26 00:54:25] 💓 心跳正常 (PID: 32732)
[2026-05-26 00:54:35] 💓 心跳正常 (PID: 32732)
[2026-05-26 00:54:45] 💓 心跳正常 (PID: 32732)
[2026-05-26 00:54:55] 💓 心跳正常 (PID: 32732)
[2026-05-26 00:55:06] 💓 心跳正常 (PID: 32732)
[2026-05-26 00:55:16] 💓 心跳正常 (PID: 32732)
[2026-05-26 00:55:26] 💓 心跳正常 (PID: 32732)
[2026-05-26 00:55:37] 💓 心跳正常 (PID: 32732)
[2026-05-26 00:55:47] 💓 心跳正常 (PID: 32732)
[2026-05-26 00:55:57] 💓 心跳正常 (PID: 32732)
[2026-05-26 00:56:08] 💓 心跳正常 (PID: 32732)
[2026-05-26 00:56:18] 💓 心跳正常 (PID: 32732)
[2026-05-26 00:56:28] 💓 心跳正常 (PID: 32732)
[2026-05-26 00:56:39] 💓 心跳正常 (PID: 32732)
[2026-05-26 00:56:49] 💓 心跳正常 (PID: 32732)
[2026-05-26 00:56:59] 💓 心跳正常 (PID: 32732)
[2026-05-26 00:57:09] 💓 心跳正常 (PID: 32732)
[2026-05-26 00:57:19] 💓 心跳正常 (PID: 32732)
[2026-05-26 00:57:29] 💓 心跳正常 (PID: 32732)
[2026-05-26 00:57:40] 💓 心跳正常 (PID: 32732)
[2026-05-26 00:57:50] 💓 心跳正常 (PID: 32732)
[2026-05-26 00:58:00] 💓 心跳正常 (PID: 32732)
[2026-05-26 00:58:10] 💓 心跳正常 (PID: 32732)
[2026-05-26 00:58:21] 💓 心跳正常 (PID: 32732)
[2026-05-26 00:58:31] 💓 心跳正常 (PID: 32732)
[2026-05-26 00:58:41] 💓 心跳正常 (PID: 32732)
[2026-05-26 00:58:51] 💓 心跳正常 (PID: 32732)
[2026-05-26 00:59:02] 💓 心跳正常 (PID: 32732)
[2026-05-26 00:59:12] 💓 心跳正常 (PID: 32732)
[2026-05-26 00:59:22] 💓 心跳正常 (PID: 32732)
[2026-05-26 00:59:33] 💓 心跳正常 (PID: 32732)
[2026-05-26 00:59:43] 💓 心跳正常 (PID: 32732)
[2026-05-26 00:59:53] 💓 心跳正常 (PID: 32732)
[2026-05-26 01:00:03] 💓 心跳正常 (PID: 32732)
[2026-05-26 01:00:13] 💓 心跳正常 (PID: 32732)
[2026-05-26 01:00:24] 💓 心跳正常 (PID: 32732)
[2026-05-26 01:00:34] 💓 心跳正常 (PID: 32732)
[2026-05-26 01:00:44] 💓 心跳正常 (PID: 32732)
[2026-05-26 01:00:55] 💓 心跳正常 (PID: 32732)
[2026-05-26 01:01:05] 💓 心跳正常 (PID: 32732)
[2026-05-26 01:01:15] 💓 心跳正常 (PID: 32732)
[2026-05-26 01:01:26] 💓 心跳正常 (PID: 32732)
[2026-05-26 01:01:36] 💓 心跳正常 (PID: 32732)
[2026-05-26 01:01:46] 💓 心跳正常 (PID: 32732)
[2026-05-26 01:01:56] 💓 心跳正常 (PID: 32732)
[2026-05-26 01:02:06] 💓 心跳正常 (PID: 32732)
[2026-05-26 01:02:17] 💓 心跳正常 (PID: 32732)
[2026-05-26 01:02:27] 💓 心跳正常 (PID: 32732)
[2026-05-26 01:02:37] 💓 心跳正常 (PID: 32732)
[2026-05-26 01:02:47] 💓 心跳正常 (PID: 32732)
[2026-05-26 01:02:58] 💓 心跳正常 (PID: 32732)
[2026-05-26 01:03:08] 💓 心跳正常 (PID: 32732)
[2026-05-26 01:03:18] 💓 心跳正常 (PID: 32732)
[2026-05-26 01:03:29] 💓 心跳正常 (PID: 32732)
[2026-05-26 01:03:39] 💓 心跳正常 (PID: 32732)
[2026-05-26 01:03:49] 💓 心跳正常 (PID: 32732)
[2026-05-26 01:04:00] 💓 心跳正常 (PID: 32732)
[2026-05-26 01:04:10] 💓 心跳正常 (PID: 32732)
[2026-05-26 01:04:20] 💓 心跳正常 (PID: 32732)
[2026-05-26 01:04:30] 💓 心跳正常 (PID: 32732)
[2026-05-26 01:04:41] 💓 心跳正常 (PID: 32732)
[2026-05-26 01:04:51] 💓 心跳正常 (PID: 32732)
[2026-05-26 01:05:01] 💓 心跳正常 (PID: 32732)
[2026-05-26 01:05:12] 💓 心跳正常 (PID: 32732)
[2026-05-26 01:05:22] 💓 心跳正常 (PID: 32732)
[2026-05-26 01:05:32] 💓 心跳正常 (PID: 32732)
[2026-05-26 01:05:42] 💓 心跳正常 (PID: 32732)
[2026-05-26 01:05:52] 💓 心跳正常 (PID: 32732)
[2026-05-26 01:06:03] 💓 心跳正常 (PID: 32732)
[2026-05-26 01:06:13] 💓 心跳正常 (PID: 32732)
[2026-05-26 01:06:23] 💓 心跳正常 (PID: 32732)
[2026-05-26 01:06:34] 💓 心跳正常 (PID: 32732)
[2026-05-26 01:06:44] 💓 心跳正常 (PID: 32732)
[2026-05-26 01:06:54] 💓 心跳正常 (PID: 32732)
[2026-05-26 01:07:05] 💓 心跳正常 (PID: 32732)
[2026-05-26 01:07:15] 💓 心跳正常 (PID: 32732)
[2026-05-26 01:07:25] 💓 心跳正常 (PID: 32732)
[2026-05-26 01:07:36] 💓 心跳正常 (PID: 32732)
[2026-05-26 01:07:46] 💓 心跳正常 (PID: 32732)
[2026-05-26 01:07:57] 💓 心跳正常 (PID: 32732)
[2026-05-26 01:08:07] 💓 心跳正常 (PID: 32732)
[2026-05-26 01:08:17] 💓 心跳正常 (PID: 32732)
[2026-05-26 01:08:28] 💓 心跳正常 (PID: 32732)
[2026-05-26 01:08:38] 💓 心跳正常 (PID: 32732)
[2026-05-26 01:08:48] 💓 心跳正常 (PID: 32732)
[2026-05-26 01:08:59] 💓 心跳正常 (PID: 32732)
[2026-05-26 01:09:09] 💓 心跳正常 (PID: 32732)
[2026-05-26 01:09:19] 💓 心跳正常 (PID: 32732)
[2026-05-26 01:09:29] 💓 心跳正常 (PID: 32732)
[2026-05-26 01:09:39] 💓 心跳正常 (PID: 32732)
[2026-05-26 01:09:50] 💓 心跳正常 (PID: 32732)
[2026-05-26 01:10:00] 💓 心跳正常 (PID: 32732)
[2026-05-26 01:10:10] 💓 心跳正常 (PID: 32732)
[2026-05-26 01:10:21] 💓 心跳正常 (PID: 32732)
[2026-05-26 01:10:31] 💓 心跳正常 (PID: 32732)
[2026-05-26 01:10:41] 💓 心跳正常 (PID: 32732)
[2026-05-26 01:10:51] 💓 心跳正常 (PID: 32732)
[2026-05-26 01:11:02] 💓 心跳正常 (PID: 32732)
[2026-05-26 01:11:12] 💓 心跳正常 (PID: 32732)
[2026-05-26 01:11:22] 💓 心跳正常 (PID: 32732)
[2026-05-26 01:11:33] 💓 心跳正常 (PID: 32732)
[2026-05-26 01:11:43] 💓 心跳正常 (PID: 32732)
[2026-05-26 01:11:53] 💓 心跳正常 (PID: 32732)
[2026-05-26 01:12:03] 💓 心跳正常 (PID: 32732)
[2026-05-26 01:12:13] 💓 心跳正常 (PID: 32732)
[2026-05-26 01:12:24] 💓 心跳正常 (PID: 32732)
[2026-05-26 01:12:34] 💓 心跳正常 (PID: 32732)
[2026-05-26 01:12:44] 💓 心跳正常 (PID: 32732)
[2026-05-26 01:12:55] 💓 心跳正常 (PID: 32732)
[2026-05-26 01:13:05] 💓 心跳正常 (PID: 32732)
[2026-05-26 01:13:15] 💓 心跳正常 (PID: 32732)
[2026-05-26 01:13:25] 💓 心跳正常 (PID: 32732)
[2026-05-26 01:13:36] 💓 心跳正常 (PID: 32732)
[2026-05-26 01:13:46] 💓 心跳正常 (PID: 32732)
[2026-05-26 01:13:57] 💓 心跳正常 (PID: 32732)
[2026-05-26 01:14:07] 💓 心跳正常 (PID: 32732)
[2026-05-26 01:14:17] 💓 心跳正常 (PID: 32732)
[2026-05-26 01:14:28] 💓 心跳正常 (PID: 32732)
[2026-05-26 01:14:38] 💓 心跳正常 (PID: 32732)
[2026-05-26 01:14:48] 💓 心跳正常 (PID: 32732)
[2026-05-26 01:14:58] 💓 心跳正常 (PID: 32732)
[2026-05-26 01:15:09] 💓 心跳正常 (PID: 32732)
[2026-05-26 01:15:19] 💓 心跳正常 (PID: 32732)
[2026-05-26 01:15:30] 💓 心跳正常 (PID: 32732)
[2026-05-26 01:15:40] 💓 心跳正常 (PID: 32732)
[2026-05-26 01:15:50] 💓 心跳正常 (PID: 32732)
[2026-05-26 01:16:00] 💓 心跳正常 (PID: 32732)
[2026-05-26 01:16:11] 💓 心跳正常 (PID: 32732)
[2026-05-26 01:16:21] 💓 心跳正常 (PID: 32732)
[2026-05-26 01:16:31] 💓 心跳正常 (PID: 32732)
[2026-05-26 01:16:42] 💓 心跳正常 (PID: 32732)
[2026-05-26 01:16:52] 💓 心跳正常 (PID: 32732)
[2026-05-26 01:17:02] 💓 心跳正常 (PID: 32732)
[2026-05-26 01:17:12] 💓 心跳正常 (PID: 32732)
[2026-05-26 01:17:23] 💓 心跳正常 (PID: 32732)
[2026-05-26 01:17:33] 💓 心跳正常 (PID: 32732)
[2026-05-26 01:17:43] 💓 心跳正常 (PID: 32732)
[2026-05-26 01:17:54] 💓 心跳正常 (PID: 32732)
[2026-05-26 01:18:04] 💓 心跳正常 (PID: 32732)
[2026-05-26 01:18:14] 💓 心跳正常 (PID: 32732)
[2026-05-26 01:18:25] 💓 心跳正常 (PID: 32732)
[2026-05-26 01:18:35] 💓 心跳正常 (PID: 32732)
[2026-05-26 01:18:45] 💓 心跳正常 (PID: 32732)
[2026-05-26 01:18:56] 💓 心跳正常 (PID: 32732)
[2026-05-26 01:19:06] 💓 心跳正常 (PID: 32732)
[2026-05-26 01:19:16] 💓 心跳正常 (PID: 32732)
[2026-05-26 01:19:27] 💓 心跳正常 (PID: 32732)
[2026-05-26 01:19:37] 💓 心跳正常 (PID: 32732)
[2026-05-26 01:19:47] 💓 心跳正常 (PID: 32732)
[2026-05-26 01:19:57] 💓 心跳正常 (PID: 32732)
[2026-05-26 01:20:07] 💓 心跳正常 (PID: 32732)
[2026-05-26 01:20:18] 💓 心跳正常 (PID: 32732)
[2026-05-26 01:20:28] 💓 心跳正常 (PID: 32732)
[2026-05-26 01:20:38] 💓 心跳正常 (PID: 32732)
[2026-05-26 01:20:49] 💓 心跳正常 (PID: 32732)
[2026-05-26 01:20:59] 💓 心跳正常 (PID: 32732)
[2026-05-26 01:21:09] 💓 心跳正常 (PID: 32732)
[2026-05-26 01:21:19] 💓 心跳正常 (PID: 32732)
[2026-05-26 01:21:30] 💓 心跳正常 (PID: 32732)
[2026-05-26 01:21:40] 💓 心跳正常 (PID: 32732)
[2026-05-26 01:21:50] 💓 心跳正常 (PID: 32732)
[2026-05-26 01:22:00] 💓 心跳正常 (PID: 32732)
[2026-05-26 01:22:11] 💓 心跳正常 (PID: 32732)
[2026-05-26 01:22:21] 💓 心跳正常 (PID: 32732)
[2026-05-26 01:22:31] 💓 心跳正常 (PID: 32732)
[2026-05-26 01:22:42] 💓 心跳正常 (PID: 32732)
[2026-05-26 01:22:52] 💓 心跳正常 (PID: 32732)
[2026-05-26 01:23:02] 💓 心跳正常 (PID: 32732)
[2026-05-26 01:23:13] 💓 心跳正常 (PID: 32732)
[2026-05-26 01:23:23] 💓 心跳正常 (PID: 32732)
[2026-05-26 01:23:33] 💓 心跳正常 (PID: 32732)
[2026-05-26 01:23:43] 💓 心跳正常 (PID: 32732)
[2026-05-26 01:23:54] 💓 心跳正常 (PID: 32732)
[2026-05-26 01:24:04] 💓 心跳正常 (PID: 32732)
[2026-05-26 01:24:14] 💓 心跳正常 (PID: 32732)
[2026-05-26 01:24:24] 💓 心跳正常 (PID: 32732)
[2026-05-26 01:24:34] 💓 心跳正常 (PID: 32732)
[2026-05-26 01:24:45] 💓 心跳正常 (PID: 32732)
[2026-05-26 01:24:55] 💓 心跳正常 (PID: 32732)
[2026-05-26 01:25:05] 💓 心跳正常 (PID: 32732)
[2026-05-26 01:25:15] 💓 心跳正常 (PID: 32732)
[2026-05-26 01:25:26] 💓 心跳正常 (PID: 32732)
[2026-05-26 01:25:36] 💓 心跳正常 (PID: 32732)
[2026-05-26 01:25:46] 💓 心跳正常 (PID: 32732)
[2026-05-26 01:25:57] 💓 心跳正常 (PID: 32732)
[2026-05-26 01:26:07] 💓 心跳正常 (PID: 32732)
[2026-05-26 01:26:17] 💓 心跳正常 (PID: 32732)
[2026-05-26 01:26:28] 💓 心跳正常 (PID: 32732)
[2026-05-26 01:26:38] 💓 心跳正常 (PID: 32732)
[2026-05-26 01:26:48] 💓 心跳正常 (PID: 32732)
[2026-05-26 01:26:58] 💓 心跳正常 (PID: 32732)
[2026-05-26 01:27:09] 💓 心跳正常 (PID: 32732)
[2026-05-26 01:27:19] 💓 心跳正常 (PID: 32732)
[2026-05-26 01:27:29] 💓 心跳正常 (PID: 32732)
[2026-05-26 01:27:39] 💓 心跳正常 (PID: 32732)
[2026-05-26 01:27:50] 💓 心跳正常 (PID: 32732)
[2026-05-26 01:28:00] 💓 心跳正常 (PID: 32732)
[2026-05-26 01:28:10] 💓 心跳正常 (PID: 32732)
[2026-05-26 01:28:21] 💓 心跳正常 (PID: 32732)
[2026-05-26 01:28:31] 💓 心跳正常 (PID: 32732)
[2026-05-26 01:28:41] 💓 心跳正常 (PID: 32732)
[2026-05-26 01:28:52] 💓 心跳正常 (PID: 32732)
[2026-05-26 01:29:02] 💓 心跳正常 (PID: 32732)
[2026-05-26 01:29:13] 💓 心跳正常 (PID: 32732)
[2026-05-26 01:29:23] 💓 心跳正常 (PID: 32732)
[2026-05-26 01:29:33] 💓 心跳正常 (PID: 32732)
[2026-05-26 01:29:44] 💓 心跳正常 (PID: 32732)
[2026-05-26 01:29:54] 💓 心跳正常 (PID: 32732)
[2026-05-26 01:30:04] 💓 心跳正常 (PID: 32732)
[2026-05-26 01:30:15] 💓 心跳正常 (PID: 32732)
[2026-05-26 01:30:25] 💓 心跳正常 (PID: 32732)
[2026-05-26 01:30:35] 💓 心跳正常 (PID: 32732)
[2026-05-26 01:30:46] 💓 心跳正常 (PID: 32732)
[2026-05-26 01:30:56] 💓 心跳正常 (PID: 32732)
[2026-05-26 01:31:06] 💓 心跳正常 (PID: 32732)
[2026-05-26 01:31:16] 💓 心跳正常 (PID: 32732)
[2026-05-26 01:31:27] 💓 心跳正常 (PID: 32732)
[2026-05-26 01:31:37] 💓 心跳正常 (PID: 32732)
[2026-05-26 01:31:48] 💓 心跳正常 (PID: 32732)
[2026-05-26 01:31:58] 💓 心跳正常 (PID: 32732)
[2026-05-26 01:32:08] 💓 心跳正常 (PID: 32732)
[2026-05-26 01:32:19] 💓 心跳正常 (PID: 32732)
[2026-05-26 01:32:29] 💓 心跳正常 (PID: 32732)
[2026-05-26 01:32:39] 💓 心跳正常 (PID: 32732)
[2026-05-26 01:32:49] 💓 心跳正常 (PID: 32732)
[2026-05-26 01:33:00] 💓 心跳正常 (PID: 32732)
[2026-05-26 01:33:10] 💓 心跳正常 (PID: 32732)
[2026-05-26 01:33:20] 💓 心跳正常 (PID: 32732)
[2026-05-26 01:33:31] 💓 心跳正常 (PID: 32732)
[2026-05-26 01:33:41] 💓 心跳正常 (PID: 32732)
[2026-05-26 01:33:51] 💓 心跳正常 (PID: 32732)
[2026-05-26 01:34:01] 💓 心跳正常 (PID: 32732)
[2026-05-26 01:34:12] 💓 心跳正常 (PID: 32732)
[2026-05-26 01:34:22] 💓 心跳正常 (PID: 32732)
[2026-05-26 01:34:32] 💓 心跳正常 (PID: 32732)
[2026-05-26 01:34:43] 💓 心跳正常 (PID: 32732)
[2026-05-26 01:34:53] 💓 心跳正常 (PID: 32732)
[2026-05-26 01:35:04] 💓 心跳正常 (PID: 32732)
[2026-05-26 01:35:14] 💓 心跳正常 (PID: 32732)
[2026-05-26 01:35:24] 💓 心跳正常 (PID: 32732)
[2026-05-26 01:35:34] 💓 心跳正常 (PID: 32732)
[2026-05-26 01:35:45] 💓 心跳正常 (PID: 32732)
[2026-05-26 01:35:55] 💓 心跳正常 (PID: 32732)
[2026-05-26 01:36:05] 💓 心跳正常 (PID: 32732)
[2026-05-26 01:36:15] 💓 心跳正常 (PID: 32732)
[2026-05-26 01:36:26] 💓 心跳正常 (PID: 32732)
[2026-05-26 01:36:36] 💓 心跳正常 (PID: 32732)
[2026-05-26 01:36:46] 💓 心跳正常 (PID: 32732)
[2026-05-26 01:36:56] 💓 心跳正常 (PID: 32732)
[2026-05-26 01:37:07] 💓 心跳正常 (PID: 32732)
[2026-05-26 01:37:17] 💓 心跳正常 (PID: 32732)
[2026-05-26 01:37:27] 💓 心跳正常 (PID: 32732)
[2026-05-26 01:37:37] 💓 心跳正常 (PID: 32732)
[2026-05-26 01:37:48] 💓 心跳正常 (PID: 32732)
[2026-05-26 01:37:58] 💓 心跳正常 (PID: 32732)
[2026-05-26 01:38:08] 💓 心跳正常 (PID: 32732)
[2026-05-26 01:38:18] 💓 心跳正常 (PID: 32732)
[2026-05-26 01:38:29] 💓 心跳正常 (PID: 32732)
[2026-05-26 01:38:39] 💓 心跳正常 (PID: 32732)
[2026-05-26 01:38:49] 💓 心跳正常 (PID: 32732)
[2026-05-26 01:39:00] 💓 心跳正常 (PID: 32732)
[2026-05-26 01:39:10] 💓 心跳正常 (PID: 32732)
[2026-05-26 01:39:20] 💓 心跳正常 (PID: 32732)
[2026-05-26 01:39:30] 💓 心跳正常 (PID: 32732)
[2026-05-26 01:39:41] 📁 交易日志 /root/.openclaw/logs/trading/monitor.log (1.7MB)，>10MB 时自动归档至 logs/trading/archive/
[2026-05-26 01:39:41] 💓 心跳正常 (PID: 32732)
[2026-05-26 01:39:51] 💓 心跳正常 (PID: 32732)
[2026-05-26 01:40:01] 💓 心跳正常 (PID: 32732)
[2026-05-26 01:40:12] 💓 心跳正常 (PID: 32732)
[2026-05-26 01:40:22] 💓 心跳正常 (PID: 32732)
[2026-05-26 01:40:32] 💓 心跳正常 (PID: 32732)
[2026-05-26 01:40:42] 💓 心跳正常 (PID: 32732)
[2026-05-26 01:40:53] 💓 心跳正常 (PID: 32732)
[2026-05-26 01:41:03] 💓 心跳正常 (PID: 32732)
[2026-05-26 01:41:13] 💓 心跳正常 (PID: 32732)
[2026-05-26 01:41:23] 💓 心跳正常 (PID: 32732)
[2026-05-26 01:41:34] 💓 心跳正常 (PID: 32732)
[2026-05-26 01:41:44] 💓 心跳正常 (PID: 32732)
[2026-05-26 01:41:54] 💓 心跳正常 (PID: 32732)
[2026-05-26 01:42:05] 💓 心跳正常 (PID: 32732)
[2026-05-26 01:42:15] 💓 心跳正常 (PID: 32732)
[2026-05-26 01:42:26] 💓 心跳正常 (PID: 32732)
[2026-05-26 01:42:36] 💓 心跳正常 (PID: 32732)
[2026-05-26 01:42:46] 💓 心跳正常 (PID: 32732)
[2026-05-26 01:42:56] 💓 心跳正常 (PID: 32732)
[2026-05-26 01:43:07] 💓 心跳正常 (PID: 32732)
[2026-05-26 01:43:17] 💓 心跳正常 (PID: 32732)
[2026-05-26 01:43:27] 💓 心跳正常 (PID: 32732)
[2026-05-26 01:43:37] 💓 心跳正常 (PID: 32732)
[2026-05-26 01:43:48] 💓 心跳正常 (PID: 32732)
[2026-05-26 01:43:58] 💓 心跳正常 (PID: 32732)
[2026-05-26 01:44:08] 💓 心跳正常 (PID: 32732)
[2026-05-26 01:44:19] 💓 心跳正常 (PID: 32732)
[2026-05-26 01:44:29] 💓 心跳正常 (PID: 32732)
[2026-05-26 01:44:40] 💓 心跳正常 (PID: 32732)
[2026-05-26 01:44:50] 💓 心跳正常 (PID: 32732)
[2026-05-26 01:45:00] 💓 心跳正常 (PID: 32732)
[2026-05-26 01:45:11] 💓 心跳正常 (PID: 32732)
[2026-05-26 01:45:21] 💓 心跳正常 (PID: 32732)
[2026-05-26 01:45:31] 💓 心跳正常 (PID: 32732)
[2026-05-26 01:45:42] 💓 心跳正常 (PID: 32732)
[2026-05-26 01:45:52] 💓 心跳正常 (PID: 32732)
[2026-05-26 01:46:02] 💓 心跳正常 (PID: 32732)
[2026-05-26 01:46:12] 💓 心跳正常 (PID: 32732)
[2026-05-26 01:46:23] 💓 心跳正常 (PID: 32732)
[2026-05-26 01:46:33] 💓 心跳正常 (PID: 32732)
[2026-05-26 01:46:43] 💓 心跳正常 (PID: 32732)
[2026-05-26 01:46:53] 💓 心跳正常 (PID: 32732)
[2026-05-26 01:47:03] 💓 心跳正常 (PID: 32732)
[2026-05-26 01:47:14] 💓 心跳正常 (PID: 32732)
[2026-05-26 01:47:24] 💓 心跳正常 (PID: 32732)
[2026-05-26 01:47:35] 💓 心跳正常 (PID: 32732)
[2026-05-26 01:47:45] 💓 心跳正常 (PID: 32732)
[2026-05-26 01:47:55] 💓 心跳正常 (PID: 32732)
[2026-05-26 01:48:05] 💓 心跳正常 (PID: 32732)
[2026-05-26 01:48:15] 💓 心跳正常 (PID: 32732)
[2026-05-26 01:48:25] 💓 心跳正常 (PID: 32732)
[2026-05-26 01:48:36] 💓 心跳正常 (PID: 32732)
[2026-05-26 01:48:46] 💓 心跳正常 (PID: 32732)
[2026-05-26 01:48:56] 💓 心跳正常 (PID: 32732)
[2026-05-26 01:49:07] 💓 心跳正常 (PID: 32732)
[2026-05-26 01:49:17] 💓 心跳正常 (PID: 32732)
[2026-05-26 01:49:27] 💓 心跳正常 (PID: 32732)
[2026-05-26 01:49:38] 💓 心跳正常 (PID: 32732)
[2026-05-26 01:49:48] 💓 心跳正常 (PID: 32732)
[2026-05-26 01:49:58] 💓 心跳正常 (PID: 32732)
[2026-05-26 01:50:09] 💓 心跳正常 (PID: 32732)
[2026-05-26 01:50:19] 💓 心跳正常 (PID: 32732)
[2026-05-26 01:50:30] 💓 心跳正常 (PID: 32732)
[2026-05-26 01:50:40] 💓 心跳正常 (PID: 32732)
[2026-05-26 01:50:50] 💓 心跳正常 (PID: 32732)
[2026-05-26 01:51:01] 💓 心跳正常 (PID: 32732)
[2026-05-26 01:51:11] 💓 心跳正常 (PID: 32732)
[2026-05-26 01:51:21] 💓 心跳正常 (PID: 32732)
[2026-05-26 01:51:32] 💓 心跳正常 (PID: 32732)
[2026-05-26 01:51:42] 💓 心跳正常 (PID: 32732)
[2026-05-26 01:51:52] 💓 心跳正常 (PID: 32732)
[2026-05-26 01:52:02] 💓 心跳正常 (PID: 32732)
[2026-05-26 01:52:13] 💓 心跳正常 (PID: 32732)
[2026-05-26 01:52:23] 💓 心跳正常 (PID: 32732)
[2026-05-26 01:52:33] 💓 心跳正常 (PID: 32732)
[2026-05-26 01:52:44] 💓 心跳正常 (PID: 32732)
[2026-05-26 01:52:54] 💓 心跳正常 (PID: 32732)
[2026-05-26 01:53:04] 💓 心跳正常 (PID: 32732)
[2026-05-26 01:53:15] 💓 心跳正常 (PID: 32732)
[2026-05-26 01:53:25] 💓 心跳正常 (PID: 32732)
[2026-05-26 01:53:36] 💓 心跳正常 (PID: 32732)
[2026-05-26 01:53:46] 💓 心跳正常 (PID: 32732)
[2026-05-26 01:53:56] 💓 心跳正常 (PID: 32732)
[2026-05-26 01:54:06] 💓 心跳正常 (PID: 32732)
[2026-05-26 01:54:17] 💓 心跳正常 (PID: 32732)
[2026-05-26 01:54:27] 💓 心跳正常 (PID: 32732)
[2026-05-26 01:54:37] 💓 心跳正常 (PID: 32732)
[2026-05-26 01:54:48] 💓 心跳正常 (PID: 32732)
[2026-05-26 01:54:58] 💓 心跳正常 (PID: 32732)
[2026-05-26 01:55:08] 💓 心跳正常 (PID: 32732)
[2026-05-26 01:55:19] 💓 心跳正常 (PID: 32732)
[2026-05-26 01:55:29] 💓 心跳正常 (PID: 32732)
[2026-05-26 01:55:39] 💓 心跳正常 (PID: 32732)
[2026-05-26 01:55:50] 💓 心跳正常 (PID: 32732)
[2026-05-26 01:56:00] 💓 心跳正常 (PID: 32732)
[2026-05-26 01:56:10] 💓 心跳正常 (PID: 32732)
[2026-05-26 01:56:20] 💓 心跳正常 (PID: 32732)
[2026-05-26 01:56:31] 💓 心跳正常 (PID: 32732)
[2026-05-26 01:56:41] 💓 心跳正常 (PID: 32732)
[2026-05-26 01:56:51] 💓 心跳正常 (PID: 32732)
[2026-05-26 01:57:02] 💓 心跳正常 (PID: 32732)
[2026-05-26 01:57:12] 💓 心跳正常 (PID: 32732)
[2026-05-26 01:57:22] 💓 心跳正常 (PID: 32732)
[2026-05-26 01:57:32] 💓 心跳正常 (PID: 32732)
[2026-05-26 01:57:43] 💓 心跳正常 (PID: 32732)
[2026-05-26 01:57:53] 💓 心跳正常 (PID: 32732)
[2026-05-26 01:58:03] 💓 心跳正常 (PID: 32732)
[2026-05-26 01:58:14] 💓 心跳正常 (PID: 32732)
[2026-05-26 01:58:24] 💓 心跳正常 (PID: 32732)
[2026-05-26 01:58:34] 💓 心跳正常 (PID: 32732)
[2026-05-26 01:58:44] 💓 心跳正常 (PID: 32732)
[2026-05-26 01:58:55] 💓 心跳正常 (PID: 32732)
[2026-05-26 01:59:05] 💓 心跳正常 (PID: 32732)
[2026-05-26 01:59:15] 💓 心跳正常 (PID: 32732)
[2026-05-26 01:59:26] 💓 心跳正常 (PID: 32732)
[2026-05-26 01:59:36] 💓 心跳正常 (PID: 32732)
[2026-05-26 01:59:46] 💓 心跳正常 (PID: 32732)
[2026-05-26 01:59:56] 💓 心跳正常 (PID: 32732)
[2026-05-26 02:00:06] 💓 心跳正常 (PID: 32732)
[2026-05-26 02:00:17] 💓 心跳正常 (PID: 32732)
[2026-05-26 02:00:27] 💓 心跳正常 (PID: 32732)
[2026-05-26 02:00:37] 💓 心跳正常 (PID: 32732)
[2026-05-26 02:00:47] 💓 心跳正常 (PID: 32732)
[2026-05-26 02:00:58] 💓 心跳正常 (PID: 32732)
[2026-05-26 02:01:08] 💓 心跳正常 (PID: 32732)
[2026-05-26 02:01:18] 💓 心跳正常 (PID: 32732)
[2026-05-26 02:01:28] 💓 心跳正常 (PID: 32732)
[2026-05-26 02:01:38] 💓 心跳正常 (PID: 32732)
[2026-05-26 02:01:49] 💓 心跳正常 (PID: 32732)
[2026-05-26 02:01:59] 💓 心跳正常 (PID: 32732)
[2026-05-26 02:02:09] 💓 心跳正常 (PID: 32732)
[2026-05-26 02:02:19] 💓 心跳正常 (PID: 32732)
[2026-05-26 02:02:30] 💓 心跳正常 (PID: 32732)
[2026-05-26 02:02:40] 💓 心跳正常 (PID: 32732)
[2026-05-26 02:02:50] 💓 心跳正常 (PID: 32732)
[2026-05-26 02:03:00] 💓 心跳正常 (PID: 32732)
[2026-05-26 02:03:11] 💓 心跳正常 (PID: 32732)
[2026-05-26 02:03:21] 💓 心跳正常 (PID: 32732)
[2026-05-26 02:03:31] 💓 心跳正常 (PID: 32732)
[2026-05-26 02:03:42] 💓 心跳正常 (PID: 32732)
[2026-05-26 02:03:52] 💓 心跳正常 (PID: 32732)
[2026-05-26 02:04:02] 💓 心跳正常 (PID: 32732)
[2026-05-26 02:04:12] 💓 心跳正常 (PID: 32732)
[2026-05-26 02:04:23] 💓 心跳正常 (PID: 32732)
[2026-05-26 02:04:33] 💓 心跳正常 (PID: 32732)
[2026-05-26 02:04:43] 💓 心跳正常 (PID: 32732)
[2026-05-26 02:04:54] 💓 心跳正常 (PID: 32732)
[2026-05-26 02:05:04] 💓 心跳正常 (PID: 32732)
[2026-05-26 02:05:14] 💓 心跳正常 (PID: 32732)
[2026-05-26 02:05:25] 💓 心跳正常 (PID: 32732)
[2026-05-26 02:05:35] 💓 心跳正常 (PID: 32732)
[2026-05-26 02:05:45] 💓 心跳正常 (PID: 32732)
[2026-05-26 02:05:56] 💓 心跳正常 (PID: 32732)
[2026-05-26 02:06:06] 💓 心跳正常 (PID: 32732)
[2026-05-26 02:06:16] 💓 心跳正常 (PID: 32732)
[2026-05-26 02:06:26] 💓 心跳正常 (PID: 32732)
[2026-05-26 02:06:37] 💓 心跳正常 (PID: 32732)
[2026-05-26 02:06:47] 💓 心跳正常 (PID: 32732)
[2026-05-26 02:06:58] 💓 心跳正常 (PID: 32732)
[2026-05-26 02:07:08] 💓 心跳正常 (PID: 32732)
[2026-05-26 02:07:18] 💓 心跳正常 (PID: 32732)
[2026-05-26 02:07:29] 💓 心跳正常 (PID: 32732)
[2026-05-26 02:07:39] 💓 心跳正常 (PID: 32732)
[2026-05-26 02:07:49] 💓 心跳正常 (PID: 32732)
[2026-05-26 02:07:59] 💓 心跳正常 (PID: 32732)
[2026-05-26 02:08:10] 💓 心跳正常 (PID: 32732)
[2026-05-26 02:08:20] 💓 心跳正常 (PID: 32732)
[2026-05-26 02:08:31] 💓 心跳正常 (PID: 32732)
[2026-05-26 02:08:41] 💓 心跳正常 (PID: 32732)
[2026-05-26 02:08:51] 💓 心跳正常 (PID: 32732)
[2026-05-26 02:09:01] 💓 心跳正常 (PID: 32732)
[2026-05-26 02:09:12] 💓 心跳正常 (PID: 32732)
[2026-05-26 02:09:22] 💓 心跳正常 (PID: 32732)
[2026-05-26 02:09:32] 💓 心跳正常 (PID: 32732)
[2026-05-26 02:09:43] 💓 心跳正常 (PID: 32732)
[2026-05-26 02:09:53] 💓 心跳正常 (PID: 32732)
[2026-05-26 02:10:03] 💓 心跳正常 (PID: 32732)
[2026-05-26 02:10:14] 💓 心跳正常 (PID: 32732)
[2026-05-26 02:10:24] 💓 心跳正常 (PID: 32732)
[2026-05-26 02:10:34] 💓 心跳正常 (PID: 32732)
[2026-05-26 02:10:45] 💓 心跳正常 (PID: 32732)
[2026-05-26 02:10:55] 💓 心跳正常 (PID: 32732)
[2026-05-26 02:11:05] 💓 心跳正常 (PID: 32732)
[2026-05-26 02:11:16] 💓 心跳正常 (PID: 32732)
[2026-05-26 02:11:26] 💓 心跳正常 (PID: 32732)
[2026-05-26 02:11:36] 💓 心跳正常 (PID: 32732)
[2026-05-26 02:11:47] 💓 心跳正常 (PID: 32732)
[2026-05-26 02:11:57] 💓 心跳正常 (PID: 32732)
[2026-05-26 02:12:07] 💓 心跳正常 (PID: 32732)
[2026-05-26 02:12:17] 💓 心跳正常 (PID: 32732)
[2026-05-26 02:12:28] 💓 心跳正常 (PID: 32732)
[2026-05-26 02:12:38] 💓 心跳正常 (PID: 32732)
[2026-05-26 02:12:48] 💓 心跳正常 (PID: 32732)
[2026-05-26 02:12:59] 💓 心跳正常 (PID: 32732)
[2026-05-26 02:13:09] 💓 心跳正常 (PID: 32732)
[2026-05-26 02:13:19] 💓 心跳正常 (PID: 32732)
[2026-05-26 02:13:30] 💓 心跳正常 (PID: 32732)
[2026-05-26 02:13:40] 💓 心跳正常 (PID: 32732)
[2026-05-26 02:13:50] 💓 心跳正常 (PID: 32732)
[2026-05-26 02:14:01] 💓 心跳正常 (PID: 32732)
[2026-05-26 02:14:11] 💓 心跳正常 (PID: 32732)
[2026-05-26 02:14:22] 💓 心跳正常 (PID: 32732)
[2026-05-26 02:14:32] 💓 心跳正常 (PID: 32732)
[2026-05-26 02:14:42] 💓 心跳正常 (PID: 32732)
[2026-05-26 02:14:52] 💓 心跳正常 (PID: 32732)
[2026-05-26 02:15:03] 💓 心跳正常 (PID: 32732)
[2026-05-26 02:15:13] 💓 心跳正常 (PID: 32732)
[2026-05-26 02:15:23] 💓 心跳正常 (PID: 32732)
[2026-05-26 02:15:34] 💓 心跳正常 (PID: 32732)
[2026-05-26 02:15:44] 💓 心跳正常 (PID: 32732)
[2026-05-26 02:15:54] 💓 心跳正常 (PID: 32732)
[2026-05-26 02:16:05] 💓 心跳正常 (PID: 32732)
[2026-05-26 02:16:15] 💓 心跳正常 (PID: 32732)
[2026-05-26 02:16:25] 💓 心跳正常 (PID: 32732)
[2026-05-26 02:16:35] 💓 心跳正常 (PID: 32732)
[2026-05-26 02:16:46] 💓 心跳正常 (PID: 32732)
[2026-05-26 02:16:56] 💓 心跳正常 (PID: 32732)
[2026-05-26 02:17:06] 💓 心跳正常 (PID: 32732)
[2026-05-26 02:17:17] 💓 心跳正常 (PID: 32732)
[2026-05-26 02:17:27] 💓 心跳正常 (PID: 32732)
[2026-05-26 02:17:37] 💓 心跳正常 (PID: 32732)
[2026-05-26 02:17:47] 💓 心跳正常 (PID: 32732)
[2026-05-26 02:17:58] 💓 心跳正常 (PID: 32732)
[2026-05-26 02:18:08] 💓 心跳正常 (PID: 32732)
[2026-05-26 02:18:18] 💓 心跳正常 (PID: 32732)
[2026-05-26 02:18:29] 💓 心跳正常 (PID: 32732)
[2026-05-26 02:18:39] 💓 心跳正常 (PID: 32732)
[2026-05-26 02:18:49] 💓 心跳正常 (PID: 32732)
[2026-05-26 02:19:00] 💓 心跳正常 (PID: 32732)
[2026-05-26 02:19:10] 💓 心跳正常 (PID: 32732)
[2026-05-26 02:19:20] 💓 心跳正常 (PID: 32732)
[2026-05-26 02:19:30] 💓 心跳正常 (PID: 32732)
[2026-05-26 02:19:41] 💓 心跳正常 (PID: 32732)
[2026-05-26 02:19:51] 💓 心跳正常 (PID: 32732)
[2026-05-26 02:20:02] 💓 心跳正常 (PID: 32732)
[2026-05-26 02:20:12] 💓 心跳正常 (PID: 32732)
[2026-05-26 02:20:22] 💓 心跳正常 (PID: 32732)
[2026-05-26 02:20:33] 💓 心跳正常 (PID: 32732)
[2026-05-26 02:20:43] 💓 心跳正常 (PID: 32732)
[2026-05-26 02:20:53] 💓 心跳正常 (PID: 32732)
[2026-05-26 02:21:04] 💓 心跳正常 (PID: 32732)
[2026-05-26 02:21:14] 💓 心跳正常 (PID: 32732)
[2026-05-26 02:21:24] 💓 心跳正常 (PID: 32732)
[2026-05-26 02:21:34] 💓 心跳正常 (PID: 32732)
[2026-05-26 02:21:44] 💓 心跳正常 (PID: 32732)
[2026-05-26 02:21:55] 💓 心跳正常 (PID: 32732)
[2026-05-26 02:22:05] 💓 心跳正常 (PID: 32732)
[2026-05-26 02:22:16] 💓 心跳正常 (PID: 32732)
[2026-05-26 02:22:26] 💓 心跳正常 (PID: 32732)
[2026-05-26 02:22:36] 💓 心跳正常 (PID: 32732)
[2026-05-26 02:22:46] 💓 心跳正常 (PID: 32732)
[2026-05-26 02:22:57] 💓 心跳正常 (PID: 32732)
[2026-05-26 02:23:07] 💓 心跳正常 (PID: 32732)
[2026-05-26 02:23:18] 💓 心跳正常 (PID: 32732)
[2026-05-26 02:23:28] 💓 心跳正常 (PID: 32732)
[2026-05-26 02:23:39] 💓 心跳正常 (PID: 32732)
[2026-05-26 02:23:49] 💓 心跳正常 (PID: 32732)
[2026-05-26 02:23:59] 💓 心跳正常 (PID: 32732)
[2026-05-26 02:24:09] 💓 心跳正常 (PID: 32732)
[2026-05-26 02:24:20] 💓 心跳正常 (PID: 32732)
[2026-05-26 02:24:30] 💓 心跳正常 (PID: 32732)
[2026-05-26 02:24:40] 💓 心跳正常 (PID: 32732)
[2026-05-26 02:24:51] 💓 心跳正常 (PID: 32732)
[2026-05-26 02:25:01] 💓 心跳正常 (PID: 32732)
[2026-05-26 02:25:11] 💓 心跳正常 (PID: 32732)
[2026-05-26 02:25:21] 💓 心跳正常 (PID: 32732)
[2026-05-26 02:25:32] 💓 心跳正常 (PID: 32732)
[2026-05-26 02:25:42] 💓 心跳正常 (PID: 32732)
[2026-05-26 02:25:52] 💓 心跳正常 (PID: 32732)
[2026-05-26 02:26:02] 💓 心跳正常 (PID: 32732)
[2026-05-26 02:26:13] 💓 心跳正常 (PID: 32732)
[2026-05-26 02:26:23] 💓 心跳正常 (PID: 32732)
[2026-05-26 02:26:33] 💓 心跳正常 (PID: 32732)
[2026-05-26 02:26:43] 💓 心跳正常 (PID: 32732)
[2026-05-26 02:26:54] 💓 心跳正常 (PID: 32732)
[2026-05-26 02:27:04] 💓 心跳正常 (PID: 32732)
[2026-05-26 02:27:14] 💓 心跳正常 (PID: 32732)
[2026-05-26 02:27:25] 💓 心跳正常 (PID: 32732)
[2026-05-26 02:27:35] 💓 心跳正常 (PID: 32732)
[2026-05-26 02:27:45] 💓 心跳正常 (PID: 32732)
[2026-05-26 02:27:55] 💓 心跳正常 (PID: 32732)
[2026-05-26 02:28:05] 💓 心跳正常 (PID: 32732)
[2026-05-26 02:28:16] 💓 心跳正常 (PID: 32732)
[2026-05-26 02:28:26] 💓 心跳正常 (PID: 32732)
[2026-05-26 02:28:36] 💓 心跳正常 (PID: 32732)
[2026-05-26 02:28:47] 💓 心跳正常 (PID: 32732)
[2026-05-26 02:28:57] 💓 心跳正常 (PID: 32732)
[2026-05-26 02:29:07] 💓 心跳正常 (PID: 32732)
[2026-05-26 02:29:17] 💓 心跳正常 (PID: 32732)
[2026-05-26 02:29:28] 💓 心跳正常 (PID: 32732)
[2026-05-26 02:29:38] 💓 心跳正常 (PID: 32732)
[2026-05-26 02:29:48] 💓 心跳正常 (PID: 32732)
[2026-05-26 02:29:59] 💓 心跳正常 (PID: 32732)
[2026-05-26 02:30:09] 💓 心跳正常 (PID: 32732)
[2026-05-26 02:30:19] 💓 心跳正常 (PID: 32732)
[2026-05-26 02:30:29] 💓 心跳正常 (PID: 32732)
[2026-05-26 02:30:40] 💓 心跳正常 (PID: 32732)
[2026-05-26 02:30:50] 💓 心跳正常 (PID: 32732)
[2026-05-26 02:31:00] 💓 心跳正常 (PID: 32732)
[2026-05-26 02:31:11] 💓 心跳正常 (PID: 32732)
[2026-05-26 02:31:21] 💓 心跳正常 (PID: 32732)
[2026-05-26 02:31:31] 💓 心跳正常 (PID: 32732)
[2026-05-26 02:31:41] 💓 心跳正常 (PID: 32732)
[2026-05-26 02:31:52] 💓 心跳正常 (PID: 32732)
[2026-05-26 02:32:02] 💓 心跳正常 (PID: 32732)
[2026-05-26 02:32:12] 💓 心跳正常 (PID: 32732)
[2026-05-26 02:32:23] 💓 心跳正常 (PID: 32732)
[2026-05-26 02:32:33] 💓 心跳正常 (PID: 32732)
[2026-05-26 02:32:43] 💓 心跳正常 (PID: 32732)
[2026-05-26 02:32:53] 💓 心跳正常 (PID: 32732)
[2026-05-26 02:33:04] 💓 心跳正常 (PID: 32732)
[2026-05-26 02:33:14] 💓 心跳正常 (PID: 32732)
[2026-05-26 02:33:24] 💓 心跳正常 (PID: 32732)
[2026-05-26 02:33:34] 💓 心跳正常 (PID: 32732)
[2026-05-26 02:33:45] 💓 心跳正常 (PID: 32732)
[2026-05-26 02:33:55] 💓 心跳正常 (PID: 32732)
[2026-05-26 02:34:05] 💓 心跳正常 (PID: 32732)
[2026-05-26 02:34:15] 💓 心跳正常 (PID: 32732)
[2026-05-26 02:34:26] 💓 心跳正常 (PID: 32732)
[2026-05-26 02:34:36] 💓 心跳正常 (PID: 32732)
[2026-05-26 02:34:46] 💓 心跳正常 (PID: 32732)
[2026-05-26 02:34:57] 💓 心跳正常 (PID: 32732)
[2026-05-26 02:35:07] 💓 心跳正常 (PID: 32732)
[2026-05-26 02:35:17] 💓 心跳正常 (PID: 32732)
[2026-05-26 02:35:27] 💓 心跳正常 (PID: 32732)
[2026-05-26 02:35:38] 💓 心跳正常 (PID: 32732)
[2026-05-26 02:35:48] 💓 心跳正常 (PID: 32732)
[2026-05-26 02:35:58] 💓 心跳正常 (PID: 32732)
[2026-05-26 02:36:08] 💓 心跳正常 (PID: 32732)
[2026-05-26 02:36:19] 💓 心跳正常 (PID: 32732)
[2026-05-26 02:36:29] 💓 心跳正常 (PID: 32732)
[2026-05-26 02:36:39] 💓 心跳正常 (PID: 32732)
[2026-05-26 02:36:49] 💓 心跳正常 (PID: 32732)
[2026-05-26 02:37:00] 💓 心跳正常 (PID: 32732)
[2026-05-26 02:37:10] 💓 心跳正常 (PID: 32732)
[2026-05-26 02:37:20] 💓 心跳正常 (PID: 32732)
[2026-05-26 02:37:31] 💓 心跳正常 (PID: 32732)
[2026-05-26 02:37:41] 💓 心跳正常 (PID: 32732)
[2026-05-26 02:37:51] 💓 心跳正常 (PID: 32732)
[2026-05-26 02:38:01] 💓 心跳正常 (PID: 32732)
[2026-05-26 02:38:12] 💓 心跳正常 (PID: 32732)
[2026-05-26 02:38:22] 💓 心跳正常 (PID: 32732)
[2026-05-26 02:38:32] 💓 心跳正常 (PID: 32732)
[2026-05-26 02:38:42] 💓 心跳正常 (PID: 32732)
[2026-05-26 02:38:53] 💓 心跳正常 (PID: 32732)
[2026-05-26 02:39:03] 💓 心跳正常 (PID: 32732)
[2026-05-26 02:39:13] 💓 心跳正常 (PID: 32732)
[2026-05-26 02:39:24] 💓 心跳正常 (PID: 32732)
[2026-05-26 02:39:34] 💓 心跳正常 (PID: 32732)
[2026-05-26 02:39:44] 📁 交易日志 /root/.openclaw/logs/trading/monitor.log (2.0MB)，>10MB 时自动归档至 logs/trading/archive/
[2026-05-26 02:39:44] 💓 心跳正常 (PID: 32732)
[2026-05-26 02:39:55] 💓 心跳正常 (PID: 32732)
[2026-05-26 02:40:05] 💓 心跳正常 (PID: 32732)
[2026-05-26 02:40:16] 💓 心跳正常 (PID: 32732)
[2026-05-26 02:40:26] 💓 心跳正常 (PID: 32732)
[2026-05-26 02:40:36] 💓 心跳正常 (PID: 32732)
[2026-05-26 02:40:47] 💓 心跳正常 (PID: 32732)
[2026-05-26 02:40:57] 💓 心跳正常 (PID: 32732)
[2026-05-26 02:41:07] 💓 心跳正常 (PID: 32732)
[2026-05-26 02:41:17] 💓 心跳正常 (PID: 32732)
[2026-05-26 02:41:28] 💓 心跳正常 (PID: 32732)
[2026-05-26 02:41:38] 💓 心跳正常 (PID: 32732)
[2026-05-26 02:41:48] 💓 心跳正常 (PID: 32732)
[2026-05-26 02:41:59] 💓 心跳正常 (PID: 32732)
[2026-05-26 02:42:09] 💓 心跳正常 (PID: 32732)
[2026-05-26 02:42:19] 💓 心跳正常 (PID: 32732)
[2026-05-26 02:42:30] 💓 心跳正常 (PID: 32732)
[2026-05-26 02:42:40] 💓 心跳正常 (PID: 32732)
[2026-05-26 02:42:50] 💓 心跳正常 (PID: 32732)
[2026-05-26 02:43:00] 💓 心跳正常 (PID: 32732)
[2026-05-26 02:43:11] 💓 心跳正常 (PID: 32732)
[2026-05-26 02:43:21] 💓 心跳正常 (PID: 32732)
[2026-05-26 02:43:31] 💓 心跳正常 (PID: 32732)
[2026-05-26 02:43:42] 💓 心跳正常 (PID: 32732)
[2026-05-26 02:43:52] 💓 心跳正常 (PID: 32732)
[2026-05-26 02:44:02] 💓 心跳正常 (PID: 32732)
[2026-05-26 02:44:13] 💓 心跳正常 (PID: 32732)
[2026-05-26 02:44:23] 💓 心跳正常 (PID: 32732)
[2026-05-26 02:44:33] 💓 心跳正常 (PID: 32732)
[2026-05-26 02:44:44] 💓 心跳正常 (PID: 32732)
[2026-05-26 02:44:54] 💓 心跳正常 (PID: 32732)
[2026-05-26 02:45:04] 💓 心跳正常 (PID: 32732)
[2026-05-26 02:45:14] 💓 心跳正常 (PID: 32732)
[2026-05-26 02:45:25] 💓 心跳正常 (PID: 32732)
[2026-05-26 02:45:35] 💓 心跳正常 (PID: 32732)
[2026-05-26 02:45:45] 💓 心跳正常 (PID: 32732)
[2026-05-26 02:45:55] 💓 心跳正常 (PID: 32732)
[2026-05-26 02:46:06] 💓 心跳正常 (PID: 32732)
[2026-05-26 02:46:16] 💓 心跳正常 (PID: 32732)
[2026-05-26 02:46:26] 💓 心跳正常 (PID: 32732)
[2026-05-26 02:46:37] 💓 心跳正常 (PID: 32732)
[2026-05-26 02:46:47] 💓 心跳正常 (PID: 32732)
[2026-05-26 02:46:57] 💓 心跳正常 (PID: 32732)
[2026-05-26 02:47:07] 💓 心跳正常 (PID: 32732)
[2026-05-26 02:47:18] 💓 心跳正常 (PID: 32732)
[2026-05-26 02:47:28] 💓 心跳正常 (PID: 32732)
[2026-05-26 02:47:38] 💓 心跳正常 (PID: 32732)
[2026-05-26 02:47:49] 💓 心跳正常 (PID: 32732)
[2026-05-26 02:47:59] 💓 心跳正常 (PID: 32732)
[2026-05-26 02:48:09] 💓 心跳正常 (PID: 32732)
[2026-05-26 02:48:20] 💓 心跳正常 (PID: 32732)
[2026-05-26 02:48:30] 💓 心跳正常 (PID: 32732)
[2026-05-26 02:48:40] 💓 心跳正常 (PID: 32732)
[2026-05-26 02:48:51] 💓 心跳正常 (PID: 32732)
[2026-05-26 02:49:01] 💓 心跳正常 (PID: 32732)
[2026-05-26 02:49:11] 💓 心跳正常 (PID: 32732)
[2026-05-26 02:49:21] 💓 心跳正常 (PID: 32732)
[2026-05-26 02:49:32] 💓 心跳正常 (PID: 32732)
[2026-05-26 02:49:42] 💓 心跳正常 (PID: 32732)
[2026-05-26 02:49:52] 💓 心跳正常 (PID: 32732)
[2026-05-26 02:50:02] 💓 心跳正常 (PID: 32732)
[2026-05-26 02:50:13] 💓 心跳正常 (PID: 32732)
[2026-05-26 02:50:23] 💓 心跳正常 (PID: 32732)
[2026-05-26 02:50:33] 💓 心跳正常 (PID: 32732)
[2026-05-26 02:50:44] 💓 心跳正常 (PID: 32732)
[2026-05-26 02:50:54] 💓 心跳正常 (PID: 32732)
[2026-05-26 02:51:04] 💓 心跳正常 (PID: 32732)
[2026-05-26 02:51:15] 💓 心跳正常 (PID: 32732)
[2026-05-26 02:51:25] 💓 心跳正常 (PID: 32732)
[2026-05-26 02:51:35] 💓 心跳正常 (PID: 32732)
[2026-05-26 02:51:45] 💓 心跳正常 (PID: 32732)
[2026-05-26 02:51:56] 💓 心跳正常 (PID: 32732)
[2026-05-26 02:52:06] 💓 心跳正常 (PID: 32732)
[2026-05-26 02:52:16] 💓 心跳正常 (PID: 32732)
[2026-05-26 02:52:26] 💓 心跳正常 (PID: 32732)
[2026-05-26 02:52:37] 💓 心跳正常 (PID: 32732)
[2026-05-26 02:52:47] 💓 心跳正常 (PID: 32732)
[2026-05-26 02:52:57] 💓 心跳正常 (PID: 32732)
[2026-05-26 02:53:08] 💓 心跳正常 (PID: 32732)
[2026-05-26 02:53:18] 💓 心跳正常 (PID: 32732)
[2026-05-26 02:53:28] 💓 心跳正常 (PID: 32732)
[2026-05-26 02:53:38] 💓 心跳正常 (PID: 32732)
[2026-05-26 02:53:49] 💓 心跳正常 (PID: 32732)
[2026-05-26 02:53:59] 💓 心跳正常 (PID: 32732)
[2026-05-26 02:54:09] 💓 心跳正常 (PID: 32732)
[2026-05-26 02:54:20] 💓 心跳正常 (PID: 32732)
[2026-05-26 02:54:30] 💓 心跳正常 (PID: 32732)
[2026-05-26 02:54:40] 💓 心跳正常 (PID: 32732)
[2026-05-26 02:54:51] 💓 心跳正常 (PID: 32732)
[2026-05-26 02:55:01] 💓 心跳正常 (PID: 32732)
[2026-05-26 02:55:11] 💓 心跳正常 (PID: 32732)
[2026-05-26 02:55:21] 💓 心跳正常 (PID: 32732)
[2026-05-26 02:55:32] 💓 心跳正常 (PID: 32732)
[2026-05-26 02:55:42] 💓 心跳正常 (PID: 32732)
[2026-05-26 02:55:52] 💓 心跳正常 (PID: 32732)
[2026-05-26 02:56:02] 💓 心跳正常 (PID: 32732)
[2026-05-26 02:56:13] 💓 心跳正常 (PID: 32732)
[2026-05-26 02:56:23] 💓 心跳正常 (PID: 32732)
[2026-05-26 02:56:33] 💓 心跳正常 (PID: 32732)
[2026-05-26 02:56:43] 💓 心跳正常 (PID: 32732)
[2026-05-26 02:56:54] 💓 心跳正常 (PID: 32732)
[2026-05-26 02:57:04] 💓 心跳正常 (PID: 32732)
[2026-05-26 02:57:14] 💓 心跳正常 (PID: 32732)
[2026-05-26 02:57:25] 💓 心跳正常 (PID: 32732)
[2026-05-26 02:57:35] 💓 心跳正常 (PID: 32732)
[2026-05-26 02:57:45] 💓 心跳正常 (PID: 32732)
[2026-05-26 02:57:56] 💓 心跳正常 (PID: 32732)
[2026-05-26 02:58:06] 💓 心跳正常 (PID: 32732)
[2026-05-26 02:58:16] 💓 心跳正常 (PID: 32732)
[2026-05-26 02:58:26] 💓 心跳正常 (PID: 32732)
[2026-05-26 02:58:37] 💓 心跳正常 (PID: 32732)
[2026-05-26 02:58:47] 💓 心跳正常 (PID: 32732)
[2026-05-26 02:58:58] 💓 心跳正常 (PID: 32732)
[2026-05-26 02:59:08] 💓 心跳正常 (PID: 32732)
[2026-05-26 02:59:18] 💓 心跳正常 (PID: 32732)
[2026-05-26 02:59:29] 💓 心跳正常 (PID: 32732)
[2026-05-26 02:59:39] 💓 心跳正常 (PID: 32732)
[2026-05-26 02:59:49] 💓 心跳正常 (PID: 32732)
[2026-05-26 02:59:59] 💓 心跳正常 (PID: 32732)
[2026-05-26 03:00:10] 💓 心跳正常 (PID: 32732)
[2026-05-26 03:00:20] 💓 心跳正常 (PID: 32732)
[2026-05-26 03:00:31] 💓 心跳正常 (PID: 32732)
[2026-05-26 03:00:41] 💓 心跳正常 (PID: 32732)
[2026-05-26 03:00:51] 💓 心跳正常 (PID: 32732)
[2026-05-26 03:01:01] 💓 心跳正常 (PID: 32732)
[2026-05-26 03:01:12] 💓 心跳正常 (PID: 32732)
[2026-05-26 03:01:22] 💓 心跳正常 (PID: 32732)
[2026-05-26 03:01:32] 💓 心跳正常 (PID: 32732)
[2026-05-26 03:01:43] 💓 心跳正常 (PID: 32732)
[2026-05-26 03:01:53] 💓 心跳正常 (PID: 32732)
[2026-05-26 03:02:03] 💓 心跳正常 (PID: 32732)
[2026-05-26 03:02:13] 💓 心跳正常 (PID: 32732)
[2026-05-26 03:02:24] 💓 心跳正常 (PID: 32732)
[2026-05-26 03:02:34] 💓 心跳正常 (PID: 32732)
[2026-05-26 03:02:45] 💓 心跳正常 (PID: 32732)
[2026-05-26 03:02:55] 💓 心跳正常 (PID: 32732)
[2026-05-26 03:03:05] 💓 心跳正常 (PID: 32732)
[2026-05-26 03:03:15] 💓 心跳正常 (PID: 32732)
[2026-05-26 03:03:26] 💓 心跳正常 (PID: 32732)
[2026-05-26 03:03:36] 💓 心跳正常 (PID: 32732)
[2026-05-26 03:03:46] 💓 心跳正常 (PID: 32732)
[2026-05-26 03:03:56] 💓 心跳正常 (PID: 32732)
[2026-05-26 03:04:07] 💓 心跳正常 (PID: 32732)
[2026-05-26 03:04:17] 💓 心跳正常 (PID: 32732)
[2026-05-26 03:04:27] 💓 心跳正常 (PID: 32732)
[2026-05-26 03:04:37] 💓 心跳正常 (PID: 32732)
[2026-05-26 03:04:47] 💓 心跳正常 (PID: 32732)
[2026-05-26 03:04:58] 💓 心跳正常 (PID: 32732)
[2026-05-26 03:05:08] 💓 心跳正常 (PID: 32732)
[2026-05-26 03:05:19] 💓 心跳正常 (PID: 32732)
[2026-05-26 03:05:29] 💓 心跳正常 (PID: 32732)
[2026-05-26 03:05:39] 💓 心跳正常 (PID: 32732)
[2026-05-26 03:05:49] 💓 心跳正常 (PID: 32732)
[2026-05-26 03:05:59] 💓 心跳正常 (PID: 32732)
[2026-05-26 03:06:10] 💓 心跳正常 (PID: 32732)
[2026-05-26 03:06:20] 💓 心跳正常 (PID: 32732)
[2026-05-26 03:06:30] 💓 心跳正常 (PID: 32732)
[2026-05-26 03:06:41] 💓 心跳正常 (PID: 32732)
[2026-05-26 03:06:51] 💓 心跳正常 (PID: 32732)
[2026-05-26 03:07:01] 💓 心跳正常 (PID: 32732)
[2026-05-26 03:07:12] 💓 心跳正常 (PID: 32732)
[2026-05-26 03:07:22] 💓 心跳正常 (PID: 32732)
[2026-05-26 03:07:32] 💓 心跳正常 (PID: 32732)
[2026-05-26 03:07:43] 💓 心跳正常 (PID: 32732)
[2026-05-26 03:07:53] 💓 心跳正常 (PID: 32732)
[2026-05-26 03:08:03] 💓 心跳正常 (PID: 32732)
[2026-05-26 03:08:13] 💓 心跳正常 (PID: 32732)
[2026-05-26 03:08:24] 💓 心跳正常 (PID: 32732)
[2026-05-26 03:08:34] 💓 心跳正常 (PID: 32732)
[2026-05-26 03:08:44] 💓 心跳正常 (PID: 32732)
[2026-05-26 03:08:55] 💓 心跳正常 (PID: 32732)
[2026-05-26 03:09:05] 💓 心跳正常 (PID: 32732)
[2026-05-26 03:09:15] 💓 心跳正常 (PID: 32732)
[2026-05-26 03:09:26] 💓 心跳正常 (PID: 32732)
[2026-05-26 03:09:36] 💓 心跳正常 (PID: 32732)
[2026-05-26 03:09:46] 💓 心跳正常 (PID: 32732)
[2026-05-26 03:09:56] 💓 心跳正常 (PID: 32732)
[2026-05-26 03:10:07] 💓 心跳正常 (PID: 32732)
[2026-05-26 03:10:17] 💓 心跳正常 (PID: 32732)
[2026-05-26 03:10:27] 💓 心跳正常 (PID: 32732)
[2026-05-26 03:10:37] 💓 心跳正常 (PID: 32732)
[2026-05-26 03:10:48] 💓 心跳正常 (PID: 32732)
[2026-05-26 03:10:58] 💓 心跳正常 (PID: 32732)
[2026-05-26 03:11:08] 💓 心跳正常 (PID: 32732)
[2026-05-26 03:11:18] 💓 心跳正常 (PID: 32732)
[2026-05-26 03:11:28] 💓 心跳正常 (PID: 32732)
[2026-05-26 03:11:39] 💓 心跳正常 (PID: 32732)
[2026-05-26 03:11:49] 💓 心跳正常 (PID: 32732)
[2026-05-26 03:11:59] 💓 心跳正常 (PID: 32732)
[2026-05-26 03:12:10] 💓 心跳正常 (PID: 32732)
[2026-05-26 03:12:20] 💓 心跳正常 (PID: 32732)
[2026-05-26 03:12:30] 💓 心跳正常 (PID: 32732)
[2026-05-26 03:12:40] 💓 心跳正常 (PID: 32732)
[2026-05-26 03:12:50] 💓 心跳正常 (PID: 32732)
[2026-05-26 03:13:01] 💓 心跳正常 (PID: 32732)
[2026-05-26 03:13:11] 💓 心跳正常 (PID: 32732)
[2026-05-26 03:13:21] 💓 心跳正常 (PID: 32732)
[2026-05-26 03:13:31] 💓 心跳正常 (PID: 32732)
[2026-05-26 03:13:42] 💓 心跳正常 (PID: 32732)
[2026-05-26 03:13:52] 💓 心跳正常 (PID: 32732)
[2026-05-26 03:14:02] 💓 心跳正常 (PID: 32732)
[2026-05-26 03:14:13] 💓 心跳正常 (PID: 32732)
[2026-05-26 03:14:23] 💓 心跳正常 (PID: 32732)
[2026-05-26 03:14:33] 💓 心跳正常 (PID: 32732)
[2026-05-26 03:14:44] 💓 心跳正常 (PID: 32732)
[2026-05-26 03:14:54] 💓 心跳正常 (PID: 32732)
[2026-05-26 03:15:04] 💓 心跳正常 (PID: 32732)
[2026-05-26 03:15:15] 💓 心跳正常 (PID: 32732)
[2026-05-26 03:15:25] 💓 心跳正常 (PID: 32732)
[2026-05-26 03:15:35] 💓 心跳正常 (PID: 32732)
[2026-05-26 03:15:46] 💓 心跳正常 (PID: 32732)
[2026-05-26 03:15:56] 💓 心跳正常 (PID: 32732)
[2026-05-26 03:16:06] 💓 心跳正常 (PID: 32732)
[2026-05-26 03:16:16] 💓 心跳正常 (PID: 32732)
[2026-05-26 03:16:27] 💓 心跳正常 (PID: 32732)
[2026-05-26 03:16:37] 💓 心跳正常 (PID: 32732)
[2026-05-26 03:16:47] 💓 心跳正常 (PID: 32732)
[2026-05-26 03:16:57] 💓 心跳正常 (PID: 32732)
[2026-05-26 03:17:08] 💓 心跳正常 (PID: 32732)
[2026-05-26 03:17:18] 💓 心跳正常 (PID: 32732)
[2026-05-26 03:17:28] 💓 心跳正常 (PID: 32732)
[2026-05-26 03:17:39] 💓 心跳正常 (PID: 32732)
[2026-05-26 03:17:49] 💓 心跳正常 (PID: 32732)
[2026-05-26 03:17:59] 💓 心跳正常 (PID: 32732)
[2026-05-26 03:18:09] 💓 心跳正常 (PID: 32732)
[2026-05-26 03:18:20] 💓 心跳正常 (PID: 32732)
[2026-05-26 03:18:30] 💓 心跳正常 (PID: 32732)
[2026-05-26 03:18:40] 💓 心跳正常 (PID: 32732)
[2026-05-26 03:18:50] 💓 心跳正常 (PID: 32732)
[2026-05-26 03:19:00] 💓 心跳正常 (PID: 32732)
[2026-05-26 03:19:11] 💓 心跳正常 (PID: 32732)
[2026-05-26 03:19:21] 💓 心跳正常 (PID: 32732)
[2026-05-26 03:19:32] 💓 心跳正常 (PID: 32732)
[2026-05-26 03:19:42] 💓 心跳正常 (PID: 32732)
[2026-05-26 03:19:52] 💓 心跳正常 (PID: 32732)
[2026-05-26 03:20:03] 💓 心跳正常 (PID: 32732)
[2026-05-26 03:20:13] 💓 心跳正常 (PID: 32732)
[2026-05-26 03:20:23] 💓 心跳正常 (PID: 32732)
[2026-05-26 03:20:34] 💓 心跳正常 (PID: 32732)
[2026-05-26 03:20:44] 💓 心跳正常 (PID: 32732)
[2026-05-26 03:20:54] 💓 心跳正常 (PID: 32732)
[2026-05-26 03:21:05] 💓 心跳正常 (PID: 32732)
[2026-05-26 03:21:15] 💓 心跳正常 (PID: 32732)
[2026-05-26 03:21:25] 💓 心跳正常 (PID: 32732)
[2026-05-26 03:21:36] 💓 心跳正常 (PID: 32732)
[2026-05-26 03:21:46] 💓 心跳正常 (PID: 32732)
[2026-05-26 03:21:56] 💓 心跳正常 (PID: 32732)
[2026-05-26 03:22:06] 💓 心跳正常 (PID: 32732)
[2026-05-26 03:22:16] 💓 心跳正常 (PID: 32732)
[2026-05-26 03:22:26] 💓 心跳正常 (PID: 32732)
[2026-05-26 03:22:37] 💓 心跳正常 (PID: 32732)
[2026-05-26 03:22:47] 💓 心跳正常 (PID: 32732)
[2026-05-26 03:22:57] 💓 心跳正常 (PID: 32732)
[2026-05-26 03:23:08] 💓 心跳正常 (PID: 32732)
[2026-05-26 03:23:18] 💓 心跳正常 (PID: 32732)
[2026-05-26 03:23:29] 💓 心跳正常 (PID: 32732)
[2026-05-26 03:23:39] 💓 心跳正常 (PID: 32732)
[2026-05-26 03:23:49] 💓 心跳正常 (PID: 32732)
[2026-05-26 03:24:00] 💓 心跳正常 (PID: 32732)
[2026-05-26 03:24:10] 💓 心跳正常 (PID: 32732)
[2026-05-26 03:24:20] 💓 心跳正常 (PID: 32732)
[2026-05-26 03:24:31] 💓 心跳正常 (PID: 32732)
[2026-05-26 03:24:41] 💓 心跳正常 (PID: 32732)
[2026-05-26 03:24:52] 💓 心跳正常 (PID: 32732)
[2026-05-26 03:25:02] 💓 心跳正常 (PID: 32732)
[2026-05-26 03:25:13] 💓 心跳正常 (PID: 32732)
[2026-05-26 03:25:23] 💓 心跳正常 (PID: 32732)
[2026-05-26 03:25:33] 💓 心跳正常 (PID: 32732)
[2026-05-26 03:25:43] 💓 心跳正常 (PID: 32732)
[2026-05-26 03:25:53] 💓 心跳正常 (PID: 32732)
[2026-05-26 03:26:04] 💓 心跳正常 (PID: 32732)
[2026-05-26 03:26:14] 💓 心跳正常 (PID: 32732)
[2026-05-26 03:26:24] 💓 心跳正常 (PID: 32732)
[2026-05-26 03:26:35] 💓 心跳正常 (PID: 32732)
[2026-05-26 03:26:45] 💓 心跳正常 (PID: 32732)
[2026-05-26 03:26:55] 💓 心跳正常 (PID: 32732)
[2026-05-26 03:27:06] 💓 心跳正常 (PID: 32732)
[2026-05-26 03:27:16] 💓 心跳正常 (PID: 32732)
[2026-05-26 03:27:26] 💓 心跳正常 (PID: 32732)
[2026-05-26 03:27:37] 💓 心跳正常 (PID: 32732)
[2026-05-26 03:27:47] 💓 心跳正常 (PID: 32732)
[2026-05-26 03:27:57] 💓 心跳正常 (PID: 32732)
[2026-05-26 03:28:07] 💓 心跳正常 (PID: 32732)
[2026-05-26 03:28:18] 💓 心跳正常 (PID: 32732)
[2026-05-26 03:28:28] 💓 心跳正常 (PID: 32732)
[2026-05-26 03:28:38] 💓 心跳正常 (PID: 32732)
[2026-05-26 03:28:48] 💓 心跳正常 (PID: 32732)
[2026-05-26 03:28:59] 💓 心跳正常 (PID: 32732)
[2026-05-26 03:29:09] 💓 心跳正常 (PID: 32732)
[2026-05-26 03:29:19] 💓 心跳正常 (PID: 32732)
[2026-05-26 03:29:30] 💓 心跳正常 (PID: 32732)
[2026-05-26 03:29:40] 💓 心跳正常 (PID: 32732)
[2026-05-26 03:29:50] 💓 心跳正常 (PID: 32732)
[2026-05-26 03:30:00] 💓 心跳正常 (PID: 32732)
[2026-05-26 03:30:11] 💓 心跳正常 (PID: 32732)
[2026-05-26 03:30:21] 💓 心跳正常 (PID: 32732)
[2026-05-26 03:30:31] 💓 心跳正常 (PID: 32732)
[2026-05-26 03:30:42] 💓 心跳正常 (PID: 32732)
[2026-05-26 03:30:52] 💓 心跳正常 (PID: 32732)
[2026-05-26 03:31:02] 💓 心跳正常 (PID: 32732)
[2026-05-26 03:31:13] 💓 心跳正常 (PID: 32732)
[2026-05-26 03:31:23] 💓 心跳正常 (PID: 32732)
[2026-05-26 03:31:33] 💓 心跳正常 (PID: 32732)
[2026-05-26 03:31:43] 💓 心跳正常 (PID: 32732)
[2026-05-26 03:31:53] 💓 心跳正常 (PID: 32732)
[2026-05-26 03:32:04] 💓 心跳正常 (PID: 32732)
[2026-05-26 03:32:14] 💓 心跳正常 (PID: 32732)
[2026-05-26 03:32:24] 💓 心跳正常 (PID: 32732)
[2026-05-26 03:32:34] 💓 心跳正常 (PID: 32732)
[2026-05-26 03:32:45] 💓 心跳正常 (PID: 32732)
[2026-05-26 03:32:55] 💓 心跳正常 (PID: 32732)
[2026-05-26 03:33:05] 💓 心跳正常 (PID: 32732)
[2026-05-26 03:33:15] 💓 心跳正常 (PID: 32732)
[2026-05-26 03:33:26] 💓 心跳正常 (PID: 32732)
[2026-05-26 03:33:36] 💓 心跳正常 (PID: 32732)
[2026-05-26 03:33:46] 💓 心跳正常 (PID: 32732)
[2026-05-26 03:33:57] 💓 心跳正常 (PID: 32732)
[2026-05-26 03:34:07] 💓 心跳正常 (PID: 32732)
[2026-05-26 03:34:17] 💓 心跳正常 (PID: 32732)
[2026-05-26 03:34:28] 💓 心跳正常 (PID: 32732)
[2026-05-26 03:34:38] 💓 心跳正常 (PID: 32732)
[2026-05-26 03:34:48] 💓 心跳正常 (PID: 32732)
[2026-05-26 03:34:58] 💓 心跳正常 (PID: 32732)
[2026-05-26 03:35:08] 💓 心跳正常 (PID: 32732)
[2026-05-26 03:35:19] 💓 心跳正常 (PID: 32732)
[2026-05-26 03:35:29] 💓 心跳正常 (PID: 32732)
[2026-05-26 03:35:39] 💓 心跳正常 (PID: 32732)
[2026-05-26 03:35:49] 💓 心跳正常 (PID: 32732)
[2026-05-26 03:36:00] 💓 心跳正常 (PID: 32732)
[2026-05-26 03:36:10] 💓 心跳正常 (PID: 32732)
[2026-05-26 03:36:21] 💓 心跳正常 (PID: 32732)
[2026-05-26 03:36:31] 💓 心跳正常 (PID: 32732)
[2026-05-26 03:36:41] 💓 心跳正常 (PID: 32732)
[2026-05-26 03:36:51] 💓 心跳正常 (PID: 32732)
[2026-05-26 03:37:02] 💓 心跳正常 (PID: 32732)
[2026-05-26 03:37:12] 💓 心跳正常 (PID: 32732)
[2026-05-26 03:37:23] 💓 心跳正常 (PID: 32732)
[2026-05-26 03:37:33] 💓 心跳正常 (PID: 32732)
[2026-05-26 03:37:44] 💓 心跳正常 (PID: 32732)
[2026-05-26 03:37:54] 💓 心跳正常 (PID: 32732)
[2026-05-26 03:38:04] 💓 心跳正常 (PID: 32732)
[2026-05-26 03:38:14] 💓 心跳正常 (PID: 32732)
[2026-05-26 03:38:24] 💓 心跳正常 (PID: 32732)
[2026-05-26 03:38:35] 💓 心跳正常 (PID: 32732)
[2026-05-26 03:38:45] 💓 心跳正常 (PID: 32732)
[2026-05-26 03:38:55] 💓 心跳正常 (PID: 32732)
[2026-05-26 03:39:06] 💓 心跳正常 (PID: 32732)
[2026-05-26 03:39:16] 💓 心跳正常 (PID: 32732)
[2026-05-26 03:39:26] 💓 心跳正常 (PID: 32732)
[2026-05-26 03:39:36] 💓 心跳正常 (PID: 32732)
[2026-05-26 03:39:46] 📁 交易日志 /root/.openclaw/logs/trading/monitor.log (2.3MB)，>10MB 时自动归档至 logs/trading/archive/
[2026-05-26 03:39:47] 💓 心跳正常 (PID: 32732)
[2026-05-26 03:39:57] 💓 心跳正常 (PID: 32732)
[2026-05-26 03:40:08] 💓 心跳正常 (PID: 32732)
[2026-05-26 03:40:18] 💓 心跳正常 (PID: 32732)
[2026-05-26 03:40:28] 💓 心跳正常 (PID: 32732)
[2026-05-26 03:40:39] 💓 心跳正常 (PID: 32732)
[2026-05-26 03:40:49] 💓 心跳正常 (PID: 32732)
[2026-05-26 03:40:59] 💓 心跳正常 (PID: 32732)
[2026-05-26 03:41:10] 💓 心跳正常 (PID: 32732)
[2026-05-26 03:41:20] 💓 心跳正常 (PID: 32732)
[2026-05-26 03:41:30] 💓 心跳正常 (PID: 32732)
[2026-05-26 03:41:40] 💓 心跳正常 (PID: 32732)
[2026-05-26 03:41:50] 💓 心跳正常 (PID: 32732)
[2026-05-26 03:42:01] 💓 心跳正常 (PID: 32732)
[2026-05-26 03:42:11] 💓 心跳正常 (PID: 32732)
[2026-05-26 03:42:21] 💓 心跳正常 (PID: 32732)
[2026-05-26 03:42:32] 💓 心跳正常 (PID: 32732)
[2026-05-26 03:42:42] 💓 心跳正常 (PID: 32732)
[2026-05-26 03:42:52] 💓 心跳正常 (PID: 32732)
[2026-05-26 03:43:02] 💓 心跳正常 (PID: 32732)
[2026-05-26 03:43:13] 💓 心跳正常 (PID: 32732)
[2026-05-26 03:43:23] 💓 心跳正常 (PID: 32732)
[2026-05-26 03:43:33] 💓 心跳正常 (PID: 32732)
[2026-05-26 03:43:44] 💓 心跳正常 (PID: 32732)
[2026-05-26 03:43:54] 💓 心跳正常 (PID: 32732)
[2026-05-26 03:44:04] 💓 心跳正常 (PID: 32732)
[2026-05-26 03:44:15] 💓 心跳正常 (PID: 32732)
[2026-05-26 03:44:25] 💓 心跳正常 (PID: 32732)
[2026-05-26 03:44:35] 💓 心跳正常 (PID: 32732)
[2026-05-26 03:44:45] 💓 心跳正常 (PID: 32732)
[2026-05-26 03:44:56] 💓 心跳正常 (PID: 32732)
[2026-05-26 03:45:06] 💓 心跳正常 (PID: 32732)
[2026-05-26 03:45:16] 💓 心跳正常 (PID: 32732)
[2026-05-26 03:45:26] 💓 心跳正常 (PID: 32732)
[2026-05-26 03:45:37] 💓 心跳正常 (PID: 32732)
[2026-05-26 03:45:47] 💓 心跳正常 (PID: 32732)
[2026-05-26 03:45:57] 💓 心跳正常 (PID: 32732)
[2026-05-26 03:46:08] 💓 心跳正常 (PID: 32732)
[2026-05-26 03:46:18] 💓 心跳正常 (PID: 32732)
[2026-05-26 03:46:28] 💓 心跳正常 (PID: 32732)
[2026-05-26 03:46:39] 💓 心跳正常 (PID: 32732)
[2026-05-26 03:46:49] 💓 心跳正常 (PID: 32732)
[2026-05-26 03:46:59] 💓 心跳正常 (PID: 32732)
[2026-05-26 03:47:10] 💓 心跳正常 (PID: 32732)
[2026-05-26 03:47:20] 💓 心跳正常 (PID: 32732)
[2026-05-26 03:47:30] 💓 心跳正常 (PID: 32732)
[2026-05-26 03:47:41] 💓 心跳正常 (PID: 32732)
[2026-05-26 03:47:51] 💓 心跳正常 (PID: 32732)
[2026-05-26 03:48:01] 💓 心跳正常 (PID: 32732)
[2026-05-26 03:48:11] 💓 心跳正常 (PID: 32732)
[2026-05-26 03:48:22] 💓 心跳正常 (PID: 32732)
[2026-05-26 03:48:32] 💓 心跳正常 (PID: 32732)
[2026-05-26 03:48:42] 💓 心跳正常 (PID: 32732)
[2026-05-26 03:48:53] 💓 心跳正常 (PID: 32732)
[2026-05-26 03:49:03] 💓 心跳正常 (PID: 32732)
[2026-05-26 03:49:13] 💓 心跳正常 (PID: 32732)
[2026-05-26 03:49:24] 💓 心跳正常 (PID: 32732)
[2026-05-26 03:49:34] 💓 心跳正常 (PID: 32732)
[2026-05-26 03:49:44] 💓 心跳正常 (PID: 32732)
[2026-05-26 03:49:54] 💓 心跳正常 (PID: 32732)
[2026-05-26 03:50:05] 💓 心跳正常 (PID: 32732)
[2026-05-26 03:50:15] 💓 心跳正常 (PID: 32732)
[2026-05-26 03:50:25] 💓 心跳正常 (PID: 32732)
[2026-05-26 03:50:36] 💓 心跳正常 (PID: 32732)
[2026-05-26 03:50:46] 💓 心跳正常 (PID: 32732)
[2026-05-26 03:50:56] 💓 心跳正常 (PID: 32732)
[2026-05-26 03:51:07] 💓 心跳正常 (PID: 32732)
[2026-05-26 03:51:17] 💓 心跳正常 (PID: 32732)
[2026-05-26 03:51:27] 💓 心跳正常 (PID: 32732)
[2026-05-26 03:51:37] 💓 心跳正常 (PID: 32732)
[2026-05-26 03:51:48] 💓 心跳正常 (PID: 32732)
[2026-05-26 03:51:58] 💓 心跳正常 (PID: 32732)
[2026-05-26 03:52:08] 💓 心跳正常 (PID: 32732)
[2026-05-26 03:52:19] 💓 心跳正常 (PID: 32732)
[2026-05-26 03:52:29] 💓 心跳正常 (PID: 32732)
[2026-05-26 03:52:39] 💓 心跳正常 (PID: 32732)
[2026-05-26 03:52:50] 💓 心跳正常 (PID: 32732)
[2026-05-26 03:53:00] 💓 心跳正常 (PID: 32732)
[2026-05-26 03:53:10] 💓 心跳正常 (PID: 32732)
[2026-05-26 03:53:21] 💓 心跳正常 (PID: 32732)
[2026-05-26 03:53:31] 💓 心跳正常 (PID: 32732)
[2026-05-26 03:53:41] 💓 心跳正常 (PID: 32732)
[2026-05-26 03:53:51] 💓 心跳正常 (PID: 32732)
[2026-05-26 03:54:02] 💓 心跳正常 (PID: 32732)
[2026-05-26 03:54:12] 💓 心跳正常 (PID: 32732)
[2026-05-26 03:54:22] 💓 心跳正常 (PID: 32732)
[2026-05-26 03:54:32] 💓 心跳正常 (PID: 32732)
[2026-05-26 03:54:43] 💓 心跳正常 (PID: 32732)
[2026-05-26 03:54:53] 💓 心跳正常 (PID: 32732)
[2026-05-26 03:55:03] 💓 心跳正常 (PID: 32732)
[2026-05-26 03:55:13] 💓 心跳正常 (PID: 32732)
[2026-05-26 03:55:23] 💓 心跳正常 (PID: 32732)
[2026-05-26 03:55:34] 💓 心跳正常 (PID: 32732)
[2026-05-26 03:55:44] 💓 心跳正常 (PID: 32732)
[2026-05-26 03:55:54] 💓 心跳正常 (PID: 32732)
[2026-05-26 03:56:05] 💓 心跳正常 (PID: 32732)
[2026-05-26 03:56:15] 💓 心跳正常 (PID: 32732)
[2026-05-26 03:56:25] 💓 心跳正常 (PID: 32732)
[2026-05-26 03:56:36] 💓 心跳正常 (PID: 32732)
[2026-05-26 03:56:46] 💓 心跳正常 (PID: 32732)
[2026-05-26 03:56:56] 💓 心跳正常 (PID: 32732)
[2026-05-26 03:57:07] 💓 心跳正常 (PID: 32732)
[2026-05-26 03:57:17] 💓 心跳正常 (PID: 32732)
[2026-05-26 03:57:27] 💓 心跳正常 (PID: 32732)
[2026-05-26 03:57:38] 💓 心跳正常 (PID: 32732)
[2026-05-26 03:57:48] 💓 心跳正常 (PID: 32732)
[2026-05-26 03:57:58] 💓 心跳正常 (PID: 32732)
[2026-05-26 03:58:09] 💓 心跳正常 (PID: 32732)
[2026-05-26 03:58:19] 💓 心跳正常 (PID: 32732)
[2026-05-26 03:58:29] 💓 心跳正常 (PID: 32732)
[2026-05-26 03:58:39] 💓 心跳正常 (PID: 32732)
[2026-05-26 03:58:50] 💓 心跳正常 (PID: 32732)
[2026-05-26 03:59:00] 💓 心跳正常 (PID: 32732)
[2026-05-26 03:59:10] 💓 心跳正常 (PID: 32732)
[2026-05-26 03:59:21] 💓 心跳正常 (PID: 32732)
[2026-05-26 03:59:31] 💓 心跳正常 (PID: 32732)
[2026-05-26 03:59:41] 💓 心跳正常 (PID: 32732)
[2026-05-26 03:59:52] 💓 心跳正常 (PID: 32732)
[2026-05-26 04:00:02] 💓 心跳正常 (PID: 32732)
[2026-05-26 04:00:13] 💓 心跳正常 (PID: 32732)
[2026-05-26 04:00:23] 💓 心跳正常 (PID: 32732)
[2026-05-26 04:00:33] 💓 心跳正常 (PID: 32732)
[2026-05-26 04:00:43] 💓 心跳正常 (PID: 32732)
[2026-05-26 04:00:53] 💓 心跳正常 (PID: 32732)
[2026-05-26 04:01:04] 💓 心跳正常 (PID: 32732)
[2026-05-26 04:01:14] 💓 心跳正常 (PID: 32732)
[2026-05-26 04:01:24] 💓 心跳正常 (PID: 32732)
[2026-05-26 04:01:35] 💓 心跳正常 (PID: 32732)
[2026-05-26 04:01:45] 💓 心跳正常 (PID: 32732)
[2026-05-26 04:01:55] 💓 心跳正常 (PID: 32732)
[2026-05-26 04:02:05] 💓 心跳正常 (PID: 32732)
[2026-05-26 04:02:16] 💓 心跳正常 (PID: 32732)
[2026-05-26 04:02:26] 💓 心跳正常 (PID: 32732)
[2026-05-26 04:02:36] 💓 心跳正常 (PID: 32732)
[2026-05-26 04:02:46] 💓 心跳正常 (PID: 32732)
[2026-05-26 04:02:57] 💓 心跳正常 (PID: 32732)
[2026-05-26 04:03:07] 💓 心跳正常 (PID: 32732)
[2026-05-26 04:03:17] 💓 心跳正常 (PID: 32732)
[2026-05-26 04:03:28] 💓 心跳正常 (PID: 32732)
[2026-05-26 04:03:38] 💓 心跳正常 (PID: 32732)
[2026-05-26 04:03:48] 💓 心跳正常 (PID: 32732)
[2026-05-26 04:03:59] 💓 心跳正常 (PID: 32732)
[2026-05-26 04:04:09] 💓 心跳正常 (PID: 32732)
[2026-05-26 04:04:19] 💓 心跳正常 (PID: 32732)
[2026-05-26 04:04:29] 💓 心跳正常 (PID: 32732)
[2026-05-26 04:04:40] 💓 心跳正常 (PID: 32732)
[2026-05-26 04:04:50] 💓 心跳正常 (PID: 32732)
[2026-05-26 04:05:00] 💓 心跳正常 (PID: 32732)
[2026-05-26 04:05:10] 💓 心跳正常 (PID: 32732)
[2026-05-26 04:05:21] 💓 心跳正常 (PID: 32732)
[2026-05-26 04:05:31] 💓 心跳正常 (PID: 32732)
[2026-05-26 04:05:41] 💓 心跳正常 (PID: 32732)
[2026-05-26 04:05:52] 💓 心跳正常 (PID: 32732)
[2026-05-26 04:06:02] 💓 心跳正常 (PID: 32732)
[2026-05-26 04:06:12] 💓 心跳正常 (PID: 32732)
[2026-05-26 04:06:23] 💓 心跳正常 (PID: 32732)
[2026-05-26 04:06:33] 💓 心跳正常 (PID: 32732)
[2026-05-26 04:06:43] 💓 心跳正常 (PID: 32732)
[2026-05-26 04:06:53] 💓 心跳正常 (PID: 32732)
[2026-05-26 04:07:04] 💓 心跳正常 (PID: 32732)
[2026-05-26 04:07:14] 💓 心跳正常 (PID: 32732)
[2026-05-26 04:07:24] 💓 心跳正常 (PID: 32732)
[2026-05-26 04:07:35] 💓 心跳正常 (PID: 32732)
[2026-05-26 04:07:45] 💓 心跳正常 (PID: 32732)
[2026-05-26 04:07:55] 💓 心跳正常 (PID: 32732)
[2026-05-26 04:08:05] 💓 心跳正常 (PID: 32732)
[2026-05-26 04:08:16] 💓 心跳正常 (PID: 32732)
[2026-05-26 04:08:26] 💓 心跳正常 (PID: 32732)
[2026-05-26 04:08:36] 💓 心跳正常 (PID: 32732)
[2026-05-26 04:08:47] 💓 心跳正常 (PID: 32732)
[2026-05-26 04:08:57] 💓 心跳正常 (PID: 32732)
[2026-05-26 04:09:07] 💓 心跳正常 (PID: 32732)
[2026-05-26 04:09:18] 💓 心跳正常 (PID: 32732)
[2026-05-26 04:09:28] 💓 心跳正常 (PID: 32732)
[2026-05-26 04:09:38] 💓 心跳正常 (PID: 32732)
[2026-05-26 04:09:48] 💓 心跳正常 (PID: 32732)
[2026-05-26 04:09:59] 💓 心跳正常 (PID: 32732)
[2026-05-26 04:10:09] 💓 心跳正常 (PID: 32732)
[2026-05-26 04:10:19] 💓 心跳正常 (PID: 32732)
[2026-05-26 04:10:29] 💓 心跳正常 (PID: 32732)
[2026-05-26 04:10:40] 💓 心跳正常 (PID: 32732)
[2026-05-26 04:10:50] 💓 心跳正常 (PID: 32732)
[2026-05-26 04:11:00] 💓 心跳正常 (PID: 32732)
[2026-05-26 04:11:10] 💓 心跳正常 (PID: 32732)
[2026-05-26 04:11:21] 💓 心跳正常 (PID: 32732)
[2026-05-26 04:11:31] 💓 心跳正常 (PID: 32732)
[2026-05-26 04:11:41] 💓 心跳正常 (PID: 32732)
[2026-05-26 04:11:51] 💓 心跳正常 (PID: 32732)
[2026-05-26 04:12:02] 💓 心跳正常 (PID: 32732)
[2026-05-26 04:12:12] 💓 心跳正常 (PID: 32732)
[2026-05-26 04:12:22] 💓 心跳正常 (PID: 32732)
[2026-05-26 04:12:32] 💓 心跳正常 (PID: 32732)
[2026-05-26 04:12:43] 💓 心跳正常 (PID: 32732)
[2026-05-26 04:12:53] 💓 心跳正常 (PID: 32732)
[2026-05-26 04:13:03] 💓 心跳正常 (PID: 32732)
[2026-05-26 04:13:14] 💓 心跳正常 (PID: 32732)
[2026-05-26 04:13:24] 💓 心跳正常 (PID: 32732)
[2026-05-26 04:13:34] 💓 心跳正常 (PID: 32732)
[2026-05-26 04:13:44] 💓 心跳正常 (PID: 32732)
[2026-05-26 04:13:54] 💓 心跳正常 (PID: 32732)
[2026-05-26 04:14:05] 💓 心跳正常 (PID: 32732)
[2026-05-26 04:14:15] 💓 心跳正常 (PID: 32732)
[2026-05-26 04:14:25] 💓 心跳正常 (PID: 32732)
[2026-05-26 04:14:36] 💓 心跳正常 (PID: 32732)
[2026-05-26 04:14:46] 💓 心跳正常 (PID: 32732)
[2026-05-26 04:14:56] 💓 心跳正常 (PID: 32732)
[2026-05-26 04:15:07] 💓 心跳正常 (PID: 32732)
[2026-05-26 04:15:17] 💓 心跳正常 (PID: 32732)
[2026-05-26 04:15:27] 💓 心跳正常 (PID: 32732)
[2026-05-26 04:15:38] 💓 心跳正常 (PID: 32732)
[2026-05-26 04:15:48] 💓 心跳正常 (PID: 32732)
[2026-05-26 04:15:58] 💓 心跳正常 (PID: 32732)
[2026-05-26 04:16:08] 💓 心跳正常 (PID: 32732)
[2026-05-26 04:16:19] 💓 心跳正常 (PID: 32732)
[2026-05-26 04:16:29] 💓 心跳正常 (PID: 32732)
[2026-05-26 04:16:39] 💓 心跳正常 (PID: 32732)
[2026-05-26 04:16:50] 💓 心跳正常 (PID: 32732)
[2026-05-26 04:17:00] 💓 心跳正常 (PID: 32732)
[2026-05-26 04:17:10] 💓 心跳正常 (PID: 32732)
[2026-05-26 04:17:21] 💓 心跳正常 (PID: 32732)
[2026-05-26 04:17:31] 💓 心跳正常 (PID: 32732)
[2026-05-26 04:17:41] 💓 心跳正常 (PID: 32732)
[2026-05-26 04:17:51] 💓 心跳正常 (PID: 32732)
[2026-05-26 04:18:02] 💓 心跳正常 (PID: 32732)
[2026-05-26 04:18:12] 💓 心跳正常 (PID: 32732)
[2026-05-26 04:18:22] 💓 心跳正常 (PID: 32732)
[2026-05-26 04:18:33] 💓 心跳正常 (PID: 32732)
[2026-05-26 04:18:43] 💓 心跳正常 (PID: 32732)
[2026-05-26 04:18:53] 💓 心跳正常 (PID: 32732)
[2026-05-26 04:19:03] 💓 心跳正常 (PID: 32732)
[2026-05-26 04:19:14] 💓 心跳正常 (PID: 32732)
[2026-05-26 04:19:24] 💓 心跳正常 (PID: 32732)
[2026-05-26 04:19:34] 💓 心跳正常 (PID: 32732)
[2026-05-26 04:19:45] 💓 心跳正常 (PID: 32732)
[2026-05-26 04:19:55] 💓 心跳正常 (PID: 32732)
[2026-05-26 04:20:06] 💓 心跳正常 (PID: 32732)
[2026-05-26 04:20:16] 💓 心跳正常 (PID: 32732)
[2026-05-26 04:20:26] 💓 心跳正常 (PID: 32732)
[2026-05-26 04:20:36] 💓 心跳正常 (PID: 32732)
[2026-05-26 04:20:47] 💓 心跳正常 (PID: 32732)
[2026-05-26 04:20:57] 💓 心跳正常 (PID: 32732)
[2026-05-26 04:21:07] 💓 心跳正常 (PID: 32732)
[2026-05-26 04:21:18] 💓 心跳正常 (PID: 32732)
[2026-05-26 04:21:28] 💓 心跳正常 (PID: 32732)
[2026-05-26 04:21:39] 💓 心跳正常 (PID: 32732)
[2026-05-26 04:21:49] 💓 心跳正常 (PID: 32732)
[2026-05-26 04:21:59] 💓 心跳正常 (PID: 32732)
[2026-05-26 04:22:09] 💓 心跳正常 (PID: 32732)
[2026-05-26 04:22:20] 💓 心跳正常 (PID: 32732)
[2026-05-26 04:22:30] 💓 心跳正常 (PID: 32732)
[2026-05-26 04:22:40] 💓 心跳正常 (PID: 32732)
[2026-05-26 04:22:51] 💓 心跳正常 (PID: 32732)
[2026-05-26 04:23:01] 💓 心跳正常 (PID: 32732)
[2026-05-26 04:23:12] 💓 心跳正常 (PID: 32732)
[2026-05-26 04:23:22] 💓 心跳正常 (PID: 32732)
[2026-05-26 04:23:32] 💓 心跳正常 (PID: 32732)
[2026-05-26 04:23:42] 💓 心跳正常 (PID: 32732)
[2026-05-26 04:23:53] 💓 心跳正常 (PID: 32732)
[2026-05-26 04:24:03] 💓 心跳正常 (PID: 32732)
[2026-05-26 04:24:13] 💓 心跳正常 (PID: 32732)
[2026-05-26 04:24:24] 💓 心跳正常 (PID: 32732)
[2026-05-26 04:24:34] 💓 心跳正常 (PID: 32732)
[2026-05-26 04:24:44] 💓 心跳正常 (PID: 32732)
[2026-05-26 04:24:55] 💓 心跳正常 (PID: 32732)
[2026-05-26 04:25:05] 💓 心跳正常 (PID: 32732)
[2026-05-26 04:25:15] 💓 心跳正常 (PID: 32732)
[2026-05-26 04:25:25] 💓 心跳正常 (PID: 32732)
[2026-05-26 04:25:36] 💓 心跳正常 (PID: 32732)
[2026-05-26 04:25:46] 💓 心跳正常 (PID: 32732)
[2026-05-26 04:25:57] 💓 心跳正常 (PID: 32732)
[2026-05-26 04:26:07] 💓 心跳正常 (PID: 32732)
[2026-05-26 04:26:17] 💓 心跳正常 (PID: 32732)
[2026-05-26 04:26:27] 💓 心跳正常 (PID: 32732)
[2026-05-26 04:26:37] 💓 心跳正常 (PID: 32732)
[2026-05-26 04:26:48] 💓 心跳正常 (PID: 32732)
[2026-05-26 04:26:58] 💓 心跳正常 (PID: 32732)
[2026-05-26 04:27:08] 💓 心跳正常 (PID: 32732)
[2026-05-26 04:27:18] 💓 心跳正常 (PID: 32732)
[2026-05-26 04:27:28] 💓 心跳正常 (PID: 32732)
[2026-05-26 04:27:38] 💓 心跳正常 (PID: 32732)
[2026-05-26 04:27:49] 💓 心跳正常 (PID: 32732)
[2026-05-26 04:27:59] 💓 心跳正常 (PID: 32732)
[2026-05-26 04:28:09] 💓 心跳正常 (PID: 32732)
[2026-05-26 04:28:19] 💓 心跳正常 (PID: 32732)
[2026-05-26 04:28:30] 💓 心跳正常 (PID: 32732)
[2026-05-26 04:28:40] 💓 心跳正常 (PID: 32732)
[2026-05-26 04:28:51] 💓 心跳正常 (PID: 32732)
[2026-05-26 04:29:01] 💓 心跳正常 (PID: 32732)
[2026-05-26 04:29:11] 💓 心跳正常 (PID: 32732)
[2026-05-26 04:29:22] 💓 心跳正常 (PID: 32732)
[2026-05-26 04:29:32] 💓 心跳正常 (PID: 32732)
[2026-05-26 04:29:43] 💓 心跳正常 (PID: 32732)
[2026-05-26 04:29:53] 💓 心跳正常 (PID: 32732)
[2026-05-26 04:30:03] 💓 心跳正常 (PID: 32732)
[2026-05-26 04:30:14] 💓 心跳正常 (PID: 32732)
[2026-05-26 04:30:24] 💓 心跳正常 (PID: 32732)
[2026-05-26 04:30:34] 💓 心跳正常 (PID: 32732)
[2026-05-26 04:30:44] 💓 心跳正常 (PID: 32732)
[2026-05-26 04:30:54] 💓 心跳正常 (PID: 32732)
[2026-05-26 04:31:05] 💓 心跳正常 (PID: 32732)
[2026-05-26 04:31:15] 💓 心跳正常 (PID: 32732)
[2026-05-26 04:31:25] 💓 心跳正常 (PID: 32732)
[2026-05-26 04:31:36] 💓 心跳正常 (PID: 32732)
[2026-05-26 04:31:46] 💓 心跳正常 (PID: 32732)
[2026-05-26 04:31:56] 💓 心跳正常 (PID: 32732)
[2026-05-26 04:32:07] 💓 心跳正常 (PID: 32732)
[2026-05-26 04:32:17] 💓 心跳正常 (PID: 32732)
[2026-05-26 04:32:27] 💓 心跳正常 (PID: 32732)
[2026-05-26 04:32:38] 💓 心跳正常 (PID: 32732)
[2026-05-26 04:32:48] 💓 心跳正常 (PID: 32732)
[2026-05-26 04:32:58] 💓 心跳正常 (PID: 32732)
[2026-05-26 04:33:09] 💓 心跳正常 (PID: 32732)
[2026-05-26 04:33:19] 💓 心跳正常 (PID: 32732)
[2026-05-26 04:33:30] 💓 心跳正常 (PID: 32732)
[2026-05-26 04:33:40] 💓 心跳正常 (PID: 32732)
[2026-05-26 04:33:50] 💓 心跳正常 (PID: 32732)
[2026-05-26 04:34:00] 💓 心跳正常 (PID: 32732)
[2026-05-26 04:34:11] 💓 心跳正常 (PID: 32732)
[2026-05-26 04:34:21] 💓 心跳正常 (PID: 32732)
[2026-05-26 04:34:31] 💓 心跳正常 (PID: 32732)
[2026-05-26 04:34:42] 💓 心跳正常 (PID: 32732)
[2026-05-26 04:34:52] 💓 心跳正常 (PID: 32732)
[2026-05-26 04:35:02] 💓 心跳正常 (PID: 32732)
[2026-05-26 04:35:12] 💓 心跳正常 (PID: 32732)
[2026-05-26 04:35:22] 💓 心跳正常 (PID: 32732)
[2026-05-26 04:35:33] 💓 心跳正常 (PID: 32732)
[2026-05-26 04:35:43] 💓 心跳正常 (PID: 32732)
[2026-05-26 04:35:53] 💓 心跳正常 (PID: 32732)
[2026-05-26 04:36:03] 💓 心跳正常 (PID: 32732)
[2026-05-26 04:36:14] 💓 心跳正常 (PID: 32732)
[2026-05-26 04:36:24] 💓 心跳正常 (PID: 32732)
[2026-05-26 04:36:34] 💓 心跳正常 (PID: 32732)
[2026-05-26 04:36:44] 💓 心跳正常 (PID: 32732)
[2026-05-26 04:36:55] 💓 心跳正常 (PID: 32732)
[2026-05-26 04:37:05] 💓 心跳正常 (PID: 32732)
[2026-05-26 04:37:15] 💓 心跳正常 (PID: 32732)
[2026-05-26 04:37:25] 💓 心跳正常 (PID: 32732)
[2026-05-26 04:37:36] 💓 心跳正常 (PID: 32732)
[2026-05-26 04:37:46] 💓 心跳正常 (PID: 32732)
[2026-05-26 04:37:56] 💓 心跳正常 (PID: 32732)
[2026-05-26 04:38:07] 💓 心跳正常 (PID: 32732)
[2026-05-26 04:38:17] 💓 心跳正常 (PID: 32732)
[2026-05-26 04:38:27] 💓 心跳正常 (PID: 32732)
[2026-05-26 04:38:38] 💓 心跳正常 (PID: 32732)
[2026-05-26 04:38:48] 💓 心跳正常 (PID: 32732)
[2026-05-26 04:38:58] 💓 心跳正常 (PID: 32732)
[2026-05-26 04:39:08] 💓 心跳正常 (PID: 32732)
[2026-05-26 04:39:19] 💓 心跳正常 (PID: 32732)
[2026-05-26 04:39:29] 💓 心跳正常 (PID: 32732)
[2026-05-26 04:39:39] 💓 心跳正常 (PID: 32732)
[2026-05-26 04:39:50] 📁 交易日志 /root/.openclaw/logs/trading/monitor.log (2.6MB)，>10MB 时自动归档至 logs/trading/archive/
[2026-05-26 04:39:50] 💓 心跳正常 (PID: 32732)
[2026-05-26 04:40:00] 💓 心跳正常 (PID: 32732)
[2026-05-26 04:40:11] 💓 心跳正常 (PID: 32732)
[2026-05-26 04:40:21] 💓 心跳正常 (PID: 32732)
[2026-05-26 04:40:31] 💓 心跳正常 (PID: 32732)
[2026-05-26 04:40:41] 💓 心跳正常 (PID: 32732)
[2026-05-26 04:40:52] 💓 心跳正常 (PID: 32732)
[2026-05-26 04:41:02] 💓 心跳正常 (PID: 32732)
[2026-05-26 04:41:12] 💓 心跳正常 (PID: 32732)
[2026-05-26 04:41:23] 💓 心跳正常 (PID: 32732)
[2026-05-26 04:41:33] 💓 心跳正常 (PID: 32732)
[2026-05-26 04:41:43] 💓 心跳正常 (PID: 32732)
[2026-05-26 04:41:53] 💓 心跳正常 (PID: 32732)
[2026-05-26 04:42:04] 💓 心跳正常 (PID: 32732)
[2026-05-26 04:42:14] 💓 心跳正常 (PID: 32732)
[2026-05-26 04:42:24] 💓 心跳正常 (PID: 32732)
[2026-05-26 04:42:34] 💓 心跳正常 (PID: 32732)
[2026-05-26 04:42:45] 💓 心跳正常 (PID: 32732)
[2026-05-26 04:42:55] 💓 心跳正常 (PID: 32732)
[2026-05-26 04:43:06] 💓 心跳正常 (PID: 32732)
[2026-05-26 04:43:16] 💓 心跳正常 (PID: 32732)
[2026-05-26 04:43:26] 💓 心跳正常 (PID: 32732)
[2026-05-26 04:43:37] 💓 心跳正常 (PID: 32732)
[2026-05-26 04:43:47] 💓 心跳正常 (PID: 32732)
[2026-05-26 04:43:58] 💓 心跳正常 (PID: 32732)
[2026-05-26 04:44:08] 💓 心跳正常 (PID: 32732)
[2026-05-26 04:44:18] 💓 心跳正常 (PID: 32732)
[2026-05-26 04:44:28] 💓 心跳正常 (PID: 32732)
[2026-05-26 04:44:38] 💓 心跳正常 (PID: 32732)
[2026-05-26 04:44:49] 💓 心跳正常 (PID: 32732)
[2026-05-26 04:44:59] 💓 心跳正常 (PID: 32732)
[2026-05-26 04:45:09] 💓 心跳正常 (PID: 32732)
[2026-05-26 04:45:20] 💓 心跳正常 (PID: 32732)
[2026-05-26 04:45:30] 💓 心跳正常 (PID: 32732)
[2026-05-26 04:45:40] 💓 心跳正常 (PID: 32732)
[2026-05-26 04:45:51] 💓 心跳正常 (PID: 32732)
[2026-05-26 04:46:01] 💓 心跳正常 (PID: 32732)
[2026-05-26 04:46:11] 💓 心跳正常 (PID: 32732)
[2026-05-26 04:46:22] 💓 心跳正常 (PID: 32732)
[2026-05-26 04:46:32] 💓 心跳正常 (PID: 32732)
[2026-05-26 04:46:42] 💓 心跳正常 (PID: 32732)
[2026-05-26 04:46:53] 💓 心跳正常 (PID: 32732)
[2026-05-26 04:47:03] 💓 心跳正常 (PID: 32732)
[2026-05-26 04:47:13] 💓 心跳正常 (PID: 32732)
[2026-05-26 04:47:23] 💓 心跳正常 (PID: 32732)
[2026-05-26 04:47:34] 💓 心跳正常 (PID: 32732)
[2026-05-26 04:47:44] 💓 心跳正常 (PID: 32732)
[2026-05-26 04:47:54] 💓 心跳正常 (PID: 32732)
[2026-05-26 04:48:05] 💓 心跳正常 (PID: 32732)
[2026-05-26 04:48:15] 💓 心跳正常 (PID: 32732)
[2026-05-26 04:48:26] 💓 心跳正常 (PID: 32732)
[2026-05-26 04:48:36] 💓 心跳正常 (PID: 32732)
[2026-05-26 04:48:46] 💓 心跳正常 (PID: 32732)
[2026-05-26 04:48:56] 💓 心跳正常 (PID: 32732)
[2026-05-26 04:49:07] 💓 心跳正常 (PID: 32732)
[2026-05-26 04:49:17] 💓 心跳正常 (PID: 32732)
[2026-05-26 04:49:27] 💓 心跳正常 (PID: 32732)
[2026-05-26 04:49:38] 💓 心跳正常 (PID: 32732)
[2026-05-26 04:49:48] 💓 心跳正常 (PID: 32732)
[2026-05-26 04:49:58] 💓 心跳正常 (PID: 32732)
[2026-05-26 04:50:09] 💓 心跳正常 (PID: 32732)
[2026-05-26 04:50:19] 💓 心跳正常 (PID: 32732)
[2026-05-26 04:50:29] 💓 心跳正常 (PID: 32732)
[2026-05-26 04:50:39] 💓 心跳正常 (PID: 32732)
[2026-05-26 04:50:50] 💓 心跳正常 (PID: 32732)
[2026-05-26 04:51:00] 💓 心跳正常 (PID: 32732)
[2026-05-26 04:51:11] 💓 心跳正常 (PID: 32732)
[2026-05-26 04:51:21] 💓 心跳正常 (PID: 32732)
[2026-05-26 04:51:31] 💓 心跳正常 (PID: 32732)
[2026-05-26 04:51:41] 💓 心跳正常 (PID: 32732)
[2026-05-26 04:51:52] 💓 心跳正常 (PID: 32732)
[2026-05-26 04:52:02] 💓 心跳正常 (PID: 32732)
[2026-05-26 04:52:12] 💓 心跳正常 (PID: 32732)
[2026-05-26 04:52:23] 💓 心跳正常 (PID: 32732)
[2026-05-26 04:52:33] 💓 心跳正常 (PID: 32732)
[2026-05-26 04:52:43] 💓 心跳正常 (PID: 32732)
[2026-05-26 04:52:54] 💓 心跳正常 (PID: 32732)
[2026-05-26 04:53:04] 💓 心跳正常 (PID: 32732)
[2026-05-26 04:53:14] 💓 心跳正常 (PID: 32732)
[2026-05-26 04:53:25] 💓 心跳正常 (PID: 32732)
[2026-05-26 04:53:35] 💓 心跳正常 (PID: 32732)
[2026-05-26 04:53:46] 💓 心跳正常 (PID: 32732)
[2026-05-26 04:53:56] 💓 心跳正常 (PID: 32732)
[2026-05-26 04:54:06] 💓 心跳正常 (PID: 32732)
[2026-05-26 04:54:16] 💓 心跳正常 (PID: 32732)
[2026-05-26 04:54:27] 💓 心跳正常 (PID: 32732)
[2026-05-26 04:54:37] 💓 心跳正常 (PID: 32732)
[2026-05-26 04:54:47] 💓 心跳正常 (PID: 32732)
[2026-05-26 04:54:58] 💓 心跳正常 (PID: 32732)
[2026-05-26 04:55:08] 💓 心跳正常 (PID: 32732)
[2026-05-26 04:55:18] 💓 心跳正常 (PID: 32732)
[2026-05-26 04:55:28] 💓 心跳正常 (PID: 32732)
[2026-05-26 04:55:39] 💓 心跳正常 (PID: 32732)
[2026-05-26 04:55:49] 💓 心跳正常 (PID: 32732)
[2026-05-26 04:55:59] 💓 心跳正常 (PID: 32732)
[2026-05-26 04:56:10] 💓 心跳正常 (PID: 32732)
[2026-05-26 04:56:20] 💓 心跳正常 (PID: 32732)
[2026-05-26 04:56:30] 💓 心跳正常 (PID: 32732)
[2026-05-26 04:56:41] 💓 心跳正常 (PID: 32732)
[2026-05-26 04:56:51] 💓 心跳正常 (PID: 32732)
[2026-05-26 04:57:01] 💓 心跳正常 (PID: 32732)
[2026-05-26 04:57:11] 💓 心跳正常 (PID: 32732)
[2026-05-26 04:57:21] 💓 心跳正常 (PID: 32732)
[2026-05-26 04:57:32] 💓 心跳正常 (PID: 32732)
[2026-05-26 04:57:42] 💓 心跳正常 (PID: 32732)
[2026-05-26 04:57:52] 💓 心跳正常 (PID: 32732)
[2026-05-26 04:58:03] 💓 心跳正常 (PID: 32732)
[2026-05-26 04:58:13] 💓 心跳正常 (PID: 32732)
[2026-05-26 04:58:23] 💓 心跳正常 (PID: 32732)
[2026-05-26 04:58:33] 💓 心跳正常 (PID: 32732)
[2026-05-26 04:58:44] 💓 心跳正常 (PID: 32732)
[2026-05-26 04:58:54] 💓 心跳正常 (PID: 32732)
[2026-05-26 04:59:04] 💓 心跳正常 (PID: 32732)
[2026-05-26 04:59:14] 💓 心跳正常 (PID: 32732)
[2026-05-26 04:59:25] 💓 心跳正常 (PID: 32732)
[2026-05-26 04:59:35] 💓 心跳正常 (PID: 32732)
[2026-05-26 04:59:45] 💓 心跳正常 (PID: 32732)
[2026-05-26 04:59:55] 💓 心跳正常 (PID: 32732)
[2026-05-26 05:00:06] 💓 心跳正常 (PID: 32732)
[2026-05-26 05:00:16] 💓 心跳正常 (PID: 32732)
[2026-05-26 05:00:26] 💓 心跳正常 (PID: 32732)
[2026-05-26 05:00:36] 💓 心跳正常 (PID: 32732)
[2026-05-26 05:00:47] 💓 心跳正常 (PID: 32732)
[2026-05-26 05:00:57] 💓 心跳正常 (PID: 32732)
[2026-05-26 05:01:08] 💓 心跳正常 (PID: 32732)
[2026-05-26 05:01:18] 💓 心跳正常 (PID: 32732)
[2026-05-26 05:01:28] 💓 心跳正常 (PID: 32732)
[2026-05-26 05:01:39] 💓 心跳正常 (PID: 32732)
[2026-05-26 05:01:49] 💓 心跳正常 (PID: 32732)
[2026-05-26 05:01:59] 💓 心跳正常 (PID: 32732)
[2026-05-26 05:02:10] 💓 心跳正常 (PID: 32732)
[2026-05-26 05:02:20] 💓 心跳正常 (PID: 32732)
[2026-05-26 05:02:30] 💓 心跳正常 (PID: 32732)
[2026-05-26 05:02:41] 💓 心跳正常 (PID: 32732)
[2026-05-26 05:02:51] 💓 心跳正常 (PID: 32732)
[2026-05-26 05:03:02] 💓 心跳正常 (PID: 32732)
[2026-05-26 05:03:12] 💓 心跳正常 (PID: 32732)
[2026-05-26 05:03:22] 💓 心跳正常 (PID: 32732)
[2026-05-26 05:03:33] 💓 心跳正常 (PID: 32732)
[2026-05-26 05:03:43] 💓 心跳正常 (PID: 32732)
[2026-05-26 05:03:53] 💓 心跳正常 (PID: 32732)
[2026-05-26 05:04:04] 💓 心跳正常 (PID: 32732)
[2026-05-26 05:04:14] 💓 心跳正常 (PID: 32732)
[2026-05-26 05:04:25] 💓 心跳正常 (PID: 32732)
[2026-05-26 05:04:35] 💓 心跳正常 (PID: 32732)
[2026-05-26 05:04:45] 💓 心跳正常 (PID: 32732)
[2026-05-26 05:04:55] 💓 心跳正常 (PID: 32732)
[2026-05-26 05:05:06] 💓 心跳正常 (PID: 32732)
[2026-05-26 05:05:16] 💓 心跳正常 (PID: 32732)
[2026-05-26 05:05:26] 💓 心跳正常 (PID: 32732)
[2026-05-26 05:05:37] 💓 心跳正常 (PID: 32732)
[2026-05-26 05:05:47] 💓 心跳正常 (PID: 32732)
[2026-05-26 05:05:57] 💓 心跳正常 (PID: 32732)
[2026-05-26 05:06:08] 💓 心跳正常 (PID: 32732)
[2026-05-26 05:06:18] 💓 心跳正常 (PID: 32732)
[2026-05-26 05:06:28] 💓 心跳正常 (PID: 32732)
[2026-05-26 05:06:39] 💓 心跳正常 (PID: 32732)
[2026-05-26 05:06:49] 💓 心跳正常 (PID: 32732)
[2026-05-26 05:06:59] 💓 心跳正常 (PID: 32732)
[2026-05-26 05:07:09] 💓 心跳正常 (PID: 32732)
[2026-05-26 05:07:19] 💓 心跳正常 (PID: 32732)
[2026-05-26 05:07:30] 💓 心跳正常 (PID: 32732)
[2026-05-26 05:07:40] 💓 心跳正常 (PID: 32732)
[2026-05-26 05:07:51] 💓 心跳正常 (PID: 32732)
[2026-05-26 05:08:01] 💓 心跳正常 (PID: 32732)
[2026-05-26 05:08:11] 💓 心跳正常 (PID: 32732)
[2026-05-26 05:08:21] 💓 心跳正常 (PID: 32732)
[2026-05-26 05:08:32] 💓 心跳正常 (PID: 32732)
[2026-05-26 05:08:42] 💓 心跳正常 (PID: 32732)
[2026-05-26 05:08:53] 💓 心跳正常 (PID: 32732)
[2026-05-26 05:09:03] 💓 心跳正常 (PID: 32732)
[2026-05-26 05:09:13] 💓 心跳正常 (PID: 32732)
[2026-05-26 05:09:24] 💓 心跳正常 (PID: 32732)
[2026-05-26 05:09:34] 💓 心跳正常 (PID: 32732)
[2026-05-26 05:09:44] 💓 心跳正常 (PID: 32732)
[2026-05-26 05:09:55] 💓 心跳正常 (PID: 32732)
[2026-05-26 05:10:05] 💓 心跳正常 (PID: 32732)
[2026-05-26 05:10:15] 💓 心跳正常 (PID: 32732)
[2026-05-26 05:10:25] 💓 心跳正常 (PID: 32732)
[2026-05-26 05:10:36] 💓 心跳正常 (PID: 32732)
[2026-05-26 05:10:46] 💓 心跳正常 (PID: 32732)
[2026-05-26 05:10:57] 💓 心跳正常 (PID: 32732)
[2026-05-26 05:11:07] 💓 心跳正常 (PID: 32732)
[2026-05-26 05:11:17] 💓 心跳正常 (PID: 32732)
[2026-05-26 05:11:28] 💓 心跳正常 (PID: 32732)
[2026-05-26 05:11:38] 💓 心跳正常 (PID: 32732)
[2026-05-26 05:11:48] 💓 心跳正常 (PID: 32732)
[2026-05-26 05:11:58] 💓 心跳正常 (PID: 32732)
[2026-05-26 05:12:08] 💓 心跳正常 (PID: 32732)
[2026-05-26 05:12:19] 💓 心跳正常 (PID: 32732)
[2026-05-26 05:12:29] 💓 心跳正常 (PID: 32732)
[2026-05-26 05:12:39] 💓 心跳正常 (PID: 32732)
[2026-05-26 05:12:50] 💓 心跳正常 (PID: 32732)
[2026-05-26 05:13:00] 💓 心跳正常 (PID: 32732)
[2026-05-26 05:13:10] 💓 心跳正常 (PID: 32732)
[2026-05-26 05:13:21] 💓 心跳正常 (PID: 32732)
[2026-05-26 05:13:31] 💓 心跳正常 (PID: 32732)
[2026-05-26 05:13:41] 💓 心跳正常 (PID: 32732)
[2026-05-26 05:13:51] 💓 心跳正常 (PID: 32732)
[2026-05-26 05:14:02] 💓 心跳正常 (PID: 32732)
[2026-05-26 05:14:12] 💓 心跳正常 (PID: 32732)
[2026-05-26 05:14:22] 💓 心跳正常 (PID: 32732)
[2026-05-26 05:14:33] 💓 心跳正常 (PID: 32732)
[2026-05-26 05:14:43] 💓 心跳正常 (PID: 32732)
[2026-05-26 05:14:53] 💓 心跳正常 (PID: 32732)
[2026-05-26 05:15:03] 💓 心跳正常 (PID: 32732)
[2026-05-26 05:15:14] 💓 心跳正常 (PID: 32732)
[2026-05-26 05:15:24] 💓 心跳正常 (PID: 32732)
[2026-05-26 05:15:34] 💓 心跳正常 (PID: 32732)
[2026-05-26 05:15:44] 💓 心跳正常 (PID: 32732)
[2026-05-26 05:15:55] 💓 心跳正常 (PID: 32732)
[2026-05-26 05:16:05] 💓 心跳正常 (PID: 32732)
[2026-05-26 05:16:15] 💓 心跳正常 (PID: 32732)
[2026-05-26 05:16:26] 💓 心跳正常 (PID: 32732)
[2026-05-26 05:16:36] 💓 心跳正常 (PID: 32732)
[2026-05-26 05:16:46] 💓 心跳正常 (PID: 32732)
[2026-05-26 05:16:57] 💓 心跳正常 (PID: 32732)
[2026-05-26 05:17:07] 💓 心跳正常 (PID: 32732)
[2026-05-26 05:17:18] 💓 心跳正常 (PID: 32732)
[2026-05-26 05:17:28] 💓 心跳正常 (PID: 32732)
[2026-05-26 05:17:38] 💓 心跳正常 (PID: 32732)
[2026-05-26 05:17:48] 💓 心跳正常 (PID: 32732)
[2026-05-26 05:17:59] 💓 心跳正常 (PID: 32732)
[2026-05-26 05:18:09] 💓 心跳正常 (PID: 32732)
[2026-05-26 05:18:19] 💓 心跳正常 (PID: 32732)
[2026-05-26 05:18:29] 💓 心跳正常 (PID: 32732)
[2026-05-26 05:18:40] 💓 心跳正常 (PID: 32732)
[2026-05-26 05:18:50] 💓 心跳正常 (PID: 32732)
[2026-05-26 05:19:00] 💓 心跳正常 (PID: 32732)
[2026-05-26 05:19:11] 💓 心跳正常 (PID: 32732)
[2026-05-26 05:19:21] 💓 心跳正常 (PID: 32732)
[2026-05-26 05:19:31] 💓 心跳正常 (PID: 32732)
[2026-05-26 05:19:41] 💓 心跳正常 (PID: 32732)
[2026-05-26 05:19:52] 💓 心跳正常 (PID: 32732)
[2026-05-26 05:20:02] 💓 心跳正常 (PID: 32732)
[2026-05-26 05:20:12] 💓 心跳正常 (PID: 32732)
[2026-05-26 05:20:23] 💓 心跳正常 (PID: 32732)
[2026-05-26 05:20:33] 💓 心跳正常 (PID: 32732)
[2026-05-26 05:20:43] 💓 心跳正常 (PID: 32732)
[2026-05-26 05:20:54] 💓 心跳正常 (PID: 32732)
[2026-05-26 05:21:04] 💓 心跳正常 (PID: 32732)
[2026-05-26 05:21:14] 💓 心跳正常 (PID: 32732)
[2026-05-26 05:21:25] 💓 心跳正常 (PID: 32732)
[2026-05-26 05:21:35] 💓 心跳正常 (PID: 32732)
[2026-05-26 05:21:45] 💓 心跳正常 (PID: 32732)
[2026-05-26 05:21:55] 💓 心跳正常 (PID: 32732)
[2026-05-26 05:22:06] 💓 心跳正常 (PID: 32732)
[2026-05-26 05:22:16] 💓 心跳正常 (PID: 32732)
[2026-05-26 05:22:26] 💓 心跳正常 (PID: 32732)
[2026-05-26 05:22:37] 💓 心跳正常 (PID: 32732)
[2026-05-26 05:22:47] 💓 心跳正常 (PID: 32732)
[2026-05-26 05:22:57] 💓 心跳正常 (PID: 32732)
[2026-05-26 05:23:08] 💓 心跳正常 (PID: 32732)
[2026-05-26 05:23:18] 💓 心跳正常 (PID: 32732)
[2026-05-26 05:23:28] 💓 心跳正常 (PID: 32732)
[2026-05-26 05:23:38] 💓 心跳正常 (PID: 32732)
[2026-05-26 05:23:49] 💓 心跳正常 (PID: 32732)
[2026-05-26 05:23:59] 💓 心跳正常 (PID: 32732)
[2026-05-26 05:24:10] 💓 心跳正常 (PID: 32732)
[2026-05-26 05:24:20] 💓 心跳正常 (PID: 32732)
[2026-05-26 05:24:30] 💓 心跳正常 (PID: 32732)
[2026-05-26 05:24:40] 💓 心跳正常 (PID: 32732)
[2026-05-26 05:24:50] 💓 心跳正常 (PID: 32732)
[2026-05-26 05:25:01] 💓 心跳正常 (PID: 32732)
[2026-05-26 05:25:11] 💓 心跳正常 (PID: 32732)
[2026-05-26 05:25:21] 💓 心跳正常 (PID: 32732)
[2026-05-26 05:25:31] 💓 心跳正常 (PID: 32732)
[2026-05-26 05:25:41] 💓 心跳正常 (PID: 32732)
[2026-05-26 05:25:52] 💓 心跳正常 (PID: 32732)
[2026-05-26 05:26:02] 💓 心跳正常 (PID: 32732)
[2026-05-26 05:26:13] 💓 心跳正常 (PID: 32732)
[2026-05-26 05:26:23] 💓 心跳正常 (PID: 32732)
[2026-05-26 05:26:33] 💓 心跳正常 (PID: 32732)
[2026-05-26 05:26:43] 💓 心跳正常 (PID: 32732)
[2026-05-26 05:26:54] 💓 心跳正常 (PID: 32732)
[2026-05-26 05:27:04] 💓 心跳正常 (PID: 32732)
[2026-05-26 05:27:14] 💓 心跳正常 (PID: 32732)
[2026-05-26 05:27:25] 💓 心跳正常 (PID: 32732)
[2026-05-26 05:27:35] 💓 心跳正常 (PID: 32732)
[2026-05-26 05:27:46] 💓 心跳正常 (PID: 32732)
[2026-05-26 05:27:56] 💓 心跳正常 (PID: 32732)
[2026-05-26 05:28:06] 💓 心跳正常 (PID: 32732)
[2026-05-26 05:28:17] 💓 心跳正常 (PID: 32732)
[2026-05-26 05:28:27] 💓 心跳正常 (PID: 32732)
[2026-05-26 05:28:37] 💓 心跳正常 (PID: 32732)
[2026-05-26 05:28:48] 💓 心跳正常 (PID: 32732)
[2026-05-26 05:28:58] 💓 心跳正常 (PID: 32732)
[2026-05-26 05:29:08] 💓 心跳正常 (PID: 32732)
[2026-05-26 05:29:18] 💓 心跳正常 (PID: 32732)
[2026-05-26 05:29:28] 💓 心跳正常 (PID: 32732)
[2026-05-26 05:29:39] 💓 心跳正常 (PID: 32732)
[2026-05-26 05:29:49] 💓 心跳正常 (PID: 32732)
[2026-05-26 05:29:59] 💓 心跳正常 (PID: 32732)
[2026-05-26 05:30:10] 💓 心跳正常 (PID: 32732)
[2026-05-26 05:30:20] 💓 心跳正常 (PID: 32732)
[2026-05-26 05:30:30] 💓 心跳正常 (PID: 32732)
[2026-05-26 05:30:41] 💓 心跳正常 (PID: 32732)
[2026-05-26 05:30:51] 💓 心跳正常 (PID: 32732)
[2026-05-26 05:31:01] 💓 心跳正常 (PID: 32732)
[2026-05-26 05:31:12] 💓 心跳正常 (PID: 32732)
[2026-05-26 05:31:22] 💓 心跳正常 (PID: 32732)
[2026-05-26 05:31:32] 💓 心跳正常 (PID: 32732)
[2026-05-26 05:31:42] 💓 心跳正常 (PID: 32732)
[2026-05-26 05:31:53] 💓 心跳正常 (PID: 32732)
[2026-05-26 05:32:03] 💓 心跳正常 (PID: 32732)
[2026-05-26 05:32:13] 💓 心跳正常 (PID: 32732)
[2026-05-26 05:32:23] 💓 心跳正常 (PID: 32732)
[2026-05-26 05:32:34] 💓 心跳正常 (PID: 32732)
[2026-05-26 05:32:44] 💓 心跳正常 (PID: 32732)
[2026-05-26 05:32:54] 💓 心跳正常 (PID: 32732)
[2026-05-26 05:33:05] 💓 心跳正常 (PID: 32732)
[2026-05-26 05:33:15] 💓 心跳正常 (PID: 32732)
[2026-05-26 05:33:26] 💓 心跳正常 (PID: 32732)
[2026-05-26 05:33:36] 💓 心跳正常 (PID: 32732)
[2026-05-26 05:33:46] 💓 心跳正常 (PID: 32732)
[2026-05-26 05:33:56] 💓 心跳正常 (PID: 32732)
[2026-05-26 05:34:07] 💓 心跳正常 (PID: 32732)
[2026-05-26 05:34:17] 💓 心跳正常 (PID: 32732)
[2026-05-26 05:34:27] 💓 心跳正常 (PID: 32732)
[2026-05-26 05:34:37] 💓 心跳正常 (PID: 32732)
[2026-05-26 05:34:48] 💓 心跳正常 (PID: 32732)
[2026-05-26 05:34:58] 💓 心跳正常 (PID: 32732)
[2026-05-26 05:35:08] 💓 心跳正常 (PID: 32732)
[2026-05-26 05:35:18] 💓 心跳正常 (PID: 32732)
[2026-05-26 05:35:29] 💓 心跳正常 (PID: 32732)
[2026-05-26 05:35:39] 💓 心跳正常 (PID: 32732)
[2026-05-26 05:35:49] 💓 心跳正常 (PID: 32732)
[2026-05-26 05:35:59] 💓 心跳正常 (PID: 32732)
[2026-05-26 05:36:10] 💓 心跳正常 (PID: 32732)
[2026-05-26 05:36:20] 💓 心跳正常 (PID: 32732)
[2026-05-26 05:36:31] 💓 心跳正常 (PID: 32732)
[2026-05-26 05:36:41] 💓 心跳正常 (PID: 32732)
[2026-05-26 05:36:51] 💓 心跳正常 (PID: 32732)
[2026-05-26 05:37:01] 💓 心跳正常 (PID: 32732)
[2026-05-26 05:37:12] 💓 心跳正常 (PID: 32732)
[2026-05-26 05:37:22] 💓 心跳正常 (PID: 32732)
[2026-05-26 05:37:32] 💓 心跳正常 (PID: 32732)
[2026-05-26 05:37:43] 💓 心跳正常 (PID: 32732)
[2026-05-26 05:37:53] 💓 心跳正常 (PID: 32732)
[2026-05-26 05:38:03] 💓 心跳正常 (PID: 32732)
[2026-05-26 05:38:14] 💓 心跳正常 (PID: 32732)
[2026-05-26 05:38:24] 💓 心跳正常 (PID: 32732)
[2026-05-26 05:38:34] 💓 心跳正常 (PID: 32732)
[2026-05-26 05:38:44] 💓 心跳正常 (PID: 32732)
[2026-05-26 05:38:55] 💓 心跳正常 (PID: 32732)
[2026-05-26 05:39:05] 💓 心跳正常 (PID: 32732)
[2026-05-26 05:39:15] 💓 心跳正常 (PID: 32732)
[2026-05-26 05:39:26] 💓 心跳正常 (PID: 32732)
[2026-05-26 05:39:36] 💓 心跳正常 (PID: 32732)
[2026-05-26 05:39:46] 💓 心跳正常 (PID: 32732)
[2026-05-26 05:39:56] 📁 交易日志 /root/.openclaw/logs/trading/monitor.log (2.9MB)，>10MB 时自动归档至 logs/trading/archive/
[2026-05-26 05:39:56] 💓 心跳正常 (PID: 32732)
[2026-05-26 05:40:07] 💓 心跳正常 (PID: 32732)
[2026-05-26 05:40:17] 💓 心跳正常 (PID: 32732)
[2026-05-26 05:40:27] 💓 心跳正常 (PID: 32732)
[2026-05-26 05:40:37] 💓 心跳正常 (PID: 32732)
[2026-05-26 05:40:47] 💓 心跳正常 (PID: 32732)
[2026-05-26 05:40:58] 💓 心跳正常 (PID: 32732)
[2026-05-26 05:41:08] 💓 心跳正常 (PID: 32732)
[2026-05-26 05:41:18] 💓 心跳正常 (PID: 32732)
[2026-05-26 05:41:28] 💓 心跳正常 (PID: 32732)
[2026-05-26 05:41:38] 💓 心跳正常 (PID: 32732)
[2026-05-26 05:41:49] 💓 心跳正常 (PID: 32732)
[2026-05-26 05:41:59] 💓 心跳正常 (PID: 32732)
[2026-05-26 05:42:09] 💓 心跳正常 (PID: 32732)
[2026-05-26 05:42:20] 💓 心跳正常 (PID: 32732)
[2026-05-26 05:42:30] 💓 心跳正常 (PID: 32732)
[2026-05-26 05:42:41] 💓 心跳正常 (PID: 32732)
[2026-05-26 05:42:51] 💓 心跳正常 (PID: 32732)
[2026-05-26 05:43:01] 💓 心跳正常 (PID: 32732)
[2026-05-26 05:43:11] 💓 心跳正常 (PID: 32732)
[2026-05-26 05:43:22] 💓 心跳正常 (PID: 32732)
[2026-05-26 05:43:32] 💓 心跳正常 (PID: 32732)
[2026-05-26 05:43:42] 💓 心跳正常 (PID: 32732)
[2026-05-26 05:43:52] 💓 心跳正常 (PID: 32732)
[2026-05-26 05:44:03] 💓 心跳正常 (PID: 32732)
[2026-05-26 05:44:13] 💓 心跳正常 (PID: 32732)
[2026-05-26 05:44:23] 💓 心跳正常 (PID: 32732)
[2026-05-26 05:44:33] 💓 心跳正常 (PID: 32732)
[2026-05-26 05:44:44] 💓 心跳正常 (PID: 32732)
[2026-05-26 05:44:54] 💓 心跳正常 (PID: 32732)
[2026-05-26 05:45:04] 💓 心跳正常 (PID: 32732)
[2026-05-26 05:45:14] 💓 心跳正常 (PID: 32732)
[2026-05-26 05:45:25] 💓 心跳正常 (PID: 32732)
[2026-05-26 05:45:35] 💓 心跳正常 (PID: 32732)
[2026-05-26 05:45:45] 💓 心跳正常 (PID: 32732)
[2026-05-26 05:45:55] 💓 心跳正常 (PID: 32732)
[2026-05-26 05:46:06] 💓 心跳正常 (PID: 32732)
[2026-05-26 05:46:16] 💓 心跳正常 (PID: 32732)
[2026-05-26 05:46:26] 💓 心跳正常 (PID: 32732)
[2026-05-26 05:46:37] 💓 心跳正常 (PID: 32732)
[2026-05-26 05:46:47] 💓 心跳正常 (PID: 32732)
[2026-05-26 05:46:57] 💓 心跳正常 (PID: 32732)
[2026-05-26 05:47:08] 💓 心跳正常 (PID: 32732)
[2026-05-26 05:47:18] 💓 心跳正常 (PID: 32732)
[2026-05-26 05:47:29] 💓 心跳正常 (PID: 32732)
[2026-05-26 05:47:39] 💓 心跳正常 (PID: 32732)
[2026-05-26 05:47:49] 💓 心跳正常 (PID: 32732)
[2026-05-26 05:47:59] 💓 心跳正常 (PID: 32732)
[2026-05-26 05:48:10] 💓 心跳正常 (PID: 32732)
[2026-05-26 05:48:20] 💓 心跳正常 (PID: 32732)
[2026-05-26 05:48:30] 💓 心跳正常 (PID: 32732)
[2026-05-26 05:48:41] 💓 心跳正常 (PID: 32732)
[2026-05-26 05:48:51] 💓 心跳正常 (PID: 32732)
[2026-05-26 05:49:01] 💓 心跳正常 (PID: 32732)
[2026-05-26 05:49:11] 💓 心跳正常 (PID: 32732)
[2026-05-26 05:49:21] 💓 心跳正常 (PID: 32732)
[2026-05-26 05:49:32] 💓 心跳正常 (PID: 32732)
[2026-05-26 05:49:42] 💓 心跳正常 (PID: 32732)
[2026-05-26 05:49:53] 💓 心跳正常 (PID: 32732)
[2026-05-26 05:50:03] 💓 心跳正常 (PID: 32732)
[2026-05-26 05:50:13] 💓 心跳正常 (PID: 32732)
[2026-05-26 05:50:23] 💓 心跳正常 (PID: 32732)
[2026-05-26 05:50:34] 💓 心跳正常 (PID: 32732)
[2026-05-26 05:50:44] 💓 心跳正常 (PID: 32732)
[2026-05-26 05:50:54] 💓 心跳正常 (PID: 32732)
[2026-05-26 05:51:05] 💓 心跳正常 (PID: 32732)
[2026-05-26 05:51:15] 💓 心跳正常 (PID: 32732)
[2026-05-26 05:51:25] 💓 心跳正常 (PID: 32732)
[2026-05-26 05:51:36] 💓 心跳正常 (PID: 32732)
[2026-05-26 05:51:46] 💓 心跳正常 (PID: 32732)
[2026-05-26 05:51:56] 💓 心跳正常 (PID: 32732)
[2026-05-26 05:52:07] 💓 心跳正常 (PID: 32732)
[2026-05-26 05:52:17] 💓 心跳正常 (PID: 32732)
[2026-05-26 05:52:27] 💓 心跳正常 (PID: 32732)
[2026-05-26 05:52:38] 💓 心跳正常 (PID: 32732)
[2026-05-26 05:52:48] 💓 心跳正常 (PID: 32732)
[2026-05-26 05:52:58] 💓 心跳正常 (PID: 32732)
[2026-05-26 05:53:09] 💓 心跳正常 (PID: 32732)
[2026-05-26 05:53:19] 💓 心跳正常 (PID: 32732)
[2026-05-26 05:53:29] 💓 心跳正常 (PID: 32732)
[2026-05-26 05:53:40] 💓 心跳正常 (PID: 32732)
[2026-05-26 05:53:50] 💓 心跳正常 (PID: 32732)
[2026-05-26 05:54:01] 💓 心跳正常 (PID: 32732)
[2026-05-26 05:54:11] 💓 心跳正常 (PID: 32732)
[2026-05-26 05:54:21] 💓 心跳正常 (PID: 32732)
[2026-05-26 05:54:32] 💓 心跳正常 (PID: 32732)
[2026-05-26 05:54:42] 💓 心跳正常 (PID: 32732)
[2026-05-26 05:54:52] 💓 心跳正常 (PID: 32732)
[2026-05-26 05:55:03] 💓 心跳正常 (PID: 32732)
[2026-05-26 05:55:13] 💓 心跳正常 (PID: 32732)
[2026-05-26 05:55:23] 💓 心跳正常 (PID: 32732)
[2026-05-26 05:55:33] 💓 心跳正常 (PID: 32732)
[2026-05-26 05:55:44] 💓 心跳正常 (PID: 32732)
[2026-05-26 05:55:54] 💓 心跳正常 (PID: 32732)
[2026-05-26 05:56:04] 💓 心跳正常 (PID: 32732)
[2026-05-26 05:56:15] 💓 心跳正常 (PID: 32732)
[2026-05-26 05:56:25] 💓 心跳正常 (PID: 32732)
[2026-05-26 05:56:35] 💓 心跳正常 (PID: 32732)
[2026-05-26 05:56:46] 💓 心跳正常 (PID: 32732)
[2026-05-26 05:56:56] 💓 心跳正常 (PID: 32732)
[2026-05-26 05:57:06] 💓 心跳正常 (PID: 32732)
[2026-05-26 05:57:16] 💓 心跳正常 (PID: 32732)
[2026-05-26 05:57:27] 💓 心跳正常 (PID: 32732)
[2026-05-26 05:57:37] 💓 心跳正常 (PID: 32732)
[2026-05-26 05:57:47] 💓 心跳正常 (PID: 32732)
[2026-05-26 05:57:58] 💓 心跳正常 (PID: 32732)
[2026-05-26 05:58:08] 💓 心跳正常 (PID: 32732)
[2026-05-26 05:58:18] 💓 心跳正常 (PID: 32732)
[2026-05-26 05:58:29] 💓 心跳正常 (PID: 32732)
[2026-05-26 05:58:39] 💓 心跳正常 (PID: 32732)
[2026-05-26 05:58:49] 💓 心跳正常 (PID: 32732)
[2026-05-26 05:59:00] 💓 心跳正常 (PID: 32732)
[2026-05-26 05:59:10] 💓 心跳正常 (PID: 32732)
[2026-05-26 05:59:20] 💓 心跳正常 (PID: 32732)
[2026-05-26 05:59:31] 💓 心跳正常 (PID: 32732)
[2026-05-26 05:59:41] 💓 心跳正常 (PID: 32732)
[2026-05-26 05:59:51] 💓 心跳正常 (PID: 32732)
[2026-05-26 06:00:01] 💓 心跳正常 (PID: 32732)
[2026-05-26 06:00:12] 💓 心跳正常 (PID: 32732)
[2026-05-26 06:00:22] 💓 心跳正常 (PID: 32732)
[2026-05-26 06:00:32] 💓 心跳正常 (PID: 32732)
[2026-05-26 06:00:42] 💓 心跳正常 (PID: 32732)
[2026-05-26 06:00:53] 💓 心跳正常 (PID: 32732)
[2026-05-26 06:01:03] 💓 心跳正常 (PID: 32732)
[2026-05-26 06:01:13] 💓 心跳正常 (PID: 32732)
[2026-05-26 06:01:23] 💓 心跳正常 (PID: 32732)
[2026-05-26 06:01:34] 💓 心跳正常 (PID: 32732)
[2026-05-26 06:01:44] 💓 心跳正常 (PID: 32732)
[2026-05-26 06:01:54] 💓 心跳正常 (PID: 32732)
[2026-05-26 06:02:04] 💓 心跳正常 (PID: 32732)
[2026-05-26 06:02:15] 💓 心跳正常 (PID: 32732)
[2026-05-26 06:02:25] 💓 心跳正常 (PID: 32732)
[2026-05-26 06:02:35] 💓 心跳正常 (PID: 32732)
[2026-05-26 06:02:45] 💓 心跳正常 (PID: 32732)
[2026-05-26 06:02:56] 💓 心跳正常 (PID: 32732)
[2026-05-26 06:03:06] 💓 心跳正常 (PID: 32732)
[2026-05-26 06:03:16] 💓 心跳正常 (PID: 32732)
[2026-05-26 06:03:26] 💓 心跳正常 (PID: 32732)
[2026-05-26 06:03:36] 💓 心跳正常 (PID: 32732)
[2026-05-26 06:03:47] 💓 心跳正常 (PID: 32732)
[2026-05-26 06:03:57] 💓 心跳正常 (PID: 32732)
[2026-05-26 06:04:07] 💓 心跳正常 (PID: 32732)
[2026-05-26 06:04:17] 💓 心跳正常 (PID: 32732)
[2026-05-26 06:04:28] 💓 心跳正常 (PID: 32732)
[2026-05-26 06:04:38] 💓 心跳正常 (PID: 32732)
[2026-05-26 06:04:48] 💓 心跳正常 (PID: 32732)
[2026-05-26 06:04:58] 💓 心跳正常 (PID: 32732)
[2026-05-26 06:05:09] 💓 心跳正常 (PID: 32732)
[2026-05-26 06:05:19] 💓 心跳正常 (PID: 32732)
[2026-05-26 06:05:29] 💓 心跳正常 (PID: 32732)
[2026-05-26 06:05:39] 💓 心跳正常 (PID: 32732)
[2026-05-26 06:05:49] 💓 心跳正常 (PID: 32732)
[2026-05-26 06:06:00] 💓 心跳正常 (PID: 32732)
[2026-05-26 06:06:10] 💓 心跳正常 (PID: 32732)
[2026-05-26 06:06:20] 💓 心跳正常 (PID: 32732)
[2026-05-26 06:06:31] 💓 心跳正常 (PID: 32732)
[2026-05-26 06:06:41] 💓 心跳正常 (PID: 32732)
[2026-05-26 06:06:51] 💓 心跳正常 (PID: 32732)
[2026-05-26 06:07:02] 💓 心跳正常 (PID: 32732)
[2026-05-26 06:07:12] 💓 心跳正常 (PID: 32732)
[2026-05-26 06:07:23] 💓 心跳正常 (PID: 32732)
[2026-05-26 06:07:33] 💓 心跳正常 (PID: 32732)
[2026-05-26 06:07:43] 💓 心跳正常 (PID: 32732)
[2026-05-26 06:07:54] 💓 心跳正常 (PID: 32732)
[2026-05-26 06:08:04] 💓 心跳正常 (PID: 32732)
[2026-05-26 06:08:14] 💓 心跳正常 (PID: 32732)
[2026-05-26 06:08:24] 💓 心跳正常 (PID: 32732)
[2026-05-26 06:08:35] 💓 心跳正常 (PID: 32732)
[2026-05-26 06:08:45] 💓 心跳正常 (PID: 32732)
[2026-05-26 06:08:55] 💓 心跳正常 (PID: 32732)
[2026-05-26 06:09:06] 💓 心跳正常 (PID: 32732)
[2026-05-26 06:09:16] 💓 心跳正常 (PID: 32732)
[2026-05-26 06:09:26] 💓 心跳正常 (PID: 32732)
[2026-05-26 06:09:37] 💓 心跳正常 (PID: 32732)
[2026-05-26 06:09:47] 💓 心跳正常 (PID: 32732)
[2026-05-26 06:09:57] 💓 心跳正常 (PID: 32732)
[2026-05-26 06:10:08] 💓 心跳正常 (PID: 32732)
[2026-05-26 06:10:18] 💓 心跳正常 (PID: 32732)
[2026-05-26 06:10:29] 💓 心跳正常 (PID: 32732)
[2026-05-26 06:10:39] 💓 心跳正常 (PID: 32732)
[2026-05-26 06:10:49] 💓 心跳正常 (PID: 32732)
[2026-05-26 06:10:59] 💓 心跳正常 (PID: 32732)
[2026-05-26 06:11:09] 💓 心跳正常 (PID: 32732)
[2026-05-26 06:11:20] 💓 心跳正常 (PID: 32732)
[2026-05-26 06:11:30] 💓 心跳正常 (PID: 32732)
[2026-05-26 06:11:40] 💓 心跳正常 (PID: 32732)
[2026-05-26 06:11:50] 💓 心跳正常 (PID: 32732)
[2026-05-26 06:12:01] 💓 心跳正常 (PID: 32732)
[2026-05-26 06:12:11] 💓 心跳正常 (PID: 32732)
[2026-05-26 06:12:21] 💓 心跳正常 (PID: 32732)
[2026-05-26 06:12:32] 💓 心跳正常 (PID: 32732)
[2026-05-26 06:12:42] 💓 心跳正常 (PID: 32732)
[2026-05-26 06:12:52] 💓 心跳正常 (PID: 32732)
[2026-05-26 06:13:02] 💓 心跳正常 (PID: 32732)
[2026-05-26 06:13:13] 💓 心跳正常 (PID: 32732)
[2026-05-26 06:13:23] 💓 心跳正常 (PID: 32732)
[2026-05-26 06:13:33] 💓 心跳正常 (PID: 32732)
[2026-05-26 06:13:44] 💓 心跳正常 (PID: 32732)
[2026-05-26 06:13:54] 💓 心跳正常 (PID: 32732)
[2026-05-26 06:14:04] 💓 心跳正常 (PID: 32732)
[2026-05-26 06:14:15] 💓 心跳正常 (PID: 32732)
[2026-05-26 06:14:25] 💓 心跳正常 (PID: 32732)
[2026-05-26 06:14:36] 💓 心跳正常 (PID: 32732)
[2026-05-26 06:14:46] 💓 心跳正常 (PID: 32732)
[2026-05-26 06:14:56] 💓 心跳正常 (PID: 32732)
[2026-05-26 06:15:07] 💓 心跳正常 (PID: 32732)
[2026-05-26 06:15:17] 💓 心跳正常 (PID: 32732)
[2026-05-26 06:15:27] 💓 心跳正常 (PID: 32732)
[2026-05-26 06:15:38] 💓 心跳正常 (PID: 32732)
[2026-05-26 06:15:48] 💓 心跳正常 (PID: 32732)
[2026-05-26 06:15:58] 💓 心跳正常 (PID: 32732)
[2026-05-26 06:16:09] 💓 心跳正常 (PID: 32732)
[2026-05-26 06:16:19] 💓 心跳正常 (PID: 32732)
[2026-05-26 06:16:29] 💓 心跳正常 (PID: 32732)
[2026-05-26 06:16:40] 💓 心跳正常 (PID: 32732)
[2026-05-26 06:16:50] 💓 心跳正常 (PID: 32732)
[2026-05-26 06:17:00] 💓 心跳正常 (PID: 32732)
[2026-05-26 06:17:10] 💓 心跳正常 (PID: 32732)
[2026-05-26 06:17:21] 💓 心跳正常 (PID: 32732)
[2026-05-26 06:17:31] 💓 心跳正常 (PID: 32732)
[2026-05-26 06:17:41] 💓 心跳正常 (PID: 32732)
[2026-05-26 06:17:51] 💓 心跳正常 (PID: 32732)
[2026-05-26 06:18:02] 💓 心跳正常 (PID: 32732)
[2026-05-26 06:18:12] 💓 心跳正常 (PID: 32732)
[2026-05-26 06:18:22] 💓 心跳正常 (PID: 32732)
[2026-05-26 06:18:32] 💓 心跳正常 (PID: 32732)
[2026-05-26 06:18:43] 💓 心跳正常 (PID: 32732)
[2026-05-26 06:18:53] 💓 心跳正常 (PID: 32732)
[2026-05-26 06:19:04] 💓 心跳正常 (PID: 32732)
[2026-05-26 06:19:14] 💓 心跳正常 (PID: 32732)
[2026-05-26 06:19:24] 💓 心跳正常 (PID: 32732)
[2026-05-26 06:19:35] 💓 心跳正常 (PID: 32732)
[2026-05-26 06:19:45] 💓 心跳正常 (PID: 32732)
[2026-05-26 06:19:55] 💓 心跳正常 (PID: 32732)
[2026-05-26 06:20:06] 💓 心跳正常 (PID: 32732)
[2026-05-26 06:20:16] 💓 心跳正常 (PID: 32732)
[2026-05-26 06:20:26] 💓 心跳正常 (PID: 32732)
[2026-05-26 06:20:37] 💓 心跳正常 (PID: 32732)
[2026-05-26 06:20:47] 💓 心跳正常 (PID: 32732)
[2026-05-26 06:20:57] 💓 心跳正常 (PID: 32732)
[2026-05-26 06:21:08] 💓 心跳正常 (PID: 32732)
[2026-05-26 06:21:18] 💓 心跳正常 (PID: 32732)
[2026-05-26 06:21:28] 💓 心跳正常 (PID: 32732)
[2026-05-26 06:21:38] 💓 心跳正常 (PID: 32732)
[2026-05-26 06:21:49] 💓 心跳正常 (PID: 32732)
[2026-05-26 06:21:59] 💓 心跳正常 (PID: 32732)
[2026-05-26 06:22:09] 💓 心跳正常 (PID: 32732)
[2026-05-26 06:22:20] 💓 心跳正常 (PID: 32732)
[2026-05-26 06:22:30] 💓 心跳正常 (PID: 32732)
[2026-05-26 06:22:40] 💓 心跳正常 (PID: 32732)
[2026-05-26 06:22:51] 💓 心跳正常 (PID: 32732)
[2026-05-26 06:23:01] 💓 心跳正常 (PID: 32732)
[2026-05-26 06:23:11] 💓 心跳正常 (PID: 32732)
[2026-05-26 06:23:22] 💓 心跳正常 (PID: 32732)
[2026-05-26 06:23:32] 💓 心跳正常 (PID: 32732)
[2026-05-26 06:23:42] 💓 心跳正常 (PID: 32732)
[2026-05-26 06:23:52] 💓 心跳正常 (PID: 32732)
[2026-05-26 06:24:03] 💓 心跳正常 (PID: 32732)
[2026-05-26 06:24:13] 💓 心跳正常 (PID: 32732)
[2026-05-26 06:24:23] 💓 心跳正常 (PID: 32732)
[2026-05-26 06:24:33] 💓 心跳正常 (PID: 32732)
[2026-05-26 06:24:44] 💓 心跳正常 (PID: 32732)
[2026-05-26 06:24:54] 💓 心跳正常 (PID: 32732)
[2026-05-26 06:25:04] 💓 心跳正常 (PID: 32732)
[2026-05-26 06:25:15] 💓 心跳正常 (PID: 32732)
[2026-05-26 06:25:25] 💓 心跳正常 (PID: 32732)
[2026-05-26 06:25:35] 💓 心跳正常 (PID: 32732)
[2026-05-26 06:25:45] 💓 心跳正常 (PID: 32732)
[2026-05-26 06:25:55] 💓 心跳正常 (PID: 32732)
[2026-05-26 06:26:06] 💓 心跳正常 (PID: 32732)
[2026-05-26 06:26:16] 💓 心跳正常 (PID: 32732)
[2026-05-26 06:26:26] 💓 心跳正常 (PID: 32732)
[2026-05-26 06:26:36] 💓 心跳正常 (PID: 32732)
[2026-05-26 06:26:47] 💓 心跳正常 (PID: 32732)
[2026-05-26 06:26:57] 💓 心跳正常 (PID: 32732)
[2026-05-26 06:27:07] 💓 心跳正常 (PID: 32732)
[2026-05-26 06:27:18] 💓 心跳正常 (PID: 32732)
[2026-05-26 06:27:28] 💓 心跳正常 (PID: 32732)
[2026-05-26 06:27:38] 💓 心跳正常 (PID: 32732)
[2026-05-26 06:27:49] 💓 心跳正常 (PID: 32732)
[2026-05-26 06:27:59] 💓 心跳正常 (PID: 32732)
[2026-05-26 06:28:09] 💓 心跳正常 (PID: 32732)
[2026-05-26 06:28:19] 💓 心跳正常 (PID: 32732)
[2026-05-26 06:28:30] 💓 心跳正常 (PID: 32732)
[2026-05-26 06:28:40] 💓 心跳正常 (PID: 32732)
[2026-05-26 06:28:50] 💓 心跳正常 (PID: 32732)
[2026-05-26 06:29:00] 💓 心跳正常 (PID: 32732)
[2026-05-26 06:29:11] 💓 心跳正常 (PID: 32732)
[2026-05-26 06:29:21] 💓 心跳正常 (PID: 32732)
[2026-05-26 06:29:31] 💓 心跳正常 (PID: 32732)
[2026-05-26 06:29:41] 💓 心跳正常 (PID: 32732)
[2026-05-26 06:29:52] 💓 心跳正常 (PID: 32732)
[2026-05-26 06:30:02] 💓 心跳正常 (PID: 32732)
[2026-05-26 06:30:12] 💓 心跳正常 (PID: 32732)
[2026-05-26 06:30:23] 💓 心跳正常 (PID: 32732)
[2026-05-26 06:30:33] 💓 心跳正常 (PID: 32732)
[2026-05-26 06:30:43] 💓 心跳正常 (PID: 32732)
[2026-05-26 06:30:53] 💓 心跳正常 (PID: 32732)
[2026-05-26 06:31:04] 💓 心跳正常 (PID: 32732)
[2026-05-26 06:31:14] 💓 心跳正常 (PID: 32732)
[2026-05-26 06:31:25] 💓 心跳正常 (PID: 32732)
[2026-05-26 06:31:35] 💓 心跳正常 (PID: 32732)
[2026-05-26 06:31:45] 💓 心跳正常 (PID: 32732)
[2026-05-26 06:31:55] 💓 心跳正常 (PID: 32732)
[2026-05-26 06:32:06] 💓 心跳正常 (PID: 32732)
[2026-05-26 06:32:16] 💓 心跳正常 (PID: 32732)
[2026-05-26 06:32:26] 💓 心跳正常 (PID: 32732)
[2026-05-26 06:32:37] 💓 心跳正常 (PID: 32732)
[2026-05-26 06:32:47] 💓 心跳正常 (PID: 32732)
[2026-05-26 06:32:57] 💓 心跳正常 (PID: 32732)
[2026-05-26 06:33:08] 💓 心跳正常 (PID: 32732)
[2026-05-26 06:33:18] 💓 心跳正常 (PID: 32732)
[2026-05-26 06:33:28] 💓 心跳正常 (PID: 32732)
[2026-05-26 06:33:39] 💓 心跳正常 (PID: 32732)
[2026-05-26 06:33:49] 💓 心跳正常 (PID: 32732)
[2026-05-26 06:34:00] 💓 心跳正常 (PID: 32732)
[2026-05-26 06:34:10] 💓 心跳正常 (PID: 32732)
[2026-05-26 06:34:20] 💓 心跳正常 (PID: 32732)
[2026-05-26 06:34:30] 💓 心跳正常 (PID: 32732)
[2026-05-26 06:34:41] 💓 心跳正常 (PID: 32732)
[2026-05-26 06:34:51] 💓 心跳正常 (PID: 32732)
[2026-05-26 06:35:02] 💓 心跳正常 (PID: 32732)
[2026-05-26 06:35:12] 💓 心跳正常 (PID: 32732)
[2026-05-26 06:35:22] 💓 心跳正常 (PID: 32732)
[2026-05-26 06:35:32] 💓 心跳正常 (PID: 32732)
[2026-05-26 06:35:42] 💓 心跳正常 (PID: 32732)
[2026-05-26 06:35:53] 💓 心跳正常 (PID: 32732)
[2026-05-26 06:36:03] 💓 心跳正常 (PID: 32732)
[2026-05-26 06:36:13] 💓 心跳正常 (PID: 32732)
[2026-05-26 06:36:24] 💓 心跳正常 (PID: 32732)
[2026-05-26 06:36:34] 💓 心跳正常 (PID: 32732)
[2026-05-26 06:36:44] 💓 心跳正常 (PID: 32732)
[2026-05-26 06:36:54] 💓 心跳正常 (PID: 32732)
[2026-05-26 06:37:05] 💓 心跳正常 (PID: 32732)
[2026-05-26 06:37:15] 💓 心跳正常 (PID: 32732)
[2026-05-26 06:37:25] 💓 心跳正常 (PID: 32732)
[2026-05-26 06:37:36] 💓 心跳正常 (PID: 32732)
[2026-05-26 06:37:46] 💓 心跳正常 (PID: 32732)
[2026-05-26 06:37:56] 💓 心跳正常 (PID: 32732)
[2026-05-26 06:38:06] 💓 心跳正常 (PID: 32732)
[2026-05-26 06:38:17] 💓 心跳正常 (PID: 32732)
[2026-05-26 06:38:27] 💓 心跳正常 (PID: 32732)
[2026-05-26 06:38:37] 💓 心跳正常 (PID: 32732)
[2026-05-26 06:38:47] 💓 心跳正常 (PID: 32732)
[2026-05-26 06:38:58] 💓 心跳正常 (PID: 32732)
[2026-05-26 06:39:08] 💓 心跳正常 (PID: 32732)
[2026-05-26 06:39:18] 💓 心跳正常 (PID: 32732)
[2026-05-26 06:39:28] 💓 心跳正常 (PID: 32732)
[2026-05-26 06:39:39] 💓 心跳正常 (PID: 32732)
[2026-05-26 06:39:49] 💓 心跳正常 (PID: 32732)
[2026-05-26 06:39:59] 📁 交易日志 /root/.openclaw/logs/trading/monitor.log (3.2MB)，>10MB 时自动归档至 logs/trading/archive/
[2026-05-26 06:39:59] 💓 心跳正常 (PID: 32732)
[2026-05-26 06:40:09] 💓 心跳正常 (PID: 32732)
[2026-05-26 06:40:20] 💓 心跳正常 (PID: 32732)
[2026-05-26 06:40:30] 💓 心跳正常 (PID: 32732)
[2026-05-26 06:40:40] 💓 心跳正常 (PID: 32732)
[2026-05-26 06:40:50] 💓 心跳正常 (PID: 32732)
[2026-05-26 06:41:01] 💓 心跳正常 (PID: 32732)
[2026-05-26 06:41:11] 💓 心跳正常 (PID: 32732)
[2026-05-26 06:41:21] 💓 心跳正常 (PID: 32732)
[2026-05-26 06:41:32] 💓 心跳正常 (PID: 32732)
[2026-05-26 06:41:42] 💓 心跳正常 (PID: 32732)
[2026-05-26 06:41:52] 💓 心跳正常 (PID: 32732)
[2026-05-26 06:42:02] 💓 心跳正常 (PID: 32732)
[2026-05-26 06:42:13] 💓 心跳正常 (PID: 32732)
[2026-05-26 06:42:23] 💓 心跳正常 (PID: 32732)
[2026-05-26 06:42:34] 💓 心跳正常 (PID: 32732)
[2026-05-26 06:42:44] 💓 心跳正常 (PID: 32732)
[2026-05-26 06:42:54] 💓 心跳正常 (PID: 32732)
[2026-05-26 06:43:04] 💓 心跳正常 (PID: 32732)
[2026-05-26 06:43:15] 💓 心跳正常 (PID: 32732)
[2026-05-26 06:43:25] 💓 心跳正常 (PID: 32732)
[2026-05-26 06:43:35] 💓 心跳正常 (PID: 32732)
[2026-05-26 06:43:45] 💓 心跳正常 (PID: 32732)
[2026-05-26 06:43:56] 💓 心跳正常 (PID: 32732)
[2026-05-26 06:44:06] 💓 心跳正常 (PID: 32732)
[2026-05-26 06:44:17] 💓 心跳正常 (PID: 32732)
[2026-05-26 06:44:27] 💓 心跳正常 (PID: 32732)
[2026-05-26 06:44:37] 💓 心跳正常 (PID: 32732)
[2026-05-26 06:44:48] 💓 心跳正常 (PID: 32732)
[2026-05-26 06:44:58] 💓 心跳正常 (PID: 32732)
[2026-05-26 06:45:08] 💓 心跳正常 (PID: 32732)
[2026-05-26 06:45:19] 💓 心跳正常 (PID: 32732)
[2026-05-26 06:45:29] 💓 心跳正常 (PID: 32732)
[2026-05-26 06:45:39] 💓 心跳正常 (PID: 32732)
[2026-05-26 06:45:49] 💓 心跳正常 (PID: 32732)
[2026-05-26 06:46:00] 💓 心跳正常 (PID: 32732)
[2026-05-26 06:46:10] 💓 心跳正常 (PID: 32732)
[2026-05-26 06:46:20] 💓 心跳正常 (PID: 32732)
[2026-05-26 06:46:31] 💓 心跳正常 (PID: 32732)
[2026-05-26 06:46:41] 💓 心跳正常 (PID: 32732)
[2026-05-26 06:46:52] 💓 心跳正常 (PID: 32732)
[2026-05-26 06:47:02] 💓 心跳正常 (PID: 32732)
[2026-05-26 06:47:12] 💓 心跳正常 (PID: 32732)
[2026-05-26 06:47:23] 💓 心跳正常 (PID: 32732)
[2026-05-26 06:47:33] 💓 心跳正常 (PID: 32732)
[2026-05-26 06:47:43] 💓 心跳正常 (PID: 32732)
[2026-05-26 06:47:53] 💓 心跳正常 (PID: 32732)
[2026-05-26 06:48:03] 💓 心跳正常 (PID: 32732)
[2026-05-26 06:48:14] 💓 心跳正常 (PID: 32732)
[2026-05-26 06:48:24] 💓 心跳正常 (PID: 32732)
[2026-05-26 06:48:34] 💓 心跳正常 (PID: 32732)
[2026-05-26 06:48:44] 💓 心跳正常 (PID: 32732)
[2026-05-26 06:48:55] 💓 心跳正常 (PID: 32732)
[2026-05-26 06:49:05] 💓 心跳正常 (PID: 32732)
[2026-05-26 06:49:15] 💓 心跳正常 (PID: 32732)
[2026-05-26 06:49:26] 💓 心跳正常 (PID: 32732)
[2026-05-26 06:49:36] 💓 心跳正常 (PID: 32732)
[2026-05-26 06:49:46] 💓 心跳正常 (PID: 32732)
[2026-05-26 06:49:57] 💓 心跳正常 (PID: 32732)
[2026-05-26 06:50:07] 💓 心跳正常 (PID: 32732)
[2026-05-26 06:50:17] 💓 心跳正常 (PID: 32732)
[2026-05-26 06:50:27] 💓 心跳正常 (PID: 32732)
[2026-05-26 06:50:38] 💓 心跳正常 (PID: 32732)
[2026-05-26 06:50:48] 💓 心跳正常 (PID: 32732)
[2026-05-26 06:50:58] 💓 心跳正常 (PID: 32732)
[2026-05-26 06:51:09] 💓 心跳正常 (PID: 32732)
[2026-05-26 06:51:19] 💓 心跳正常 (PID: 32732)
[2026-05-26 06:51:29] 💓 心跳正常 (PID: 32732)
[2026-05-26 06:51:39] 💓 心跳正常 (PID: 32732)
[2026-05-26 06:51:50] 💓 心跳正常 (PID: 32732)
[2026-05-26 06:52:00] 💓 心跳正常 (PID: 32732)
[2026-05-26 06:52:10] 💓 心跳正常 (PID: 32732)
[2026-05-26 06:52:20] 💓 心跳正常 (PID: 32732)
[2026-05-26 06:52:30] 💓 心跳正常 (PID: 32732)
[2026-05-26 06:52:41] 💓 心跳正常 (PID: 32732)
[2026-05-26 06:52:51] 💓 心跳正常 (PID: 32732)
[2026-05-26 06:53:01] 💓 心跳正常 (PID: 32732)
[2026-05-26 06:53:12] 💓 心跳正常 (PID: 32732)
[2026-05-26 06:53:22] 💓 心跳正常 (PID: 32732)
[2026-05-26 06:53:32] 💓 心跳正常 (PID: 32732)
[2026-05-26 06:53:42] 💓 心跳正常 (PID: 32732)
[2026-05-26 06:53:53] 💓 心跳正常 (PID: 32732)
[2026-05-26 06:54:03] 💓 心跳正常 (PID: 32732)
[2026-05-26 06:54:13] 💓 心跳正常 (PID: 32732)
[2026-05-26 06:54:23] 💓 心跳正常 (PID: 32732)
[2026-05-26 06:54:34] 💓 心跳正常 (PID: 32732)
[2026-05-26 06:54:44] 💓 心跳正常 (PID: 32732)
[2026-05-26 06:54:54] 💓 心跳正常 (PID: 32732)
[2026-05-26 06:55:05] 💓 心跳正常 (PID: 32732)
[2026-05-26 06:55:15] 💓 心跳正常 (PID: 32732)
[2026-05-26 06:55:25] 💓 心跳正常 (PID: 32732)
[2026-05-26 06:55:36] 💓 心跳正常 (PID: 32732)
[2026-05-26 06:55:46] 💓 心跳正常 (PID: 32732)
[2026-05-26 06:55:56] 💓 心跳正常 (PID: 32732)
[2026-05-26 06:56:07] 💓 心跳正常 (PID: 32732)
[2026-05-26 06:56:17] 💓 心跳正常 (PID: 32732)
[2026-05-26 06:56:27] 💓 心跳正常 (PID: 32732)
[2026-05-26 06:56:38] 💓 心跳正常 (PID: 32732)
[2026-05-26 06:56:48] 💓 心跳正常 (PID: 32732)
[2026-05-26 06:56:58] 💓 心跳正常 (PID: 32732)
[2026-05-26 06:57:09] 💓 心跳正常 (PID: 32732)
[2026-05-26 06:57:19] 💓 心跳正常 (PID: 32732)
[2026-05-26 06:57:29] 💓 心跳正常 (PID: 32732)
[2026-05-26 06:57:40] 💓 心跳正常 (PID: 32732)
[2026-05-26 06:57:50] 💓 心跳正常 (PID: 32732)
[2026-05-26 06:58:00] 💓 心跳正常 (PID: 32732)
[2026-05-26 06:58:10] 💓 心跳正常 (PID: 32732)
[2026-05-26 06:58:20] 💓 心跳正常 (PID: 32732)
[2026-05-26 06:58:31] 💓 心跳正常 (PID: 32732)
[2026-05-26 06:58:41] 💓 心跳正常 (PID: 32732)
[2026-05-26 06:58:51] 💓 心跳正常 (PID: 32732)
[2026-05-26 06:59:02] 💓 心跳正常 (PID: 32732)
[2026-05-26 06:59:12] 💓 心跳正常 (PID: 32732)
[2026-05-26 06:59:22] 💓 心跳正常 (PID: 32732)
[2026-05-26 06:59:32] 💓 心跳正常 (PID: 32732)
[2026-05-26 06:59:43] 💓 心跳正常 (PID: 32732)
[2026-05-26 06:59:53] 💓 心跳正常 (PID: 32732)
[2026-05-26 07:00:03] 💓 心跳正常 (PID: 32732)
[2026-05-26 07:00:14] 💓 心跳正常 (PID: 32732)
[2026-05-26 07:00:24] 💓 心跳正常 (PID: 32732)
[2026-05-26 07:00:34] 💓 心跳正常 (PID: 32732)
[2026-05-26 07:00:45] 💓 心跳正常 (PID: 32732)
[2026-05-26 07:00:55] 💓 心跳正常 (PID: 32732)
[2026-05-26 07:01:05] 💓 心跳正常 (PID: 32732)
[2026-05-26 07:01:16] 💓 心跳正常 (PID: 32732)
[2026-05-26 07:01:26] 💓 心跳正常 (PID: 32732)
[2026-05-26 07:01:36] 💓 心跳正常 (PID: 32732)
[2026-05-26 07:01:46] 💓 心跳正常 (PID: 32732)
[2026-05-26 07:01:56] 💓 心跳正常 (PID: 32732)
[2026-05-26 07:02:07] 💓 心跳正常 (PID: 32732)
[2026-05-26 07:02:17] 💓 心跳正常 (PID: 32732)
[2026-05-26 07:02:27] 💓 心跳正常 (PID: 32732)
[2026-05-26 07:02:38] 💓 心跳正常 (PID: 32732)
[2026-05-26 07:02:48] 💓 心跳正常 (PID: 32732)
[2026-05-26 07:02:58] 💓 心跳正常 (PID: 32732)
[2026-05-26 07:03:08] 💓 心跳正常 (PID: 32732)
[2026-05-26 07:03:19] 💓 心跳正常 (PID: 32732)
[2026-05-26 07:03:29] 💓 心跳正常 (PID: 32732)
[2026-05-26 07:03:39] 💓 心跳正常 (PID: 32732)
[2026-05-26 07:03:50] 💓 心跳正常 (PID: 32732)
[2026-05-26 07:04:00] 💓 心跳正常 (PID: 32732)
[2026-05-26 07:04:10] 💓 心跳正常 (PID: 32732)
[2026-05-26 07:04:21] 💓 心跳正常 (PID: 32732)
[2026-05-26 07:04:31] 💓 心跳正常 (PID: 32732)
[2026-05-26 07:04:41] 💓 心跳正常 (PID: 32732)
[2026-05-26 07:04:51] 💓 心跳正常 (PID: 32732)
[2026-05-26 07:05:02] 💓 心跳正常 (PID: 32732)
[2026-05-26 07:05:12] 💓 心跳正常 (PID: 32732)
[2026-05-26 07:05:22] 💓 心跳正常 (PID: 32732)
[2026-05-26 07:05:32] 💓 心跳正常 (PID: 32732)
[2026-05-26 07:05:43] 💓 心跳正常 (PID: 32732)
[2026-05-26 07:05:53] 💓 心跳正常 (PID: 32732)
[2026-05-26 07:06:03] 💓 心跳正常 (PID: 32732)
[2026-05-26 07:06:13] 💓 心跳正常 (PID: 32732)
[2026-05-26 07:06:24] 💓 心跳正常 (PID: 32732)
[2026-05-26 07:06:34] 💓 心跳正常 (PID: 32732)
[2026-05-26 07:06:44] 💓 心跳正常 (PID: 32732)
[2026-05-26 07:06:54] 💓 心跳正常 (PID: 32732)
[2026-05-26 07:07:05] 💓 心跳正常 (PID: 32732)
[2026-05-26 07:07:15] 💓 心跳正常 (PID: 32732)
[2026-05-26 07:07:25] 💓 心跳正常 (PID: 32732)
[2026-05-26 07:07:36] 💓 心跳正常 (PID: 32732)
[2026-05-26 07:07:46] 💓 心跳正常 (PID: 32732)
[2026-05-26 07:07:56] 💓 心跳正常 (PID: 32732)
[2026-05-26 07:08:07] 💓 心跳正常 (PID: 32732)
[2026-05-26 07:08:17] 💓 心跳正常 (PID: 32732)
[2026-05-26 07:08:27] 💓 心跳正常 (PID: 32732)
[2026-05-26 07:08:38] 💓 心跳正常 (PID: 32732)
[2026-05-26 07:08:48] 💓 心跳正常 (PID: 32732)
[2026-05-26 07:08:58] 💓 心跳正常 (PID: 32732)
[2026-05-26 07:09:08] 💓 心跳正常 (PID: 32732)
[2026-05-26 07:09:19] 💓 心跳正常 (PID: 32732)
[2026-05-26 07:09:29] 💓 心跳正常 (PID: 32732)
[2026-05-26 07:09:39] 💓 心跳正常 (PID: 32732)
[2026-05-26 07:09:49] 💓 心跳正常 (PID: 32732)
[2026-05-26 07:09:59] 💓 心跳正常 (PID: 32732)
[2026-05-26 07:10:10] 💓 心跳正常 (PID: 32732)
[2026-05-26 07:10:20] 💓 心跳正常 (PID: 32732)
[2026-05-26 07:10:30] 💓 心跳正常 (PID: 32732)
[2026-05-26 07:10:40] 💓 心跳正常 (PID: 32732)
[2026-05-26 07:10:51] 💓 心跳正常 (PID: 32732)
[2026-05-26 07:11:01] 💓 心跳正常 (PID: 32732)
[2026-05-26 07:11:11] 💓 心跳正常 (PID: 32732)
[2026-05-26 07:11:21] 💓 心跳正常 (PID: 32732)
[2026-05-26 07:11:32] 💓 心跳正常 (PID: 32732)
[2026-05-26 07:11:42] 💓 心跳正常 (PID: 32732)
[2026-05-26 07:11:52] 💓 心跳正常 (PID: 32732)
[2026-05-26 07:12:03] 💓 心跳正常 (PID: 32732)
[2026-05-26 07:12:13] 💓 心跳正常 (PID: 32732)
[2026-05-26 07:12:23] 💓 心跳正常 (PID: 32732)
[2026-05-26 07:12:33] 💓 心跳正常 (PID: 32732)
[2026-05-26 07:12:44] 💓 心跳正常 (PID: 32732)
[2026-05-26 07:12:54] 💓 心跳正常 (PID: 32732)
[2026-05-26 07:13:04] 💓 心跳正常 (PID: 32732)
[2026-05-26 07:13:15] 💓 心跳正常 (PID: 32732)
[2026-05-26 07:13:25] 💓 心跳正常 (PID: 32732)
[2026-05-26 07:13:35] 💓 心跳正常 (PID: 32732)
[2026-05-26 07:13:46] 💓 心跳正常 (PID: 32732)
[2026-05-26 07:13:56] 💓 心跳正常 (PID: 32732)
[2026-05-26 07:14:06] 💓 心跳正常 (PID: 32732)
[2026-05-26 07:14:16] 💓 心跳正常 (PID: 32732)
[2026-05-26 07:14:26] 💓 心跳正常 (PID: 32732)
[2026-05-26 07:14:37] 💓 心跳正常 (PID: 32732)
[2026-05-26 07:14:47] 💓 心跳正常 (PID: 32732)
[2026-05-26 07:14:57] 💓 心跳正常 (PID: 32732)
[2026-05-26 07:15:07] 💓 心跳正常 (PID: 32732)
[2026-05-26 07:15:18] 💓 心跳正常 (PID: 32732)
[2026-05-26 07:15:28] 💓 心跳正常 (PID: 32732)
[2026-05-26 07:15:38] 💓 心跳正常 (PID: 32732)
[2026-05-26 07:15:48] 💓 心跳正常 (PID: 32732)
[2026-05-26 07:15:59] 💓 心跳正常 (PID: 32732)
[2026-05-26 07:16:09] 💓 心跳正常 (PID: 32732)
[2026-05-26 07:16:19] 💓 心跳正常 (PID: 32732)
[2026-05-26 07:16:30] 💓 心跳正常 (PID: 32732)
[2026-05-26 07:16:40] 💓 心跳正常 (PID: 32732)
[2026-05-26 07:16:50] 💓 心跳正常 (PID: 32732)
[2026-05-26 07:17:00] 💓 心跳正常 (PID: 32732)
[2026-05-26 07:17:11] 💓 心跳正常 (PID: 32732)
[2026-05-26 07:17:21] 💓 心跳正常 (PID: 32732)
[2026-05-26 07:17:31] 💓 心跳正常 (PID: 32732)
[2026-05-26 07:17:42] 💓 心跳正常 (PID: 32732)
[2026-05-26 07:17:52] 💓 心跳正常 (PID: 32732)
[2026-05-26 07:18:02] 💓 心跳正常 (PID: 32732)
[2026-05-26 07:18:12] 💓 心跳正常 (PID: 32732)
[2026-05-26 07:18:23] 💓 心跳正常 (PID: 32732)
[2026-05-26 07:18:33] 💓 心跳正常 (PID: 32732)
[2026-05-26 07:18:43] 💓 心跳正常 (PID: 32732)
[2026-05-26 07:18:53] 💓 心跳正常 (PID: 32732)
[2026-05-26 07:19:04] 💓 心跳正常 (PID: 32732)
[2026-05-26 07:19:14] 💓 心跳正常 (PID: 32732)
[2026-05-26 07:19:24] 💓 心跳正常 (PID: 32732)
[2026-05-26 07:19:34] 💓 心跳正常 (PID: 32732)
[2026-05-26 07:19:45] 💓 心跳正常 (PID: 32732)
[2026-05-26 07:19:55] 💓 心跳正常 (PID: 32732)
[2026-05-26 07:20:05] 💓 心跳正常 (PID: 32732)
[2026-05-26 07:20:15] 💓 心跳正常 (PID: 32732)
[2026-05-26 07:20:25] 💓 心跳正常 (PID: 32732)
[2026-05-26 07:20:35] 💓 心跳正常 (PID: 32732)
[2026-05-26 07:20:46] 💓 心跳正常 (PID: 32732)
[2026-05-26 07:20:56] 💓 心跳正常 (PID: 32732)
[2026-05-26 07:21:06] 💓 心跳正常 (PID: 32732)
[2026-05-26 07:21:16] 💓 心跳正常 (PID: 32732)
[2026-05-26 07:21:27] 💓 心跳正常 (PID: 32732)
[2026-05-26 07:21:37] 💓 心跳正常 (PID: 32732)
[2026-05-26 07:21:47] 💓 心跳正常 (PID: 32732)
[2026-05-26 07:21:57] 💓 心跳正常 (PID: 32732)
[2026-05-26 07:22:07] 💓 心跳正常 (PID: 32732)
[2026-05-26 07:22:18] 💓 心跳正常 (PID: 32732)
[2026-05-26 07:22:28] 💓 心跳正常 (PID: 32732)
[2026-05-26 07:22:38] 💓 心跳正常 (PID: 32732)
[2026-05-26 07:22:48] 💓 心跳正常 (PID: 32732)
[2026-05-26 07:22:58] 💓 心跳正常 (PID: 32732)
[2026-05-26 07:23:09] 💓 心跳正常 (PID: 32732)
[2026-05-26 07:23:19] 💓 心跳正常 (PID: 32732)
[2026-05-26 07:23:29] 💓 心跳正常 (PID: 32732)
[2026-05-26 07:23:39] 💓 心跳正常 (PID: 32732)
[2026-05-26 07:23:49] 💓 心跳正常 (PID: 32732)
[2026-05-26 07:24:00] 💓 心跳正常 (PID: 32732)
[2026-05-26 07:24:10] 💓 心跳正常 (PID: 32732)
[2026-05-26 07:24:20] 💓 心跳正常 (PID: 32732)
[2026-05-26 07:24:30] 💓 心跳正常 (PID: 32732)
[2026-05-26 07:24:41] 💓 心跳正常 (PID: 32732)
[2026-05-26 07:24:51] 💓 心跳正常 (PID: 32732)
[2026-05-26 07:25:01] 💓 心跳正常 (PID: 32732)
[2026-05-26 07:25:11] 💓 心跳正常 (PID: 32732)
[2026-05-26 07:25:22] 💓 心跳正常 (PID: 32732)
[2026-05-26 07:25:32] 💓 心跳正常 (PID: 32732)
[2026-05-26 07:25:42] 💓 心跳正常 (PID: 32732)
[2026-05-26 07:25:52] 💓 心跳正常 (PID: 32732)
[2026-05-26 07:26:02] 💓 心跳正常 (PID: 32732)
[2026-05-26 07:26:12] 💓 心跳正常 (PID: 32732)
[2026-05-26 07:26:23] 💓 心跳正常 (PID: 32732)
[2026-05-26 07:26:33] 💓 心跳正常 (PID: 32732)
[2026-05-26 07:26:43] 💓 心跳正常 (PID: 32732)
[2026-05-26 07:26:54] 💓 心跳正常 (PID: 32732)
[2026-05-26 07:27:04] 💓 心跳正常 (PID: 32732)
[2026-05-26 07:27:14] 💓 心跳正常 (PID: 32732)
[2026-05-26 07:27:25] 💓 心跳正常 (PID: 32732)
[2026-05-26 07:27:35] 💓 心跳正常 (PID: 32732)
[2026-05-26 07:27:45] 💓 心跳正常 (PID: 32732)
[2026-05-26 07:27:55] 💓 心跳正常 (PID: 32732)
[2026-05-26 07:28:05] 💓 心跳正常 (PID: 32732)
[2026-05-26 07:28:16] 💓 心跳正常 (PID: 32732)
[2026-05-26 07:28:26] 💓 心跳正常 (PID: 32732)
[2026-05-26 07:28:36] 💓 心跳正常 (PID: 32732)
[2026-05-26 07:28:46] 💓 心跳正常 (PID: 32732)
[2026-05-26 07:28:57] 💓 心跳正常 (PID: 32732)
[2026-05-26 07:29:07] 💓 心跳正常 (PID: 32732)
[2026-05-26 07:29:17] 💓 心跳正常 (PID: 32732)
[2026-05-26 07:29:27] 💓 心跳正常 (PID: 32732)
[2026-05-26 07:29:37] 💓 心跳正常 (PID: 32732)
[2026-05-26 07:29:48] 💓 心跳正常 (PID: 32732)
[2026-05-26 07:29:58] 💓 心跳正常 (PID: 32732)
[2026-05-26 07:30:08] 💓 心跳正常 (PID: 32732)
[2026-05-26 07:30:19] 💓 心跳正常 (PID: 32732)
[2026-05-26 07:30:29] 💓 心跳正常 (PID: 32732)
[2026-05-26 07:30:39] 💓 心跳正常 (PID: 32732)
[2026-05-26 07:30:49] 💓 心跳正常 (PID: 32732)
[2026-05-26 07:31:00] 💓 心跳正常 (PID: 32732)
[2026-05-26 07:31:10] 💓 心跳正常 (PID: 32732)
[2026-05-26 07:31:20] 💓 心跳正常 (PID: 32732)
[2026-05-26 07:31:31] 💓 心跳正常 (PID: 32732)
[2026-05-26 07:31:41] 💓 心跳正常 (PID: 32732)
[2026-05-26 07:31:51] 💓 心跳正常 (PID: 32732)
[2026-05-26 07:32:01] 💓 心跳正常 (PID: 32732)
[2026-05-26 07:32:12] 💓 心跳正常 (PID: 32732)
[2026-05-26 07:32:22] 💓 心跳正常 (PID: 32732)
[2026-05-26 07:32:32] 💓 心跳正常 (PID: 32732)
[2026-05-26 07:32:43] 💓 心跳正常 (PID: 32732)
[2026-05-26 07:32:53] 💓 心跳正常 (PID: 32732)
[2026-05-26 07:33:03] 💓 心跳正常 (PID: 32732)
[2026-05-26 07:33:13] 💓 心跳正常 (PID: 32732)
[2026-05-26 07:33:24] 💓 心跳正常 (PID: 32732)
[2026-05-26 07:33:34] 💓 心跳正常 (PID: 32732)
[2026-05-26 07:33:44] 💓 心跳正常 (PID: 32732)
[2026-05-26 07:33:55] 💓 心跳正常 (PID: 32732)
[2026-05-26 07:34:05] 💓 心跳正常 (PID: 32732)
[2026-05-26 07:34:15] 💓 心跳正常 (PID: 32732)
[2026-05-26 07:34:25] 💓 心跳正常 (PID: 32732)
[2026-05-26 07:34:36] 💓 心跳正常 (PID: 32732)
[2026-05-26 07:34:46] 💓 心跳正常 (PID: 32732)
[2026-05-26 07:34:56] 💓 心跳正常 (PID: 32732)
[2026-05-26 07:35:06] 💓 心跳正常 (PID: 32732)
[2026-05-26 07:35:17] 💓 心跳正常 (PID: 32732)
[2026-05-26 07:35:27] 💓 心跳正常 (PID: 32732)
[2026-05-26 07:35:37] 💓 心跳正常 (PID: 32732)
[2026-05-26 07:35:47] 💓 心跳正常 (PID: 32732)
[2026-05-26 07:35:58] 💓 心跳正常 (PID: 32732)
[2026-05-26 07:36:08] 💓 心跳正常 (PID: 32732)
[2026-05-26 07:36:18] 💓 心跳正常 (PID: 32732)
[2026-05-26 07:36:28] 💓 心跳正常 (PID: 32732)
[2026-05-26 07:36:39] 💓 心跳正常 (PID: 32732)
[2026-05-26 07:36:49] 💓 心跳正常 (PID: 32732)
[2026-05-26 07:36:59] 💓 心跳正常 (PID: 32732)
[2026-05-26 07:37:10] 💓 心跳正常 (PID: 32732)
[2026-05-26 07:37:20] 💓 心跳正常 (PID: 32732)
[2026-05-26 07:37:30] 💓 心跳正常 (PID: 32732)
[2026-05-26 07:37:40] 💓 心跳正常 (PID: 32732)
[2026-05-26 07:37:51] 💓 心跳正常 (PID: 32732)
[2026-05-26 07:38:01] 💓 心跳正常 (PID: 32732)
[2026-05-26 07:38:11] 💓 心跳正常 (PID: 32732)
[2026-05-26 07:38:22] 💓 心跳正常 (PID: 32732)
[2026-05-26 07:38:32] 💓 心跳正常 (PID: 32732)
[2026-05-26 07:38:42] 💓 心跳正常 (PID: 32732)
[2026-05-26 07:38:52] 💓 心跳正常 (PID: 32732)
[2026-05-26 07:39:03] 💓 心跳正常 (PID: 32732)
[2026-05-26 07:39:13] 💓 心跳正常 (PID: 32732)
[2026-05-26 07:39:23] 💓 心跳正常 (PID: 32732)
[2026-05-26 07:39:33] 💓 心跳正常 (PID: 32732)
[2026-05-26 07:39:43] 💓 心跳正常 (PID: 32732)
[2026-05-26 07:39:54] 💓 心跳正常 (PID: 32732)
[2026-05-26 07:40:04] 📁 交易日志 /root/.openclaw/logs/trading/monitor.log (3.4MB)，>10MB 时自动归档至 logs/trading/archive/
[2026-05-26 07:40:04] 💓 心跳正常 (PID: 32732)
[2026-05-26 07:40:14] 💓 心跳正常 (PID: 32732)
[2026-05-26 07:40:24] 💓 心跳正常 (PID: 32732)
[2026-05-26 07:40:35] 💓 心跳正常 (PID: 32732)
[2026-05-26 07:40:45] 💓 心跳正常 (PID: 32732)
[2026-05-26 07:40:55] 💓 心跳正常 (PID: 32732)
[2026-05-26 07:41:06] 💓 心跳正常 (PID: 32732)
[2026-05-26 07:41:16] 💓 心跳正常 (PID: 32732)
[2026-05-26 07:41:26] 💓 心跳正常 (PID: 32732)
[2026-05-26 07:41:36] 💓 心跳正常 (PID: 32732)
[2026-05-26 07:41:46] 💓 心跳正常 (PID: 32732)
[2026-05-26 07:41:56] 💓 心跳正常 (PID: 32732)
[2026-05-26 07:42:07] 💓 心跳正常 (PID: 32732)
[2026-05-26 07:42:17] 💓 心跳正常 (PID: 32732)
[2026-05-26 07:42:27] 💓 心跳正常 (PID: 32732)
[2026-05-26 07:42:38] 💓 心跳正常 (PID: 32732)
[2026-05-26 07:42:48] 💓 心跳正常 (PID: 32732)
[2026-05-26 07:42:58] 💓 心跳正常 (PID: 32732)
[2026-05-26 07:43:08] 💓 心跳正常 (PID: 32732)
[2026-05-26 07:43:18] 💓 心跳正常 (PID: 32732)
[2026-05-26 07:43:29] 💓 心跳正常 (PID: 32732)
[2026-05-26 07:43:39] 💓 心跳正常 (PID: 32732)
[2026-05-26 07:43:49] 💓 心跳正常 (PID: 32732)
[2026-05-26 07:43:59] 💓 心跳正常 (PID: 32732)
[2026-05-26 07:44:09] 💓 心跳正常 (PID: 32732)
[2026-05-26 07:44:20] 💓 心跳正常 (PID: 32732)
[2026-05-26 07:44:30] 💓 心跳正常 (PID: 32732)
[2026-05-26 07:44:40] 💓 心跳正常 (PID: 32732)
[2026-05-26 07:44:51] 💓 心跳正常 (PID: 32732)
[2026-05-26 07:45:01] 💓 心跳正常 (PID: 32732)
[2026-05-26 07:45:11] 💓 心跳正常 (PID: 32732)
[2026-05-26 07:45:21] 💓 心跳正常 (PID: 32732)
[2026-05-26 07:45:32] 💓 心跳正常 (PID: 32732)
[2026-05-26 07:45:42] 💓 心跳正常 (PID: 32732)
[2026-05-26 07:45:52] 💓 心跳正常 (PID: 32732)
[2026-05-26 07:46:02] 💓 心跳正常 (PID: 32732)
[2026-05-26 07:46:12] 💓 心跳正常 (PID: 32732)
[2026-05-26 07:46:23] 💓 心跳正常 (PID: 32732)
[2026-05-26 07:46:33] 💓 心跳正常 (PID: 32732)
[2026-05-26 07:46:43] 💓 心跳正常 (PID: 32732)
[2026-05-26 07:46:53] 💓 心跳正常 (PID: 32732)
[2026-05-26 07:47:03] 💓 心跳正常 (PID: 32732)
[2026-05-26 07:47:13] 💓 心跳正常 (PID: 32732)
[2026-05-26 07:51:00] ============================================================
[2026-05-26 07:51:00] 🐕 加密货币监控看门狗启动（智能版）
[2026-05-26 07:51:00] 监控目标：crypto_signal_monitor.py
[2026-05-26 07:51:00] 检查间隔：10秒
[2026-05-26 07:51:00] ⚠️  检测到进程未运行时自动启动（带 PID 文件检查）
[2026-05-26 07:51:00] ============================================================
[2026-05-26 07:51:00] 📁 交易日志 /root/.openclaw/logs/trading/monitor.log (3.4MB)，>10MB 时自动归档至 logs/trading/archive/
[2026-05-26 07:51:00] 💓 心跳正常 (PID: 27448)
[2026-05-26 07:51:10] 💓 心跳正常 (PID: 27448)
[2026-05-26 07:51:20] 💓 心跳正常 (PID: 27448)
[2026-05-26 07:51:30] 💓 心跳正常 (PID: 27448)
[2026-05-26 07:51:40] 💓 心跳正常 (PID: 27448)
[2026-05-26 07:51:51] 💓 心跳正常 (PID: 27448)
[2026-05-26 07:52:01] 💓 心跳正常 (PID: 27448)
[2026-05-26 07:52:11] 💓 心跳正常 (PID: 27448)
[2026-05-26 07:52:21] 💓 心跳正常 (PID: 27448)
[2026-05-26 07:52:32] 💓 心跳正常 (PID: 27448)
[2026-05-26 07:52:42] 💓 心跳正常 (PID: 27448)
[2026-05-26 07:52:52] 💓 心跳正常 (PID: 27448)
[2026-05-26 07:53:02] 💓 心跳正常 (PID: 27448)
[2026-05-26 07:53:13] 💓 心跳正常 (PID: 27448)
[2026-05-26 07:53:23] 💓 心跳正常 (PID: 27448)
[2026-05-26 07:53:33] 💓 心跳正常 (PID: 27448)
[2026-05-26 07:53:43] 💓 心跳正常 (PID: 27448)
[2026-05-26 07:53:54] 💓 心跳正常 (PID: 27448)
[2026-05-26 07:54:04] 💓 心跳正常 (PID: 27448)
[2026-05-26 07:54:14] 💓 心跳正常 (PID: 27448)
[2026-05-26 07:54:24] 💓 心跳正常 (PID: 27448)
[2026-05-26 07:54:35] 💓 心跳正常 (PID: 27448)
[2026-05-26 07:54:45] 💓 心跳正常 (PID: 27448)
[2026-05-26 07:54:55] 💓 心跳正常 (PID: 27448)
[2026-05-26 07:55:06] 💓 心跳正常 (PID: 27448)
[2026-05-26 07:55:16] 💓 心跳正常 (PID: 27448)
[2026-05-26 07:55:26] 💓 心跳正常 (PID: 27448)
[2026-05-26 07:55:36] 💓 心跳正常 (PID: 27448)
[2026-05-26 07:55:47] 💓 心跳正常 (PID: 27448)
[2026-05-26 07:55:57] 💓 心跳正常 (PID: 27448)
[2026-05-26 07:56:07] 💓 心跳正常 (PID: 27448)
[2026-05-26 07:56:18] 💓 心跳正常 (PID: 27448)
[2026-05-26 07:56:28] 💓 心跳正常 (PID: 27448)
[2026-05-26 07:56:38] 💓 心跳正常 (PID: 27448)
[2026-05-26 07:56:49] 💓 心跳正常 (PID: 27448)
[2026-05-26 07:56:59] 💓 心跳正常 (PID: 27448)
[2026-05-26 07:57:09] 💓 心跳正常 (PID: 27448)
[2026-05-26 07:57:19] 💓 心跳正常 (PID: 27448)
[2026-05-26 07:57:30] 💓 心跳正常 (PID: 27448)
[2026-05-26 07:57:40] 💓 心跳正常 (PID: 27448)
[2026-05-26 07:57:50] 💓 心跳正常 (PID: 27448)
[2026-05-26 07:58:00] 💓 心跳正常 (PID: 27448)
[2026-05-26 07:58:11] 💓 心跳正常 (PID: 27448)
[2026-05-26 07:58:21] 💓 心跳正常 (PID: 27448)
[2026-05-26 07:58:31] 💓 心跳正常 (PID: 27448)
[2026-05-26 07:58:41] 💓 心跳正常 (PID: 27448)
[2026-05-26 07:58:52] 💓 心跳正常 (PID: 27448)
[2026-05-26 07:59:02] 💓 心跳正常 (PID: 27448)
[2026-05-26 07:59:12] 💓 心跳正常 (PID: 27448)
[2026-05-26 07:59:22] 💓 心跳正常 (PID: 27448)
[2026-05-26 07:59:33] 💓 心跳正常 (PID: 27448)
[2026-05-26 07:59:43] 💓 心跳正常 (PID: 27448)
[2026-05-26 07:59:53] 💓 心跳正常 (PID: 27448)
[2026-05-26 08:00:03] 💓 心跳正常 (PID: 27448)
[2026-05-26 08:00:13] 💓 心跳正常 (PID: 27448)
[2026-05-26 08:00:23] 💓 心跳正常 (PID: 27448)
[2026-05-26 08:00:34] 💓 心跳正常 (PID: 27448)
[2026-05-26 08:00:44] 💓 心跳正常 (PID: 27448)
[2026-05-26 08:00:54] 💓 心跳正常 (PID: 27448)
[2026-05-26 08:01:04] 💓 心跳正常 (PID: 27448)
[2026-05-26 08:01:15] 💓 心跳正常 (PID: 27448)
[2026-05-26 08:01:25] 💓 心跳正常 (PID: 27448)
[2026-05-26 08:01:35] 💓 心跳正常 (PID: 27448)
[2026-05-26 08:01:46] 💓 心跳正常 (PID: 27448)
[2026-05-26 08:01:56] 💓 心跳正常 (PID: 27448)
[2026-05-26 08:02:06] 💓 心跳正常 (PID: 27448)
[2026-05-26 08:02:16] 💓 心跳正常 (PID: 27448)
[2026-05-26 08:02:27] 💓 心跳正常 (PID: 27448)
[2026-05-26 08:02:37] 💓 心跳正常 (PID: 27448)
[2026-05-26 08:02:47] 💓 心跳正常 (PID: 27448)
[2026-05-26 08:02:58] 💓 心跳正常 (PID: 27448)
[2026-05-26 08:03:08] 💓 心跳正常 (PID: 27448)
[2026-05-26 08:03:18] 💓 心跳正常 (PID: 27448)
[2026-05-26 08:03:28] 💓 心跳正常 (PID: 27448)
[2026-05-26 08:03:38] 💓 心跳正常 (PID: 27448)
[2026-05-26 08:03:49] 💓 心跳正常 (PID: 27448)
[2026-05-26 08:03:59] 💓 心跳正常 (PID: 27448)
[2026-05-26 08:04:09] 💓 心跳正常 (PID: 27448)
[2026-05-26 08:04:20] 💓 心跳正常 (PID: 27448)
[2026-05-26 08:04:30] 💓 心跳正常 (PID: 27448)
[2026-05-26 08:04:40] 💓 心跳正常 (PID: 27448)
[2026-05-26 08:04:51] 💓 心跳正常 (PID: 27448)
[2026-05-26 08:05:01] 💓 心跳正常 (PID: 27448)
[2026-05-26 08:05:11] 💓 心跳正常 (PID: 27448)
[2026-05-26 08:05:21] 💓 心跳正常 (PID: 27448)
[2026-05-26 08:05:32] 💓 心跳正常 (PID: 27448)
[2026-05-26 08:05:42] 💓 心跳正常 (PID: 27448)
[2026-05-26 08:05:52] 💓 心跳正常 (PID: 27448)
[2026-05-26 08:06:03] 💓 心跳正常 (PID: 27448)
[2026-05-26 08:06:13] 💓 心跳正常 (PID: 27448)
[2026-05-26 08:06:23] 💓 心跳正常 (PID: 27448)
[2026-05-26 08:06:33] 💓 心跳正常 (PID: 27448)
[2026-05-26 08:06:44] 💓 心跳正常 (PID: 27448)
[2026-05-26 08:06:54] 💓 心跳正常 (PID: 27448)
[2026-05-26 08:07:04] 💓 心跳正常 (PID: 27448)
[2026-05-26 08:07:15] 💓 心跳正常 (PID: 27448)
[2026-05-26 08:07:25] 💓 心跳正常 (PID: 27448)
[2026-05-26 08:07:35] 💓 心跳正常 (PID: 27448)
[2026-05-26 08:07:45] 💓 心跳正常 (PID: 27448)
[2026-05-26 08:07:56] 💓 心跳正常 (PID: 27448)
[2026-05-26 08:08:06] 💓 心跳正常 (PID: 27448)
[2026-05-26 08:08:16] 💓 心跳正常 (PID: 27448)
[2026-05-26 08:08:27] 💓 心跳正常 (PID: 27448)
[2026-05-26 08:08:37] 💓 心跳正常 (PID: 27448)
[2026-05-26 08:08:47] 💓 心跳正常 (PID: 27448)
[2026-05-26 08:08:58] 💓 心跳正常 (PID: 27448)
[2026-05-26 08:09:08] 💓 心跳正常 (PID: 27448)
[2026-05-26 08:09:18] 💓 心跳正常 (PID: 27448)
[2026-05-26 08:09:28] 💓 心跳正常 (PID: 27448)
[2026-05-26 08:09:39] 💓 心跳正常 (PID: 27448)
[2026-05-26 08:09:49] 💓 心跳正常 (PID: 27448)
[2026-05-26 08:09:59] 💓 心跳正常 (PID: 27448)
[2026-05-26 08:10:09] 💓 心跳正常 (PID: 27448)
[2026-05-26 08:10:20] 💓 心跳正常 (PID: 27448)
[2026-05-26 08:10:30] 💓 心跳正常 (PID: 27448)
[2026-05-26 08:10:40] 💓 心跳正常 (PID: 27448)
[2026-05-26 08:10:50] 💓 心跳正常 (PID: 27448)
[2026-05-26 08:11:01] 💓 心跳正常 (PID: 27448)
[2026-05-26 08:11:11] 💓 心跳正常 (PID: 27448)
[2026-05-26 08:11:21] 💓 心跳正常 (PID: 27448)
[2026-05-26 08:11:31] 💓 心跳正常 (PID: 27448)
[2026-05-26 08:11:42] 💓 心跳正常 (PID: 27448)
[2026-05-26 08:11:52] 💓 心跳正常 (PID: 27448)
[2026-05-26 08:12:02] 💓 心跳正常 (PID: 27448)
[2026-05-26 08:12:12] 💓 心跳正常 (PID: 27448)
[2026-05-26 08:12:23] 💓 心跳正常 (PID: 27448)
[2026-05-26 08:12:33] 💓 心跳正常 (PID: 27448)
[2026-05-26 08:12:43] 💓 心跳正常 (PID: 27448)
[2026-05-26 08:12:53] 💓 心跳正常 (PID: 27448)
[2026-05-26 08:13:04] 💓 心跳正常 (PID: 27448)
[2026-05-26 08:13:14] 💓 心跳正常 (PID: 27448)
[2026-05-26 08:13:24] 💓 心跳正常 (PID: 27448)
[2026-05-26 08:13:34] 💓 心跳正常 (PID: 27448)
[2026-05-26 08:13:45] 💓 心跳正常 (PID: 27448)
[2026-05-26 08:13:55] 💓 心跳正常 (PID: 27448)
[2026-05-26 08:14:05] 💓 心跳正常 (PID: 27448)
[2026-05-26 08:14:15] 💓 心跳正常 (PID: 27448)
[2026-05-26 08:14:25] 💓 心跳正常 (PID: 27448)
[2026-05-26 08:14:36] 💓 心跳正常 (PID: 27448)
[2026-05-26 08:14:46] 💓 心跳正常 (PID: 27448)
[2026-05-26 08:14:56] 💓 心跳正常 (PID: 27448)
[2026-05-26 08:15:06] 💓 心跳正常 (PID: 27448)
[2026-05-26 08:15:16] 💓 心跳正常 (PID: 27448)
[2026-05-26 08:15:27] 💓 心跳正常 (PID: 27448)
[2026-05-26 08:15:37] 💓 心跳正常 (PID: 27448)
[2026-05-26 08:15:47] 💓 心跳正常 (PID: 27448)
[2026-05-26 08:15:58] 💓 心跳正常 (PID: 27448)
[2026-05-26 08:16:08] 💓 心跳正常 (PID: 27448)
[2026-05-26 08:16:18] 💓 心跳正常 (PID: 27448)
[2026-05-26 08:16:28] 💓 心跳正常 (PID: 27448)
[2026-05-26 08:16:39] 💓 心跳正常 (PID: 27448)
[2026-05-26 08:16:49] 💓 心跳正常 (PID: 27448)
[2026-05-26 08:16:59] 💓 心跳正常 (PID: 27448)
[2026-05-26 08:17:09] 💓 心跳正常 (PID: 27448)
[2026-05-26 08:17:20] 💓 心跳正常 (PID: 27448)
[2026-05-26 08:17:30] 💓 心跳正常 (PID: 27448)
[2026-05-26 08:17:40] 💓 心跳正常 (PID: 27448)
[2026-05-26 08:17:50] 💓 心跳正常 (PID: 27448)
[2026-05-26 08:18:00] 💓 心跳正常 (PID: 27448)
[2026-05-26 08:18:11] 💓 心跳正常 (PID: 27448)
[2026-05-26 08:18:21] 💓 心跳正常 (PID: 27448)
[2026-05-26 08:18:31] 💓 心跳正常 (PID: 27448)
[2026-05-26 08:18:41] 💓 心跳正常 (PID: 27448)
[2026-05-26 08:18:52] 💓 心跳正常 (PID: 27448)
[2026-05-26 08:19:02] 💓 心跳正常 (PID: 27448)
[2026-05-26 08:19:12] 💓 心跳正常 (PID: 27448)
[2026-05-26 08:19:22] 💓 心跳正常 (PID: 27448)
[2026-05-26 08:19:33] 💓 心跳正常 (PID: 27448)
[2026-05-26 08:19:43] 💓 心跳正常 (PID: 27448)
[2026-05-26 08:19:53] 💓 心跳正常 (PID: 27448)
[2026-05-26 08:20:03] 💓 心跳正常 (PID: 27448)
[2026-05-26 08:20:13] 💓 心跳正常 (PID: 27448)
[2026-05-26 08:20:23] 💓 心跳正常 (PID: 27448)
[2026-05-26 08:20:34] 💓 心跳正常 (PID: 27448)
[2026-05-26 08:20:44] 💓 心跳正常 (PID: 27448)
[2026-05-26 08:20:54] 💓 心跳正常 (PID: 27448)
[2026-05-26 08:21:05] 💓 心跳正常 (PID: 27448)
[2026-05-26 08:21:15] 💓 心跳正常 (PID: 27448)
[2026-05-26 08:21:25] 💓 心跳正常 (PID: 27448)
[2026-05-26 08:21:35] 💓 心跳正常 (PID: 27448)
[2026-05-26 08:21:46] 💓 心跳正常 (PID: 27448)
[2026-05-26 08:21:56] 💓 心跳正常 (PID: 27448)
[2026-05-26 08:22:06] 💓 心跳正常 (PID: 27448)
[2026-05-26 08:22:16] 💓 心跳正常 (PID: 27448)
[2026-05-26 08:22:27] 💓 心跳正常 (PID: 27448)
[2026-05-26 08:22:37] 💓 心跳正常 (PID: 27448)
[2026-05-26 08:22:47] 💓 心跳正常 (PID: 27448)
[2026-05-26 08:22:58] 💓 心跳正常 (PID: 27448)
[2026-05-26 08:23:08] 💓 心跳正常 (PID: 27448)
[2026-05-26 08:23:18] 💓 心跳正常 (PID: 27448)
[2026-05-26 08:23:28] 💓 心跳正常 (PID: 27448)
[2026-05-26 08:23:39] 💓 心跳正常 (PID: 27448)
[2026-05-26 08:23:49] 💓 心跳正常 (PID: 27448)
[2026-05-26 08:23:59] 💓 心跳正常 (PID: 27448)
[2026-05-26 08:24:09] 💓 心跳正常 (PID: 27448)
[2026-05-26 08:24:20] 💓 心跳正常 (PID: 27448)
[2026-05-26 08:24:30] 💓 心跳正常 (PID: 27448)
[2026-05-26 08:24:40] 💓 心跳正常 (PID: 27448)
[2026-05-26 08:24:50] 💓 心跳正常 (PID: 27448)
[2026-05-26 08:25:01] 💓 心跳正常 (PID: 27448)
[2026-05-26 08:25:11] 💓 心跳正常 (PID: 27448)
[2026-05-26 08:25:21] 💓 心跳正常 (PID: 27448)
[2026-05-26 08:25:32] 💓 心跳正常 (PID: 27448)
[2026-05-26 08:25:42] 💓 心跳正常 (PID: 27448)
[2026-05-26 08:25:52] 💓 心跳正常 (PID: 27448)
[2026-05-26 08:26:03] 💓 心跳正常 (PID: 27448)
[2026-05-26 08:26:13] 💓 心跳正常 (PID: 27448)
[2026-05-26 08:26:23] 💓 心跳正常 (PID: 27448)
[2026-05-26 08:26:33] 💓 心跳正常 (PID: 27448)
[2026-05-26 08:26:44] 💓 心跳正常 (PID: 27448)
[2026-05-26 08:26:54] 💓 心跳正常 (PID: 27448)
[2026-05-26 08:27:04] 💓 心跳正常 (PID: 27448)
[2026-05-26 08:27:14] 💓 心跳正常 (PID: 27448)
[2026-05-26 08:27:25] 💓 心跳正常 (PID: 27448)
[2026-05-26 08:27:35] 💓 心跳正常 (PID: 27448)
[2026-05-26 08:27:45] 💓 心跳正常 (PID: 27448)
[2026-05-26 08:27:55] 💓 心跳正常 (PID: 27448)
[2026-05-26 08:28:05] 💓 心跳正常 (PID: 27448)
[2026-05-26 08:28:16] 💓 心跳正常 (PID: 27448)
[2026-05-26 08:28:26] 💓 心跳正常 (PID: 27448)
[2026-05-26 08:28:36] 💓 心跳正常 (PID: 27448)
[2026-05-26 08:28:46] 💓 心跳正常 (PID: 27448)
[2026-05-26 08:28:57] 💓 心跳正常 (PID: 27448)
[2026-05-26 08:29:07] 💓 心跳正常 (PID: 27448)
[2026-05-26 08:29:17] 💓 心跳正常 (PID: 27448)
[2026-05-26 08:29:28] 💓 心跳正常 (PID: 27448)
[2026-05-26 08:29:38] 💓 心跳正常 (PID: 27448)
[2026-05-26 08:29:48] 💓 心跳正常 (PID: 27448)
[2026-05-26 08:29:58] 💓 心跳正常 (PID: 27448)
[2026-05-26 08:30:09] 💓 心跳正常 (PID: 27448)
[2026-05-26 08:30:19] 💓 心跳正常 (PID: 27448)
[2026-05-26 08:30:29] 💓 心跳正常 (PID: 27448)
[2026-05-26 08:30:40] 💓 心跳正常 (PID: 27448)
[2026-05-26 08:30:50] 💓 心跳正常 (PID: 27448)
[2026-05-26 08:31:00] 💓 心跳正常 (PID: 27448)
[2026-05-26 08:31:11] 💓 心跳正常 (PID: 27448)
[2026-05-26 08:31:21] 💓 心跳正常 (PID: 27448)
[2026-05-26 08:31:31] 💓 心跳正常 (PID: 27448)
[2026-05-26 08:31:41] 💓 心跳正常 (PID: 27448)
[2026-05-26 08:31:52] 💓 心跳正常 (PID: 27448)
[2026-05-26 08:32:02] 💓 心跳正常 (PID: 27448)
[2026-05-26 08:32:12] 💓 心跳正常 (PID: 27448)
[2026-05-26 08:32:22] 💓 心跳正常 (PID: 27448)
[2026-05-26 08:32:33] 💓 心跳正常 (PID: 27448)
[2026-05-26 08:32:43] 💓 心跳正常 (PID: 27448)
[2026-05-26 08:32:53] 💓 心跳正常 (PID: 27448)
[2026-05-26 08:33:03] 💓 心跳正常 (PID: 27448)
[2026-05-26 08:33:13] 💓 心跳正常 (PID: 27448)
[2026-05-26 08:33:24] 💓 心跳正常 (PID: 27448)
[2026-05-26 08:33:34] 💓 心跳正常 (PID: 27448)
[2026-05-26 08:33:44] 💓 心跳正常 (PID: 27448)
[2026-05-26 08:33:54] 💓 心跳正常 (PID: 27448)
[2026-05-26 08:34:05] 💓 心跳正常 (PID: 27448)
[2026-05-26 08:34:15] 💓 心跳正常 (PID: 27448)
[2026-05-26 08:34:25] 💓 心跳正常 (PID: 27448)
[2026-05-26 08:34:36] 💓 心跳正常 (PID: 27448)
[2026-05-26 08:34:46] 💓 心跳正常 (PID: 27448)
[2026-05-26 08:34:56] 💓 心跳正常 (PID: 27448)
[2026-05-26 08:35:06] 💓 心跳正常 (PID: 27448)
[2026-05-26 08:35:17] 💓 心跳正常 (PID: 27448)
[2026-05-26 08:35:27] 💓 心跳正常 (PID: 27448)
[2026-05-26 08:35:37] 💓 心跳正常 (PID: 27448)
[2026-05-26 08:35:47] 💓 心跳正常 (PID: 27448)
[2026-05-26 08:35:58] 💓 心跳正常 (PID: 27448)
[2026-05-26 08:36:08] 💓 心跳正常 (PID: 27448)
[2026-05-26 08:36:18] 💓 心跳正常 (PID: 27448)
[2026-05-26 08:36:29] 💓 心跳正常 (PID: 27448)
[2026-05-26 08:36:39] 💓 心跳正常 (PID: 27448)
[2026-05-26 08:36:49] 💓 心跳正常 (PID: 27448)
[2026-05-26 08:36:59] 💓 心跳正常 (PID: 27448)
[2026-05-26 08:37:10] 💓 心跳正常 (PID: 27448)
[2026-05-26 08:37:20] 💓 心跳正常 (PID: 27448)
[2026-05-26 08:37:30] 💓 心跳正常 (PID: 27448)
[2026-05-26 08:37:40] 💓 心跳正常 (PID: 27448)
[2026-05-26 08:37:50] 💓 心跳正常 (PID: 27448)
[2026-05-26 08:38:00] 💓 心跳正常 (PID: 27448)
[2026-05-26 08:38:11] 💓 心跳正常 (PID: 27448)
[2026-05-26 08:38:21] 💓 心跳正常 (PID: 27448)
[2026-05-26 08:38:31] 💓 心跳正常 (PID: 27448)
[2026-05-26 08:38:41] 💓 心跳正常 (PID: 27448)
[2026-05-26 08:38:51] 💓 心跳正常 (PID: 27448)
[2026-05-26 08:39:02] 💓 心跳正常 (PID: 27448)
[2026-05-26 08:39:12] 💓 心跳正常 (PID: 27448)
[2026-05-26 08:39:22] 💓 心跳正常 (PID: 27448)
[2026-05-26 08:39:32] 💓 心跳正常 (PID: 27448)
[2026-05-26 08:39:42] 💓 心跳正常 (PID: 27448)
[2026-05-26 08:39:53] 💓 心跳正常 (PID: 27448)
[2026-05-26 08:40:03] 💓 心跳正常 (PID: 27448)
[2026-05-26 08:40:13] 💓 心跳正常 (PID: 27448)
[2026-05-26 08:40:23] 💓 心跳正常 (PID: 27448)
[2026-05-26 08:40:33] 💓 心跳正常 (PID: 27448)
[2026-05-26 08:40:44] 💓 心跳正常 (PID: 27448)
[2026-05-26 08:40:54] 💓 心跳正常 (PID: 27448)
[2026-05-26 08:41:04] 💓 心跳正常 (PID: 27448)
[2026-05-26 08:41:15] 💓 心跳正常 (PID: 27448)
[2026-05-26 08:41:25] 💓 心跳正常 (PID: 27448)
[2026-05-26 08:41:35] 💓 心跳正常 (PID: 27448)
[2026-05-26 08:41:45] 💓 心跳正常 (PID: 27448)
[2026-05-26 08:41:55] 💓 心跳正常 (PID: 27448)
[2026-05-26 08:42:05] 💓 心跳正常 (PID: 27448)
[2026-05-26 08:42:16] 💓 心跳正常 (PID: 27448)
[2026-05-26 08:42:26] 💓 心跳正常 (PID: 27448)
[2026-05-26 08:42:36] 💓 心跳正常 (PID: 27448)
[2026-05-26 08:42:46] 💓 心跳正常 (PID: 27448)
[2026-05-26 08:42:57] 💓 心跳正常 (PID: 27448)
[2026-05-26 08:43:07] 💓 心跳正常 (PID: 27448)
[2026-05-26 08:43:17] 💓 心跳正常 (PID: 27448)
[2026-05-26 08:43:28] 💓 心跳正常 (PID: 27448)
[2026-05-26 08:43:38] 💓 心跳正常 (PID: 27448)
[2026-05-26 08:43:48] 💓 心跳正常 (PID: 27448)
[2026-05-26 08:43:58] 💓 心跳正常 (PID: 27448)
[2026-05-26 08:44:08] 💓 心跳正常 (PID: 27448)
[2026-05-26 08:44:19] 💓 心跳正常 (PID: 27448)
[2026-05-26 08:44:29] 💓 心跳正常 (PID: 27448)
[2026-05-26 08:44:39] 💓 心跳正常 (PID: 27448)
[2026-05-26 08:44:49] 💓 心跳正常 (PID: 27448)
[2026-05-26 08:45:00] 💓 心跳正常 (PID: 27448)
[2026-05-26 08:45:10] 💓 心跳正常 (PID: 27448)
[2026-05-26 08:45:20] 💓 心跳正常 (PID: 27448)
[2026-05-26 08:45:31] 💓 心跳正常 (PID: 27448)
[2026-05-26 08:45:41] 💓 心跳正常 (PID: 27448)
[2026-05-26 08:45:51] 💓 心跳正常 (PID: 27448)
[2026-05-26 08:46:01] 💓 心跳正常 (PID: 27448)
[2026-05-26 08:46:12] 💓 心跳正常 (PID: 27448)
[2026-05-26 08:46:22] 💓 心跳正常 (PID: 27448)
[2026-05-26 08:46:32] 💓 心跳正常 (PID: 27448)
[2026-05-26 08:46:43] 💓 心跳正常 (PID: 27448)
[2026-05-26 08:46:53] 💓 心跳正常 (PID: 27448)
[2026-05-26 08:47:03] 💓 心跳正常 (PID: 27448)
[2026-05-26 08:47:13] 💓 心跳正常 (PID: 27448)
[2026-05-26 08:47:24] 💓 心跳正常 (PID: 27448)
[2026-05-26 08:47:34] 💓 心跳正常 (PID: 27448)
[2026-05-26 08:47:44] 💓 心跳正常 (PID: 27448)
[2026-05-26 08:47:54] 💓 心跳正常 (PID: 27448)
[2026-05-26 08:48:05] 💓 心跳正常 (PID: 27448)
[2026-05-26 08:48:15] 💓 心跳正常 (PID: 27448)
[2026-05-26 08:48:25] 💓 心跳正常 (PID: 27448)
[2026-05-26 08:48:35] 💓 心跳正常 (PID: 27448)
[2026-05-26 08:48:46] 💓 心跳正常 (PID: 27448)
[2026-05-26 08:48:56] 💓 心跳正常 (PID: 27448)
[2026-05-26 08:49:06] 💓 心跳正常 (PID: 27448)
[2026-05-26 08:49:16] 💓 心跳正常 (PID: 27448)
[2026-05-26 08:49:27] 💓 心跳正常 (PID: 27448)
[2026-05-26 08:49:37] 💓 心跳正常 (PID: 27448)
[2026-05-26 08:49:47] 💓 心跳正常 (PID: 27448)
[2026-05-26 08:49:57] 💓 心跳正常 (PID: 27448)
[2026-05-26 08:50:08] 💓 心跳正常 (PID: 27448)
[2026-05-26 08:50:18] 💓 心跳正常 (PID: 27448)
[2026-05-26 08:50:28] 💓 心跳正常 (PID: 27448)
[2026-05-26 08:50:38] 💓 心跳正常 (PID: 27448)
[2026-05-26 08:50:48] 💓 心跳正常 (PID: 27448)
[2026-05-26 08:50:59] 💓 心跳正常 (PID: 27448)
[2026-05-26 08:51:09] 📁 交易日志 /root/.openclaw/logs/trading/monitor.log (3.5MB)，>10MB 时自动归档至 logs/trading/archive/
[2026-05-26 08:51:09] 💓 心跳正常 (PID: 27448)
[2026-05-26 08:51:19] 💓 心跳正常 (PID: 27448)
[2026-05-26 08:51:29] 💓 心跳正常 (PID: 27448)
[2026-05-26 08:51:39] 💓 心跳正常 (PID: 27448)
[2026-05-26 08:51:49] 💓 心跳正常 (PID: 27448)
[2026-05-26 08:52:00] 💓 心跳正常 (PID: 27448)
[2026-05-26 08:52:10] 💓 心跳正常 (PID: 27448)
[2026-05-26 08:52:20] 💓 心跳正常 (PID: 27448)
[2026-05-26 08:52:30] 💓 心跳正常 (PID: 27448)
[2026-05-26 08:52:40] 💓 心跳正常 (PID: 27448)
[2026-05-26 08:52:51] 💓 心跳正常 (PID: 27448)
[2026-05-26 08:53:01] 💓 心跳正常 (PID: 27448)
[2026-05-26 08:53:11] 💓 心跳正常 (PID: 27448)
[2026-05-26 08:53:21] 💓 心跳正常 (PID: 27448)
[2026-05-26 08:53:32] 💓 心跳正常 (PID: 27448)
[2026-05-26 08:53:42] 💓 心跳正常 (PID: 27448)
[2026-05-26 08:53:52] 💓 心跳正常 (PID: 27448)
[2026-05-26 08:54:02] 💓 心跳正常 (PID: 27448)
[2026-05-26 08:54:12] 💓 心跳正常 (PID: 27448)
[2026-05-26 08:54:22] 💓 心跳正常 (PID: 27448)
[2026-05-26 08:54:33] 💓 心跳正常 (PID: 27448)
[2026-05-26 08:54:43] 💓 心跳正常 (PID: 27448)
[2026-05-26 08:54:53] 💓 心跳正常 (PID: 27448)
[2026-05-26 08:55:04] 💓 心跳正常 (PID: 27448)
[2026-05-26 08:55:14] 💓 心跳正常 (PID: 27448)
[2026-05-26 08:55:24] 💓 心跳正常 (PID: 27448)
[2026-05-26 08:55:35] 💓 心跳正常 (PID: 27448)
[2026-05-26 08:55:45] 💓 心跳正常 (PID: 27448)
[2026-05-26 08:55:55] 💓 心跳正常 (PID: 27448)
[2026-05-26 08:56:05] 💓 心跳正常 (PID: 27448)
[2026-05-26 08:56:16] 💓 心跳正常 (PID: 27448)
[2026-05-26 08:56:26] 💓 心跳正常 (PID: 27448)
[2026-05-26 08:56:36] 💓 心跳正常 (PID: 27448)
[2026-05-26 08:56:46] 💓 心跳正常 (PID: 27448)
[2026-05-26 08:56:56] 💓 心跳正常 (PID: 27448)
[2026-05-26 08:57:07] 💓 心跳正常 (PID: 27448)
[2026-05-26 08:57:17] 💓 心跳正常 (PID: 27448)
[2026-05-26 08:57:27] 💓 心跳正常 (PID: 27448)
[2026-05-26 08:57:37] 💓 心跳正常 (PID: 27448)
[2026-05-26 08:57:48] 💓 心跳正常 (PID: 27448)
[2026-05-26 08:57:58] 💓 心跳正常 (PID: 27448)
[2026-05-26 08:58:08] 💓 心跳正常 (PID: 27448)
[2026-05-26 08:58:18] 💓 心跳正常 (PID: 27448)
[2026-05-26 08:58:29] 💓 心跳正常 (PID: 27448)
[2026-05-26 08:58:39] 💓 心跳正常 (PID: 27448)
[2026-05-26 08:58:49] 💓 心跳正常 (PID: 27448)
[2026-05-26 08:58:59] 💓 心跳正常 (PID: 27448)
[2026-05-26 08:59:10] 💓 心跳正常 (PID: 27448)
[2026-05-26 08:59:20] 💓 心跳正常 (PID: 27448)
[2026-05-26 08:59:30] 💓 心跳正常 (PID: 27448)
[2026-05-26 08:59:40] 💓 心跳正常 (PID: 27448)
[2026-05-26 08:59:51] 💓 心跳正常 (PID: 27448)
[2026-05-26 09:00:01] 💓 心跳正常 (PID: 27448)
[2026-05-26 09:00:11] 💓 心跳正常 (PID: 27448)
[2026-05-26 09:00:21] 💓 心跳正常 (PID: 27448)
[2026-05-26 09:00:32] 💓 心跳正常 (PID: 27448)
[2026-05-26 09:00:42] 💓 心跳正常 (PID: 27448)
[2026-05-26 09:00:52] 💓 心跳正常 (PID: 27448)
[2026-05-26 09:01:02] 💓 心跳正常 (PID: 27448)
[2026-05-26 09:01:13] 💓 心跳正常 (PID: 27448)
[2026-05-26 09:01:23] 💓 心跳正常 (PID: 27448)
[2026-05-26 09:01:33] 💓 心跳正常 (PID: 27448)
[2026-05-26 09:01:43] 💓 心跳正常 (PID: 27448)
[2026-05-26 09:01:54] 💓 心跳正常 (PID: 27448)
[2026-05-26 09:02:04] 💓 心跳正常 (PID: 27448)
[2026-05-26 09:02:14] 💓 心跳正常 (PID: 27448)
[2026-05-26 09:02:25] 💓 心跳正常 (PID: 27448)
[2026-05-26 09:02:35] 💓 心跳正常 (PID: 27448)
[2026-05-26 09:02:45] 💓 心跳正常 (PID: 27448)
[2026-05-26 09:02:55] 💓 心跳正常 (PID: 27448)
[2026-05-26 09:03:06] 💓 心跳正常 (PID: 27448)
[2026-05-26 09:03:16] 💓 心跳正常 (PID: 27448)
[2026-05-26 09:03:27] 💓 心跳正常 (PID: 27448)
[2026-05-26 09:03:37] 💓 心跳正常 (PID: 27448)
[2026-05-26 09:03:47] 💓 心跳正常 (PID: 27448)
[2026-05-26 09:03:58] 💓 心跳正常 (PID: 27448)
[2026-05-26 09:04:08] 💓 心跳正常 (PID: 27448)
[2026-05-26 09:04:18] 💓 心跳正常 (PID: 27448)
[2026-05-26 09:04:28] 💓 心跳正常 (PID: 27448)
[2026-05-26 09:04:38] 💓 心跳正常 (PID: 27448)
[2026-05-26 09:04:49] 💓 心跳正常 (PID: 27448)
[2026-05-26 09:04:59] 💓 心跳正常 (PID: 27448)
[2026-05-26 09:05:09] 💓 心跳正常 (PID: 27448)
[2026-05-26 09:05:19] 💓 心跳正常 (PID: 27448)
[2026-05-26 09:05:30] 💓 心跳正常 (PID: 27448)
[2026-05-26 09:05:40] 💓 心跳正常 (PID: 27448)
[2026-05-26 09:05:50] 💓 心跳正常 (PID: 27448)
[2026-05-26 09:06:01] 💓 心跳正常 (PID: 27448)
[2026-05-26 09:06:11] 💓 心跳正常 (PID: 27448)
[2026-05-26 09:06:21] 💓 心跳正常 (PID: 27448)
[2026-05-26 09:06:31] 💓 心跳正常 (PID: 27448)
[2026-05-26 09:06:42] 💓 心跳正常 (PID: 27448)
[2026-05-26 09:06:52] 💓 心跳正常 (PID: 27448)
[2026-05-26 09:07:02] 💓 心跳正常 (PID: 27448)
[2026-05-26 09:07:12] 💓 心跳正常 (PID: 27448)
[2026-05-26 09:07:23] 💓 心跳正常 (PID: 27448)
[2026-05-26 09:07:33] 💓 心跳正常 (PID: 27448)
[2026-05-26 09:07:43] 💓 心跳正常 (PID: 27448)
[2026-05-26 09:07:54] 💓 心跳正常 (PID: 27448)
[2026-05-26 09:08:04] 💓 心跳正常 (PID: 27448)
[2026-05-26 09:08:14] 💓 心跳正常 (PID: 27448)
[2026-05-26 09:08:24] 💓 心跳正常 (PID: 27448)
[2026-05-26 09:08:34] 💓 心跳正常 (PID: 27448)
[2026-05-26 09:08:45] 💓 心跳正常 (PID: 27448)
[2026-05-26 09:08:55] 💓 心跳正常 (PID: 27448)
[2026-05-26 09:09:05] 💓 心跳正常 (PID: 27448)
[2026-05-26 09:09:16] 💓 心跳正常 (PID: 27448)
[2026-05-26 09:09:26] 💓 心跳正常 (PID: 27448)
[2026-05-26 09:09:36] 💓 心跳正常 (PID: 27448)
[2026-05-26 09:09:46] 💓 心跳正常 (PID: 27448)
[2026-05-26 09:09:57] 💓 心跳正常 (PID: 27448)
[2026-05-26 09:10:07] 💓 心跳正常 (PID: 27448)
[2026-05-26 09:10:17] 💓 心跳正常 (PID: 27448)
[2026-05-26 09:10:27] 💓 心跳正常 (PID: 27448)
[2026-05-26 09:10:38] 💓 心跳正常 (PID: 27448)
[2026-05-26 09:10:48] 💓 心跳正常 (PID: 27448)
[2026-05-26 09:10:58] 💓 心跳正常 (PID: 27448)
[2026-05-26 09:11:08] 💓 心跳正常 (PID: 27448)
[2026-05-26 09:11:19] 💓 心跳正常 (PID: 27448)
[2026-05-26 09:11:29] 💓 心跳正常 (PID: 27448)
[2026-05-26 09:11:39] 💓 心跳正常 (PID: 27448)
[2026-05-26 09:11:49] 💓 心跳正常 (PID: 27448)
[2026-05-26 09:11:59] 💓 心跳正常 (PID: 27448)
[2026-05-26 09:12:10] 💓 心跳正常 (PID: 27448)
[2026-05-26 09:12:20] 💓 心跳正常 (PID: 27448)
[2026-05-26 09:12:30] 💓 心跳正常 (PID: 27448)
[2026-05-26 09:12:40] 💓 心跳正常 (PID: 27448)
[2026-05-26 09:12:51] 💓 心跳正常 (PID: 27448)
[2026-05-26 09:13:01] 💓 心跳正常 (PID: 27448)
[2026-05-26 09:13:11] 💓 心跳正常 (PID: 27448)
[2026-05-26 09:13:21] 💓 心跳正常 (PID: 27448)
[2026-05-26 09:13:32] 💓 心跳正常 (PID: 27448)
[2026-05-26 09:13:42] 💓 心跳正常 (PID: 27448)
[2026-05-26 09:13:52] 💓 心跳正常 (PID: 27448)
[2026-05-26 09:14:03] 💓 心跳正常 (PID: 27448)
[2026-05-26 09:14:13] 💓 心跳正常 (PID: 27448)
[2026-05-26 09:14:23] 💓 心跳正常 (PID: 27448)
[2026-05-26 09:14:33] 💓 心跳正常 (PID: 27448)
[2026-05-26 09:14:44] 💓 心跳正常 (PID: 27448)
[2026-05-26 09:14:54] 💓 心跳正常 (PID: 27448)
[2026-05-26 09:15:04] 💓 心跳正常 (PID: 27448)
[2026-05-26 09:15:14] 💓 心跳正常 (PID: 27448)
[2026-05-26 09:15:25] 💓 心跳正常 (PID: 27448)
[2026-05-26 09:15:35] 💓 心跳正常 (PID: 27448)
[2026-05-26 09:15:45] 💓 心跳正常 (PID: 27448)
[2026-05-26 09:15:55] 💓 心跳正常 (PID: 27448)
[2026-05-26 09:16:06] 💓 心跳正常 (PID: 27448)
[2026-05-26 09:16:16] 💓 心跳正常 (PID: 27448)
[2026-05-26 09:16:26] 💓 心跳正常 (PID: 27448)
[2026-05-26 09:16:36] 💓 心跳正常 (PID: 27448)
[2026-05-26 09:16:47] 💓 心跳正常 (PID: 27448)
[2026-05-26 09:16:57] 💓 心跳正常 (PID: 27448)
[2026-05-26 09:17:07] 💓 心跳正常 (PID: 27448)
[2026-05-26 09:17:18] 💓 心跳正常 (PID: 27448)
[2026-05-26 09:17:28] 💓 心跳正常 (PID: 27448)
[2026-05-26 09:17:38] 💓 心跳正常 (PID: 27448)
[2026-05-26 09:17:49] 💓 心跳正常 (PID: 27448)
[2026-05-26 09:17:59] 💓 心跳正常 (PID: 27448)
[2026-05-26 09:18:09] 💓 心跳正常 (PID: 27448)
[2026-05-26 09:18:19] 💓 心跳正常 (PID: 27448)
[2026-05-26 09:18:29] 💓 心跳正常 (PID: 27448)
[2026-05-26 09:18:40] 💓 心跳正常 (PID: 27448)
[2026-05-26 09:18:50] 💓 心跳正常 (PID: 27448)
[2026-05-26 09:19:00] 💓 心跳正常 (PID: 27448)
[2026-05-26 09:19:10] 💓 心跳正常 (PID: 27448)
[2026-05-26 09:19:21] 💓 心跳正常 (PID: 27448)
[2026-05-26 09:19:31] 💓 心跳正常 (PID: 27448)
[2026-05-26 09:19:41] 💓 心跳正常 (PID: 27448)
[2026-05-26 09:19:51] 💓 心跳正常 (PID: 27448)
[2026-05-26 09:20:01] 💓 心跳正常 (PID: 27448)
[2026-05-26 09:20:12] 💓 心跳正常 (PID: 27448)
[2026-05-26 09:20:22] 💓 心跳正常 (PID: 27448)
[2026-05-26 09:20:32] 💓 心跳正常 (PID: 27448)
[2026-05-26 09:20:42] 💓 心跳正常 (PID: 27448)
[2026-05-26 09:20:52] 💓 心跳正常 (PID: 27448)
[2026-05-26 09:21:03] 💓 心跳正常 (PID: 27448)
[2026-05-26 09:21:13] 💓 心跳正常 (PID: 27448)
[2026-05-26 09:21:23] 💓 心跳正常 (PID: 27448)
[2026-05-26 09:21:33] 💓 心跳正常 (PID: 27448)
[2026-05-26 09:21:43] 💓 心跳正常 (PID: 27448)
[2026-05-26 09:21:54] 💓 心跳正常 (PID: 27448)
[2026-05-26 09:22:04] 💓 心跳正常 (PID: 27448)
[2026-05-26 09:22:14] 💓 心跳正常 (PID: 27448)
[2026-05-26 09:22:24] 💓 心跳正常 (PID: 27448)
[2026-05-26 09:22:35] 💓 心跳正常 (PID: 27448)
[2026-05-26 09:22:45] 💓 心跳正常 (PID: 27448)
[2026-05-26 09:22:55] 💓 心跳正常 (PID: 27448)
[2026-05-26 09:23:06] 💓 心跳正常 (PID: 27448)
[2026-05-26 09:23:16] 💓 心跳正常 (PID: 27448)
[2026-05-26 09:23:26] 💓 心跳正常 (PID: 27448)
[2026-05-26 09:23:36] 💓 心跳正常 (PID: 27448)
[2026-05-26 09:23:46] 💓 心跳正常 (PID: 27448)
[2026-05-26 09:23:57] 💓 心跳正常 (PID: 27448)
[2026-05-26 09:24:07] 💓 心跳正常 (PID: 27448)
[2026-05-26 09:24:17] 💓 心跳正常 (PID: 27448)
[2026-05-26 09:24:28] 💓 心跳正常 (PID: 27448)
[2026-05-26 09:24:38] 💓 心跳正常 (PID: 27448)
[2026-05-26 09:24:48] 💓 心跳正常 (PID: 27448)
[2026-05-26 09:24:58] 💓 心跳正常 (PID: 27448)
[2026-05-26 09:25:09] 💓 心跳正常 (PID: 27448)
[2026-05-26 09:25:19] 💓 心跳正常 (PID: 27448)
[2026-05-26 09:25:29] 💓 心跳正常 (PID: 27448)
[2026-05-26 09:25:40] 💓 心跳正常 (PID: 27448)
[2026-05-26 09:25:50] 💓 心跳正常 (PID: 27448)
[2026-05-26 09:26:00] 💓 心跳正常 (PID: 27448)
[2026-05-26 09:26:11] 💓 心跳正常 (PID: 27448)
[2026-05-26 09:26:21] 💓 心跳正常 (PID: 27448)
[2026-05-26 09:26:31] 💓 心跳正常 (PID: 27448)
[2026-05-26 09:26:41] 💓 心跳正常 (PID: 27448)
[2026-05-26 09:26:51] 💓 心跳正常 (PID: 27448)
[2026-05-26 09:27:02] 💓 心跳正常 (PID: 27448)
[2026-05-26 09:27:12] 💓 心跳正常 (PID: 27448)
[2026-05-26 09:27:22] 💓 心跳正常 (PID: 27448)
[2026-05-26 09:27:33] 💓 心跳正常 (PID: 27448)
[2026-05-26 09:27:43] 💓 心跳正常 (PID: 27448)
[2026-05-26 09:27:53] 💓 心跳正常 (PID: 27448)
[2026-05-26 09:28:03] 💓 心跳正常 (PID: 27448)
[2026-05-26 09:28:14] 💓 心跳正常 (PID: 27448)
[2026-05-26 09:28:24] 💓 心跳正常 (PID: 27448)
[2026-05-26 09:28:34] 💓 心跳正常 (PID: 27448)
[2026-05-26 09:28:45] 💓 心跳正常 (PID: 27448)
[2026-05-26 09:28:55] 💓 心跳正常 (PID: 27448)
[2026-05-26 09:29:05] 💓 心跳正常 (PID: 27448)
[2026-05-26 09:29:15] 💓 心跳正常 (PID: 27448)
[2026-05-26 09:29:25] 💓 心跳正常 (PID: 27448)
[2026-05-26 09:29:36] 💓 心跳正常 (PID: 27448)
[2026-05-26 09:29:46] 💓 心跳正常 (PID: 27448)
[2026-05-26 09:29:56] 💓 心跳正常 (PID: 27448)
[2026-05-26 09:30:07] 💓 心跳正常 (PID: 27448)
[2026-05-26 09:30:17] 💓 心跳正常 (PID: 27448)
[2026-05-26 09:30:27] 💓 心跳正常 (PID: 27448)
[2026-05-26 09:30:37] 💓 心跳正常 (PID: 27448)
[2026-05-26 09:30:48] 💓 心跳正常 (PID: 27448)
[2026-05-26 09:30:58] 💓 心跳正常 (PID: 27448)
[2026-05-26 09:31:08] 💓 心跳正常 (PID: 27448)
[2026-05-26 09:31:18] 💓 心跳正常 (PID: 27448)
[2026-05-26 09:31:29] 💓 心跳正常 (PID: 27448)
[2026-05-26 09:31:39] 💓 心跳正常 (PID: 27448)
[2026-05-26 09:31:49] 💓 心跳正常 (PID: 27448)
[2026-05-26 09:31:59] 💓 心跳正常 (PID: 27448)
[2026-05-26 09:32:10] 💓 心跳正常 (PID: 27448)
[2026-05-26 09:32:20] 💓 心跳正常 (PID: 27448)
[2026-05-26 09:32:30] 💓 心跳正常 (PID: 27448)
[2026-05-26 09:32:40] 💓 心跳正常 (PID: 27448)
[2026-05-26 09:32:51] 💓 心跳正常 (PID: 27448)
[2026-05-26 09:33:01] 💓 心跳正常 (PID: 27448)
[2026-05-26 09:33:11] 💓 心跳正常 (PID: 27448)
[2026-05-26 09:33:21] 💓 心跳正常 (PID: 27448)
[2026-05-26 09:33:32] 💓 心跳正常 (PID: 27448)
[2026-05-26 09:33:42] 💓 心跳正常 (PID: 27448)
[2026-05-26 09:33:52] 💓 心跳正常 (PID: 27448)
[2026-05-26 09:34:02] 💓 心跳正常 (PID: 27448)
[2026-05-26 09:34:12] 💓 心跳正常 (PID: 27448)
[2026-05-26 09:34:23] 💓 心跳正常 (PID: 27448)
[2026-05-26 09:34:33] 💓 心跳正常 (PID: 27448)
[2026-05-26 09:34:43] 💓 心跳正常 (PID: 27448)
[2026-05-26 09:34:53] 💓 心跳正常 (PID: 27448)
[2026-05-26 09:35:04] 💓 心跳正常 (PID: 27448)
[2026-05-26 09:35:14] 💓 心跳正常 (PID: 27448)
[2026-05-26 09:35:24] 💓 心跳正常 (PID: 27448)
[2026-05-26 09:35:34] 💓 心跳正常 (PID: 27448)
[2026-05-26 09:35:45] 💓 心跳正常 (PID: 27448)
[2026-05-26 09:35:55] 💓 心跳正常 (PID: 27448)
[2026-05-26 09:36:05] 💓 心跳正常 (PID: 27448)
[2026-05-26 09:36:15] 💓 心跳正常 (PID: 27448)
[2026-05-26 09:36:25] 💓 心跳正常 (PID: 27448)
[2026-05-26 09:36:36] 💓 心跳正常 (PID: 27448)
[2026-05-26 09:36:46] 💓 心跳正常 (PID: 27448)
[2026-05-26 09:36:56] 💓 心跳正常 (PID: 27448)
[2026-05-26 09:37:06] 💓 心跳正常 (PID: 27448)
[2026-05-26 09:37:17] 💓 心跳正常 (PID: 27448)
[2026-05-26 09:37:27] 💓 心跳正常 (PID: 27448)
[2026-05-26 09:37:37] 💓 心跳正常 (PID: 27448)
[2026-05-26 09:37:48] 💓 心跳正常 (PID: 27448)
[2026-05-26 09:37:58] 💓 心跳正常 (PID: 27448)
[2026-05-26 09:38:08] 💓 心跳正常 (PID: 27448)
[2026-05-26 09:38:18] 💓 心跳正常 (PID: 27448)
[2026-05-26 09:38:29] 💓 心跳正常 (PID: 27448)
[2026-05-26 09:38:39] 💓 心跳正常 (PID: 27448)
[2026-05-26 09:38:49] 💓 心跳正常 (PID: 27448)
[2026-05-26 09:38:59] 💓 心跳正常 (PID: 27448)
[2026-05-26 09:39:10] 💓 心跳正常 (PID: 27448)
[2026-05-26 09:39:20] 💓 心跳正常 (PID: 27448)
[2026-05-26 09:39:30] 💓 心跳正常 (PID: 27448)
[2026-05-26 09:39:41] 💓 心跳正常 (PID: 27448)
[2026-05-26 09:39:51] 💓 心跳正常 (PID: 27448)
[2026-05-26 09:40:01] 💓 心跳正常 (PID: 27448)
[2026-05-26 09:40:11] 💓 心跳正常 (PID: 27448)
[2026-05-26 09:40:22] 💓 心跳正常 (PID: 27448)
[2026-05-26 09:40:32] 💓 心跳正常 (PID: 27448)
[2026-05-26 09:40:42] 💓 心跳正常 (PID: 27448)
[2026-05-26 09:40:52] 💓 心跳正常 (PID: 27448)
[2026-05-26 09:41:03] 💓 心跳正常 (PID: 27448)
[2026-05-26 09:41:13] 💓 心跳正常 (PID: 27448)
[2026-05-26 09:41:23] 💓 心跳正常 (PID: 27448)
[2026-05-26 09:41:34] 💓 心跳正常 (PID: 27448)
[2026-05-26 09:41:44] 💓 心跳正常 (PID: 27448)
[2026-05-26 09:41:54] 💓 心跳正常 (PID: 27448)
[2026-05-26 09:42:04] 💓 心跳正常 (PID: 27448)
[2026-05-26 09:42:14] 💓 心跳正常 (PID: 27448)
[2026-05-26 09:42:25] 💓 心跳正常 (PID: 27448)
[2026-05-26 09:42:35] 💓 心跳正常 (PID: 27448)
[2026-05-26 09:42:45] 💓 心跳正常 (PID: 27448)
[2026-05-26 09:42:56] 💓 心跳正常 (PID: 27448)
[2026-05-26 09:43:06] 💓 心跳正常 (PID: 27448)
[2026-05-26 09:43:16] 💓 心跳正常 (PID: 27448)
[2026-05-26 09:43:26] 💓 心跳正常 (PID: 27448)
[2026-05-26 09:43:36] 💓 心跳正常 (PID: 27448)
[2026-05-26 09:43:47] 💓 心跳正常 (PID: 27448)
[2026-05-26 09:43:57] 💓 心跳正常 (PID: 27448)
[2026-05-26 09:44:07] 💓 心跳正常 (PID: 27448)
[2026-05-26 09:44:18] 💓 心跳正常 (PID: 27448)
[2026-05-26 09:44:28] 💓 心跳正常 (PID: 27448)
[2026-05-26 09:44:38] 💓 心跳正常 (PID: 27448)
[2026-05-26 09:44:48] 💓 心跳正常 (PID: 27448)
[2026-05-26 09:44:59] 💓 心跳正常 (PID: 27448)
[2026-05-26 09:45:09] 💓 心跳正常 (PID: 27448)
[2026-05-26 09:45:19] 💓 心跳正常 (PID: 27448)
[2026-05-26 09:45:30] 💓 心跳正常 (PID: 27448)
[2026-05-26 09:45:40] 💓 心跳正常 (PID: 27448)
[2026-05-26 09:45:50] 💓 心跳正常 (PID: 27448)
[2026-05-26 09:46:00] 💓 心跳正常 (PID: 27448)
[2026-05-26 09:46:11] 💓 心跳正常 (PID: 27448)
[2026-05-26 09:46:21] 💓 心跳正常 (PID: 27448)
[2026-05-26 09:46:31] 💓 心跳正常 (PID: 27448)
[2026-05-26 09:46:41] 💓 心跳正常 (PID: 27448)
[2026-05-26 09:46:52] 💓 心跳正常 (PID: 27448)
[2026-05-26 09:47:02] 💓 心跳正常 (PID: 27448)
[2026-05-26 09:47:12] 💓 心跳正常 (PID: 27448)
[2026-05-26 09:47:22] 💓 心跳正常 (PID: 27448)
[2026-05-26 09:47:33] 💓 心跳正常 (PID: 27448)
[2026-05-26 09:47:43] 💓 心跳正常 (PID: 27448)
[2026-05-26 09:47:53] 💓 心跳正常 (PID: 27448)
[2026-05-26 09:48:03] 💓 心跳正常 (PID: 27448)
[2026-05-26 09:48:14] 💓 心跳正常 (PID: 27448)
[2026-05-26 09:48:24] 💓 心跳正常 (PID: 27448)
[2026-05-26 09:48:34] 💓 心跳正常 (PID: 27448)
[2026-05-26 09:48:44] 💓 心跳正常 (PID: 27448)
[2026-05-26 09:48:55] 💓 心跳正常 (PID: 27448)
[2026-05-26 09:49:05] 💓 心跳正常 (PID: 27448)
[2026-05-26 09:49:15] 💓 心跳正常 (PID: 27448)
[2026-05-26 09:49:25] 💓 心跳正常 (PID: 27448)
[2026-05-26 09:49:35] 💓 心跳正常 (PID: 27448)
[2026-05-26 09:49:46] 💓 心跳正常 (PID: 27448)
[2026-05-26 09:49:56] 💓 心跳正常 (PID: 27448)
[2026-05-26 09:50:06] 💓 心跳正常 (PID: 27448)
[2026-05-26 09:50:17] 💓 心跳正常 (PID: 27448)
[2026-05-26 09:50:27] 💓 心跳正常 (PID: 27448)
[2026-05-26 09:50:37] 💓 心跳正常 (PID: 27448)
[2026-05-26 09:50:48] 💓 心跳正常 (PID: 27448)
[2026-05-26 09:50:58] 💓 心跳正常 (PID: 27448)
[2026-05-26 09:51:08] 💓 心跳正常 (PID: 27448)
[2026-05-26 09:51:18] 📁 交易日志 /root/.openclaw/logs/trading/monitor.log (3.6MB)，>10MB 时自动归档至 logs/trading/archive/
[2026-05-26 09:51:19] 💓 心跳正常 (PID: 27448)
[2026-05-26 09:51:29] 💓 心跳正常 (PID: 27448)
[2026-05-26 09:51:39] 💓 心跳正常 (PID: 27448)
[2026-05-26 09:51:50] 💓 心跳正常 (PID: 27448)
[2026-05-26 09:52:00] 💓 心跳正常 (PID: 27448)
[2026-05-26 09:52:10] 💓 心跳正常 (PID: 27448)
[2026-05-26 09:52:20] 💓 心跳正常 (PID: 27448)
[2026-05-26 09:52:31] 💓 心跳正常 (PID: 27448)
[2026-05-26 09:52:41] 💓 心跳正常 (PID: 27448)
[2026-05-26 09:52:51] 💓 心跳正常 (PID: 27448)
[2026-05-26 09:53:01] 💓 心跳正常 (PID: 27448)
[2026-05-26 09:53:11] 💓 心跳正常 (PID: 27448)
[2026-05-26 09:53:22] 💓 心跳正常 (PID: 27448)
[2026-05-26 09:53:32] 💓 心跳正常 (PID: 27448)
[2026-05-26 09:53:42] 💓 心跳正常 (PID: 27448)
[2026-05-26 09:53:53] 💓 心跳正常 (PID: 27448)
[2026-05-26 09:54:03] 💓 心跳正常 (PID: 27448)
[2026-05-26 09:54:13] 💓 心跳正常 (PID: 27448)
[2026-05-26 09:54:23] 💓 心跳正常 (PID: 27448)
[2026-05-26 09:54:34] 💓 心跳正常 (PID: 27448)
[2026-05-26 09:54:44] 💓 心跳正常 (PID: 27448)
[2026-05-26 09:54:54] 💓 心跳正常 (PID: 27448)
[2026-05-26 09:55:05] 💓 心跳正常 (PID: 27448)
[2026-05-26 09:55:15] 💓 心跳正常 (PID: 27448)
[2026-05-26 09:55:25] 💓 心跳正常 (PID: 27448)
[2026-05-26 09:55:35] 💓 心跳正常 (PID: 27448)
[2026-05-26 09:55:46] 💓 心跳正常 (PID: 27448)
[2026-05-26 09:55:56] 💓 心跳正常 (PID: 27448)
[2026-05-26 09:56:06] 💓 心跳正常 (PID: 27448)
[2026-05-26 09:56:16] 💓 心跳正常 (PID: 27448)
[2026-05-26 09:56:27] 💓 心跳正常 (PID: 27448)
[2026-05-26 09:56:37] 💓 心跳正常 (PID: 27448)
[2026-05-26 09:56:47] 💓 心跳正常 (PID: 27448)
[2026-05-26 09:56:57] 💓 心跳正常 (PID: 27448)
[2026-05-26 09:57:08] 💓 心跳正常 (PID: 27448)
[2026-05-26 09:57:18] 💓 心跳正常 (PID: 27448)
[2026-05-26 09:57:28] 💓 心跳正常 (PID: 27448)
[2026-05-26 09:57:39] 💓 心跳正常 (PID: 27448)
[2026-05-26 09:57:49] 💓 心跳正常 (PID: 27448)
[2026-05-26 09:57:59] 💓 心跳正常 (PID: 27448)
[2026-05-26 09:58:09] 💓 心跳正常 (PID: 27448)
[2026-05-26 09:58:20] 💓 心跳正常 (PID: 27448)
[2026-05-26 09:58:30] 💓 心跳正常 (PID: 27448)
[2026-05-26 09:58:40] 💓 心跳正常 (PID: 27448)
[2026-05-26 09:58:50] 💓 心跳正常 (PID: 27448)
[2026-05-26 09:59:01] 💓 心跳正常 (PID: 27448)
[2026-05-26 09:59:11] 💓 心跳正常 (PID: 27448)
[2026-05-26 09:59:21] 💓 心跳正常 (PID: 27448)
[2026-05-26 09:59:32] 💓 心跳正常 (PID: 27448)
[2026-05-26 09:59:42] 💓 心跳正常 (PID: 27448)
[2026-05-26 09:59:52] 💓 心跳正常 (PID: 27448)
[2026-05-26 10:00:02] 💓 心跳正常 (PID: 27448)
[2026-05-26 10:00:13] 💓 心跳正常 (PID: 27448)
[2026-05-26 10:00:23] 💓 心跳正常 (PID: 27448)
[2026-05-26 10:00:33] 💓 心跳正常 (PID: 27448)
[2026-05-26 10:00:44] 💓 心跳正常 (PID: 27448)
[2026-05-26 10:00:54] 💓 心跳正常 (PID: 27448)
[2026-05-26 10:01:04] 💓 心跳正常 (PID: 27448)
[2026-05-26 10:01:14] 💓 心跳正常 (PID: 27448)
[2026-05-26 10:01:25] 💓 心跳正常 (PID: 27448)
[2026-05-26 10:01:35] 💓 心跳正常 (PID: 27448)
[2026-05-26 10:01:45] 💓 心跳正常 (PID: 27448)
[2026-05-26 10:01:55] 💓 心跳正常 (PID: 27448)
[2026-05-26 10:02:05] 💓 心跳正常 (PID: 27448)
[2026-05-26 10:02:16] 💓 心跳正常 (PID: 27448)
[2026-05-26 10:02:26] 💓 心跳正常 (PID: 27448)
[2026-05-26 10:02:36] 💓 心跳正常 (PID: 27448)
[2026-05-26 10:02:46] 💓 心跳正常 (PID: 27448)
[2026-05-26 10:02:57] 💓 心跳正常 (PID: 27448)
[2026-05-26 10:03:07] 💓 心跳正常 (PID: 27448)
[2026-05-26 10:03:17] 💓 心跳正常 (PID: 27448)
[2026-05-26 10:03:27] 💓 心跳正常 (PID: 27448)
[2026-05-26 10:03:38] 💓 心跳正常 (PID: 27448)
[2026-05-26 10:03:48] 💓 心跳正常 (PID: 27448)
[2026-05-26 10:03:58] 💓 心跳正常 (PID: 27448)
[2026-05-26 10:04:09] 💓 心跳正常 (PID: 27448)
[2026-05-26 10:04:19] 💓 心跳正常 (PID: 27448)
[2026-05-26 10:04:29] 💓 心跳正常 (PID: 27448)
[2026-05-26 10:04:39] 💓 心跳正常 (PID: 27448)
[2026-05-26 10:04:50] 💓 心跳正常 (PID: 27448)
[2026-05-26 10:05:00] 💓 心跳正常 (PID: 27448)
[2026-05-26 10:05:10] 💓 心跳正常 (PID: 27448)
[2026-05-26 10:05:20] 💓 心跳正常 (PID: 27448)
[2026-05-26 10:05:31] 💓 心跳正常 (PID: 27448)
[2026-05-26 10:05:41] 💓 心跳正常 (PID: 27448)
[2026-05-26 10:05:51] 💓 心跳正常 (PID: 27448)
[2026-05-26 10:06:01] 💓 心跳正常 (PID: 27448)
[2026-05-26 10:06:12] 💓 心跳正常 (PID: 27448)
[2026-05-26 10:06:22] 💓 心跳正常 (PID: 27448)
[2026-05-26 10:06:32] 💓 心跳正常 (PID: 27448)
[2026-05-26 10:06:42] 💓 心跳正常 (PID: 27448)
[2026-05-26 10:06:53] 💓 心跳正常 (PID: 27448)
[2026-05-26 10:07:03] 💓 心跳正常 (PID: 27448)
[2026-05-26 10:07:13] 💓 心跳正常 (PID: 27448)
[2026-05-26 10:07:24] 💓 心跳正常 (PID: 27448)
[2026-05-26 10:07:34] 💓 心跳正常 (PID: 27448)
[2026-05-26 10:07:44] 💓 心跳正常 (PID: 27448)
[2026-05-26 10:07:54] 💓 心跳正常 (PID: 27448)
[2026-05-26 10:08:04] 💓 心跳正常 (PID: 27448)
[2026-05-26 10:08:15] 💓 心跳正常 (PID: 27448)
[2026-05-26 10:08:25] 💓 心跳正常 (PID: 27448)
[2026-05-26 10:08:35] 💓 心跳正常 (PID: 27448)
[2026-05-26 10:08:46] 💓 心跳正常 (PID: 27448)
[2026-05-26 10:08:56] 💓 心跳正常 (PID: 27448)
[2026-05-26 10:09:06] 💓 心跳正常 (PID: 27448)
[2026-05-26 10:09:16] 💓 心跳正常 (PID: 27448)
[2026-05-26 10:09:26] 💓 心跳正常 (PID: 27448)
[2026-05-26 10:09:37] 💓 心跳正常 (PID: 27448)
[2026-05-26 10:09:47] 💓 心跳正常 (PID: 27448)
[2026-05-26 10:09:57] 💓 心跳正常 (PID: 27448)
[2026-05-26 10:10:08] 💓 心跳正常 (PID: 27448)
[2026-05-26 10:10:18] 💓 心跳正常 (PID: 27448)
[2026-05-26 10:10:28] 💓 心跳正常 (PID: 27448)
[2026-05-26 10:10:38] 💓 心跳正常 (PID: 27448)
[2026-05-26 10:10:48] 💓 心跳正常 (PID: 27448)
[2026-05-26 10:10:58] 💓 心跳正常 (PID: 27448)
[2026-05-26 10:11:09] 💓 心跳正常 (PID: 27448)
[2026-05-26 10:11:19] 💓 心跳正常 (PID: 27448)
[2026-05-26 10:11:29] 💓 心跳正常 (PID: 27448)
[2026-05-26 10:11:39] 💓 心跳正常 (PID: 27448)
[2026-05-26 10:11:50] 💓 心跳正常 (PID: 27448)
[2026-05-26 10:12:00] 💓 心跳正常 (PID: 27448)
[2026-05-26 10:12:10] 💓 心跳正常 (PID: 27448)
[2026-05-26 10:12:20] 💓 心跳正常 (PID: 27448)
[2026-05-26 10:12:31] 💓 心跳正常 (PID: 27448)
[2026-05-26 10:12:41] 💓 心跳正常 (PID: 27448)
[2026-05-26 10:12:51] 💓 心跳正常 (PID: 27448)
[2026-05-26 10:13:02] 💓 心跳正常 (PID: 27448)
[2026-05-26 10:13:12] 💓 心跳正常 (PID: 27448)
[2026-05-26 10:13:22] 💓 心跳正常 (PID: 27448)
[2026-05-26 10:13:32] 💓 心跳正常 (PID: 27448)
[2026-05-26 10:13:43] 💓 心跳正常 (PID: 27448)
[2026-05-26 10:13:53] 💓 心跳正常 (PID: 27448)
[2026-05-26 10:14:03] 💓 心跳正常 (PID: 27448)
[2026-05-26 10:14:13] 💓 心跳正常 (PID: 27448)
[2026-05-26 10:14:24] 💓 心跳正常 (PID: 27448)
[2026-05-26 10:14:34] 💓 心跳正常 (PID: 27448)
[2026-05-26 10:14:44] 💓 心跳正常 (PID: 27448)
[2026-05-26 10:14:54] 💓 心跳正常 (PID: 27448)
[2026-05-26 10:15:05] 💓 心跳正常 (PID: 27448)
[2026-05-26 10:15:15] 💓 心跳正常 (PID: 27448)
[2026-05-26 10:15:25] 💓 心跳正常 (PID: 27448)
[2026-05-26 10:15:35] 💓 心跳正常 (PID: 27448)
[2026-05-26 10:15:45] 💓 心跳正常 (PID: 27448)
[2026-05-26 10:15:56] 💓 心跳正常 (PID: 27448)
[2026-05-26 10:16:06] 💓 心跳正常 (PID: 27448)
[2026-05-26 10:16:16] 💓 心跳正常 (PID: 27448)
[2026-05-26 10:16:26] 💓 心跳正常 (PID: 27448)
[2026-05-26 10:16:36] 💓 心跳正常 (PID: 27448)
[2026-05-26 10:16:47] 💓 心跳正常 (PID: 27448)
[2026-05-26 10:16:57] 💓 心跳正常 (PID: 27448)
[2026-05-26 10:17:07] 💓 心跳正常 (PID: 27448)
[2026-05-26 10:17:18] 💓 心跳正常 (PID: 27448)
[2026-05-26 10:17:28] 💓 心跳正常 (PID: 27448)
[2026-05-26 10:17:39] 💓 心跳正常 (PID: 27448)
[2026-05-26 10:17:49] 💓 心跳正常 (PID: 27448)
[2026-05-26 10:17:59] 💓 心跳正常 (PID: 27448)
[2026-05-26 10:18:09] 💓 心跳正常 (PID: 27448)
[2026-05-26 10:18:20] 💓 心跳正常 (PID: 27448)
[2026-05-26 10:18:30] 💓 心跳正常 (PID: 27448)
[2026-05-26 10:18:40] 💓 心跳正常 (PID: 27448)
[2026-05-26 10:18:50] 💓 心跳正常 (PID: 27448)
[2026-05-26 10:19:01] 💓 心跳正常 (PID: 27448)
[2026-05-26 10:19:11] 💓 心跳正常 (PID: 27448)
[2026-05-26 10:19:21] 💓 心跳正常 (PID: 27448)
[2026-05-26 10:19:31] 💓 心跳正常 (PID: 27448)
[2026-05-26 10:19:41] 💓 心跳正常 (PID: 27448)
[2026-05-26 10:19:52] 💓 心跳正常 (PID: 27448)
[2026-05-26 10:20:02] 💓 心跳正常 (PID: 27448)
[2026-05-26 10:20:12] 💓 心跳正常 (PID: 27448)
[2026-05-26 10:20:23] 💓 心跳正常 (PID: 27448)
[2026-05-26 10:20:33] 💓 心跳正常 (PID: 27448)
[2026-05-26 10:20:43] 💓 心跳正常 (PID: 27448)
[2026-05-26 10:20:53] 💓 心跳正常 (PID: 27448)
[2026-05-26 10:21:03] 💓 心跳正常 (PID: 27448)
[2026-05-26 10:21:14] 💓 心跳正常 (PID: 27448)
[2026-05-26 10:21:24] 💓 心跳正常 (PID: 27448)
[2026-05-26 10:21:34] 💓 心跳正常 (PID: 27448)
[2026-05-26 10:21:45] 💓 心跳正常 (PID: 27448)
[2026-05-26 10:21:55] 💓 心跳正常 (PID: 27448)
[2026-05-26 10:22:05] 💓 心跳正常 (PID: 27448)
[2026-05-26 10:22:16] 💓 心跳正常 (PID: 27448)
[2026-05-26 10:22:26] 💓 心跳正常 (PID: 27448)
[2026-05-26 10:22:36] 💓 心跳正常 (PID: 27448)
[2026-05-26 10:22:46] 💓 心跳正常 (PID: 27448)
[2026-05-26 10:22:57] 💓 心跳正常 (PID: 27448)
[2026-05-26 10:23:07] 💓 心跳正常 (PID: 27448)
[2026-05-26 10:23:17] 💓 心跳正常 (PID: 27448)
[2026-05-26 10:23:28] 💓 心跳正常 (PID: 27448)
[2026-05-26 10:23:38] 💓 心跳正常 (PID: 27448)
[2026-05-26 10:23:48] 💓 心跳正常 (PID: 27448)
[2026-05-26 10:23:59] 💓 心跳正常 (PID: 27448)
[2026-05-26 10:24:09] 💓 心跳正常 (PID: 27448)
[2026-05-26 10:24:19] 💓 心跳正常 (PID: 27448)
[2026-05-26 10:24:29] 💓 心跳正常 (PID: 27448)
[2026-05-26 10:24:40] 💓 心跳正常 (PID: 27448)
[2026-05-26 10:24:50] 💓 心跳正常 (PID: 27448)
[2026-05-26 10:25:00] 💓 心跳正常 (PID: 27448)
[2026-05-26 10:25:10] 💓 心跳正常 (PID: 27448)
[2026-05-26 10:25:20] 💓 心跳正常 (PID: 27448)
[2026-05-26 10:25:31] 💓 心跳正常 (PID: 27448)
[2026-05-26 10:25:41] 💓 心跳正常 (PID: 27448)
[2026-05-26 10:25:51] 💓 心跳正常 (PID: 27448)
[2026-05-26 10:26:01] 💓 心跳正常 (PID: 27448)
[2026-05-26 10:26:11] 💓 心跳正常 (PID: 27448)
[2026-05-26 10:26:22] 💓 心跳正常 (PID: 27448)
[2026-05-26 10:26:32] 💓 心跳正常 (PID: 27448)
[2026-05-26 10:26:43] 💓 心跳正常 (PID: 27448)
[2026-05-26 10:26:53] 💓 心跳正常 (PID: 27448)
[2026-05-26 10:27:03] 💓 心跳正常 (PID: 27448)
[2026-05-26 10:27:13] 💓 心跳正常 (PID: 27448)
[2026-05-26 10:27:24] 💓 心跳正常 (PID: 27448)
[2026-05-26 10:27:34] 💓 心跳正常 (PID: 27448)
[2026-05-26 10:27:44] 💓 心跳正常 (PID: 27448)
[2026-05-26 10:27:54] 💓 心跳正常 (PID: 27448)
[2026-05-26 10:28:04] 💓 心跳正常 (PID: 27448)
[2026-05-26 10:28:15] 💓 心跳正常 (PID: 27448)
[2026-05-26 10:28:25] 💓 心跳正常 (PID: 27448)
[2026-05-26 10:28:35] 💓 心跳正常 (PID: 27448)
[2026-05-26 10:28:45] 💓 心跳正常 (PID: 27448)
[2026-05-26 10:28:55] 💓 心跳正常 (PID: 27448)
[2026-05-26 10:29:06] 💓 心跳正常 (PID: 27448)
[2026-05-26 10:29:16] 💓 心跳正常 (PID: 27448)
[2026-05-26 10:29:26] 💓 心跳正常 (PID: 27448)
[2026-05-26 10:29:36] 💓 心跳正常 (PID: 27448)
[2026-05-26 10:29:47] 💓 心跳正常 (PID: 27448)
[2026-05-26 10:29:57] 💓 心跳正常 (PID: 27448)
[2026-05-26 10:30:07] 💓 心跳正常 (PID: 27448)
[2026-05-26 10:30:17] 💓 心跳正常 (PID: 27448)
[2026-05-26 10:30:27] 💓 心跳正常 (PID: 27448)
[2026-05-26 10:30:38] 💓 心跳正常 (PID: 27448)
[2026-05-26 10:30:48] 💓 心跳正常 (PID: 27448)
[2026-05-26 10:30:58] 💓 心跳正常 (PID: 27448)
[2026-05-26 10:31:09] 💓 心跳正常 (PID: 27448)
[2026-05-26 10:31:19] 💓 心跳正常 (PID: 27448)
[2026-05-26 10:31:29] 💓 心跳正常 (PID: 27448)
[2026-05-26 10:31:39] 💓 心跳正常 (PID: 27448)
[2026-05-26 10:31:50] 💓 心跳正常 (PID: 27448)
[2026-05-26 10:32:00] 💓 心跳正常 (PID: 27448)
[2026-05-26 10:32:10] 💓 心跳正常 (PID: 27448)
[2026-05-26 10:32:21] 💓 心跳正常 (PID: 27448)
[2026-05-26 10:32:31] 💓 心跳正常 (PID: 27448)
[2026-05-26 10:32:41] 💓 心跳正常 (PID: 27448)
[2026-05-26 10:32:51] 💓 心跳正常 (PID: 27448)
[2026-05-26 10:33:01] 💓 心跳正常 (PID: 27448)
[2026-05-26 10:33:12] 💓 心跳正常 (PID: 27448)
[2026-05-26 10:33:22] 💓 心跳正常 (PID: 27448)
[2026-05-26 10:33:32] 💓 心跳正常 (PID: 27448)
[2026-05-26 10:33:43] 💓 心跳正常 (PID: 27448)
[2026-05-26 10:33:53] 💓 心跳正常 (PID: 27448)
[2026-05-26 10:34:03] 💓 心跳正常 (PID: 27448)
[2026-05-26 10:34:14] 💓 心跳正常 (PID: 27448)
[2026-05-26 10:34:24] 💓 心跳正常 (PID: 27448)
[2026-05-26 10:34:34] 💓 心跳正常 (PID: 27448)
[2026-05-26 10:34:44] 💓 心跳正常 (PID: 27448)
[2026-05-26 10:34:55] 💓 心跳正常 (PID: 27448)
[2026-05-26 10:35:05] 💓 心跳正常 (PID: 27448)
[2026-05-26 10:35:15] 💓 心跳正常 (PID: 27448)
[2026-05-26 10:35:26] 💓 心跳正常 (PID: 27448)
[2026-05-26 10:35:36] 💓 心跳正常 (PID: 27448)
[2026-05-26 10:35:46] 💓 心跳正常 (PID: 27448)
[2026-05-26 10:35:56] 💓 心跳正常 (PID: 27448)
[2026-05-26 10:36:07] 💓 心跳正常 (PID: 27448)
[2026-05-26 10:36:17] 💓 心跳正常 (PID: 27448)
[2026-05-26 10:36:27] 💓 心跳正常 (PID: 27448)
[2026-05-26 10:36:38] 💓 心跳正常 (PID: 27448)
[2026-05-26 10:36:48] 💓 心跳正常 (PID: 27448)
[2026-05-26 10:36:58] 💓 心跳正常 (PID: 27448)
[2026-05-26 10:37:09] 💓 心跳正常 (PID: 27448)
[2026-05-26 10:37:19] 💓 心跳正常 (PID: 27448)
[2026-05-26 10:37:29] 💓 心跳正常 (PID: 27448)
[2026-05-26 10:37:39] 💓 心跳正常 (PID: 27448)
[2026-05-26 10:37:49] 💓 心跳正常 (PID: 27448)
[2026-05-26 10:38:00] 💓 心跳正常 (PID: 27448)
[2026-05-26 10:38:10] 💓 心跳正常 (PID: 27448)
[2026-05-26 10:38:20] 💓 心跳正常 (PID: 27448)
[2026-05-26 10:38:30] 💓 心跳正常 (PID: 27448)
[2026-05-26 10:38:41] 💓 心跳正常 (PID: 27448)
[2026-05-26 10:38:51] 💓 心跳正常 (PID: 27448)
[2026-05-26 10:39:01] 💓 心跳正常 (PID: 27448)
[2026-05-26 10:39:11] 💓 心跳正常 (PID: 27448)
[2026-05-26 10:39:22] 💓 心跳正常 (PID: 27448)
[2026-05-26 10:39:32] 💓 心跳正常 (PID: 27448)
[2026-05-26 10:39:42] 💓 心跳正常 (PID: 27448)
[2026-05-26 10:39:52] 💓 心跳正常 (PID: 27448)
[2026-05-26 10:40:02] 💓 心跳正常 (PID: 27448)
[2026-05-26 10:40:13] 💓 心跳正常 (PID: 27448)
[2026-05-26 10:40:23] 💓 心跳正常 (PID: 27448)
[2026-05-26 10:40:33] 💓 心跳正常 (PID: 27448)
[2026-05-26 10:40:43] 💓 心跳正常 (PID: 27448)
[2026-05-26 10:40:54] 💓 心跳正常 (PID: 27448)
[2026-05-26 10:41:04] 💓 心跳正常 (PID: 27448)
[2026-05-26 10:41:14] 💓 心跳正常 (PID: 27448)
[2026-05-26 10:41:24] 💓 心跳正常 (PID: 27448)
[2026-05-26 10:41:35] 💓 心跳正常 (PID: 27448)
[2026-05-26 10:41:45] 💓 心跳正常 (PID: 27448)
[2026-05-26 10:41:55] 💓 心跳正常 (PID: 27448)
[2026-05-26 10:42:05] 💓 心跳正常 (PID: 27448)
[2026-05-26 10:42:16] 💓 心跳正常 (PID: 27448)
[2026-05-26 10:42:26] 💓 心跳正常 (PID: 27448)
[2026-05-26 10:42:36] 💓 心跳正常 (PID: 27448)
[2026-05-26 10:42:46] 💓 心跳正常 (PID: 27448)
[2026-05-26 10:42:57] 💓 心跳正常 (PID: 27448)
[2026-05-26 10:43:07] 💓 心跳正常 (PID: 27448)
[2026-05-26 10:43:17] 💓 心跳正常 (PID: 27448)
[2026-05-26 10:43:27] 💓 心跳正常 (PID: 27448)
[2026-05-26 10:43:38] 💓 心跳正常 (PID: 27448)
[2026-05-26 10:43:48] 💓 心跳正常 (PID: 27448)
[2026-05-26 10:43:58] 💓 心跳正常 (PID: 27448)
[2026-05-26 10:44:09] 💓 心跳正常 (PID: 27448)
[2026-05-26 10:44:19] 💓 心跳正常 (PID: 27448)
[2026-05-26 10:44:29] 💓 心跳正常 (PID: 27448)
[2026-05-26 10:44:40] 💓 心跳正常 (PID: 27448)
[2026-05-26 10:44:50] 💓 心跳正常 (PID: 27448)
[2026-05-26 10:45:00] 💓 心跳正常 (PID: 27448)
[2026-05-26 10:45:11] 💓 心跳正常 (PID: 27448)
[2026-05-26 10:45:21] 💓 心跳正常 (PID: 27448)
[2026-05-26 10:45:31] 💓 心跳正常 (PID: 27448)
[2026-05-26 10:45:41] 💓 心跳正常 (PID: 27448)
[2026-05-26 10:45:52] 💓 心跳正常 (PID: 27448)
[2026-05-26 10:46:02] 💓 心跳正常 (PID: 27448)
[2026-05-26 10:46:12] 💓 心跳正常 (PID: 27448)
[2026-05-26 10:46:22] 💓 心跳正常 (PID: 27448)
[2026-05-26 10:46:33] 💓 心跳正常 (PID: 27448)
[2026-05-26 10:46:43] 💓 心跳正常 (PID: 27448)
[2026-05-26 10:46:53] 💓 心跳正常 (PID: 27448)
[2026-05-26 10:47:03] 💓 心跳正常 (PID: 27448)
[2026-05-26 10:47:13] 💓 心跳正常 (PID: 27448)
[2026-05-26 10:47:24] 💓 心跳正常 (PID: 27448)
[2026-05-26 10:47:34] 💓 心跳正常 (PID: 27448)
[2026-05-26 10:47:44] 💓 心跳正常 (PID: 27448)
[2026-05-26 10:47:54] 💓 心跳正常 (PID: 27448)
[2026-05-26 10:48:05] 💓 心跳正常 (PID: 27448)
[2026-05-26 10:48:15] 💓 心跳正常 (PID: 27448)
[2026-05-26 10:48:25] 💓 心跳正常 (PID: 27448)
[2026-05-26 10:48:35] 💓 心跳正常 (PID: 27448)
[2026-05-26 10:48:46] 💓 心跳正常 (PID: 27448)
[2026-05-26 10:48:56] 💓 心跳正常 (PID: 27448)
[2026-05-26 10:49:06] 💓 心跳正常 (PID: 27448)
[2026-05-26 10:49:16] 💓 心跳正常 (PID: 27448)
[2026-05-26 10:49:27] 💓 心跳正常 (PID: 27448)
[2026-05-26 10:49:37] 💓 心跳正常 (PID: 27448)
[2026-05-26 10:49:47] 💓 心跳正常 (PID: 27448)
[2026-05-26 10:49:57] 💓 心跳正常 (PID: 27448)
[2026-05-26 10:50:07] 💓 心跳正常 (PID: 27448)
[2026-05-26 10:50:18] 💓 心跳正常 (PID: 27448)
[2026-05-26 10:50:28] 💓 心跳正常 (PID: 27448)
[2026-05-26 10:50:39] 💓 心跳正常 (PID: 27448)
[2026-05-26 10:50:49] 💓 心跳正常 (PID: 27448)
[2026-05-26 10:50:59] 💓 心跳正常 (PID: 27448)
[2026-05-26 10:51:09] 💓 心跳正常 (PID: 27448)
[2026-05-26 10:51:20] 📁 交易日志 /root/.openclaw/logs/trading/monitor.log (3.6MB)，>10MB 时自动归档至 logs/trading/archive/
[2026-05-26 10:51:20] 💓 心跳正常 (PID: 27448)
[2026-05-26 10:51:30] 💓 心跳正常 (PID: 27448)
[2026-05-26 10:51:40] 💓 心跳正常 (PID: 27448)
[2026-05-26 10:51:51] 💓 心跳正常 (PID: 27448)
[2026-05-26 10:52:01] 💓 心跳正常 (PID: 27448)
[2026-05-26 10:52:11] 💓 心跳正常 (PID: 27448)
[2026-05-26 10:52:21] 💓 心跳正常 (PID: 27448)
[2026-05-26 10:52:31] 💓 心跳正常 (PID: 27448)
[2026-05-26 10:52:42] 💓 心跳正常 (PID: 27448)
[2026-05-26 10:52:52] 💓 心跳正常 (PID: 27448)
[2026-05-26 10:53:02] 💓 心跳正常 (PID: 27448)
[2026-05-26 10:53:12] 💓 心跳正常 (PID: 27448)
[2026-05-26 10:53:23] 💓 心跳正常 (PID: 27448)
[2026-05-26 10:53:33] 💓 心跳正常 (PID: 27448)
[2026-05-26 10:53:43] 💓 心跳正常 (PID: 27448)
[2026-05-26 10:53:53] 💓 心跳正常 (PID: 27448)
[2026-05-26 10:54:04] 💓 心跳正常 (PID: 27448)
[2026-05-26 10:54:14] 💓 心跳正常 (PID: 27448)
[2026-05-26 10:54:24] 💓 心跳正常 (PID: 27448)
[2026-05-26 10:54:34] 💓 心跳正常 (PID: 27448)
[2026-05-26 10:54:45] 💓 心跳正常 (PID: 27448)
[2026-05-26 10:54:55] 💓 心跳正常 (PID: 27448)
[2026-05-26 10:55:05] 💓 心跳正常 (PID: 27448)
[2026-05-26 10:55:15] 💓 心跳正常 (PID: 27448)
[2026-05-26 10:55:26] 💓 心跳正常 (PID: 27448)
[2026-05-26 10:55:36] 💓 心跳正常 (PID: 27448)
[2026-05-26 10:55:46] 💓 心跳正常 (PID: 27448)
[2026-05-26 10:55:57] 💓 心跳正常 (PID: 27448)
[2026-05-26 10:56:07] 💓 心跳正常 (PID: 27448)
[2026-05-26 10:56:17] 💓 心跳正常 (PID: 27448)
[2026-05-26 10:56:27] 💓 心跳正常 (PID: 27448)
[2026-05-26 10:56:38] 💓 心跳正常 (PID: 27448)
[2026-05-26 10:56:48] 💓 心跳正常 (PID: 27448)
[2026-05-26 10:56:58] 💓 心跳正常 (PID: 27448)
[2026-05-26 10:57:09] 💓 心跳正常 (PID: 27448)
[2026-05-26 10:57:19] 💓 心跳正常 (PID: 27448)
[2026-05-26 10:57:29] 💓 心跳正常 (PID: 27448)
[2026-05-26 10:57:39] 💓 心跳正常 (PID: 27448)
[2026-05-26 10:57:49] 💓 心跳正常 (PID: 27448)
[2026-05-26 10:58:00] 💓 心跳正常 (PID: 27448)
[2026-05-26 10:58:10] 💓 心跳正常 (PID: 27448)
[2026-05-26 10:58:20] 💓 心跳正常 (PID: 27448)
[2026-05-26 10:58:31] 💓 心跳正常 (PID: 27448)
[2026-05-26 10:58:41] 💓 心跳正常 (PID: 27448)
[2026-05-26 10:58:51] 💓 心跳正常 (PID: 27448)
[2026-05-26 10:59:01] 💓 心跳正常 (PID: 27448)
[2026-05-26 10:59:11] 💓 心跳正常 (PID: 27448)
[2026-05-26 10:59:22] 💓 心跳正常 (PID: 27448)
[2026-05-26 10:59:32] 💓 心跳正常 (PID: 27448)
[2026-05-26 10:59:42] 💓 心跳正常 (PID: 27448)
[2026-05-26 10:59:53] 💓 心跳正常 (PID: 27448)
[2026-05-26 11:00:03] 💓 心跳正常 (PID: 27448)
[2026-05-26 11:00:13] 💓 心跳正常 (PID: 27448)
[2026-05-26 11:00:23] 💓 心跳正常 (PID: 27448)
[2026-05-26 11:00:34] 💓 心跳正常 (PID: 27448)
[2026-05-26 11:00:44] 💓 心跳正常 (PID: 27448)
[2026-05-26 11:00:54] 💓 心跳正常 (PID: 27448)
[2026-05-26 11:01:05] 💓 心跳正常 (PID: 27448)
[2026-05-26 11:01:15] 💓 心跳正常 (PID: 27448)
[2026-05-26 11:01:25] 💓 心跳正常 (PID: 27448)
[2026-05-26 11:01:36] 💓 心跳正常 (PID: 27448)
[2026-05-26 11:01:46] 💓 心跳正常 (PID: 27448)
[2026-05-26 11:01:56] 💓 心跳正常 (PID: 27448)
[2026-05-26 11:02:07] 💓 心跳正常 (PID: 27448)
[2026-05-26 11:02:17] 💓 心跳正常 (PID: 27448)
[2026-05-26 11:02:27] 💓 心跳正常 (PID: 27448)
[2026-05-26 11:02:37] 💓 心跳正常 (PID: 27448)
[2026-05-26 11:02:48] 💓 心跳正常 (PID: 27448)
[2026-05-26 11:02:58] 💓 心跳正常 (PID: 27448)
[2026-05-26 11:03:08] 💓 心跳正常 (PID: 27448)
[2026-05-26 11:03:19] 💓 心跳正常 (PID: 27448)
[2026-05-26 11:03:29] 💓 心跳正常 (PID: 27448)
[2026-05-26 11:03:39] 💓 心跳正常 (PID: 27448)
[2026-05-26 11:03:49] 💓 心跳正常 (PID: 27448)
[2026-05-26 11:04:00] 💓 心跳正常 (PID: 27448)
[2026-05-26 11:04:10] 💓 心跳正常 (PID: 27448)
[2026-05-26 11:04:20] 💓 心跳正常 (PID: 27448)
[2026-05-26 11:04:31] 💓 心跳正常 (PID: 27448)
[2026-05-26 11:04:41] 💓 心跳正常 (PID: 27448)
[2026-05-26 11:04:51] 💓 心跳正常 (PID: 27448)
[2026-05-26 11:05:02] 💓 心跳正常 (PID: 27448)
[2026-05-26 11:05:12] 💓 心跳正常 (PID: 27448)
[2026-05-26 11:05:22] 💓 心跳正常 (PID: 27448)
[2026-05-26 11:05:32] 💓 心跳正常 (PID: 27448)
[2026-05-26 11:05:43] 💓 心跳正常 (PID: 27448)
[2026-05-26 11:05:53] 💓 心跳正常 (PID: 27448)
[2026-05-26 11:06:03] 💓 心跳正常 (PID: 27448)
[2026-05-26 11:06:13] 💓 心跳正常 (PID: 27448)
[2026-05-26 11:06:24] 💓 心跳正常 (PID: 27448)
[2026-05-26 11:06:34] 💓 心跳正常 (PID: 27448)
[2026-05-26 11:06:44] 💓 心跳正常 (PID: 27448)
[2026-05-26 11:06:54] 💓 心跳正常 (PID: 27448)
[2026-05-26 11:07:05] 💓 心跳正常 (PID: 27448)
[2026-05-26 11:07:15] 💓 心跳正常 (PID: 27448)
[2026-05-26 11:07:25] 💓 心跳正常 (PID: 27448)
[2026-05-26 11:07:36] 💓 心跳正常 (PID: 27448)
[2026-05-26 11:07:46] 💓 心跳正常 (PID: 27448)
[2026-05-26 11:07:56] 💓 心跳正常 (PID: 27448)
[2026-05-26 11:08:06] 💓 心跳正常 (PID: 27448)
[2026-05-26 11:08:17] 💓 心跳正常 (PID: 27448)
[2026-05-26 11:08:27] 💓 心跳正常 (PID: 27448)
[2026-05-26 11:08:37] 💓 心跳正常 (PID: 27448)
[2026-05-26 11:08:47] 💓 心跳正常 (PID: 27448)
[2026-05-26 11:08:58] 💓 心跳正常 (PID: 27448)
[2026-05-26 11:09:08] 💓 心跳正常 (PID: 27448)
[2026-05-26 11:09:18] 💓 心跳正常 (PID: 27448)
[2026-05-26 11:09:29] 💓 心跳正常 (PID: 27448)
[2026-05-26 11:09:39] 💓 心跳正常 (PID: 27448)
[2026-05-26 11:09:49] 💓 心跳正常 (PID: 27448)
[2026-05-26 11:09:59] 💓 心跳正常 (PID: 27448)
[2026-05-26 11:10:09] 💓 心跳正常 (PID: 27448)
[2026-05-26 11:10:20] 💓 心跳正常 (PID: 27448)
[2026-05-26 11:10:30] 💓 心跳正常 (PID: 27448)
[2026-05-26 11:10:40] 💓 心跳正常 (PID: 27448)
[2026-05-26 11:10:50] 💓 心跳正常 (PID: 27448)
[2026-05-26 11:11:01] 💓 心跳正常 (PID: 27448)
[2026-05-26 11:11:11] 💓 心跳正常 (PID: 27448)
[2026-05-26 11:11:21] 💓 心跳正常 (PID: 27448)
[2026-05-26 11:11:31] 💓 心跳正常 (PID: 27448)
[2026-05-26 11:11:41] 💓 心跳正常 (PID: 27448)
[2026-05-26 11:11:52] 💓 心跳正常 (PID: 27448)
[2026-05-26 11:12:02] 💓 心跳正常 (PID: 27448)
[2026-05-26 11:12:12] 💓 心跳正常 (PID: 27448)
[2026-05-26 11:12:23] 💓 心跳正常 (PID: 27448)
[2026-05-26 11:12:33] 💓 心跳正常 (PID: 27448)
[2026-05-26 11:12:43] 💓 心跳正常 (PID: 27448)
[2026-05-26 11:12:54] 💓 心跳正常 (PID: 27448)
[2026-05-26 11:13:04] 💓 心跳正常 (PID: 27448)
[2026-05-26 11:13:14] 💓 心跳正常 (PID: 27448)
[2026-05-26 11:13:24] 💓 心跳正常 (PID: 27448)
[2026-05-26 11:13:35] 💓 心跳正常 (PID: 27448)
[2026-05-26 11:13:45] 💓 心跳正常 (PID: 27448)
[2026-05-26 11:13:55] 💓 心跳正常 (PID: 27448)
[2026-05-26 11:14:05] 💓 心跳正常 (PID: 27448)
[2026-05-26 11:14:16] 💓 心跳正常 (PID: 27448)
[2026-05-26 11:14:26] 💓 心跳正常 (PID: 27448)
[2026-05-26 11:14:36] 💓 心跳正常 (PID: 27448)
[2026-05-26 11:14:46] 💓 心跳正常 (PID: 27448)
[2026-05-26 11:14:57] 💓 心跳正常 (PID: 27448)
[2026-05-26 11:15:07] 💓 心跳正常 (PID: 27448)
[2026-05-26 11:15:17] 💓 心跳正常 (PID: 27448)
[2026-05-26 11:15:27] 💓 心跳正常 (PID: 27448)
[2026-05-26 11:15:38] 💓 心跳正常 (PID: 27448)
[2026-05-26 11:15:48] 💓 心跳正常 (PID: 27448)
[2026-05-26 11:15:58] 💓 心跳正常 (PID: 27448)
[2026-05-26 11:16:09] 💓 心跳正常 (PID: 27448)
[2026-05-26 11:16:19] 💓 心跳正常 (PID: 27448)
[2026-05-26 11:16:29] 💓 心跳正常 (PID: 27448)
[2026-05-26 11:16:39] 💓 心跳正常 (PID: 27448)
[2026-05-26 11:16:50] 💓 心跳正常 (PID: 27448)
[2026-05-26 11:17:00] 💓 心跳正常 (PID: 27448)
[2026-05-26 11:17:10] 💓 心跳正常 (PID: 27448)
[2026-05-26 11:17:20] 💓 心跳正常 (PID: 27448)
[2026-05-26 11:17:31] 💓 心跳正常 (PID: 27448)
[2026-05-26 11:17:41] 💓 心跳正常 (PID: 27448)
[2026-05-26 11:17:51] 💓 心跳正常 (PID: 27448)
[2026-05-26 11:18:02] 💓 心跳正常 (PID: 27448)
[2026-05-26 11:18:12] 💓 心跳正常 (PID: 27448)
[2026-05-26 11:18:22] 💓 心跳正常 (PID: 27448)
[2026-05-26 11:18:32] 💓 心跳正常 (PID: 27448)
[2026-05-26 11:18:43] 💓 心跳正常 (PID: 27448)
[2026-05-26 11:18:53] 💓 心跳正常 (PID: 27448)
[2026-05-26 11:19:03] 💓 心跳正常 (PID: 27448)
[2026-05-26 11:19:14] 💓 心跳正常 (PID: 27448)
[2026-05-26 11:19:24] 💓 心跳正常 (PID: 27448)
[2026-05-26 11:19:34] 💓 心跳正常 (PID: 27448)
[2026-05-26 11:19:44] 💓 心跳正常 (PID: 27448)
[2026-05-26 11:19:55] 💓 心跳正常 (PID: 27448)
[2026-05-26 11:20:05] 💓 心跳正常 (PID: 27448)
[2026-05-26 11:20:15] 💓 心跳正常 (PID: 27448)
[2026-05-26 11:20:26] 💓 心跳正常 (PID: 27448)
[2026-05-26 11:20:36] 💓 心跳正常 (PID: 27448)
[2026-05-26 11:20:46] 💓 心跳正常 (PID: 27448)
[2026-05-26 11:20:56] 💓 心跳正常 (PID: 27448)
[2026-05-26 11:21:07] 💓 心跳正常 (PID: 27448)
[2026-05-26 11:21:17] 💓 心跳正常 (PID: 27448)
[2026-05-26 11:21:27] 💓 心跳正常 (PID: 27448)
[2026-05-26 11:21:38] 💓 心跳正常 (PID: 27448)
[2026-05-26 11:21:48] 💓 心跳正常 (PID: 27448)
[2026-05-26 11:21:58] 💓 心跳正常 (PID: 27448)
[2026-05-26 11:22:08] 💓 心跳正常 (PID: 27448)
[2026-05-26 11:22:18] 💓 心跳正常 (PID: 27448)
[2026-05-26 11:22:29] 💓 心跳正常 (PID: 27448)
[2026-05-26 11:22:39] 💓 心跳正常 (PID: 27448)
[2026-05-26 11:22:50] 💓 心跳正常 (PID: 27448)
[2026-05-26 11:23:00] 💓 心跳正常 (PID: 27448)
[2026-05-26 11:23:10] 💓 心跳正常 (PID: 27448)
[2026-05-26 11:23:20] 💓 心跳正常 (PID: 27448)
[2026-05-26 11:23:31] 💓 心跳正常 (PID: 27448)
[2026-05-26 11:23:41] 💓 心跳正常 (PID: 27448)
[2026-05-26 11:23:51] 💓 心跳正常 (PID: 27448)
[2026-05-26 11:24:01] 💓 心跳正常 (PID: 27448)
[2026-05-26 11:24:12] 💓 心跳正常 (PID: 27448)
[2026-05-26 11:24:22] 💓 心跳正常 (PID: 27448)
[2026-05-26 11:24:32] 💓 心跳正常 (PID: 27448)
[2026-05-26 11:24:42] 💓 心跳正常 (PID: 27448)
[2026-05-26 11:24:53] 💓 心跳正常 (PID: 27448)
[2026-05-26 11:25:03] 💓 心跳正常 (PID: 27448)
[2026-05-26 11:25:13] 💓 心跳正常 (PID: 27448)
[2026-05-26 11:25:24] 💓 心跳正常 (PID: 27448)
[2026-05-26 11:25:34] 💓 心跳正常 (PID: 27448)
[2026-05-26 11:25:44] 💓 心跳正常 (PID: 27448)
[2026-05-26 11:25:55] 💓 心跳正常 (PID: 27448)
[2026-05-26 11:26:05] 💓 心跳正常 (PID: 27448)
[2026-05-26 11:26:15] 💓 心跳正常 (PID: 27448)
[2026-05-26 11:26:25] 💓 心跳正常 (PID: 27448)
[2026-05-26 11:26:36] 💓 心跳正常 (PID: 27448)
[2026-05-26 11:26:46] 💓 心跳正常 (PID: 27448)
[2026-05-26 11:26:56] 💓 心跳正常 (PID: 27448)
[2026-05-26 11:27:07] 💓 心跳正常 (PID: 27448)
[2026-05-26 11:27:17] 💓 心跳正常 (PID: 27448)
[2026-05-26 11:27:27] 💓 心跳正常 (PID: 27448)
[2026-05-26 11:27:37] 💓 心跳正常 (PID: 27448)
[2026-05-26 11:27:48] 💓 心跳正常 (PID: 27448)
[2026-05-26 11:27:58] 💓 心跳正常 (PID: 27448)
[2026-05-26 11:28:08] 💓 心跳正常 (PID: 27448)
[2026-05-26 11:28:19] 💓 心跳正常 (PID: 27448)
[2026-05-26 11:28:29] 💓 心跳正常 (PID: 27448)
[2026-05-26 11:28:39] 💓 心跳正常 (PID: 27448)
[2026-05-26 11:28:49] 💓 心跳正常 (PID: 27448)
[2026-05-26 11:29:00] 💓 心跳正常 (PID: 27448)
[2026-05-26 11:29:10] 💓 心跳正常 (PID: 27448)
[2026-05-26 11:29:20] 💓 心跳正常 (PID: 27448)
[2026-05-26 11:29:31] 💓 心跳正常 (PID: 27448)
[2026-05-26 11:29:41] 💓 心跳正常 (PID: 27448)
[2026-05-26 11:29:51] 💓 心跳正常 (PID: 27448)
[2026-05-26 11:30:01] 💓 心跳正常 (PID: 27448)
[2026-05-26 11:30:12] 💓 心跳正常 (PID: 27448)
[2026-05-26 11:30:22] 💓 心跳正常 (PID: 27448)
[2026-05-26 11:30:32] 💓 心跳正常 (PID: 27448)
[2026-05-26 11:30:42] 💓 心跳正常 (PID: 27448)
[2026-05-26 11:30:53] 💓 心跳正常 (PID: 27448)
[2026-05-26 11:31:03] 💓 心跳正常 (PID: 27448)
[2026-05-26 11:31:13] 💓 心跳正常 (PID: 27448)
[2026-05-26 11:31:23] 💓 心跳正常 (PID: 27448)
[2026-05-26 11:31:33] 💓 心跳正常 (PID: 27448)
[2026-05-26 11:31:44] 💓 心跳正常 (PID: 27448)
[2026-05-26 11:31:54] 💓 心跳正常 (PID: 27448)
[2026-05-26 11:32:04] 💓 心跳正常 (PID: 27448)
[2026-05-26 11:32:14] 💓 心跳正常 (PID: 27448)
[2026-05-26 11:32:25] 💓 心跳正常 (PID: 27448)
[2026-05-26 11:32:35] 💓 心跳正常 (PID: 27448)
[2026-05-26 11:32:45] 💓 心跳正常 (PID: 27448)
[2026-05-26 11:32:56] 💓 心跳正常 (PID: 27448)
[2026-05-26 11:33:06] 💓 心跳正常 (PID: 27448)
[2026-05-26 11:33:16] 💓 心跳正常 (PID: 27448)
[2026-05-26 11:33:26] 💓 心跳正常 (PID: 27448)
[2026-05-26 11:33:37] 💓 心跳正常 (PID: 27448)
[2026-05-26 11:33:47] 💓 心跳正常 (PID: 27448)
[2026-05-26 11:33:57] 💓 心跳正常 (PID: 27448)
[2026-05-26 11:34:07] 💓 心跳正常 (PID: 27448)
[2026-05-26 11:34:18] 💓 心跳正常 (PID: 27448)
[2026-05-26 11:34:28] 💓 心跳正常 (PID: 27448)
[2026-05-26 11:34:38] 💓 心跳正常 (PID: 27448)
[2026-05-26 11:34:48] 💓 心跳正常 (PID: 27448)
[2026-05-26 11:34:58] 💓 心跳正常 (PID: 27448)
[2026-05-26 11:35:09] 💓 心跳正常 (PID: 27448)
[2026-05-26 11:35:19] 💓 心跳正常 (PID: 27448)
[2026-05-26 11:35:29] 💓 心跳正常 (PID: 27448)
[2026-05-26 11:35:40] 💓 心跳正常 (PID: 27448)
[2026-05-26 11:35:50] 💓 心跳正常 (PID: 27448)
[2026-05-26 11:36:00] 💓 心跳正常 (PID: 27448)
[2026-05-26 11:36:10] 💓 心跳正常 (PID: 27448)
[2026-05-26 11:36:20] 💓 心跳正常 (PID: 27448)
[2026-05-26 11:36:31] 💓 心跳正常 (PID: 27448)
[2026-05-26 11:36:41] 💓 心跳正常 (PID: 27448)
[2026-05-26 11:36:51] 💓 心跳正常 (PID: 27448)
[2026-05-26 11:37:02] 💓 心跳正常 (PID: 27448)
[2026-05-26 11:37:12] 💓 心跳正常 (PID: 27448)
[2026-05-26 11:37:22] 💓 心跳正常 (PID: 27448)
[2026-05-26 11:37:33] 💓 心跳正常 (PID: 27448)
[2026-05-26 11:37:43] 💓 心跳正常 (PID: 27448)
[2026-05-26 11:37:53] 💓 心跳正常 (PID: 27448)
[2026-05-26 11:38:03] 💓 心跳正常 (PID: 27448)
[2026-05-26 11:38:14] 💓 心跳正常 (PID: 27448)
[2026-05-26 11:38:24] 💓 心跳正常 (PID: 27448)
[2026-05-26 11:38:34] 💓 心跳正常 (PID: 27448)
[2026-05-26 11:38:44] 💓 心跳正常 (PID: 27448)
[2026-05-26 11:38:55] 💓 心跳正常 (PID: 27448)
[2026-05-26 11:39:05] 💓 心跳正常 (PID: 27448)
[2026-05-26 11:39:15] 💓 心跳正常 (PID: 27448)
[2026-05-26 11:39:25] 💓 心跳正常 (PID: 27448)
[2026-05-26 11:39:36] 💓 心跳正常 (PID: 27448)
[2026-05-26 11:39:46] 💓 心跳正常 (PID: 27448)
[2026-05-26 11:39:56] 💓 心跳正常 (PID: 27448)
[2026-05-26 11:40:06] 💓 心跳正常 (PID: 27448)
[2026-05-26 11:40:17] 💓 心跳正常 (PID: 27448)
[2026-05-26 11:40:27] 💓 心跳正常 (PID: 27448)
[2026-05-26 11:40:37] 💓 心跳正常 (PID: 27448)
[2026-05-26 11:40:47] 💓 心跳正常 (PID: 27448)
[2026-05-26 11:40:57] 💓 心跳正常 (PID: 27448)
[2026-05-26 11:41:07] 💓 心跳正常 (PID: 27448)
[2026-05-26 11:41:17] 💓 心跳正常 (PID: 27448)
[2026-05-26 11:41:27] 💓 心跳正常 (PID: 27448)
[2026-05-26 11:41:38] 💓 心跳正常 (PID: 27448)
[2026-05-26 11:41:48] 💓 心跳正常 (PID: 27448)
[2026-05-26 11:41:58] 💓 心跳正常 (PID: 27448)
[2026-05-26 11:42:08] 💓 心跳正常 (PID: 27448)
[2026-05-26 11:42:18] 💓 心跳正常 (PID: 27448)
[2026-05-26 11:42:28] 💓 心跳正常 (PID: 27448)
[2026-05-26 11:42:38] 💓 心跳正常 (PID: 27448)
[2026-05-26 11:42:48] 💓 心跳正常 (PID: 27448)
[2026-05-26 11:42:58] 💓 心跳正常 (PID: 27448)
[2026-05-26 11:43:08] 💓 心跳正常 (PID: 27448)
[2026-05-26 11:43:19] 💓 心跳正常 (PID: 27448)
[2026-05-26 11:43:29] 💓 心跳正常 (PID: 27448)
[2026-05-26 11:43:39] 💓 心跳正常 (PID: 27448)
[2026-05-26 11:43:49] 💓 心跳正常 (PID: 27448)
[2026-05-26 11:43:59] 💓 心跳正常 (PID: 27448)
[2026-05-26 11:44:09] 💓 心跳正常 (PID: 27448)
[2026-05-26 11:44:20] 💓 心跳正常 (PID: 27448)
[2026-05-26 11:44:30] 💓 心跳正常 (PID: 27448)
[2026-05-26 11:44:40] 💓 心跳正常 (PID: 27448)
[2026-05-26 11:44:50] 💓 心跳正常 (PID: 27448)
[2026-05-26 11:45:01] 💓 心跳正常 (PID: 27448)
[2026-05-26 11:45:11] 💓 心跳正常 (PID: 27448)
[2026-05-26 11:45:21] 💓 心跳正常 (PID: 27448)
[2026-05-26 11:45:31] 💓 心跳正常 (PID: 27448)
[2026-05-26 11:45:41] 💓 心跳正常 (PID: 27448)
[2026-05-26 11:45:51] 💓 心跳正常 (PID: 27448)
[2026-05-26 11:46:01] 💓 心跳正常 (PID: 27448)
[2026-05-26 11:46:12] 💓 心跳正常 (PID: 27448)
[2026-05-26 11:46:22] 💓 心跳正常 (PID: 27448)
[2026-05-26 11:46:32] 💓 心跳正常 (PID: 27448)
[2026-05-26 11:46:42] 💓 心跳正常 (PID: 27448)
[2026-05-26 11:46:52] 💓 心跳正常 (PID: 27448)
[2026-05-26 11:47:02] 💓 心跳正常 (PID: 27448)
[2026-05-26 11:47:13] 💓 心跳正常 (PID: 27448)
[2026-05-26 11:47:23] 💓 心跳正常 (PID: 27448)
[2026-05-26 11:47:33] 💓 心跳正常 (PID: 27448)
[2026-05-26 11:47:43] 💓 心跳正常 (PID: 27448)
[2026-05-26 11:47:53] 💓 心跳正常 (PID: 27448)
[2026-05-26 11:48:03] 💓 心跳正常 (PID: 27448)
[2026-05-26 11:48:14] 💓 心跳正常 (PID: 27448)
[2026-05-26 11:48:24] 💓 心跳正常 (PID: 27448)
[2026-05-26 11:48:34] 💓 心跳正常 (PID: 27448)
[2026-05-26 11:48:45] 💓 心跳正常 (PID: 27448)
[2026-05-26 11:48:55] 💓 心跳正常 (PID: 27448)
[2026-05-26 11:49:06] 💓 心跳正常 (PID: 27448)
[2026-05-26 11:49:16] 💓 心跳正常 (PID: 27448)
[2026-05-26 11:49:26] 💓 心跳正常 (PID: 27448)
[2026-05-26 11:49:36] 💓 心跳正常 (PID: 27448)
[2026-05-26 11:49:46] 💓 心跳正常 (PID: 27448)
[2026-05-26 11:49:57] 💓 心跳正常 (PID: 27448)
[2026-05-26 11:50:07] 💓 心跳正常 (PID: 27448)
[2026-05-26 11:50:17] 💓 心跳正常 (PID: 27448)
[2026-05-26 11:50:27] 💓 心跳正常 (PID: 27448)
[2026-05-26 11:50:38] 💓 心跳正常 (PID: 27448)
[2026-05-26 11:50:48] 💓 心跳正常 (PID: 27448)
[2026-05-26 11:50:58] 💓 心跳正常 (PID: 27448)
[2026-05-26 11:51:08] 💓 心跳正常 (PID: 27448)
[2026-05-26 11:51:18] 💓 心跳正常 (PID: 27448)
[2026-05-26 11:51:28] 📁 交易日志 /root/.openclaw/logs/trading/monitor.log (3.7MB)，>10MB 时自动归档至 logs/trading/archive/
[2026-05-26 11:51:29] 💓 心跳正常 (PID: 27448)
[2026-05-26 11:51:39] 💓 心跳正常 (PID: 27448)
[2026-05-26 11:51:49] 💓 心跳正常 (PID: 27448)
[2026-05-26 11:51:59] 💓 心跳正常 (PID: 27448)
[2026-05-26 11:52:10] 💓 心跳正常 (PID: 27448)
[2026-05-26 11:52:20] 💓 心跳正常 (PID: 27448)
[2026-05-26 11:52:30] 💓 心跳正常 (PID: 27448)
[2026-05-26 11:52:40] 💓 心跳正常 (PID: 27448)
[2026-05-26 11:52:51] 💓 心跳正常 (PID: 27448)
[2026-05-26 11:53:01] 💓 心跳正常 (PID: 27448)
[2026-05-26 11:53:11] 💓 心跳正常 (PID: 27448)
[2026-05-26 11:53:21] 💓 心跳正常 (PID: 27448)
[2026-05-26 11:53:32] 💓 心跳正常 (PID: 27448)
[2026-05-26 11:53:42] 💓 心跳正常 (PID: 27448)
[2026-05-26 11:53:52] 💓 心跳正常 (PID: 27448)
[2026-05-26 11:54:03] 💓 心跳正常 (PID: 27448)
[2026-05-26 11:54:13] 💓 心跳正常 (PID: 27448)
[2026-05-26 11:54:23] 💓 心跳正常 (PID: 27448)
[2026-05-26 11:54:33] 💓 心跳正常 (PID: 27448)
[2026-05-26 11:54:43] 💓 心跳正常 (PID: 27448)
[2026-05-26 11:54:54] 💓 心跳正常 (PID: 27448)
[2026-05-26 11:55:04] 💓 心跳正常 (PID: 27448)
[2026-05-26 11:55:14] 💓 心跳正常 (PID: 27448)
[2026-05-26 11:55:24] 💓 心跳正常 (PID: 27448)
[2026-05-26 11:55:35] 💓 心跳正常 (PID: 27448)
[2026-05-26 11:55:45] 💓 心跳正常 (PID: 27448)
[2026-05-26 11:55:55] 💓 心跳正常 (PID: 27448)
[2026-05-26 11:56:06] 💓 心跳正常 (PID: 27448)
[2026-05-26 11:56:16] 💓 心跳正常 (PID: 27448)
[2026-05-26 11:56:26] 💓 心跳正常 (PID: 27448)
[2026-05-26 11:56:36] 💓 心跳正常 (PID: 27448)
[2026-05-26 11:56:47] 💓 心跳正常 (PID: 27448)
[2026-05-26 11:56:57] 💓 心跳正常 (PID: 27448)
[2026-05-26 11:57:07] 💓 心跳正常 (PID: 27448)
[2026-05-26 11:57:18] 💓 心跳正常 (PID: 27448)
[2026-05-26 11:57:28] 💓 心跳正常 (PID: 27448)
[2026-05-26 11:57:38] 💓 心跳正常 (PID: 27448)
[2026-05-26 11:57:48] 💓 心跳正常 (PID: 27448)
[2026-05-26 11:57:59] 💓 心跳正常 (PID: 27448)
[2026-05-26 11:58:09] 💓 心跳正常 (PID: 27448)
[2026-05-26 11:58:19] 💓 心跳正常 (PID: 27448)
[2026-05-26 11:58:30] 💓 心跳正常 (PID: 27448)
[2026-05-26 11:58:40] 💓 心跳正常 (PID: 27448)
[2026-05-26 11:58:50] 💓 心跳正常 (PID: 27448)
[2026-05-26 11:59:00] 💓 心跳正常 (PID: 27448)
[2026-05-26 11:59:11] 💓 心跳正常 (PID: 27448)
[2026-05-26 11:59:21] 💓 心跳正常 (PID: 27448)
[2026-05-26 11:59:31] 💓 心跳正常 (PID: 27448)
[2026-05-26 11:59:41] 💓 心跳正常 (PID: 27448)
[2026-05-26 11:59:52] 💓 心跳正常 (PID: 27448)
[2026-05-26 12:00:02] 💓 心跳正常 (PID: 27448)
[2026-05-26 12:00:12] 💓 心跳正常 (PID: 27448)
[2026-05-26 12:00:23] 💓 心跳正常 (PID: 27448)
[2026-05-26 12:00:33] 💓 心跳正常 (PID: 27448)
[2026-05-26 12:00:43] 💓 心跳正常 (PID: 27448)
[2026-05-26 12:00:53] 💓 心跳正常 (PID: 27448)
[2026-05-26 12:01:04] 💓 心跳正常 (PID: 27448)
[2026-05-26 12:01:14] 💓 心跳正常 (PID: 27448)
[2026-05-26 12:01:24] 💓 心跳正常 (PID: 27448)
[2026-05-26 12:01:35] 💓 心跳正常 (PID: 27448)
[2026-05-26 12:01:45] 💓 心跳正常 (PID: 27448)
[2026-05-26 12:01:55] 💓 心跳正常 (PID: 27448)
[2026-05-26 12:02:05] 💓 心跳正常 (PID: 27448)
[2026-05-26 12:02:15] 💓 心跳正常 (PID: 27448)
[2026-05-26 12:02:26] 💓 心跳正常 (PID: 27448)
[2026-05-26 12:02:36] 💓 心跳正常 (PID: 27448)
[2026-05-26 12:02:46] 💓 心跳正常 (PID: 27448)
[2026-05-26 12:02:56] 💓 心跳正常 (PID: 27448)
[2026-05-26 12:03:07] 💓 心跳正常 (PID: 27448)
[2026-05-26 12:03:17] 💓 心跳正常 (PID: 27448)
[2026-05-26 12:03:27] 💓 心跳正常 (PID: 27448)
[2026-05-26 12:03:37] 💓 心跳正常 (PID: 27448)
[2026-05-26 12:03:48] 💓 心跳正常 (PID: 27448)
[2026-05-26 12:03:58] 💓 心跳正常 (PID: 27448)
[2026-05-26 12:04:08] 💓 心跳正常 (PID: 27448)
[2026-05-26 12:04:18] 💓 心跳正常 (PID: 27448)
[2026-05-26 12:04:29] 💓 心跳正常 (PID: 27448)
[2026-05-26 12:04:39] 💓 心跳正常 (PID: 27448)
[2026-05-26 12:04:49] 💓 心跳正常 (PID: 27448)
[2026-05-26 12:04:59] 💓 心跳正常 (PID: 27448)
[2026-05-26 12:05:10] 💓 心跳正常 (PID: 27448)
[2026-05-26 12:05:20] 💓 心跳正常 (PID: 27448)
[2026-05-26 12:05:30] 💓 心跳正常 (PID: 27448)
[2026-05-26 12:05:40] 💓 心跳正常 (PID: 27448)
[2026-05-26 12:05:51] 💓 心跳正常 (PID: 27448)
[2026-05-26 12:06:01] 💓 心跳正常 (PID: 27448)
[2026-05-26 12:06:11] 💓 心跳正常 (PID: 27448)
[2026-05-26 12:06:21] 💓 心跳正常 (PID: 27448)
[2026-05-26 12:06:32] 💓 心跳正常 (PID: 27448)
[2026-05-26 12:06:42] 💓 心跳正常 (PID: 27448)
[2026-05-26 12:06:52] 💓 心跳正常 (PID: 27448)
[2026-05-26 12:07:02] 💓 心跳正常 (PID: 27448)
[2026-05-26 12:07:13] 💓 心跳正常 (PID: 27448)
[2026-05-26 12:07:23] 💓 心跳正常 (PID: 27448)
[2026-05-26 12:07:33] 💓 心跳正常 (PID: 27448)
[2026-05-26 12:07:44] 💓 心跳正常 (PID: 27448)
[2026-05-26 12:07:54] 💓 心跳正常 (PID: 27448)
[2026-05-26 12:08:04] 💓 心跳正常 (PID: 27448)
[2026-05-26 12:08:15] 💓 心跳正常 (PID: 27448)
[2026-05-26 12:08:25] 💓 心跳正常 (PID: 27448)
[2026-05-26 12:08:35] 💓 心跳正常 (PID: 27448)
[2026-05-26 12:08:45] 💓 心跳正常 (PID: 27448)
[2026-05-26 12:08:55] 💓 心跳正常 (PID: 27448)
[2026-05-26 12:09:06] 💓 心跳正常 (PID: 27448)
[2026-05-26 12:09:16] 💓 心跳正常 (PID: 27448)
[2026-05-26 12:09:26] 💓 心跳正常 (PID: 27448)
[2026-05-26 12:09:36] 💓 心跳正常 (PID: 27448)
[2026-05-26 12:09:47] 💓 心跳正常 (PID: 27448)
[2026-05-26 12:09:57] 💓 心跳正常 (PID: 27448)
[2026-05-26 12:10:07] 💓 心跳正常 (PID: 27448)
[2026-05-26 12:10:17] 💓 心跳正常 (PID: 27448)
[2026-05-26 12:10:28] 💓 心跳正常 (PID: 27448)
[2026-05-26 12:10:38] 💓 心跳正常 (PID: 27448)
[2026-05-26 12:10:48] 💓 心跳正常 (PID: 27448)
[2026-05-26 12:10:58] 💓 心跳正常 (PID: 27448)
[2026-05-26 12:11:09] 💓 心跳正常 (PID: 27448)
[2026-05-26 12:11:19] 💓 心跳正常 (PID: 27448)
[2026-05-26 12:11:29] 💓 心跳正常 (PID: 27448)
[2026-05-26 12:11:39] 💓 心跳正常 (PID: 27448)
[2026-05-26 12:11:50] 💓 心跳正常 (PID: 27448)
[2026-05-26 12:12:00] 💓 心跳正常 (PID: 27448)
[2026-05-26 12:12:10] 💓 心跳正常 (PID: 27448)
[2026-05-26 12:12:20] 💓 心跳正常 (PID: 27448)
[2026-05-26 12:12:30] 💓 心跳正常 (PID: 27448)
[2026-05-26 12:12:41] 💓 心跳正常 (PID: 27448)
[2026-05-26 12:12:51] 💓 心跳正常 (PID: 27448)
[2026-05-26 12:13:01] 💓 心跳正常 (PID: 27448)
[2026-05-26 12:13:12] 💓 心跳正常 (PID: 27448)
[2026-05-26 12:13:22] 💓 心跳正常 (PID: 27448)
[2026-05-26 12:13:32] 💓 心跳正常 (PID: 27448)
[2026-05-26 12:13:42] 💓 心跳正常 (PID: 27448)
[2026-05-26 12:13:53] 💓 心跳正常 (PID: 27448)
[2026-05-26 12:14:03] 💓 心跳正常 (PID: 27448)
[2026-05-26 12:14:13] 💓 心跳正常 (PID: 27448)
[2026-05-26 12:14:23] 💓 心跳正常 (PID: 27448)
[2026-05-26 12:14:34] 💓 心跳正常 (PID: 27448)
[2026-05-26 12:14:44] 💓 心跳正常 (PID: 27448)
[2026-05-26 12:14:54] 💓 心跳正常 (PID: 27448)
[2026-05-26 12:15:05] 💓 心跳正常 (PID: 27448)
[2026-05-26 12:15:15] 💓 心跳正常 (PID: 27448)
[2026-05-26 12:15:25] 💓 心跳正常 (PID: 27448)
[2026-05-26 12:15:36] 💓 心跳正常 (PID: 27448)
[2026-05-26 12:15:46] 💓 心跳正常 (PID: 27448)
[2026-05-26 12:15:56] 💓 心跳正常 (PID: 27448)
[2026-05-26 12:16:06] 💓 心跳正常 (PID: 27448)
[2026-05-26 12:16:17] 💓 心跳正常 (PID: 27448)
[2026-05-26 12:16:27] 💓 心跳正常 (PID: 27448)
[2026-05-26 12:16:37] 💓 心跳正常 (PID: 27448)
[2026-05-26 12:16:48] 💓 心跳正常 (PID: 27448)
[2026-05-26 12:16:58] 💓 心跳正常 (PID: 27448)
[2026-05-26 12:17:08] 💓 心跳正常 (PID: 27448)
[2026-05-26 12:17:19] 💓 心跳正常 (PID: 27448)
[2026-05-26 12:17:29] 💓 心跳正常 (PID: 27448)
[2026-05-26 12:17:39] 💓 心跳正常 (PID: 27448)
[2026-05-26 12:17:50] 💓 心跳正常 (PID: 27448)
[2026-05-26 12:18:00] 💓 心跳正常 (PID: 27448)
[2026-05-26 12:18:10] 💓 心跳正常 (PID: 27448)
[2026-05-26 12:18:20] 💓 心跳正常 (PID: 27448)
[2026-05-26 12:18:31] 💓 心跳正常 (PID: 27448)
[2026-05-26 12:18:41] 💓 心跳正常 (PID: 27448)
[2026-05-26 12:18:51] 💓 心跳正常 (PID: 27448)
[2026-05-26 12:19:01] 💓 心跳正常 (PID: 27448)
[2026-05-26 12:19:12] 💓 心跳正常 (PID: 27448)
[2026-05-26 12:19:22] 💓 心跳正常 (PID: 27448)
[2026-05-26 12:19:32] 💓 心跳正常 (PID: 27448)
[2026-05-26 12:19:42] 💓 心跳正常 (PID: 27448)
[2026-05-26 12:19:53] 💓 心跳正常 (PID: 27448)
[2026-05-26 12:20:03] 💓 心跳正常 (PID: 27448)
[2026-05-26 12:20:13] 💓 心跳正常 (PID: 27448)
[2026-05-26 12:20:23] 💓 心跳正常 (PID: 27448)
[2026-05-26 12:20:34] 💓 心跳正常 (PID: 27448)
[2026-05-26 12:20:44] 💓 心跳正常 (PID: 27448)
[2026-05-26 12:20:54] 💓 心跳正常 (PID: 27448)
[2026-05-26 12:21:04] 💓 心跳正常 (PID: 27448)
[2026-05-26 12:21:15] 💓 心跳正常 (PID: 27448)
[2026-05-26 12:21:25] 💓 心跳正常 (PID: 27448)
[2026-05-26 12:21:35] 💓 心跳正常 (PID: 27448)
[2026-05-26 12:21:45] 💓 心跳正常 (PID: 27448)
[2026-05-26 12:21:56] 💓 心跳正常 (PID: 27448)
[2026-05-26 12:22:06] 💓 心跳正常 (PID: 27448)
[2026-05-26 12:22:16] 💓 心跳正常 (PID: 27448)
[2026-05-26 12:22:26] 💓 心跳正常 (PID: 27448)
[2026-05-26 12:22:36] 💓 心跳正常 (PID: 27448)
[2026-05-26 12:22:47] 💓 心跳正常 (PID: 27448)
[2026-05-26 12:22:57] 💓 心跳正常 (PID: 27448)
[2026-05-26 12:23:07] 💓 心跳正常 (PID: 27448)
[2026-05-26 12:23:17] 💓 心跳正常 (PID: 27448)
[2026-05-26 12:23:28] 💓 心跳正常 (PID: 27448)
[2026-05-26 12:23:38] 💓 心跳正常 (PID: 27448)
[2026-05-26 12:23:48] 💓 心跳正常 (PID: 27448)
[2026-05-26 12:23:59] 💓 心跳正常 (PID: 27448)
[2026-05-26 12:24:09] 💓 心跳正常 (PID: 27448)
[2026-05-26 12:24:19] 💓 心跳正常 (PID: 27448)
[2026-05-26 12:24:30] 💓 心跳正常 (PID: 27448)
[2026-05-26 12:24:40] 💓 心跳正常 (PID: 27448)
[2026-05-26 12:24:50] 💓 心跳正常 (PID: 27448)
[2026-05-26 12:25:01] 💓 心跳正常 (PID: 27448)
[2026-05-26 12:25:11] 💓 心跳正常 (PID: 27448)
[2026-05-26 12:25:21] 💓 心跳正常 (PID: 27448)
[2026-05-26 12:25:31] 💓 心跳正常 (PID: 27448)
[2026-05-26 12:25:42] 💓 心跳正常 (PID: 27448)
[2026-05-26 12:25:52] 💓 心跳正常 (PID: 27448)
[2026-05-26 12:26:02] 💓 心跳正常 (PID: 27448)
[2026-05-26 12:26:12] 💓 心跳正常 (PID: 27448)
[2026-05-26 12:26:22] 💓 心跳正常 (PID: 27448)
[2026-05-26 12:26:33] 💓 心跳正常 (PID: 27448)
[2026-05-26 12:26:43] 💓 心跳正常 (PID: 27448)
[2026-05-26 12:26:53] 💓 心跳正常 (PID: 27448)
[2026-05-26 12:27:04] 💓 心跳正常 (PID: 27448)
[2026-05-26 12:27:14] 💓 心跳正常 (PID: 27448)
[2026-05-26 12:27:24] 💓 心跳正常 (PID: 27448)
[2026-05-26 12:27:34] 💓 心跳正常 (PID: 27448)
[2026-05-26 12:27:44] 💓 心跳正常 (PID: 27448)
[2026-05-26 12:27:54] 💓 心跳正常 (PID: 27448)
[2026-05-26 12:28:04] 💓 心跳正常 (PID: 27448)
[2026-05-26 12:28:15] 💓 心跳正常 (PID: 27448)
[2026-05-26 12:28:25] 💓 心跳正常 (PID: 27448)
[2026-05-26 12:28:35] 💓 心跳正常 (PID: 27448)
[2026-05-26 12:28:46] 💓 心跳正常 (PID: 27448)
[2026-05-26 12:28:56] 💓 心跳正常 (PID: 27448)
[2026-05-26 12:29:06] 💓 心跳正常 (PID: 27448)
[2026-05-26 12:29:16] 💓 心跳正常 (PID: 27448)
[2026-05-26 12:29:27] 💓 心跳正常 (PID: 27448)
[2026-05-26 12:29:37] 💓 心跳正常 (PID: 27448)
[2026-05-26 12:29:47] 💓 心跳正常 (PID: 27448)
[2026-05-26 12:29:58] 💓 心跳正常 (PID: 27448)
[2026-05-26 12:30:08] 💓 心跳正常 (PID: 27448)
[2026-05-26 12:30:18] 💓 心跳正常 (PID: 27448)
[2026-05-26 12:30:28] 💓 心跳正常 (PID: 27448)
[2026-05-26 12:30:39] 💓 心跳正常 (PID: 27448)
[2026-05-26 12:30:49] 💓 心跳正常 (PID: 27448)
[2026-05-26 12:31:00] 💓 心跳正常 (PID: 27448)
[2026-05-26 12:31:10] 💓 心跳正常 (PID: 27448)
[2026-05-26 12:31:20] 💓 心跳正常 (PID: 27448)
[2026-05-26 12:31:31] 💓 心跳正常 (PID: 27448)
[2026-05-26 12:31:41] 💓 心跳正常 (PID: 27448)
[2026-05-26 12:31:51] 💓 心跳正常 (PID: 27448)
[2026-05-26 12:32:01] 💓 心跳正常 (PID: 27448)
[2026-05-26 12:32:11] 💓 心跳正常 (PID: 27448)
[2026-05-26 12:32:22] 💓 心跳正常 (PID: 27448)
[2026-05-26 12:32:32] 💓 心跳正常 (PID: 27448)
[2026-05-26 12:32:42] 💓 心跳正常 (PID: 27448)
[2026-05-26 12:32:53] 💓 心跳正常 (PID: 27448)
[2026-05-26 12:33:03] 💓 心跳正常 (PID: 27448)
[2026-05-26 12:33:13] 💓 心跳正常 (PID: 27448)
[2026-05-26 12:33:24] 💓 心跳正常 (PID: 27448)
[2026-05-26 12:33:34] 💓 心跳正常 (PID: 27448)
[2026-05-26 12:33:44] 💓 心跳正常 (PID: 27448)
[2026-05-26 12:33:54] 💓 心跳正常 (PID: 27448)
[2026-05-26 12:34:05] 💓 心跳正常 (PID: 27448)
[2026-05-26 12:34:15] 💓 心跳正常 (PID: 27448)
[2026-05-26 12:34:25] 💓 心跳正常 (PID: 27448)
[2026-05-26 12:34:35] 💓 心跳正常 (PID: 27448)
[2026-05-26 12:34:46] 💓 心跳正常 (PID: 27448)
[2026-05-26 12:34:56] 💓 心跳正常 (PID: 27448)
[2026-05-26 12:35:06] 💓 心跳正常 (PID: 27448)
[2026-05-26 12:35:17] 💓 心跳正常 (PID: 27448)
[2026-05-26 12:35:27] 💓 心跳正常 (PID: 27448)
[2026-05-26 12:35:37] 💓 心跳正常 (PID: 27448)
[2026-05-26 12:35:47] 💓 心跳正常 (PID: 27448)
[2026-05-26 12:35:58] 💓 心跳正常 (PID: 27448)
[2026-05-26 12:36:08] 💓 心跳正常 (PID: 27448)
[2026-05-26 12:36:18] 💓 心跳正常 (PID: 27448)
[2026-05-26 12:36:28] 💓 心跳正常 (PID: 27448)
[2026-05-26 12:36:39] 💓 心跳正常 (PID: 27448)
[2026-05-26 12:36:49] 💓 心跳正常 (PID: 27448)
[2026-05-26 12:36:59] 💓 心跳正常 (PID: 27448)
[2026-05-26 12:37:09] 💓 心跳正常 (PID: 27448)
[2026-05-26 12:37:19] 💓 心跳正常 (PID: 27448)
[2026-05-26 12:37:30] 💓 心跳正常 (PID: 27448)
[2026-05-26 12:37:40] 💓 心跳正常 (PID: 27448)
[2026-05-26 12:37:50] 💓 心跳正常 (PID: 27448)
[2026-05-26 12:38:00] 💓 心跳正常 (PID: 27448)
[2026-05-26 12:38:10] 💓 心跳正常 (PID: 27448)
[2026-05-26 12:38:20] 💓 心跳正常 (PID: 27448)
[2026-05-26 12:38:30] 💓 心跳正常 (PID: 27448)
[2026-05-26 12:38:41] 💓 心跳正常 (PID: 27448)
[2026-05-26 12:38:51] 💓 心跳正常 (PID: 27448)
[2026-05-26 12:39:01] 💓 心跳正常 (PID: 27448)
[2026-05-26 12:39:11] 💓 心跳正常 (PID: 27448)
[2026-05-26 12:39:22] 💓 心跳正常 (PID: 27448)
[2026-05-26 12:39:32] 💓 心跳正常 (PID: 27448)
[2026-05-26 12:39:42] 💓 心跳正常 (PID: 27448)
[2026-05-26 12:39:52] 💓 心跳正常 (PID: 27448)
[2026-05-26 12:40:03] 💓 心跳正常 (PID: 27448)
[2026-05-26 12:40:13] 💓 心跳正常 (PID: 27448)
[2026-05-26 12:40:23] 💓 心跳正常 (PID: 27448)
[2026-05-26 12:40:34] 💓 心跳正常 (PID: 27448)
[2026-05-26 12:40:44] 💓 心跳正常 (PID: 27448)
[2026-05-26 12:40:54] 💓 心跳正常 (PID: 27448)
[2026-05-26 12:41:04] 💓 心跳正常 (PID: 27448)
[2026-05-26 12:41:15] 💓 心跳正常 (PID: 27448)
[2026-05-26 12:41:25] 💓 心跳正常 (PID: 27448)
[2026-05-26 12:41:35] 💓 心跳正常 (PID: 27448)
[2026-05-26 12:41:46] 💓 心跳正常 (PID: 27448)
[2026-05-26 12:41:56] 💓 心跳正常 (PID: 27448)
[2026-05-26 12:42:06] 💓 心跳正常 (PID: 27448)
[2026-05-26 12:42:17] 💓 心跳正常 (PID: 27448)
[2026-05-26 12:42:27] 💓 心跳正常 (PID: 27448)
[2026-05-26 12:42:38] 💓 心跳正常 (PID: 27448)
[2026-05-26 12:42:48] 💓 心跳正常 (PID: 27448)
[2026-05-26 12:42:58] 💓 心跳正常 (PID: 27448)
[2026-05-26 12:43:09] 💓 心跳正常 (PID: 27448)
[2026-05-26 12:43:19] 💓 心跳正常 (PID: 27448)
[2026-05-26 12:43:29] 💓 心跳正常 (PID: 27448)
[2026-05-26 12:43:39] 💓 心跳正常 (PID: 27448)
[2026-05-26 12:43:49] 💓 心跳正常 (PID: 27448)
[2026-05-26 12:44:00] 💓 心跳正常 (PID: 27448)
[2026-05-26 12:44:10] 💓 心跳正常 (PID: 27448)
[2026-05-26 12:44:20] 💓 心跳正常 (PID: 27448)
[2026-05-26 12:44:31] 💓 心跳正常 (PID: 27448)
[2026-05-26 12:44:41] 💓 心跳正常 (PID: 27448)
[2026-05-26 12:44:51] 💓 心跳正常 (PID: 27448)
[2026-05-26 12:45:01] 💓 心跳正常 (PID: 27448)
[2026-05-26 12:45:12] 💓 心跳正常 (PID: 27448)
[2026-05-26 12:45:22] 💓 心跳正常 (PID: 27448)
[2026-05-26 12:45:32] 💓 心跳正常 (PID: 27448)
[2026-05-26 12:45:43] 💓 心跳正常 (PID: 27448)
[2026-05-26 12:45:53] 💓 心跳正常 (PID: 27448)
[2026-05-26 12:46:03] 💓 心跳正常 (PID: 27448)
[2026-05-26 12:46:13] 💓 心跳正常 (PID: 27448)
[2026-05-26 12:46:24] 💓 心跳正常 (PID: 27448)
[2026-05-26 12:46:34] 💓 心跳正常 (PID: 27448)
[2026-05-26 12:46:44] 💓 心跳正常 (PID: 27448)
[2026-05-26 12:46:55] 💓 心跳正常 (PID: 27448)
[2026-05-26 12:47:05] 💓 心跳正常 (PID: 27448)
[2026-05-26 12:47:15] 💓 心跳正常 (PID: 27448)
[2026-05-26 12:47:25] 💓 心跳正常 (PID: 27448)
[2026-05-26 12:47:36] 💓 心跳正常 (PID: 27448)
[2026-05-26 12:47:46] 💓 心跳正常 (PID: 27448)
[2026-05-26 12:47:56] 💓 心跳正常 (PID: 27448)
[2026-05-26 12:48:07] 💓 心跳正常 (PID: 27448)
[2026-05-26 12:48:17] 💓 心跳正常 (PID: 27448)
[2026-05-26 12:48:27] 💓 心跳正常 (PID: 27448)
[2026-05-26 12:48:37] 💓 心跳正常 (PID: 27448)
[2026-05-26 12:48:48] 💓 心跳正常 (PID: 27448)
[2026-05-26 12:48:58] 💓 心跳正常 (PID: 27448)
[2026-05-26 12:49:08] 💓 心跳正常 (PID: 27448)
[2026-05-26 12:49:18] 💓 心跳正常 (PID: 27448)
[2026-05-26 12:49:29] 💓 心跳正常 (PID: 27448)
[2026-05-26 12:49:39] 💓 心跳正常 (PID: 27448)
[2026-05-26 12:49:49] 💓 心跳正常 (PID: 27448)
[2026-05-26 12:49:59] 💓 心跳正常 (PID: 27448)
[2026-05-26 12:50:10] 💓 心跳正常 (PID: 27448)
[2026-05-26 12:50:20] 💓 心跳正常 (PID: 27448)
[2026-05-26 12:50:30] 💓 心跳正常 (PID: 27448)
[2026-05-26 12:50:40] 💓 心跳正常 (PID: 27448)
[2026-05-26 12:50:51] 💓 心跳正常 (PID: 27448)
[2026-05-26 12:51:01] 💓 心跳正常 (PID: 27448)
[2026-05-26 12:51:11] 💓 心跳正常 (PID: 27448)
[2026-05-26 12:51:21] 💓 心跳正常 (PID: 27448)
[2026-05-26 12:51:32] 📁 交易日志 /root/.openclaw/logs/trading/monitor.log (3.7MB)，>10MB 时自动归档至 logs/trading/archive/
[2026-05-26 12:51:32] 💓 心跳正常 (PID: 27448)
[2026-05-26 12:51:42] 💓 心跳正常 (PID: 27448)
[2026-05-26 12:51:52] 💓 心跳正常 (PID: 27448)
[2026-05-26 12:52:02] 💓 心跳正常 (PID: 27448)
[2026-05-26 12:52:13] 💓 心跳正常 (PID: 27448)
[2026-05-26 12:52:23] 💓 心跳正常 (PID: 27448)
[2026-05-26 12:52:33] 💓 心跳正常 (PID: 27448)
[2026-05-26 12:52:44] 💓 心跳正常 (PID: 27448)
[2026-05-26 12:52:54] 💓 心跳正常 (PID: 27448)
[2026-05-26 12:53:04] 💓 心跳正常 (PID: 27448)
[2026-05-26 12:53:14] 💓 心跳正常 (PID: 27448)
[2026-05-26 12:53:25] 💓 心跳正常 (PID: 27448)
[2026-05-26 12:53:35] 💓 心跳正常 (PID: 27448)
[2026-05-26 12:53:45] 💓 心跳正常 (PID: 27448)
[2026-05-26 12:53:56] 💓 心跳正常 (PID: 27448)
[2026-05-26 12:54:06] 💓 心跳正常 (PID: 27448)
[2026-05-26 12:54:16] 💓 心跳正常 (PID: 27448)
[2026-05-26 12:54:26] 💓 心跳正常 (PID: 27448)
[2026-05-26 12:54:36] 💓 心跳正常 (PID: 27448)
[2026-05-26 12:54:47] 💓 心跳正常 (PID: 27448)
[2026-05-26 12:54:57] 💓 心跳正常 (PID: 27448)
[2026-05-26 12:55:07] 💓 心跳正常 (PID: 27448)
[2026-05-26 12:55:17] 💓 心跳正常 (PID: 27448)
[2026-05-26 12:55:27] 💓 心跳正常 (PID: 27448)
[2026-05-26 12:55:38] 💓 心跳正常 (PID: 27448)
[2026-05-26 12:55:48] 💓 心跳正常 (PID: 27448)
[2026-05-26 12:55:58] 💓 心跳正常 (PID: 27448)
[2026-05-26 12:56:09] 💓 心跳正常 (PID: 27448)
[2026-05-26 12:56:19] 💓 心跳正常 (PID: 27448)
[2026-05-26 12:56:29] 💓 心跳正常 (PID: 27448)
[2026-05-26 12:56:39] 💓 心跳正常 (PID: 27448)
[2026-05-26 12:56:50] 💓 心跳正常 (PID: 27448)
[2026-05-26 12:57:00] 💓 心跳正常 (PID: 27448)
[2026-05-26 12:57:10] 💓 心跳正常 (PID: 27448)
[2026-05-26 12:57:20] 💓 心跳正常 (PID: 27448)
[2026-05-26 12:57:31] 💓 心跳正常 (PID: 27448)
[2026-05-26 12:57:41] 💓 心跳正常 (PID: 27448)
[2026-05-26 12:57:51] 💓 心跳正常 (PID: 27448)
[2026-05-26 12:58:02] 💓 心跳正常 (PID: 27448)
[2026-05-26 12:58:12] 💓 心跳正常 (PID: 27448)
[2026-05-26 12:58:22] 💓 心跳正常 (PID: 27448)
[2026-05-26 12:58:32] 💓 心跳正常 (PID: 27448)
[2026-05-26 12:58:42] 💓 心跳正常 (PID: 27448)
[2026-05-26 12:58:53] 💓 心跳正常 (PID: 27448)
[2026-05-26 12:59:03] 💓 心跳正常 (PID: 27448)
[2026-05-26 12:59:13] 💓 心跳正常 (PID: 27448)
[2026-05-26 12:59:23] 💓 心跳正常 (PID: 27448)
[2026-05-26 12:59:33] 💓 心跳正常 (PID: 27448)
[2026-05-26 12:59:44] 💓 心跳正常 (PID: 27448)
[2026-05-26 12:59:54] 💓 心跳正常 (PID: 27448)
[2026-05-26 13:00:04] 💓 心跳正常 (PID: 27448)
[2026-05-26 13:00:15] 💓 心跳正常 (PID: 27448)
[2026-05-26 13:00:25] 💓 心跳正常 (PID: 27448)
[2026-05-26 13:00:35] 💓 心跳正常 (PID: 27448)
[2026-05-26 13:00:45] 💓 心跳正常 (PID: 27448)
[2026-05-26 13:00:56] 💓 心跳正常 (PID: 27448)
[2026-05-26 13:01:06] 💓 心跳正常 (PID: 27448)
[2026-05-26 13:01:16] 💓 心跳正常 (PID: 27448)
[2026-05-26 13:01:26] 💓 心跳正常 (PID: 27448)
[2026-05-26 13:01:37] 💓 心跳正常 (PID: 27448)
[2026-05-26 13:01:47] 💓 心跳正常 (PID: 27448)
[2026-05-26 13:01:57] 💓 心跳正常 (PID: 27448)
[2026-05-26 13:02:08] 💓 心跳正常 (PID: 27448)
[2026-05-26 13:02:18] 💓 心跳正常 (PID: 27448)
[2026-05-26 13:02:28] 💓 心跳正常 (PID: 27448)
[2026-05-26 13:02:39] 💓 心跳正常 (PID: 27448)
[2026-05-26 13:02:49] 💓 心跳正常 (PID: 27448)
[2026-05-26 13:02:59] 💓 心跳正常 (PID: 27448)
[2026-05-26 13:03:09] 💓 心跳正常 (PID: 27448)
[2026-05-26 13:03:19] 💓 心跳正常 (PID: 27448)
[2026-05-26 13:03:30] 💓 心跳正常 (PID: 27448)
[2026-05-26 13:03:40] 💓 心跳正常 (PID: 27448)
[2026-05-26 13:03:50] 💓 心跳正常 (PID: 27448)
[2026-05-26 13:04:00] 💓 心跳正常 (PID: 27448)
[2026-05-26 13:04:11] 💓 心跳正常 (PID: 27448)
[2026-05-26 13:04:21] 💓 心跳正常 (PID: 27448)
[2026-05-26 13:04:31] 💓 心跳正常 (PID: 27448)
[2026-05-26 13:04:41] 💓 心跳正常 (PID: 27448)
[2026-05-26 13:04:52] 💓 心跳正常 (PID: 27448)
[2026-05-26 13:05:02] 💓 心跳正常 (PID: 27448)
[2026-05-26 13:05:12] 💓 心跳正常 (PID: 27448)
[2026-05-26 13:05:23] 💓 心跳正常 (PID: 27448)
[2026-05-26 13:05:33] 💓 心跳正常 (PID: 27448)
[2026-05-26 13:05:43] 💓 心跳正常 (PID: 27448)
[2026-05-26 13:05:53] 💓 心跳正常 (PID: 27448)
[2026-05-26 13:06:04] 💓 心跳正常 (PID: 27448)
[2026-05-26 13:06:14] 💓 心跳正常 (PID: 27448)
[2026-05-26 13:06:24] 💓 心跳正常 (PID: 27448)
[2026-05-26 13:06:35] 💓 心跳正常 (PID: 27448)
[2026-05-26 13:06:45] 💓 心跳正常 (PID: 27448)
[2026-05-26 13:06:55] 💓 心跳正常 (PID: 27448)
[2026-05-26 13:07:06] 💓 心跳正常 (PID: 27448)
[2026-05-26 13:07:16] 💓 心跳正常 (PID: 27448)
[2026-05-26 13:07:26] 💓 心跳正常 (PID: 27448)
[2026-05-26 13:07:36] 💓 心跳正常 (PID: 27448)
[2026-05-26 13:07:47] 💓 心跳正常 (PID: 27448)
[2026-05-26 13:07:57] 💓 心跳正常 (PID: 27448)
[2026-05-26 13:08:07] 💓 心跳正常 (PID: 27448)
[2026-05-26 13:08:17] 💓 心跳正常 (PID: 27448)
[2026-05-26 13:08:28] 💓 心跳正常 (PID: 27448)
[2026-05-26 13:08:38] 💓 心跳正常 (PID: 27448)
[2026-05-26 13:08:48] 💓 心跳正常 (PID: 27448)
[2026-05-26 13:08:58] 💓 心跳正常 (PID: 27448)
[2026-05-26 13:09:09] 💓 心跳正常 (PID: 27448)
[2026-05-26 13:09:19] 💓 心跳正常 (PID: 27448)
[2026-05-26 13:09:29] 💓 心跳正常 (PID: 27448)
[2026-05-26 13:09:39] 💓 心跳正常 (PID: 27448)
[2026-05-26 13:09:50] 💓 心跳正常 (PID: 27448)
[2026-05-26 13:10:00] 💓 心跳正常 (PID: 27448)
[2026-05-26 13:10:10] 💓 心跳正常 (PID: 27448)
[2026-05-26 13:10:20] 💓 心跳正常 (PID: 27448)
[2026-05-26 13:10:31] 💓 心跳正常 (PID: 27448)
[2026-05-26 13:10:41] 💓 心跳正常 (PID: 27448)
[2026-05-26 13:10:51] 💓 心跳正常 (PID: 27448)
[2026-05-26 13:11:01] 💓 心跳正常 (PID: 27448)
[2026-05-26 13:11:12] 💓 心跳正常 (PID: 27448)
[2026-05-26 13:11:22] 💓 心跳正常 (PID: 27448)
[2026-05-26 13:11:32] 💓 心跳正常 (PID: 27448)
[2026-05-26 13:11:42] 💓 心跳正常 (PID: 27448)
[2026-05-26 13:11:53] 💓 心跳正常 (PID: 27448)
[2026-05-26 13:12:03] 💓 心跳正常 (PID: 27448)
[2026-05-26 13:12:13] 💓 心跳正常 (PID: 27448)
[2026-05-26 13:12:23] 💓 心跳正常 (PID: 27448)
[2026-05-26 13:12:34] 💓 心跳正常 (PID: 27448)
[2026-05-26 13:12:44] 💓 心跳正常 (PID: 27448)
[2026-05-26 13:12:54] 💓 心跳正常 (PID: 27448)
[2026-05-26 13:13:05] 💓 心跳正常 (PID: 27448)
[2026-05-26 13:13:15] 💓 心跳正常 (PID: 27448)
[2026-05-26 13:13:25] 💓 心跳正常 (PID: 27448)
[2026-05-26 13:13:36] 💓 心跳正常 (PID: 27448)
[2026-05-26 13:13:46] 💓 心跳正常 (PID: 27448)
[2026-05-26 13:13:56] 💓 心跳正常 (PID: 27448)
[2026-05-26 13:14:06] 💓 心跳正常 (PID: 27448)
[2026-05-26 13:14:17] 💓 心跳正常 (PID: 27448)
[2026-05-26 13:14:27] 💓 心跳正常 (PID: 27448)
[2026-05-26 13:14:37] 💓 心跳正常 (PID: 27448)
[2026-05-26 13:14:47] 💓 心跳正常 (PID: 27448)
[2026-05-26 13:14:58] 💓 心跳正常 (PID: 27448)
[2026-05-26 13:15:08] 💓 心跳正常 (PID: 27448)
[2026-05-26 13:15:18] 💓 心跳正常 (PID: 27448)
[2026-05-26 13:15:28] 💓 心跳正常 (PID: 27448)
[2026-05-26 13:15:39] 💓 心跳正常 (PID: 27448)
[2026-05-26 13:15:49] 💓 心跳正常 (PID: 27448)
[2026-05-26 13:15:59] 💓 心跳正常 (PID: 27448)
[2026-05-26 13:16:09] 💓 心跳正常 (PID: 27448)
[2026-05-26 13:16:19] 💓 心跳正常 (PID: 27448)
[2026-05-26 13:16:30] 💓 心跳正常 (PID: 27448)
[2026-05-26 13:16:40] 💓 心跳正常 (PID: 27448)
[2026-05-26 13:16:50] 💓 心跳正常 (PID: 27448)
[2026-05-26 13:17:01] 💓 心跳正常 (PID: 27448)
[2026-05-26 13:17:11] 💓 心跳正常 (PID: 27448)
[2026-05-26 13:17:21] 💓 心跳正常 (PID: 27448)
[2026-05-26 13:17:32] 💓 心跳正常 (PID: 27448)
[2026-05-26 13:17:42] 💓 心跳正常 (PID: 27448)
[2026-05-26 13:17:52] 💓 心跳正常 (PID: 27448)
[2026-05-26 13:18:02] 💓 心跳正常 (PID: 27448)
[2026-05-26 13:18:13] 💓 心跳正常 (PID: 27448)
[2026-05-26 13:18:23] 💓 心跳正常 (PID: 27448)
[2026-05-26 13:18:33] 💓 心跳正常 (PID: 27448)
[2026-05-26 13:18:43] 💓 心跳正常 (PID: 27448)
[2026-05-26 13:18:54] 💓 心跳正常 (PID: 27448)
[2026-05-26 13:19:04] 💓 心跳正常 (PID: 27448)
[2026-05-26 13:19:14] 💓 心跳正常 (PID: 27448)
[2026-05-26 13:19:24] 💓 心跳正常 (PID: 27448)
[2026-05-26 13:19:34] 💓 心跳正常 (PID: 27448)
[2026-05-26 13:19:45] 💓 心跳正常 (PID: 27448)
[2026-05-26 13:19:55] 💓 心跳正常 (PID: 27448)
[2026-05-26 13:20:05] 💓 心跳正常 (PID: 27448)
[2026-05-26 13:20:16] 💓 心跳正常 (PID: 27448)
[2026-05-26 13:20:26] 💓 心跳正常 (PID: 27448)
[2026-05-26 13:20:36] 💓 心跳正常 (PID: 27448)
[2026-05-26 13:20:46] 💓 心跳正常 (PID: 27448)
[2026-05-26 13:20:57] 💓 心跳正常 (PID: 27448)
[2026-05-26 13:21:07] 💓 心跳正常 (PID: 27448)
[2026-05-26 13:21:17] 💓 心跳正常 (PID: 27448)
[2026-05-26 13:21:27] 💓 心跳正常 (PID: 27448)
[2026-05-26 13:21:38] 💓 心跳正常 (PID: 27448)
[2026-05-26 13:21:48] 💓 心跳正常 (PID: 27448)
[2026-05-26 13:21:58] 💓 心跳正常 (PID: 27448)
[2026-05-26 13:22:08] 💓 心跳正常 (PID: 27448)
[2026-05-26 13:22:19] 💓 心跳正常 (PID: 27448)
[2026-05-26 13:22:29] 💓 心跳正常 (PID: 27448)
[2026-05-26 13:22:39] 💓 心跳正常 (PID: 27448)
[2026-05-26 13:22:49] 💓 心跳正常 (PID: 27448)
[2026-05-26 13:23:00] 💓 心跳正常 (PID: 27448)
[2026-05-26 13:23:10] 💓 心跳正常 (PID: 27448)
[2026-05-26 13:23:20] 💓 心跳正常 (PID: 27448)
[2026-05-26 13:23:30] 💓 心跳正常 (PID: 27448)
[2026-05-26 13:23:40] 💓 心跳正常 (PID: 27448)
[2026-05-26 13:23:51] 💓 心跳正常 (PID: 27448)
[2026-05-26 13:24:01] 💓 心跳正常 (PID: 27448)
[2026-05-26 13:24:11] 💓 心跳正常 (PID: 27448)
[2026-05-26 13:24:21] 💓 心跳正常 (PID: 27448)
[2026-05-26 13:24:32] 💓 心跳正常 (PID: 27448)
[2026-05-26 13:24:42] 💓 心跳正常 (PID: 27448)
[2026-05-26 13:24:52] 💓 心跳正常 (PID: 27448)
[2026-05-26 13:25:02] 💓 心跳正常 (PID: 27448)
[2026-05-26 13:25:13] 💓 心跳正常 (PID: 27448)
[2026-05-26 13:25:23] 💓 心跳正常 (PID: 27448)
[2026-05-26 13:25:33] 💓 心跳正常 (PID: 27448)
[2026-05-26 13:25:43] 💓 心跳正常 (PID: 27448)
[2026-05-26 13:25:54] 💓 心跳正常 (PID: 27448)
[2026-05-26 13:26:04] 💓 心跳正常 (PID: 27448)
[2026-05-26 13:26:14] 💓 心跳正常 (PID: 27448)
[2026-05-26 13:26:25] 💓 心跳正常 (PID: 27448)
[2026-05-26 13:26:35] 💓 心跳正常 (PID: 27448)
[2026-05-26 13:26:45] 💓 心跳正常 (PID: 27448)
[2026-05-26 13:26:55] 💓 心跳正常 (PID: 27448)
[2026-05-26 13:27:06] 💓 心跳正常 (PID: 27448)
[2026-05-26 13:27:16] 💓 心跳正常 (PID: 27448)
[2026-05-26 13:27:26] 💓 心跳正常 (PID: 27448)
[2026-05-26 13:27:36] 💓 心跳正常 (PID: 27448)
[2026-05-26 13:27:46] 💓 心跳正常 (PID: 27448)
[2026-05-26 13:27:57] 💓 心跳正常 (PID: 27448)
[2026-05-26 13:28:07] 💓 心跳正常 (PID: 27448)
[2026-05-26 13:28:17] 💓 心跳正常 (PID: 27448)
[2026-05-26 13:28:27] 💓 心跳正常 (PID: 27448)
[2026-05-26 13:28:38] 💓 心跳正常 (PID: 27448)
[2026-05-26 13:28:48] 💓 心跳正常 (PID: 27448)
[2026-05-26 13:28:58] 💓 心跳正常 (PID: 27448)
[2026-05-26 13:29:09] 💓 心跳正常 (PID: 27448)
[2026-05-26 13:29:19] 💓 心跳正常 (PID: 27448)
[2026-05-26 13:29:29] 💓 心跳正常 (PID: 27448)
[2026-05-26 13:29:39] 💓 心跳正常 (PID: 27448)
[2026-05-26 13:29:50] 💓 心跳正常 (PID: 27448)
[2026-05-26 13:30:00] 💓 心跳正常 (PID: 27448)
[2026-05-26 13:30:10] 💓 心跳正常 (PID: 27448)
[2026-05-26 13:30:21] 💓 心跳正常 (PID: 27448)
[2026-05-26 13:30:31] 💓 心跳正常 (PID: 27448)
[2026-05-26 13:30:41] 💓 心跳正常 (PID: 27448)
[2026-05-26 13:30:51] 💓 心跳正常 (PID: 27448)
[2026-05-26 13:31:02] 💓 心跳正常 (PID: 27448)
[2026-05-26 13:31:12] 💓 心跳正常 (PID: 27448)
[2026-05-26 13:31:22] 💓 心跳正常 (PID: 27448)
[2026-05-26 13:31:32] 💓 心跳正常 (PID: 27448)
[2026-05-26 13:31:43] 💓 心跳正常 (PID: 27448)
[2026-05-26 13:31:53] 💓 心跳正常 (PID: 27448)
[2026-05-26 13:32:04] 💓 心跳正常 (PID: 27448)
[2026-05-26 13:32:14] 💓 心跳正常 (PID: 27448)
[2026-05-26 13:32:24] 💓 心跳正常 (PID: 27448)
[2026-05-26 13:32:34] 💓 心跳正常 (PID: 27448)
[2026-05-26 13:32:45] 💓 心跳正常 (PID: 27448)
[2026-05-26 13:32:55] 💓 心跳正常 (PID: 27448)
[2026-05-26 13:33:05] 💓 心跳正常 (PID: 27448)
[2026-05-26 13:33:15] 💓 心跳正常 (PID: 27448)
[2026-05-26 13:33:26] 💓 心跳正常 (PID: 27448)
[2026-05-26 13:33:36] 💓 心跳正常 (PID: 27448)
[2026-05-26 13:33:46] 💓 心跳正常 (PID: 27448)
[2026-05-26 13:33:56] 💓 心跳正常 (PID: 27448)
[2026-05-26 13:34:07] 💓 心跳正常 (PID: 27448)
[2026-05-26 13:34:17] 💓 心跳正常 (PID: 27448)
[2026-05-26 13:34:27] 💓 心跳正常 (PID: 27448)
[2026-05-26 13:34:37] 💓 心跳正常 (PID: 27448)
[2026-05-26 13:34:48] 💓 心跳正常 (PID: 27448)
[2026-05-26 13:34:58] 💓 心跳正常 (PID: 27448)
[2026-05-26 13:35:08] 💓 心跳正常 (PID: 27448)
[2026-05-26 13:35:18] 💓 心跳正常 (PID: 27448)
[2026-05-26 13:35:29] 💓 心跳正常 (PID: 27448)
[2026-05-26 13:35:39] 💓 心跳正常 (PID: 27448)
[2026-05-26 13:35:49] 💓 心跳正常 (PID: 27448)
[2026-05-26 13:36:00] 💓 心跳正常 (PID: 27448)
[2026-05-26 13:36:10] 💓 心跳正常 (PID: 27448)
[2026-05-26 13:36:20] 💓 心跳正常 (PID: 27448)
[2026-05-26 13:36:31] 💓 心跳正常 (PID: 27448)
[2026-05-26 13:36:41] 💓 心跳正常 (PID: 27448)
[2026-05-26 13:36:51] 💓 心跳正常 (PID: 27448)
[2026-05-26 13:37:01] 💓 心跳正常 (PID: 27448)
[2026-05-26 13:37:12] 💓 心跳正常 (PID: 27448)
[2026-05-26 13:37:22] 💓 心跳正常 (PID: 27448)
[2026-05-26 13:37:32] 💓 心跳正常 (PID: 27448)
[2026-05-26 13:37:42] 💓 心跳正常 (PID: 27448)
[2026-05-26 13:37:53] 💓 心跳正常 (PID: 27448)
[2026-05-26 13:38:03] 💓 心跳正常 (PID: 27448)
[2026-05-26 13:38:13] 💓 心跳正常 (PID: 27448)
[2026-05-26 13:38:23] 💓 心跳正常 (PID: 27448)
[2026-05-26 13:38:34] 💓 心跳正常 (PID: 27448)
[2026-05-26 13:38:44] 💓 心跳正常 (PID: 27448)
[2026-05-26 13:38:54] 💓 心跳正常 (PID: 27448)
[2026-05-26 13:39:04] 💓 心跳正常 (PID: 27448)
[2026-05-26 13:39:15] 💓 心跳正常 (PID: 27448)
[2026-05-26 13:39:25] 💓 心跳正常 (PID: 27448)
[2026-05-26 13:39:35] 💓 心跳正常 (PID: 27448)
[2026-05-26 13:39:45] 💓 心跳正常 (PID: 27448)
[2026-05-26 13:39:55] 💓 心跳正常 (PID: 27448)
[2026-05-26 13:40:06] 💓 心跳正常 (PID: 27448)
[2026-05-26 13:40:16] 💓 心跳正常 (PID: 27448)
[2026-05-26 13:40:26] 💓 心跳正常 (PID: 27448)
[2026-05-26 13:40:37] 💓 心跳正常 (PID: 27448)
[2026-05-26 13:40:47] 💓 心跳正常 (PID: 27448)
[2026-05-26 13:40:57] 💓 心跳正常 (PID: 27448)
[2026-05-26 13:41:07] 💓 心跳正常 (PID: 27448)
[2026-05-26 13:41:18] 💓 心跳正常 (PID: 27448)
[2026-05-26 13:41:28] 💓 心跳正常 (PID: 27448)
[2026-05-26 13:41:38] 💓 心跳正常 (PID: 27448)
[2026-05-26 13:41:48] 💓 心跳正常 (PID: 27448)
[2026-05-26 13:41:58] 💓 心跳正常 (PID: 27448)
[2026-05-26 13:42:08] 💓 心跳正常 (PID: 27448)
[2026-05-26 13:42:19] 💓 心跳正常 (PID: 27448)
[2026-05-26 13:42:29] 💓 心跳正常 (PID: 27448)
[2026-05-26 13:42:39] 💓 心跳正常 (PID: 27448)
[2026-05-26 13:42:50] 💓 心跳正常 (PID: 27448)
[2026-05-26 13:43:00] 💓 心跳正常 (PID: 27448)
[2026-05-26 13:43:10] 💓 心跳正常 (PID: 27448)
[2026-05-26 13:43:20] 💓 心跳正常 (PID: 27448)
[2026-05-26 13:43:30] 💓 心跳正常 (PID: 27448)
[2026-05-26 13:43:41] 💓 心跳正常 (PID: 27448)
[2026-05-26 13:43:51] 💓 心跳正常 (PID: 27448)
[2026-05-26 13:44:01] 💓 心跳正常 (PID: 27448)
[2026-05-26 13:44:12] 💓 心跳正常 (PID: 27448)
[2026-05-26 13:44:22] 💓 心跳正常 (PID: 27448)
[2026-05-26 13:44:32] 💓 心跳正常 (PID: 27448)
[2026-05-26 13:44:42] 💓 心跳正常 (PID: 27448)
[2026-05-26 13:44:53] 💓 心跳正常 (PID: 27448)
[2026-05-26 13:45:03] 💓 心跳正常 (PID: 27448)
[2026-05-26 13:45:13] 💓 心跳正常 (PID: 27448)
[2026-05-26 13:45:23] 💓 心跳正常 (PID: 27448)
[2026-05-26 13:45:33] 💓 心跳正常 (PID: 27448)
[2026-05-26 13:45:44] 💓 心跳正常 (PID: 27448)
[2026-05-26 13:45:54] 💓 心跳正常 (PID: 27448)
[2026-05-26 13:46:04] 💓 心跳正常 (PID: 27448)
[2026-05-26 13:46:15] 💓 心跳正常 (PID: 27448)
[2026-05-26 13:46:25] 💓 心跳正常 (PID: 27448)
[2026-05-26 13:46:35] 💓 心跳正常 (PID: 27448)
[2026-05-26 13:46:45] 💓 心跳正常 (PID: 27448)
[2026-05-26 13:46:55] 💓 心跳正常 (PID: 27448)
[2026-05-26 13:47:05] 💓 心跳正常 (PID: 27448)
[2026-05-26 13:47:16] 💓 心跳正常 (PID: 27448)
[2026-05-26 13:47:26] 💓 心跳正常 (PID: 27448)
[2026-05-26 13:47:36] 💓 心跳正常 (PID: 27448)
[2026-05-26 13:47:47] 💓 心跳正常 (PID: 27448)
[2026-05-26 13:47:57] 💓 心跳正常 (PID: 27448)
[2026-05-26 13:48:07] 💓 心跳正常 (PID: 27448)
[2026-05-26 13:48:17] 💓 心跳正常 (PID: 27448)
[2026-05-26 13:48:28] 💓 心跳正常 (PID: 27448)
[2026-05-26 13:48:38] 💓 心跳正常 (PID: 27448)
[2026-05-26 13:48:48] 💓 心跳正常 (PID: 27448)
[2026-05-26 13:48:58] 💓 心跳正常 (PID: 27448)
[2026-05-26 13:49:09] 💓 心跳正常 (PID: 27448)
[2026-05-26 13:49:19] 💓 心跳正常 (PID: 27448)
[2026-05-26 13:49:29] 💓 心跳正常 (PID: 27448)
[2026-05-26 13:49:39] 💓 心跳正常 (PID: 27448)
[2026-05-26 13:49:50] 💓 心跳正常 (PID: 27448)
[2026-05-26 13:50:00] 💓 心跳正常 (PID: 27448)
[2026-05-26 13:50:10] 💓 心跳正常 (PID: 27448)
[2026-05-26 13:50:20] 💓 心跳正常 (PID: 27448)
[2026-05-26 13:50:31] 💓 心跳正常 (PID: 27448)
[2026-05-26 13:50:41] 💓 心跳正常 (PID: 27448)
[2026-05-26 13:50:51] 💓 心跳正常 (PID: 27448)
[2026-05-26 13:51:01] 💓 心跳正常 (PID: 27448)
[2026-05-26 13:51:12] 💓 心跳正常 (PID: 27448)
[2026-05-26 13:51:22] 💓 心跳正常 (PID: 27448)
[2026-05-26 13:51:32] 📁 交易日志 /root/.openclaw/logs/trading/monitor.log (3.8MB)，>10MB 时自动归档至 logs/trading/archive/
[2026-05-26 13:51:32] 💓 心跳正常 (PID: 27448)
[2026-05-26 13:51:43] 💓 心跳正常 (PID: 27448)
[2026-05-26 13:51:53] 💓 心跳正常 (PID: 27448)
[2026-05-26 13:52:03] 💓 心跳正常 (PID: 27448)
[2026-05-26 13:52:13] 💓 心跳正常 (PID: 27448)
[2026-05-26 13:52:24] 💓 心跳正常 (PID: 27448)
[2026-05-26 13:52:34] 💓 心跳正常 (PID: 27448)
[2026-05-26 13:52:44] 💓 心跳正常 (PID: 27448)
[2026-05-26 13:52:54] 💓 心跳正常 (PID: 27448)
[2026-05-26 13:53:04] 💓 心跳正常 (PID: 27448)
[2026-05-26 13:53:15] 💓 心跳正常 (PID: 27448)
[2026-05-26 13:53:25] 💓 心跳正常 (PID: 27448)
[2026-05-26 13:53:35] 💓 心跳正常 (PID: 27448)
[2026-05-26 13:53:46] 💓 心跳正常 (PID: 27448)
[2026-05-26 13:53:56] 💓 心跳正常 (PID: 27448)
[2026-05-26 13:54:06] 💓 心跳正常 (PID: 27448)
[2026-05-26 13:54:16] 💓 心跳正常 (PID: 27448)
[2026-05-26 13:54:27] 💓 心跳正常 (PID: 27448)
[2026-05-26 13:54:37] 💓 心跳正常 (PID: 27448)
[2026-05-26 13:54:47] 💓 心跳正常 (PID: 27448)
[2026-05-26 13:54:57] 💓 心跳正常 (PID: 27448)
[2026-05-26 13:55:08] 💓 心跳正常 (PID: 27448)
[2026-05-26 13:55:18] 💓 心跳正常 (PID: 27448)
[2026-05-26 13:55:28] 💓 心跳正常 (PID: 27448)
[2026-05-26 13:55:38] 💓 心跳正常 (PID: 27448)
[2026-05-26 13:55:49] 💓 心跳正常 (PID: 27448)
[2026-05-26 13:55:59] 💓 心跳正常 (PID: 27448)
[2026-05-26 13:56:09] 💓 心跳正常 (PID: 27448)
[2026-05-26 13:56:20] 💓 心跳正常 (PID: 27448)
[2026-05-26 13:56:30] 💓 心跳正常 (PID: 27448)
[2026-05-26 13:56:40] 💓 心跳正常 (PID: 27448)
[2026-05-26 13:56:50] 💓 心跳正常 (PID: 27448)
[2026-05-26 13:57:01] 💓 心跳正常 (PID: 27448)
[2026-05-26 13:57:11] 💓 心跳正常 (PID: 27448)
[2026-05-26 13:57:21] 💓 心跳正常 (PID: 27448)
[2026-05-26 13:57:32] 💓 心跳正常 (PID: 27448)
[2026-05-26 13:57:42] 💓 心跳正常 (PID: 27448)
[2026-05-26 13:57:52] 💓 心跳正常 (PID: 27448)
[2026-05-26 13:58:02] 💓 心跳正常 (PID: 27448)
[2026-05-26 13:58:13] 💓 心跳正常 (PID: 27448)
[2026-05-26 13:58:23] 💓 心跳正常 (PID: 27448)
[2026-05-26 13:58:33] 💓 心跳正常 (PID: 27448)
[2026-05-26 13:58:44] 💓 心跳正常 (PID: 27448)
[2026-05-26 13:58:54] 💓 心跳正常 (PID: 27448)
[2026-05-26 13:59:04] 💓 心跳正常 (PID: 27448)
[2026-05-26 13:59:14] 💓 心跳正常 (PID: 27448)
[2026-05-26 13:59:25] 💓 心跳正常 (PID: 27448)
[2026-05-26 13:59:35] 💓 心跳正常 (PID: 27448)
[2026-05-26 13:59:45] 💓 心跳正常 (PID: 27448)
[2026-05-26 13:59:55] 💓 心跳正常 (PID: 27448)
[2026-05-26 14:00:06] 💓 心跳正常 (PID: 27448)
[2026-05-26 14:00:16] 💓 心跳正常 (PID: 27448)
[2026-05-26 14:00:26] 💓 心跳正常 (PID: 27448)
[2026-05-26 14:00:36] 💓 心跳正常 (PID: 27448)
[2026-05-26 14:00:47] 💓 心跳正常 (PID: 27448)
[2026-05-26 14:00:57] 💓 心跳正常 (PID: 27448)
[2026-05-26 14:01:07] 💓 心跳正常 (PID: 27448)
[2026-05-26 14:01:17] 💓 心跳正常 (PID: 27448)
[2026-05-26 14:01:27] 💓 心跳正常 (PID: 27448)
[2026-05-26 14:01:38] 💓 心跳正常 (PID: 27448)
[2026-05-26 14:01:48] 💓 心跳正常 (PID: 27448)
[2026-05-26 14:01:58] 💓 心跳正常 (PID: 27448)
[2026-05-26 14:02:09] 💓 心跳正常 (PID: 27448)
[2026-05-26 14:02:19] 💓 心跳正常 (PID: 27448)
[2026-05-26 14:02:29] 💓 心跳正常 (PID: 27448)
[2026-05-26 14:02:39] 💓 心跳正常 (PID: 27448)
[2026-05-26 14:02:50] 💓 心跳正常 (PID: 27448)
[2026-05-26 14:03:00] 💓 心跳正常 (PID: 27448)
[2026-05-26 14:03:10] 💓 心跳正常 (PID: 27448)
[2026-05-26 14:03:21] 💓 心跳正常 (PID: 27448)
[2026-05-26 14:03:31] 💓 心跳正常 (PID: 27448)
[2026-05-26 14:03:41] 💓 心跳正常 (PID: 27448)
[2026-05-26 14:03:51] 💓 心跳正常 (PID: 27448)
[2026-05-26 14:04:01] 💓 心跳正常 (PID: 27448)
[2026-05-26 14:04:12] 💓 心跳正常 (PID: 27448)
[2026-05-26 14:04:22] 💓 心跳正常 (PID: 27448)
[2026-05-26 14:04:32] 💓 心跳正常 (PID: 27448)
[2026-05-26 14:04:43] 💓 心跳正常 (PID: 27448)
[2026-05-26 14:04:53] 💓 心跳正常 (PID: 27448)
[2026-05-26 14:05:03] 💓 心跳正常 (PID: 27448)
[2026-05-26 14:05:13] 💓 心跳正常 (PID: 27448)
[2026-05-26 14:05:24] 💓 心跳正常 (PID: 27448)
[2026-05-26 14:05:34] 💓 心跳正常 (PID: 27448)
[2026-05-26 14:05:44] 💓 心跳正常 (PID: 27448)
[2026-05-26 14:05:54] 💓 心跳正常 (PID: 27448)
[2026-05-26 14:06:05] 💓 心跳正常 (PID: 27448)
[2026-05-26 14:06:15] 💓 心跳正常 (PID: 27448)
[2026-05-26 14:06:25] 💓 心跳正常 (PID: 27448)
[2026-05-26 14:06:36] 💓 心跳正常 (PID: 27448)
[2026-05-26 14:06:46] 💓 心跳正常 (PID: 27448)
[2026-05-26 14:06:56] 💓 心跳正常 (PID: 27448)
[2026-05-26 14:07:06] 💓 心跳正常 (PID: 27448)
[2026-05-26 14:07:17] 💓 心跳正常 (PID: 27448)
[2026-05-26 14:07:27] 💓 心跳正常 (PID: 27448)
[2026-05-26 14:07:37] 💓 心跳正常 (PID: 27448)
[2026-05-26 14:07:47] 💓 心跳正常 (PID: 27448)
[2026-05-26 14:07:57] 💓 心跳正常 (PID: 27448)
[2026-05-26 14:08:07] 💓 心跳正常 (PID: 27448)
[2026-05-26 14:08:18] 💓 心跳正常 (PID: 27448)
[2026-05-26 14:08:28] 💓 心跳正常 (PID: 27448)
[2026-05-26 14:08:38] 💓 心跳正常 (PID: 27448)
[2026-05-26 14:08:48] 💓 心跳正常 (PID: 27448)
[2026-05-26 14:08:59] 💓 心跳正常 (PID: 27448)
[2026-05-26 14:09:09] 💓 心跳正常 (PID: 27448)
[2026-05-26 14:09:19] 💓 心跳正常 (PID: 27448)
[2026-05-26 14:09:29] 💓 心跳正常 (PID: 27448)
[2026-05-26 14:09:40] 💓 心跳正常 (PID: 27448)
[2026-05-26 14:09:50] 💓 心跳正常 (PID: 27448)
[2026-05-26 14:10:00] 💓 心跳正常 (PID: 27448)
[2026-05-26 14:10:10] 💓 心跳正常 (PID: 27448)
[2026-05-26 14:10:20] 💓 心跳正常 (PID: 27448)
[2026-05-26 14:10:31] 💓 心跳正常 (PID: 27448)
[2026-05-26 14:10:41] 💓 心跳正常 (PID: 27448)
[2026-05-26 14:10:51] 💓 心跳正常 (PID: 27448)
[2026-05-26 14:11:01] 💓 心跳正常 (PID: 27448)
[2026-05-26 14:11:12] 💓 心跳正常 (PID: 27448)
[2026-05-26 14:11:22] 💓 心跳正常 (PID: 27448)
[2026-05-26 14:11:32] 💓 心跳正常 (PID: 27448)
[2026-05-26 14:11:42] 💓 心跳正常 (PID: 27448)
[2026-05-26 14:11:52] 💓 心跳正常 (PID: 27448)
[2026-05-26 14:12:03] 💓 心跳正常 (PID: 27448)
[2026-05-26 14:12:13] 💓 心跳正常 (PID: 27448)
[2026-05-26 14:12:23] 💓 心跳正常 (PID: 27448)
[2026-05-26 14:12:33] 💓 心跳正常 (PID: 27448)
[2026-05-26 14:12:43] 💓 心跳正常 (PID: 27448)
[2026-05-26 14:12:54] 💓 心跳正常 (PID: 27448)
[2026-05-26 14:13:04] 💓 心跳正常 (PID: 27448)
[2026-05-26 14:13:14] 💓 心跳正常 (PID: 27448)
[2026-05-26 14:13:24] 💓 心跳正常 (PID: 27448)
[2026-05-26 14:13:35] 💓 心跳正常 (PID: 27448)
[2026-05-26 14:13:45] 💓 心跳正常 (PID: 27448)
[2026-05-26 14:13:55] 💓 心跳正常 (PID: 27448)
[2026-05-26 14:14:05] 💓 心跳正常 (PID: 27448)
[2026-05-26 14:14:15] 💓 心跳正常 (PID: 27448)
[2026-05-26 14:14:26] 💓 心跳正常 (PID: 27448)
[2026-05-26 14:14:36] 💓 心跳正常 (PID: 27448)
[2026-05-26 14:14:46] 💓 心跳正常 (PID: 27448)
[2026-05-26 14:14:56] 💓 心跳正常 (PID: 27448)
[2026-05-26 14:15:07] 💓 心跳正常 (PID: 27448)
[2026-05-26 14:15:17] 💓 心跳正常 (PID: 27448)
[2026-05-26 14:15:27] 💓 心跳正常 (PID: 27448)
[2026-05-26 14:15:38] 💓 心跳正常 (PID: 27448)
[2026-05-26 14:15:48] 💓 心跳正常 (PID: 27448)
[2026-05-26 14:15:58] 💓 心跳正常 (PID: 27448)
[2026-05-26 14:16:08] 💓 心跳正常 (PID: 27448)
[2026-05-26 14:16:19] 💓 心跳正常 (PID: 27448)
[2026-05-26 14:16:29] 💓 心跳正常 (PID: 27448)
[2026-05-26 14:16:39] 💓 心跳正常 (PID: 27448)
[2026-05-26 14:16:49] 💓 心跳正常 (PID: 27448)
[2026-05-26 14:17:00] 💓 心跳正常 (PID: 27448)
[2026-05-26 14:17:10] 💓 心跳正常 (PID: 27448)
[2026-05-26 14:17:20] 💓 心跳正常 (PID: 27448)
[2026-05-26 14:17:30] 💓 心跳正常 (PID: 27448)
[2026-05-26 14:17:41] 💓 心跳正常 (PID: 27448)
[2026-05-26 14:17:51] 💓 心跳正常 (PID: 27448)
[2026-05-26 14:18:01] 💓 心跳正常 (PID: 27448)
[2026-05-26 14:18:12] 💓 心跳正常 (PID: 27448)
[2026-05-26 14:18:22] 💓 心跳正常 (PID: 27448)
[2026-05-26 14:18:32] 💓 心跳正常 (PID: 27448)
[2026-05-26 14:18:43] 💓 心跳正常 (PID: 27448)
[2026-05-26 14:18:53] 💓 心跳正常 (PID: 27448)
[2026-05-26 14:19:03] 💓 心跳正常 (PID: 27448)
[2026-05-26 14:19:13] 💓 心跳正常 (PID: 27448)
[2026-05-26 14:19:24] 💓 心跳正常 (PID: 27448)
[2026-05-26 14:19:34] 💓 心跳正常 (PID: 27448)
[2026-05-26 14:19:44] 💓 心跳正常 (PID: 27448)
[2026-05-26 14:19:54] 💓 心跳正常 (PID: 27448)
[2026-05-26 14:20:05] 💓 心跳正常 (PID: 27448)
[2026-05-26 14:20:15] 💓 心跳正常 (PID: 27448)
[2026-05-26 14:20:25] 💓 心跳正常 (PID: 27448)
[2026-05-26 14:20:35] 💓 心跳正常 (PID: 27448)
[2026-05-26 14:20:45] 💓 心跳正常 (PID: 27448)
[2026-05-26 14:20:56] 💓 心跳正常 (PID: 27448)
[2026-05-26 14:21:06] 💓 心跳正常 (PID: 27448)
[2026-05-26 14:21:16] 💓 心跳正常 (PID: 27448)
[2026-05-26 14:21:26] 💓 心跳正常 (PID: 27448)
[2026-05-26 14:21:37] 💓 心跳正常 (PID: 27448)
[2026-05-26 14:21:47] 💓 心跳正常 (PID: 27448)
[2026-05-26 14:21:57] 💓 心跳正常 (PID: 27448)
[2026-05-26 14:22:07] 💓 心跳正常 (PID: 27448)
[2026-05-26 14:22:18] 💓 心跳正常 (PID: 27448)
[2026-05-26 14:22:28] 💓 心跳正常 (PID: 27448)
[2026-05-26 14:22:38] 💓 心跳正常 (PID: 27448)
[2026-05-26 14:22:49] 💓 心跳正常 (PID: 27448)
[2026-05-26 14:22:59] 💓 心跳正常 (PID: 27448)
[2026-05-26 14:23:09] 💓 心跳正常 (PID: 27448)
[2026-05-26 14:23:19] 💓 心跳正常 (PID: 27448)
[2026-05-26 14:23:29] 💓 心跳正常 (PID: 27448)
[2026-05-26 14:23:40] 💓 心跳正常 (PID: 27448)
[2026-05-26 14:23:50] 💓 心跳正常 (PID: 27448)
[2026-05-26 14:24:00] 💓 心跳正常 (PID: 27448)
[2026-05-26 14:24:10] 💓 心跳正常 (PID: 27448)
[2026-05-26 14:24:21] 💓 心跳正常 (PID: 27448)
[2026-05-26 14:24:31] 💓 心跳正常 (PID: 27448)
[2026-05-26 14:24:41] 💓 心跳正常 (PID: 27448)
[2026-05-26 14:24:51] 💓 心跳正常 (PID: 27448)
[2026-05-26 14:25:02] 💓 心跳正常 (PID: 27448)
[2026-05-26 14:25:12] 💓 心跳正常 (PID: 27448)
[2026-05-26 14:25:22] 💓 心跳正常 (PID: 27448)
[2026-05-26 14:25:33] 💓 心跳正常 (PID: 27448)
[2026-05-26 14:25:43] 💓 心跳正常 (PID: 27448)
[2026-05-26 14:25:53] 💓 心跳正常 (PID: 27448)
[2026-05-26 14:26:03] 💓 心跳正常 (PID: 27448)
[2026-05-26 14:26:14] 💓 心跳正常 (PID: 27448)
[2026-05-26 14:26:24] 💓 心跳正常 (PID: 27448)
[2026-05-26 14:26:34] 💓 心跳正常 (PID: 27448)
[2026-05-26 14:26:45] 💓 心跳正常 (PID: 27448)
[2026-05-26 14:26:55] 💓 心跳正常 (PID: 27448)
[2026-05-26 14:27:05] 💓 心跳正常 (PID: 27448)
[2026-05-26 14:27:15] 💓 心跳正常 (PID: 27448)
[2026-05-26 14:27:25] 💓 心跳正常 (PID: 27448)
[2026-05-26 14:27:36] 💓 心跳正常 (PID: 27448)
[2026-05-26 14:27:46] 💓 心跳正常 (PID: 27448)
[2026-05-26 14:27:56] 💓 心跳正常 (PID: 27448)
[2026-05-26 14:28:06] 💓 心跳正常 (PID: 27448)
[2026-05-26 14:28:17] 💓 心跳正常 (PID: 27448)
[2026-05-26 14:28:27] 💓 心跳正常 (PID: 27448)
[2026-05-26 14:28:37] 💓 心跳正常 (PID: 27448)
[2026-05-26 14:28:48] 💓 心跳正常 (PID: 27448)
[2026-05-26 14:28:58] 💓 心跳正常 (PID: 27448)
[2026-05-26 14:29:08] 💓 心跳正常 (PID: 27448)
[2026-05-26 14:29:19] 💓 心跳正常 (PID: 27448)
[2026-05-26 14:29:29] 💓 心跳正常 (PID: 27448)
[2026-05-26 14:29:39] 💓 心跳正常 (PID: 27448)
[2026-05-26 14:29:49] 💓 心跳正常 (PID: 27448)
[2026-05-26 14:30:00] 💓 心跳正常 (PID: 27448)
[2026-05-26 14:30:10] 💓 心跳正常 (PID: 27448)
[2026-05-26 14:30:20] 💓 心跳正常 (PID: 27448)
[2026-05-26 14:30:31] 💓 心跳正常 (PID: 27448)
[2026-05-26 14:30:41] 💓 心跳正常 (PID: 27448)
[2026-05-26 14:30:51] 💓 心跳正常 (PID: 27448)
[2026-05-26 14:31:01] 💓 心跳正常 (PID: 27448)
[2026-05-26 14:31:11] 💓 心跳正常 (PID: 27448)
[2026-05-26 14:31:22] 💓 心跳正常 (PID: 27448)
[2026-05-26 14:31:32] 💓 心跳正常 (PID: 27448)
[2026-05-26 14:31:43] 💓 心跳正常 (PID: 27448)
[2026-05-26 14:31:53] 💓 心跳正常 (PID: 27448)
[2026-05-26 14:32:03] 💓 心跳正常 (PID: 27448)
[2026-05-26 14:32:13] 💓 心跳正常 (PID: 27448)
[2026-05-26 14:32:23] 💓 心跳正常 (PID: 27448)
[2026-05-26 14:32:34] 💓 心跳正常 (PID: 27448)
[2026-05-26 14:32:44] 💓 心跳正常 (PID: 27448)
[2026-05-26 14:32:54] 💓 心跳正常 (PID: 27448)
[2026-05-26 14:33:04] 💓 心跳正常 (PID: 27448)
[2026-05-26 14:33:15] 💓 心跳正常 (PID: 27448)
[2026-05-26 14:33:25] 💓 心跳正常 (PID: 27448)
[2026-05-26 14:33:35] 💓 心跳正常 (PID: 27448)
[2026-05-26 14:33:46] 💓 心跳正常 (PID: 27448)
[2026-05-26 14:33:56] 💓 心跳正常 (PID: 27448)
[2026-05-26 14:34:06] 💓 心跳正常 (PID: 27448)
[2026-05-26 14:34:16] 💓 心跳正常 (PID: 27448)
[2026-05-26 14:34:27] 💓 心跳正常 (PID: 27448)
[2026-05-26 14:34:37] 💓 心跳正常 (PID: 27448)
[2026-05-26 14:34:47] 💓 心跳正常 (PID: 27448)
[2026-05-26 14:34:57] 💓 心跳正常 (PID: 27448)
[2026-05-26 14:35:08] 💓 心跳正常 (PID: 27448)
[2026-05-26 14:35:18] 💓 心跳正常 (PID: 27448)
[2026-05-26 14:35:28] 💓 心跳正常 (PID: 27448)
[2026-05-26 14:35:38] 💓 心跳正常 (PID: 27448)
[2026-05-26 14:35:49] 💓 心跳正常 (PID: 27448)
[2026-05-26 14:35:59] 💓 心跳正常 (PID: 27448)
[2026-05-26 14:36:09] 💓 心跳正常 (PID: 27448)
[2026-05-26 14:36:19] 💓 心跳正常 (PID: 27448)
[2026-05-26 14:36:30] 💓 心跳正常 (PID: 27448)
[2026-05-26 14:36:40] 💓 心跳正常 (PID: 27448)
[2026-05-26 14:36:50] 💓 心跳正常 (PID: 27448)
[2026-05-26 14:37:00] 💓 心跳正常 (PID: 27448)
[2026-05-26 14:37:11] 💓 心跳正常 (PID: 27448)
[2026-05-26 14:37:21] 💓 心跳正常 (PID: 27448)
[2026-05-26 14:37:31] 💓 心跳正常 (PID: 27448)
[2026-05-26 14:37:42] 💓 心跳正常 (PID: 27448)
[2026-05-26 14:37:52] 💓 心跳正常 (PID: 27448)
[2026-05-26 14:38:02] 💓 心跳正常 (PID: 27448)
[2026-05-26 14:38:13] 💓 心跳正常 (PID: 27448)
[2026-05-26 14:38:23] 💓 心跳正常 (PID: 27448)
[2026-05-26 14:38:33] 💓 心跳正常 (PID: 27448)
[2026-05-26 14:38:43] 💓 心跳正常 (PID: 27448)
[2026-05-26 14:38:54] 💓 心跳正常 (PID: 27448)
[2026-05-26 14:39:04] 💓 心跳正常 (PID: 27448)
[2026-05-26 14:39:14] 💓 心跳正常 (PID: 27448)
[2026-05-26 14:39:24] 💓 心跳正常 (PID: 27448)
[2026-05-26 14:39:34] 💓 心跳正常 (PID: 27448)
[2026-05-26 14:39:45] 💓 心跳正常 (PID: 27448)
[2026-05-26 14:39:55] 💓 心跳正常 (PID: 27448)
[2026-05-26 14:40:05] 💓 心跳正常 (PID: 27448)
[2026-05-26 14:40:15] 💓 心跳正常 (PID: 27448)
[2026-05-26 14:40:26] 💓 心跳正常 (PID: 27448)
[2026-05-26 14:40:36] 💓 心跳正常 (PID: 27448)
[2026-05-26 14:40:46] 💓 心跳正常 (PID: 27448)
[2026-05-26 14:40:56] 💓 心跳正常 (PID: 27448)
[2026-05-26 14:41:06] 💓 心跳正常 (PID: 27448)
[2026-05-26 14:41:17] 💓 心跳正常 (PID: 27448)
[2026-05-26 14:41:27] 💓 心跳正常 (PID: 27448)
[2026-05-26 14:41:37] 💓 心跳正常 (PID: 27448)
[2026-05-26 14:41:48] 💓 心跳正常 (PID: 27448)
[2026-05-26 14:41:58] 💓 心跳正常 (PID: 27448)
[2026-05-26 14:42:08] 💓 心跳正常 (PID: 27448)
[2026-05-26 14:42:19] 💓 心跳正常 (PID: 27448)
[2026-05-26 14:42:29] 💓 心跳正常 (PID: 27448)
[2026-05-26 14:42:39] 💓 心跳正常 (PID: 27448)
[2026-05-26 14:42:49] 💓 心跳正常 (PID: 27448)
[2026-05-26 14:42:59] 💓 心跳正常 (PID: 27448)
[2026-05-26 14:43:10] 💓 心跳正常 (PID: 27448)
[2026-05-26 14:43:20] 💓 心跳正常 (PID: 27448)
[2026-05-26 14:43:30] 💓 心跳正常 (PID: 27448)
[2026-05-26 14:43:41] 💓 心跳正常 (PID: 27448)
[2026-05-26 14:43:51] 💓 心跳正常 (PID: 27448)
[2026-05-26 14:44:01] 💓 心跳正常 (PID: 27448)
[2026-05-26 14:44:11] 💓 心跳正常 (PID: 27448)
[2026-05-26 14:44:22] 💓 心跳正常 (PID: 27448)
[2026-05-26 14:44:32] 💓 心跳正常 (PID: 27448)
[2026-05-26 14:44:42] 💓 心跳正常 (PID: 27448)
[2026-05-26 14:44:52] 💓 心跳正常 (PID: 27448)
[2026-05-26 14:45:03] 💓 心跳正常 (PID: 27448)
[2026-05-26 14:45:13] 💓 心跳正常 (PID: 27448)
[2026-05-26 14:45:23] 💓 心跳正常 (PID: 27448)
[2026-05-26 14:45:33] 💓 心跳正常 (PID: 27448)
[2026-05-26 14:45:44] 💓 心跳正常 (PID: 27448)
[2026-05-26 14:45:54] 💓 心跳正常 (PID: 27448)
[2026-05-26 14:46:04] 💓 心跳正常 (PID: 27448)
[2026-05-26 14:46:14] 💓 心跳正常 (PID: 27448)
[2026-05-26 14:46:25] 💓 心跳正常 (PID: 27448)
[2026-05-26 14:46:35] 💓 心跳正常 (PID: 27448)
[2026-05-26 14:46:45] 💓 心跳正常 (PID: 27448)
[2026-05-26 14:46:55] 💓 心跳正常 (PID: 27448)
[2026-05-26 14:47:06] 💓 心跳正常 (PID: 27448)
[2026-05-26 14:47:16] 💓 心跳正常 (PID: 27448)
[2026-05-26 14:47:26] 💓 心跳正常 (PID: 27448)
[2026-05-26 14:47:36] 💓 心跳正常 (PID: 27448)
[2026-05-26 14:47:47] 💓 心跳正常 (PID: 27448)
[2026-05-26 14:47:57] 💓 心跳正常 (PID: 27448)
[2026-05-26 14:48:07] 💓 心跳正常 (PID: 27448)
[2026-05-26 14:48:17] 💓 心跳正常 (PID: 27448)
[2026-05-26 14:48:28] 💓 心跳正常 (PID: 27448)
[2026-05-26 14:48:38] 💓 心跳正常 (PID: 27448)
[2026-05-26 14:48:48] 💓 心跳正常 (PID: 27448)
[2026-05-26 14:48:58] 💓 心跳正常 (PID: 27448)
[2026-05-26 14:49:09] 💓 心跳正常 (PID: 27448)
[2026-05-26 14:49:19] 💓 心跳正常 (PID: 27448)
[2026-05-26 14:49:29] 💓 心跳正常 (PID: 27448)
[2026-05-26 14:49:39] 💓 心跳正常 (PID: 27448)
[2026-05-26 14:49:50] 💓 心跳正常 (PID: 27448)
[2026-05-26 14:50:00] 💓 心跳正常 (PID: 27448)
[2026-05-26 14:50:10] 💓 心跳正常 (PID: 27448)
[2026-05-26 14:50:20] 💓 心跳正常 (PID: 27448)
[2026-05-26 14:50:31] 💓 心跳正常 (PID: 27448)
[2026-05-26 14:50:41] 💓 心跳正常 (PID: 27448)
[2026-05-26 14:50:51] 💓 心跳正常 (PID: 27448)
[2026-05-26 14:51:01] 💓 心跳正常 (PID: 27448)
[2026-05-26 14:51:12] 💓 心跳正常 (PID: 27448)
[2026-05-26 14:51:22] 💓 心跳正常 (PID: 27448)
[2026-05-26 14:51:32] 💓 心跳正常 (PID: 27448)
[2026-05-26 14:51:42] 📁 交易日志 /root/.openclaw/logs/trading/monitor.log (3.8MB)，>10MB 时自动归档至 logs/trading/archive/
[2026-05-26 14:51:42] 💓 心跳正常 (PID: 27448)
[2026-05-26 14:51:53] 💓 心跳正常 (PID: 27448)
[2026-05-26 14:52:03] 💓 心跳正常 (PID: 27448)
[2026-05-26 14:52:13] 💓 心跳正常 (PID: 27448)
[2026-05-26 14:52:24] 💓 心跳正常 (PID: 27448)
[2026-05-26 14:52:34] 💓 心跳正常 (PID: 27448)
[2026-05-26 14:52:44] 💓 心跳正常 (PID: 27448)
[2026-05-26 14:52:54] 💓 心跳正常 (PID: 27448)
[2026-05-26 14:53:05] 💓 心跳正常 (PID: 27448)
[2026-05-26 14:53:15] 💓 心跳正常 (PID: 27448)
[2026-05-26 14:53:25] 💓 心跳正常 (PID: 27448)
[2026-05-26 14:53:35] 💓 心跳正常 (PID: 27448)
[2026-05-26 14:53:46] 💓 心跳正常 (PID: 27448)
[2026-05-26 14:53:56] 💓 心跳正常 (PID: 27448)
[2026-05-26 14:54:06] 💓 心跳正常 (PID: 27448)
[2026-05-26 14:54:17] 💓 心跳正常 (PID: 27448)
[2026-05-26 14:54:27] 💓 心跳正常 (PID: 27448)
[2026-05-26 14:54:37] 💓 心跳正常 (PID: 27448)
[2026-05-26 14:54:47] 💓 心跳正常 (PID: 27448)
[2026-05-26 14:54:58] 💓 心跳正常 (PID: 27448)
[2026-05-26 14:55:08] 💓 心跳正常 (PID: 27448)
[2026-05-26 14:55:18] 💓 心跳正常 (PID: 27448)
[2026-05-26 14:55:28] 💓 心跳正常 (PID: 27448)
[2026-05-26 14:55:39] 💓 心跳正常 (PID: 27448)
[2026-05-26 14:55:49] 💓 心跳正常 (PID: 27448)
[2026-05-26 14:55:59] 💓 心跳正常 (PID: 27448)
[2026-05-26 14:56:09] 💓 心跳正常 (PID: 27448)
[2026-05-26 14:56:19] 💓 心跳正常 (PID: 27448)
[2026-05-26 14:56:30] 💓 心跳正常 (PID: 27448)
[2026-05-26 14:56:40] 💓 心跳正常 (PID: 27448)
[2026-05-26 14:56:50] 💓 心跳正常 (PID: 27448)
[2026-05-26 14:57:00] 💓 心跳正常 (PID: 27448)
[2026-05-26 14:57:10] 💓 心跳正常 (PID: 27448)
[2026-05-26 14:57:21] 💓 心跳正常 (PID: 27448)
[2026-05-26 14:57:31] 💓 心跳正常 (PID: 27448)
[2026-05-26 14:57:41] 💓 心跳正常 (PID: 27448)
[2026-05-26 14:57:52] 💓 心跳正常 (PID: 27448)
[2026-05-26 14:58:02] 💓 心跳正常 (PID: 27448)
[2026-05-26 14:58:12] 💓 心跳正常 (PID: 27448)
[2026-05-26 14:58:22] 💓 心跳正常 (PID: 27448)
[2026-05-26 14:58:33] 💓 心跳正常 (PID: 27448)
[2026-05-26 14:58:43] 💓 心跳正常 (PID: 27448)
[2026-05-26 14:58:53] 💓 心跳正常 (PID: 27448)
[2026-05-26 14:59:04] 💓 心跳正常 (PID: 27448)
[2026-05-26 14:59:14] 💓 心跳正常 (PID: 27448)
[2026-05-26 14:59:24] 💓 心跳正常 (PID: 27448)
[2026-05-26 14:59:34] 💓 心跳正常 (PID: 27448)
[2026-05-26 14:59:45] 💓 心跳正常 (PID: 27448)
[2026-05-26 14:59:55] 💓 心跳正常 (PID: 27448)
[2026-05-26 15:00:05] 💓 心跳正常 (PID: 27448)
[2026-05-26 15:00:15] 💓 心跳正常 (PID: 27448)
[2026-05-26 15:00:26] 💓 心跳正常 (PID: 27448)
[2026-05-26 15:00:36] 💓 心跳正常 (PID: 27448)
[2026-05-26 15:00:46] 💓 心跳正常 (PID: 27448)
[2026-05-26 15:00:56] 💓 心跳正常 (PID: 27448)
[2026-05-26 15:01:06] 💓 心跳正常 (PID: 27448)
[2026-05-26 15:01:17] 💓 心跳正常 (PID: 27448)
[2026-05-26 15:01:27] 💓 心跳正常 (PID: 27448)
[2026-05-26 15:01:37] 💓 心跳正常 (PID: 27448)
[2026-05-26 15:01:48] 💓 心跳正常 (PID: 27448)
[2026-05-26 15:01:58] 💓 心跳正常 (PID: 27448)
[2026-05-26 15:02:08] 💓 心跳正常 (PID: 27448)
[2026-05-26 15:02:18] 💓 心跳正常 (PID: 27448)
[2026-05-26 15:02:29] 💓 心跳正常 (PID: 27448)
[2026-05-26 15:02:39] 💓 心跳正常 (PID: 27448)
[2026-05-26 15:02:49] 💓 心跳正常 (PID: 27448)
[2026-05-26 15:02:59] 💓 心跳正常 (PID: 27448)
[2026-05-26 15:03:10] 💓 心跳正常 (PID: 27448)
[2026-05-26 15:03:20] 💓 心跳正常 (PID: 27448)
[2026-05-26 15:03:30] 💓 心跳正常 (PID: 27448)
[2026-05-26 15:03:40] 💓 心跳正常 (PID: 27448)
[2026-05-26 15:03:50] 💓 心跳正常 (PID: 27448)
[2026-05-26 15:04:01] 💓 心跳正常 (PID: 27448)
[2026-05-26 15:04:11] 💓 心跳正常 (PID: 27448)
[2026-05-26 15:04:21] 💓 心跳正常 (PID: 27448)
[2026-05-26 15:04:32] 💓 心跳正常 (PID: 27448)
[2026-05-26 15:04:42] 💓 心跳正常 (PID: 27448)
[2026-05-26 15:04:52] 💓 心跳正常 (PID: 27448)
[2026-05-26 15:05:02] 💓 心跳正常 (PID: 27448)
[2026-05-26 15:05:13] 💓 心跳正常 (PID: 27448)
[2026-05-26 15:05:23] 💓 心跳正常 (PID: 27448)
[2026-05-26 15:05:33] 💓 心跳正常 (PID: 27448)
[2026-05-26 15:05:43] 💓 心跳正常 (PID: 27448)
[2026-05-26 15:05:54] 💓 心跳正常 (PID: 27448)
[2026-05-26 15:06:04] 💓 心跳正常 (PID: 27448)
[2026-05-26 15:06:14] 💓 心跳正常 (PID: 27448)
[2026-05-26 15:06:25] 💓 心跳正常 (PID: 27448)
[2026-05-26 15:06:35] 💓 心跳正常 (PID: 27448)
[2026-05-26 15:06:45] 💓 心跳正常 (PID: 27448)
[2026-05-26 15:06:55] 💓 心跳正常 (PID: 27448)
[2026-05-26 15:07:06] 💓 心跳正常 (PID: 27448)
[2026-05-26 15:07:16] 💓 心跳正常 (PID: 27448)
[2026-05-26 15:07:26] 💓 心跳正常 (PID: 27448)
[2026-05-26 15:07:36] 💓 心跳正常 (PID: 27448)
[2026-05-26 15:07:46] 💓 心跳正常 (PID: 27448)
[2026-05-26 15:07:57] 💓 心跳正常 (PID: 27448)
[2026-05-26 15:08:07] 💓 心跳正常 (PID: 27448)
[2026-05-26 15:08:17] 💓 心跳正常 (PID: 27448)
[2026-05-26 15:08:28] 💓 心跳正常 (PID: 27448)
[2026-05-26 15:08:38] 💓 心跳正常 (PID: 27448)
[2026-05-26 15:08:48] 💓 心跳正常 (PID: 27448)
[2026-05-26 15:08:59] 💓 心跳正常 (PID: 27448)
[2026-05-26 15:09:09] 💓 心跳正常 (PID: 27448)
[2026-05-26 15:09:19] 💓 心跳正常 (PID: 27448)
[2026-05-26 15:09:29] 💓 心跳正常 (PID: 27448)
[2026-05-26 15:09:40] 💓 心跳正常 (PID: 27448)
[2026-05-26 15:09:50] 💓 心跳正常 (PID: 27448)
[2026-05-26 15:10:00] 💓 心跳正常 (PID: 27448)
[2026-05-26 15:10:10] 💓 心跳正常 (PID: 27448)
[2026-05-26 15:10:21] 💓 心跳正常 (PID: 27448)
[2026-05-26 15:10:31] 💓 心跳正常 (PID: 27448)
[2026-05-26 15:10:41] 💓 心跳正常 (PID: 27448)
[2026-05-26 15:10:51] 💓 心跳正常 (PID: 27448)
[2026-05-26 15:11:02] 💓 心跳正常 (PID: 27448)
[2026-05-26 15:11:12] 💓 心跳正常 (PID: 27448)
[2026-05-26 15:11:22] 💓 心跳正常 (PID: 27448)
[2026-05-26 15:11:33] 💓 心跳正常 (PID: 27448)
[2026-05-26 15:11:43] 💓 心跳正常 (PID: 27448)
[2026-05-26 15:11:53] 💓 心跳正常 (PID: 27448)
[2026-05-26 15:12:03] 💓 心跳正常 (PID: 27448)
[2026-05-26 15:12:14] 💓 心跳正常 (PID: 27448)
[2026-05-26 15:12:24] 💓 心跳正常 (PID: 27448)
[2026-05-26 15:12:34] 💓 心跳正常 (PID: 27448)
[2026-05-26 15:12:45] 💓 心跳正常 (PID: 27448)
[2026-05-26 15:12:55] 💓 心跳正常 (PID: 27448)
[2026-05-26 15:13:05] 💓 心跳正常 (PID: 27448)
[2026-05-26 15:13:16] 💓 心跳正常 (PID: 27448)
[2026-05-26 15:13:26] 💓 心跳正常 (PID: 27448)
[2026-05-26 15:13:36] 💓 心跳正常 (PID: 27448)
[2026-05-26 15:13:46] 💓 心跳正常 (PID: 27448)
[2026-05-26 15:13:57] 💓 心跳正常 (PID: 27448)
[2026-05-26 15:14:07] 💓 心跳正常 (PID: 27448)
[2026-05-26 15:14:17] 💓 心跳正常 (PID: 27448)
[2026-05-26 15:14:27] 💓 心跳正常 (PID: 27448)
[2026-05-26 15:14:38] 💓 心跳正常 (PID: 27448)
[2026-05-26 15:14:48] 💓 心跳正常 (PID: 27448)
[2026-05-26 15:14:58] 💓 心跳正常 (PID: 27448)
[2026-05-26 15:15:09] 💓 心跳正常 (PID: 27448)
[2026-05-26 15:15:19] 💓 心跳正常 (PID: 27448)
[2026-05-26 15:15:29] 💓 心跳正常 (PID: 27448)
[2026-05-26 15:15:39] 💓 心跳正常 (PID: 27448)
[2026-05-26 15:15:49] 💓 心跳正常 (PID: 27448)
[2026-05-26 15:16:00] 💓 心跳正常 (PID: 27448)
[2026-05-26 15:16:10] 💓 心跳正常 (PID: 27448)
[2026-05-26 15:16:20] 💓 心跳正常 (PID: 27448)
[2026-05-26 15:16:31] 💓 心跳正常 (PID: 27448)
[2026-05-26 15:16:41] 💓 心跳正常 (PID: 27448)
[2026-05-26 15:16:51] 💓 心跳正常 (PID: 27448)
[2026-05-26 15:17:01] 💓 心跳正常 (PID: 27448)
[2026-05-26 15:17:12] 💓 心跳正常 (PID: 27448)
[2026-05-26 15:17:22] 💓 心跳正常 (PID: 27448)
[2026-05-26 15:17:32] 💓 心跳正常 (PID: 27448)
[2026-05-26 15:17:42] 💓 心跳正常 (PID: 27448)
[2026-05-26 15:17:52] 💓 心跳正常 (PID: 27448)
[2026-05-26 15:18:03] 💓 心跳正常 (PID: 27448)
[2026-05-26 15:18:13] 💓 心跳正常 (PID: 27448)
[2026-05-26 15:18:23] 💓 心跳正常 (PID: 27448)
[2026-05-26 15:18:34] 💓 心跳正常 (PID: 27448)
[2026-05-26 15:18:44] 💓 心跳正常 (PID: 27448)
[2026-05-26 15:18:54] 💓 心跳正常 (PID: 27448)
[2026-05-26 15:19:04] 💓 心跳正常 (PID: 27448)
[2026-05-26 15:19:15] 💓 心跳正常 (PID: 27448)
[2026-05-26 15:19:25] 💓 心跳正常 (PID: 27448)
[2026-05-26 15:19:35] 💓 心跳正常 (PID: 27448)
[2026-05-26 15:19:45] 💓 心跳正常 (PID: 27448)
[2026-05-26 15:19:56] 💓 心跳正常 (PID: 27448)
[2026-05-26 15:20:06] 💓 心跳正常 (PID: 27448)
[2026-05-26 15:20:16] 💓 心跳正常 (PID: 27448)
[2026-05-26 15:20:26] 💓 心跳正常 (PID: 27448)
[2026-05-26 15:20:37] 💓 心跳正常 (PID: 27448)
[2026-05-26 15:20:47] 💓 心跳正常 (PID: 27448)
[2026-05-26 15:20:57] 💓 心跳正常 (PID: 27448)
[2026-05-26 15:21:07] 💓 心跳正常 (PID: 27448)
[2026-05-26 15:21:18] 💓 心跳正常 (PID: 27448)
[2026-05-26 15:21:28] 💓 心跳正常 (PID: 27448)
[2026-05-26 15:21:38] 💓 心跳正常 (PID: 27448)
[2026-05-26 15:21:48] 💓 心跳正常 (PID: 27448)
[2026-05-26 15:21:58] 💓 心跳正常 (PID: 27448)
[2026-05-26 15:22:09] 💓 心跳正常 (PID: 27448)
[2026-05-26 15:22:19] 💓 心跳正常 (PID: 27448)
[2026-05-26 15:22:29] 💓 心跳正常 (PID: 27448)
[2026-05-26 15:22:39] 💓 心跳正常 (PID: 27448)
[2026-05-26 15:22:50] 💓 心跳正常 (PID: 27448)
[2026-05-26 15:23:00] 💓 心跳正常 (PID: 27448)
[2026-05-26 15:23:10] 💓 心跳正常 (PID: 27448)
[2026-05-26 15:23:20] 💓 心跳正常 (PID: 27448)
[2026-05-26 15:23:31] 💓 心跳正常 (PID: 27448)
[2026-05-26 15:23:41] 💓 心跳正常 (PID: 27448)
[2026-05-26 15:23:51] 💓 心跳正常 (PID: 27448)
[2026-05-26 15:24:01] 💓 心跳正常 (PID: 27448)
[2026-05-26 15:24:12] 💓 心跳正常 (PID: 27448)
[2026-05-26 15:24:22] 💓 心跳正常 (PID: 27448)
[2026-05-26 15:24:32] 💓 心跳正常 (PID: 27448)
[2026-05-26 15:24:43] 💓 心跳正常 (PID: 27448)
[2026-05-26 15:24:53] 💓 心跳正常 (PID: 27448)
[2026-05-26 15:25:03] 💓 心跳正常 (PID: 27448)
[2026-05-26 15:25:13] 💓 心跳正常 (PID: 27448)
[2026-05-26 15:25:24] 💓 心跳正常 (PID: 27448)
[2026-05-26 15:25:34] 💓 心跳正常 (PID: 27448)
[2026-05-26 15:25:44] 💓 心跳正常 (PID: 27448)
[2026-05-26 15:25:55] 💓 心跳正常 (PID: 27448)
[2026-05-26 15:26:05] 💓 心跳正常 (PID: 27448)
[2026-05-26 15:26:15] 💓 心跳正常 (PID: 27448)
[2026-05-26 15:26:25] 💓 心跳正常 (PID: 27448)
[2026-05-26 15:26:36] 💓 心跳正常 (PID: 27448)
[2026-05-26 15:26:46] 💓 心跳正常 (PID: 27448)
[2026-05-26 15:26:56] 💓 心跳正常 (PID: 27448)
[2026-05-26 15:27:06] 💓 心跳正常 (PID: 27448)
[2026-05-26 15:27:17] 💓 心跳正常 (PID: 27448)
[2026-05-26 15:27:27] 💓 心跳正常 (PID: 27448)
[2026-05-26 15:27:37] 💓 心跳正常 (PID: 27448)
[2026-05-26 15:27:47] 💓 心跳正常 (PID: 27448)
[2026-05-26 15:27:57] 💓 心跳正常 (PID: 27448)
[2026-05-26 15:28:08] 💓 心跳正常 (PID: 27448)
[2026-05-26 15:28:18] 💓 心跳正常 (PID: 27448)
[2026-05-26 15:28:28] 💓 心跳正常 (PID: 27448)
[2026-05-26 15:28:39] 💓 心跳正常 (PID: 27448)
[2026-05-26 15:28:49] 💓 心跳正常 (PID: 27448)
[2026-05-26 15:28:59] 💓 心跳正常 (PID: 27448)
[2026-05-26 15:29:10] 💓 心跳正常 (PID: 27448)
[2026-05-26 15:29:20] 💓 心跳正常 (PID: 27448)
[2026-05-26 15:29:30] 💓 心跳正常 (PID: 27448)
[2026-05-26 15:29:40] 💓 心跳正常 (PID: 27448)
[2026-05-26 15:29:50] 💓 心跳正常 (PID: 27448)
[2026-05-26 15:30:01] 💓 心跳正常 (PID: 27448)
[2026-05-26 15:30:11] 💓 心跳正常 (PID: 27448)
[2026-05-26 15:30:21] 💓 心跳正常 (PID: 27448)
[2026-05-26 15:30:31] 💓 心跳正常 (PID: 27448)
[2026-05-26 15:30:42] 💓 心跳正常 (PID: 27448)
[2026-05-26 15:30:52] 💓 心跳正常 (PID: 27448)
[2026-05-26 15:31:02] 💓 心跳正常 (PID: 27448)
[2026-05-26 15:31:13] 💓 心跳正常 (PID: 27448)
[2026-05-26 15:31:23] 💓 心跳正常 (PID: 27448)
[2026-05-26 15:31:33] 💓 心跳正常 (PID: 27448)
[2026-05-26 15:31:43] 💓 心跳正常 (PID: 27448)
[2026-05-26 15:31:53] 💓 心跳正常 (PID: 27448)
[2026-05-26 15:32:04] 💓 心跳正常 (PID: 27448)
[2026-05-26 15:32:14] 💓 心跳正常 (PID: 27448)
[2026-05-26 15:32:24] 💓 心跳正常 (PID: 27448)
[2026-05-26 15:32:34] 💓 心跳正常 (PID: 27448)
[2026-05-26 15:32:45] 💓 心跳正常 (PID: 27448)
[2026-05-26 15:32:55] 💓 心跳正常 (PID: 27448)
[2026-05-26 15:33:05] 💓 心跳正常 (PID: 27448)
[2026-05-26 15:33:15] 💓 心跳正常 (PID: 27448)
[2026-05-26 15:33:25] 💓 心跳正常 (PID: 27448)
[2026-05-26 15:33:36] 💓 心跳正常 (PID: 27448)
[2026-05-26 15:33:46] 💓 心跳正常 (PID: 27448)
[2026-05-26 15:33:56] 💓 心跳正常 (PID: 27448)
[2026-05-26 15:34:07] 💓 心跳正常 (PID: 27448)
[2026-05-26 15:34:17] 💓 心跳正常 (PID: 27448)
[2026-05-26 15:34:27] 💓 心跳正常 (PID: 27448)
[2026-05-26 15:34:37] 💓 心跳正常 (PID: 27448)
[2026-05-26 15:34:48] 💓 心跳正常 (PID: 27448)
[2026-05-26 15:34:58] 💓 心跳正常 (PID: 27448)
[2026-05-26 15:35:08] 💓 心跳正常 (PID: 27448)
[2026-05-26 15:35:18] 💓 心跳正常 (PID: 27448)
[2026-05-26 15:35:29] 💓 心跳正常 (PID: 27448)
[2026-05-26 15:35:39] 💓 心跳正常 (PID: 27448)
[2026-05-26 15:35:49] 💓 心跳正常 (PID: 27448)
[2026-05-26 15:35:59] 💓 心跳正常 (PID: 27448)
[2026-05-26 15:36:09] 💓 心跳正常 (PID: 27448)
[2026-05-26 15:36:20] 💓 心跳正常 (PID: 27448)
[2026-05-26 15:36:30] 💓 心跳正常 (PID: 27448)
[2026-05-26 15:36:40] 💓 心跳正常 (PID: 27448)
[2026-05-26 15:36:50] 💓 心跳正常 (PID: 27448)
[2026-05-26 15:37:01] 💓 心跳正常 (PID: 27448)
[2026-05-26 15:37:11] 💓 心跳正常 (PID: 27448)
[2026-05-26 15:37:21] 💓 心跳正常 (PID: 27448)
[2026-05-26 15:37:32] 💓 心跳正常 (PID: 27448)
[2026-05-26 15:37:42] 💓 心跳正常 (PID: 27448)
[2026-05-26 15:37:52] 💓 心跳正常 (PID: 27448)
[2026-05-26 15:38:02] 💓 心跳正常 (PID: 27448)
[2026-05-26 15:38:12] 💓 心跳正常 (PID: 27448)
[2026-05-26 15:38:23] 💓 心跳正常 (PID: 27448)
[2026-05-26 15:38:33] 💓 心跳正常 (PID: 27448)
[2026-05-26 15:38:43] 💓 心跳正常 (PID: 27448)
[2026-05-26 15:38:54] 💓 心跳正常 (PID: 27448)
[2026-05-26 15:39:04] 💓 心跳正常 (PID: 27448)
[2026-05-26 15:39:14] 💓 心跳正常 (PID: 27448)
[2026-05-26 15:39:25] 💓 心跳正常 (PID: 27448)
[2026-05-26 15:39:35] 💓 心跳正常 (PID: 27448)
[2026-05-26 15:39:45] 💓 心跳正常 (PID: 27448)
[2026-05-26 15:39:55] 💓 心跳正常 (PID: 27448)
[2026-05-26 15:40:05] 💓 心跳正常 (PID: 27448)
[2026-05-26 15:40:16] 💓 心跳正常 (PID: 27448)
[2026-05-26 15:40:26] 💓 心跳正常 (PID: 27448)
[2026-05-26 15:40:36] 💓 心跳正常 (PID: 27448)
[2026-05-26 15:40:47] 💓 心跳正常 (PID: 27448)
[2026-05-26 15:40:57] 💓 心跳正常 (PID: 27448)
[2026-05-26 15:41:07] 💓 心跳正常 (PID: 27448)
[2026-05-26 15:41:17] 💓 心跳正常 (PID: 27448)
[2026-05-26 15:41:28] 💓 心跳正常 (PID: 27448)
[2026-05-26 15:41:38] 💓 心跳正常 (PID: 27448)
[2026-05-26 15:41:48] 💓 心跳正常 (PID: 27448)
[2026-05-26 15:41:58] 💓 心跳正常 (PID: 27448)
[2026-05-26 15:42:08] 💓 心跳正常 (PID: 27448)
[2026-05-26 15:42:19] 💓 心跳正常 (PID: 27448)
[2026-05-26 15:42:29] 💓 心跳正常 (PID: 27448)
[2026-05-26 15:42:39] 💓 心跳正常 (PID: 27448)
[2026-05-26 15:42:49] 💓 心跳正常 (PID: 27448)
[2026-05-26 15:43:00] 💓 心跳正常 (PID: 27448)
[2026-05-26 15:43:10] 💓 心跳正常 (PID: 27448)
[2026-05-26 15:43:20] 💓 心跳正常 (PID: 27448)
[2026-05-26 15:43:30] 💓 心跳正常 (PID: 27448)
[2026-05-26 15:43:41] 💓 心跳正常 (PID: 27448)
[2026-05-26 15:43:51] 💓 心跳正常 (PID: 27448)
[2026-05-26 15:44:01] 💓 心跳正常 (PID: 27448)
[2026-05-26 15:44:11] 💓 心跳正常 (PID: 27448)
[2026-05-26 15:44:22] 💓 心跳正常 (PID: 27448)
[2026-05-26 15:44:32] 💓 心跳正常 (PID: 27448)
[2026-05-26 15:44:42] 💓 心跳正常 (PID: 27448)
[2026-05-26 15:44:52] 💓 心跳正常 (PID: 27448)
[2026-05-26 15:45:02] 💓 心跳正常 (PID: 27448)
[2026-05-26 15:45:12] 💓 心跳正常 (PID: 27448)
[2026-05-26 15:45:23] 💓 心跳正常 (PID: 27448)
[2026-05-26 15:45:33] 💓 心跳正常 (PID: 27448)
[2026-05-26 15:45:43] 💓 心跳正常 (PID: 27448)
[2026-05-26 15:45:53] 💓 心跳正常 (PID: 27448)
[2026-05-26 15:46:04] 💓 心跳正常 (PID: 27448)
[2026-05-26 15:46:14] 💓 心跳正常 (PID: 27448)
[2026-05-26 15:46:24] 💓 心跳正常 (PID: 27448)
[2026-05-26 15:46:34] 💓 心跳正常 (PID: 27448)
[2026-05-26 15:46:44] 💓 心跳正常 (PID: 27448)
[2026-05-26 15:46:55] 💓 心跳正常 (PID: 27448)
[2026-05-26 15:47:05] 💓 心跳正常 (PID: 27448)
[2026-05-26 15:47:15] 💓 心跳正常 (PID: 27448)
[2026-05-26 15:47:25] 💓 心跳正常 (PID: 27448)
[2026-05-26 15:47:35] 💓 心跳正常 (PID: 27448)
[2026-05-26 15:47:46] 💓 心跳正常 (PID: 27448)
[2026-05-26 15:47:56] 💓 心跳正常 (PID: 27448)
[2026-05-26 15:48:06] 💓 心跳正常 (PID: 27448)
[2026-05-26 15:48:17] 💓 心跳正常 (PID: 27448)
[2026-05-26 15:48:27] 💓 心跳正常 (PID: 27448)
[2026-05-26 15:48:37] 💓 心跳正常 (PID: 27448)
[2026-05-26 15:48:47] 💓 心跳正常 (PID: 27448)
[2026-05-26 15:48:58] 💓 心跳正常 (PID: 27448)
[2026-05-26 15:49:08] 💓 心跳正常 (PID: 27448)
[2026-05-26 15:49:18] 💓 心跳正常 (PID: 27448)
[2026-05-26 15:49:29] 💓 心跳正常 (PID: 27448)
[2026-05-26 15:49:39] 💓 心跳正常 (PID: 27448)
[2026-05-26 15:49:49] 💓 心跳正常 (PID: 27448)
[2026-05-26 15:50:00] 💓 心跳正常 (PID: 27448)
[2026-05-26 15:50:10] 💓 心跳正常 (PID: 27448)
[2026-05-26 15:50:20] 💓 心跳正常 (PID: 27448)
[2026-05-26 15:50:31] 💓 心跳正常 (PID: 27448)
[2026-05-26 15:50:41] 💓 心跳正常 (PID: 27448)
[2026-05-26 15:50:51] 💓 心跳正常 (PID: 27448)
[2026-05-26 15:51:01] 💓 心跳正常 (PID: 27448)
[2026-05-26 15:51:12] 💓 心跳正常 (PID: 27448)
[2026-05-26 15:51:22] 💓 心跳正常 (PID: 27448)
[2026-05-26 15:51:32] 💓 心跳正常 (PID: 27448)
[2026-05-26 15:51:42] 💓 心跳正常 (PID: 27448)
[2026-05-26 15:51:52] 📁 交易日志 /root/.openclaw/logs/trading/monitor.log (3.8MB)，>10MB 时自动归档至 logs/trading/archive/
[2026-05-26 15:51:53] 💓 心跳正常 (PID: 27448)
[2026-05-26 15:52:03] 💓 心跳正常 (PID: 27448)
[2026-05-26 15:52:13] 💓 心跳正常 (PID: 27448)
[2026-05-26 15:52:23] 💓 心跳正常 (PID: 27448)
[2026-05-26 15:52:34] 💓 心跳正常 (PID: 27448)
[2026-05-26 15:52:44] 💓 心跳正常 (PID: 27448)
[2026-05-26 15:52:54] 💓 心跳正常 (PID: 27448)
[2026-05-26 15:53:04] 💓 心跳正常 (PID: 27448)
[2026-05-26 15:53:15] 💓 心跳正常 (PID: 27448)
[2026-05-26 15:53:25] 💓 心跳正常 (PID: 27448)
[2026-05-26 15:53:35] 💓 心跳正常 (PID: 27448)
[2026-05-26 15:53:45] 💓 心跳正常 (PID: 27448)
[2026-05-26 15:53:56] 💓 心跳正常 (PID: 27448)
[2026-05-26 15:54:06] 💓 心跳正常 (PID: 27448)
[2026-05-26 15:54:16] 💓 心跳正常 (PID: 27448)
[2026-05-26 15:54:27] 💓 心跳正常 (PID: 27448)
[2026-05-26 15:54:37] 💓 心跳正常 (PID: 27448)
[2026-05-26 15:54:47] 💓 心跳正常 (PID: 27448)
[2026-05-26 15:54:58] 💓 心跳正常 (PID: 27448)
[2026-05-26 15:55:08] 💓 心跳正常 (PID: 27448)
[2026-05-26 15:55:18] 💓 心跳正常 (PID: 27448)
[2026-05-26 15:55:28] 💓 心跳正常 (PID: 27448)
[2026-05-26 15:55:38] 💓 心跳正常 (PID: 27448)
[2026-05-26 15:55:49] 💓 心跳正常 (PID: 27448)
[2026-05-26 15:55:59] 💓 心跳正常 (PID: 27448)
[2026-05-26 15:56:09] 💓 心跳正常 (PID: 27448)
[2026-05-26 15:56:20] 💓 心跳正常 (PID: 27448)
[2026-05-26 15:56:30] 💓 心跳正常 (PID: 27448)
[2026-05-26 15:56:40] 💓 心跳正常 (PID: 27448)
[2026-05-26 15:56:50] 💓 心跳正常 (PID: 27448)
[2026-05-26 15:57:01] 💓 心跳正常 (PID: 27448)
[2026-05-26 15:57:11] 💓 心跳正常 (PID: 27448)
[2026-05-26 15:57:21] 💓 心跳正常 (PID: 27448)
[2026-05-26 15:57:31] 💓 心跳正常 (PID: 27448)
[2026-05-26 15:57:41] 💓 心跳正常 (PID: 27448)
[2026-05-26 15:57:52] 💓 心跳正常 (PID: 27448)
[2026-05-26 15:58:02] 💓 心跳正常 (PID: 27448)
[2026-05-26 15:58:12] 💓 心跳正常 (PID: 27448)
[2026-05-26 15:58:22] 💓 心跳正常 (PID: 27448)
[2026-05-26 15:58:33] 💓 心跳正常 (PID: 27448)
[2026-05-26 15:58:43] 💓 心跳正常 (PID: 27448)
[2026-05-26 15:58:53] 💓 心跳正常 (PID: 27448)
[2026-05-26 15:59:03] 💓 心跳正常 (PID: 27448)
[2026-05-26 15:59:14] 💓 心跳正常 (PID: 27448)
[2026-05-26 15:59:24] 💓 心跳正常 (PID: 27448)
[2026-05-26 15:59:34] 💓 心跳正常 (PID: 27448)
[2026-05-26 15:59:45] 💓 心跳正常 (PID: 27448)
[2026-05-26 15:59:55] 💓 心跳正常 (PID: 27448)
[2026-05-26 16:00:05] 💓 心跳正常 (PID: 27448)
[2026-05-26 16:00:15] 💓 心跳正常 (PID: 27448)
[2026-05-26 16:00:25] 💓 心跳正常 (PID: 27448)
[2026-05-26 16:00:36] 💓 心跳正常 (PID: 27448)
[2026-05-26 16:00:46] 💓 心跳正常 (PID: 27448)
[2026-05-26 16:00:56] 💓 心跳正常 (PID: 27448)
[2026-05-26 16:01:06] 💓 心跳正常 (PID: 27448)
[2026-05-26 16:01:17] 💓 心跳正常 (PID: 27448)
[2026-05-26 16:01:27] 💓 心跳正常 (PID: 27448)
[2026-05-26 16:01:37] 💓 心跳正常 (PID: 27448)
[2026-05-26 16:01:48] 💓 心跳正常 (PID: 27448)
[2026-05-26 16:01:58] 💓 心跳正常 (PID: 27448)
[2026-05-26 16:02:08] 💓 心跳正常 (PID: 27448)
[2026-05-26 16:02:19] 💓 心跳正常 (PID: 27448)
[2026-05-26 16:02:29] 💓 心跳正常 (PID: 27448)
[2026-05-26 16:02:39] 💓 心跳正常 (PID: 27448)
[2026-05-26 16:02:49] 💓 心跳正常 (PID: 27448)
[2026-05-26 16:03:00] 💓 心跳正常 (PID: 27448)
[2026-05-26 16:03:10] 💓 心跳正常 (PID: 27448)
[2026-05-26 16:03:20] 💓 心跳正常 (PID: 27448)
[2026-05-26 16:03:30] 💓 心跳正常 (PID: 27448)
[2026-05-26 16:03:41] 💓 心跳正常 (PID: 27448)
[2026-05-26 16:03:51] 💓 心跳正常 (PID: 27448)
[2026-05-26 16:04:01] 💓 心跳正常 (PID: 27448)
[2026-05-26 16:04:11] 💓 心跳正常 (PID: 27448)
[2026-05-26 16:04:22] 💓 心跳正常 (PID: 27448)
[2026-05-26 16:04:32] 💓 心跳正常 (PID: 27448)
[2026-05-26 16:04:42] 💓 心跳正常 (PID: 27448)
[2026-05-26 16:04:53] 💓 心跳正常 (PID: 27448)
[2026-05-26 16:05:03] 💓 心跳正常 (PID: 27448)
[2026-05-26 16:05:13] 💓 心跳正常 (PID: 27448)
[2026-05-26 16:05:23] 💓 心跳正常 (PID: 27448)
[2026-05-26 16:05:34] 💓 心跳正常 (PID: 27448)
[2026-05-26 16:05:44] 💓 心跳正常 (PID: 27448)
[2026-05-26 16:05:54] 💓 心跳正常 (PID: 27448)
[2026-05-26 16:06:04] 💓 心跳正常 (PID: 27448)
[2026-05-26 16:06:15] 💓 心跳正常 (PID: 27448)
[2026-05-26 16:06:25] 💓 心跳正常 (PID: 27448)
[2026-05-26 16:06:35] 💓 心跳正常 (PID: 27448)
[2026-05-26 16:06:46] 💓 心跳正常 (PID: 27448)
[2026-05-26 16:06:56] 💓 心跳正常 (PID: 27448)
[2026-05-26 16:07:06] 💓 心跳正常 (PID: 27448)
[2026-05-26 16:07:16] 💓 心跳正常 (PID: 27448)
[2026-05-26 16:07:27] 💓 心跳正常 (PID: 27448)
[2026-05-26 16:07:37] 💓 心跳正常 (PID: 27448)
[2026-05-26 16:07:47] 💓 心跳正常 (PID: 27448)
[2026-05-26 16:07:57] 💓 心跳正常 (PID: 27448)
[2026-05-26 16:08:08] 💓 心跳正常 (PID: 27448)
[2026-05-26 16:08:18] 💓 心跳正常 (PID: 27448)
[2026-05-26 16:08:28] 💓 心跳正常 (PID: 27448)
[2026-05-26 16:08:38] 💓 心跳正常 (PID: 27448)
[2026-05-26 16:08:49] 💓 心跳正常 (PID: 27448)
[2026-05-26 16:08:59] 💓 心跳正常 (PID: 27448)
[2026-05-26 16:09:09] 💓 心跳正常 (PID: 27448)
[2026-05-26 16:09:20] 💓 心跳正常 (PID: 27448)
[2026-05-26 16:09:30] 💓 心跳正常 (PID: 27448)
[2026-05-26 16:09:40] 💓 心跳正常 (PID: 27448)
[2026-05-26 16:09:51] 💓 心跳正常 (PID: 27448)
[2026-05-26 16:10:01] 💓 心跳正常 (PID: 27448)
[2026-05-26 16:10:11] 💓 心跳正常 (PID: 27448)
[2026-05-26 16:10:21] 💓 心跳正常 (PID: 27448)
[2026-05-26 16:10:32] 💓 心跳正常 (PID: 27448)
[2026-05-26 16:10:42] 💓 心跳正常 (PID: 27448)
[2026-05-26 16:10:52] 💓 心跳正常 (PID: 27448)
[2026-05-26 16:11:02] 💓 心跳正常 (PID: 27448)
[2026-05-26 16:11:12] 💓 心跳正常 (PID: 27448)
[2026-05-26 16:11:23] 💓 心跳正常 (PID: 27448)
[2026-05-26 16:11:33] 💓 心跳正常 (PID: 27448)
[2026-05-26 16:11:43] 💓 心跳正常 (PID: 27448)
[2026-05-26 16:11:53] 💓 心跳正常 (PID: 27448)
[2026-05-26 16:12:04] 💓 心跳正常 (PID: 27448)
[2026-05-26 16:12:14] 💓 心跳正常 (PID: 27448)
[2026-05-26 16:12:24] 💓 心跳正常 (PID: 27448)
[2026-05-26 16:12:34] 💓 心跳正常 (PID: 27448)
[2026-05-26 16:12:45] 💓 心跳正常 (PID: 27448)
[2026-05-26 16:12:55] 💓 心跳正常 (PID: 27448)
[2026-05-26 16:13:05] 💓 心跳正常 (PID: 27448)
[2026-05-26 16:13:15] 💓 心跳正常 (PID: 27448)
[2026-05-26 16:13:26] 💓 心跳正常 (PID: 27448)
[2026-05-26 16:13:36] 💓 心跳正常 (PID: 27448)
[2026-05-26 16:13:47] 💓 心跳正常 (PID: 27448)
[2026-05-26 16:13:57] 💓 心跳正常 (PID: 27448)
[2026-05-26 16:14:07] 💓 心跳正常 (PID: 27448)
[2026-05-26 16:14:17] 💓 心跳正常 (PID: 27448)
[2026-05-26 16:14:28] 💓 心跳正常 (PID: 27448)
[2026-05-26 16:14:38] 💓 心跳正常 (PID: 27448)
[2026-05-26 16:14:48] 💓 心跳正常 (PID: 27448)
[2026-05-26 16:14:58] 💓 心跳正常 (PID: 27448)
[2026-05-26 16:15:09] 💓 心跳正常 (PID: 27448)
[2026-05-26 16:15:19] 💓 心跳正常 (PID: 27448)
[2026-05-26 16:15:29] 💓 心跳正常 (PID: 27448)
[2026-05-26 16:15:39] 💓 心跳正常 (PID: 27448)
[2026-05-26 16:15:50] 💓 心跳正常 (PID: 27448)
[2026-05-26 16:16:00] 💓 心跳正常 (PID: 27448)
[2026-05-26 16:16:10] 💓 心跳正常 (PID: 27448)
[2026-05-26 16:16:20] 💓 心跳正常 (PID: 27448)
[2026-05-26 16:16:30] 💓 心跳正常 (PID: 27448)
[2026-05-26 16:16:41] 💓 心跳正常 (PID: 27448)
[2026-05-26 16:16:51] 💓 心跳正常 (PID: 27448)
[2026-05-26 16:17:01] 💓 心跳正常 (PID: 27448)
[2026-05-26 16:17:12] 💓 心跳正常 (PID: 27448)
[2026-05-26 16:17:22] 💓 心跳正常 (PID: 27448)
[2026-05-26 16:17:32] 💓 心跳正常 (PID: 27448)
[2026-05-26 16:17:42] 💓 心跳正常 (PID: 27448)
[2026-05-26 16:17:52] 💓 心跳正常 (PID: 27448)
[2026-05-26 16:18:03] 💓 心跳正常 (PID: 27448)
[2026-05-26 16:18:13] 💓 心跳正常 (PID: 27448)
[2026-05-26 16:18:23] 💓 心跳正常 (PID: 27448)
[2026-05-26 16:18:34] 💓 心跳正常 (PID: 27448)
[2026-05-26 16:18:44] 💓 心跳正常 (PID: 27448)
[2026-05-26 16:18:54] 💓 心跳正常 (PID: 27448)
[2026-05-26 16:19:04] 💓 心跳正常 (PID: 27448)
[2026-05-26 16:19:15] 💓 心跳正常 (PID: 27448)
[2026-05-26 16:19:25] 💓 心跳正常 (PID: 27448)
[2026-05-26 16:19:35] 💓 心跳正常 (PID: 27448)
[2026-05-26 16:19:45] 💓 心跳正常 (PID: 27448)
[2026-05-26 16:19:56] 💓 心跳正常 (PID: 27448)
[2026-05-26 16:20:06] 💓 心跳正常 (PID: 27448)
[2026-05-26 16:20:16] 💓 心跳正常 (PID: 27448)
[2026-05-26 16:20:27] 💓 心跳正常 (PID: 27448)
[2026-05-26 16:20:37] 💓 心跳正常 (PID: 27448)
[2026-05-26 16:20:47] 💓 心跳正常 (PID: 27448)
[2026-05-26 16:20:57] 💓 心跳正常 (PID: 27448)
[2026-05-26 16:21:08] 💓 心跳正常 (PID: 27448)
[2026-05-26 16:21:18] 💓 心跳正常 (PID: 27448)
[2026-05-26 16:21:28] 💓 心跳正常 (PID: 27448)
[2026-05-26 16:21:38] 💓 心跳正常 (PID: 27448)
[2026-05-26 16:21:49] 💓 心跳正常 (PID: 27448)
[2026-05-26 16:21:59] 💓 心跳正常 (PID: 27448)
[2026-05-26 16:22:09] 💓 心跳正常 (PID: 27448)
[2026-05-26 16:22:19] 💓 心跳正常 (PID: 27448)
[2026-05-26 16:22:30] 💓 心跳正常 (PID: 27448)
[2026-05-26 16:22:40] 💓 心跳正常 (PID: 27448)
[2026-05-26 16:22:50] 💓 心跳正常 (PID: 27448)
[2026-05-26 16:23:00] 💓 心跳正常 (PID: 27448)
[2026-05-26 16:23:10] 💓 心跳正常 (PID: 27448)
[2026-05-26 16:23:21] 💓 心跳正常 (PID: 27448)
[2026-05-26 16:23:31] 💓 心跳正常 (PID: 27448)
[2026-05-26 16:23:41] 💓 心跳正常 (PID: 27448)
[2026-05-26 16:23:51] 💓 心跳正常 (PID: 27448)
[2026-05-26 16:24:02] 💓 心跳正常 (PID: 27448)
[2026-05-26 16:24:12] 💓 心跳正常 (PID: 27448)
[2026-05-26 16:24:22] 💓 心跳正常 (PID: 27448)
[2026-05-26 16:24:32] 💓 心跳正常 (PID: 27448)
[2026-05-26 16:24:43] 💓 心跳正常 (PID: 27448)
[2026-05-26 16:24:53] 💓 心跳正常 (PID: 27448)
[2026-05-26 16:25:03] 💓 心跳正常 (PID: 27448)
[2026-05-26 16:25:14] 💓 心跳正常 (PID: 27448)
[2026-05-26 16:25:24] 💓 心跳正常 (PID: 27448)
[2026-05-26 16:25:34] 💓 心跳正常 (PID: 27448)
[2026-05-26 16:25:44] 💓 心跳正常 (PID: 27448)
[2026-05-26 16:25:54] 💓 心跳正常 (PID: 27448)
[2026-05-26 16:26:05] 💓 心跳正常 (PID: 27448)
[2026-05-26 16:26:15] 💓 心跳正常 (PID: 27448)
[2026-05-26 16:26:25] 💓 心跳正常 (PID: 27448)
[2026-05-26 16:26:35] 💓 心跳正常 (PID: 27448)
[2026-05-26 16:26:46] 💓 心跳正常 (PID: 27448)
[2026-05-26 16:26:56] 💓 心跳正常 (PID: 27448)
[2026-05-26 16:27:06] 💓 心跳正常 (PID: 27448)
[2026-05-26 16:27:17] 💓 心跳正常 (PID: 27448)
[2026-05-26 16:27:27] 💓 心跳正常 (PID: 27448)
[2026-05-26 16:27:37] 💓 心跳正常 (PID: 27448)
[2026-05-26 16:27:48] 💓 心跳正常 (PID: 27448)
[2026-05-26 16:27:58] 💓 心跳正常 (PID: 27448)
[2026-05-26 16:28:08] 💓 心跳正常 (PID: 27448)
[2026-05-26 16:28:19] 💓 心跳正常 (PID: 27448)
[2026-05-26 16:28:29] 💓 心跳正常 (PID: 27448)
[2026-05-26 16:28:39] 💓 心跳正常 (PID: 27448)
[2026-05-26 16:28:49] 💓 心跳正常 (PID: 27448)
[2026-05-26 16:29:00] 💓 心跳正常 (PID: 27448)
[2026-05-26 16:29:10] 💓 心跳正常 (PID: 27448)
[2026-05-26 16:29:20] 💓 心跳正常 (PID: 27448)
[2026-05-26 16:29:31] 💓 心跳正常 (PID: 27448)
[2026-05-26 16:29:41] 💓 心跳正常 (PID: 27448)
[2026-05-26 16:29:51] 💓 心跳正常 (PID: 27448)
[2026-05-26 16:30:01] 💓 心跳正常 (PID: 27448)
[2026-05-26 16:30:12] 💓 心跳正常 (PID: 27448)
[2026-05-26 16:30:22] 💓 心跳正常 (PID: 27448)
[2026-05-26 16:30:32] 💓 心跳正常 (PID: 27448)
[2026-05-26 16:30:42] 💓 心跳正常 (PID: 27448)
[2026-05-26 16:30:53] 💓 心跳正常 (PID: 27448)
[2026-05-26 16:31:03] 💓 心跳正常 (PID: 27448)
[2026-05-26 16:31:13] 💓 心跳正常 (PID: 27448)
[2026-05-26 16:31:23] 💓 心跳正常 (PID: 27448)
[2026-05-26 16:31:34] 💓 心跳正常 (PID: 27448)
[2026-05-26 16:31:44] 💓 心跳正常 (PID: 27448)
[2026-05-26 16:31:54] 💓 心跳正常 (PID: 27448)
[2026-05-26 16:32:04] 💓 心跳正常 (PID: 27448)
[2026-05-26 16:32:15] 💓 心跳正常 (PID: 27448)
[2026-05-26 16:32:25] 💓 心跳正常 (PID: 27448)
[2026-05-26 16:32:35] 💓 心跳正常 (PID: 27448)
[2026-05-26 16:32:45] 💓 心跳正常 (PID: 27448)
[2026-05-26 16:32:56] 💓 心跳正常 (PID: 27448)
[2026-05-26 16:33:06] 💓 心跳正常 (PID: 27448)
[2026-05-26 16:33:16] 💓 心跳正常 (PID: 27448)
[2026-05-26 16:33:26] 💓 心跳正常 (PID: 27448)
[2026-05-26 16:33:37] 💓 心跳正常 (PID: 27448)
[2026-05-26 16:33:47] 💓 心跳正常 (PID: 27448)
[2026-05-26 16:33:57] 💓 心跳正常 (PID: 27448)
[2026-05-26 16:34:07] 💓 心跳正常 (PID: 27448)
[2026-05-26 16:34:18] 💓 心跳正常 (PID: 27448)
[2026-05-26 16:34:28] 💓 心跳正常 (PID: 27448)
[2026-05-26 16:34:38] 💓 心跳正常 (PID: 27448)
[2026-05-26 16:34:48] 💓 心跳正常 (PID: 27448)
[2026-05-26 16:34:59] 💓 心跳正常 (PID: 27448)
[2026-05-26 16:35:09] 💓 心跳正常 (PID: 27448)
[2026-05-26 16:35:19] 💓 心跳正常 (PID: 27448)
[2026-05-26 16:35:30] 💓 心跳正常 (PID: 27448)
[2026-05-26 16:35:40] 💓 心跳正常 (PID: 27448)
[2026-05-26 16:35:50] 💓 心跳正常 (PID: 27448)
[2026-05-26 16:36:00] 💓 心跳正常 (PID: 27448)
[2026-05-26 16:36:11] 💓 心跳正常 (PID: 27448)
[2026-05-26 16:36:21] 💓 心跳正常 (PID: 27448)
[2026-05-26 16:36:31] 💓 心跳正常 (PID: 27448)
[2026-05-26 16:36:41] 💓 心跳正常 (PID: 27448)
[2026-05-26 16:36:52] 💓 心跳正常 (PID: 27448)
[2026-05-26 16:37:02] 💓 心跳正常 (PID: 27448)
[2026-05-26 16:37:12] 💓 心跳正常 (PID: 27448)
[2026-05-26 16:37:23] 💓 心跳正常 (PID: 27448)
[2026-05-26 16:37:33] 💓 心跳正常 (PID: 27448)
[2026-05-26 16:37:43] 💓 心跳正常 (PID: 27448)
[2026-05-26 16:37:54] 💓 心跳正常 (PID: 27448)
[2026-05-26 16:38:04] 💓 心跳正常 (PID: 27448)
[2026-05-26 16:38:14] 💓 心跳正常 (PID: 27448)
[2026-05-26 16:38:24] 💓 心跳正常 (PID: 27448)
[2026-05-26 16:38:34] 💓 心跳正常 (PID: 27448)
[2026-05-26 16:38:45] 💓 心跳正常 (PID: 27448)
[2026-05-26 16:38:55] 💓 心跳正常 (PID: 27448)
[2026-05-26 16:39:05] 💓 心跳正常 (PID: 27448)
[2026-05-26 16:39:15] 💓 心跳正常 (PID: 27448)
[2026-05-26 16:39:26] 💓 心跳正常 (PID: 27448)
[2026-05-26 16:39:36] 💓 心跳正常 (PID: 27448)
[2026-05-26 16:39:46] 💓 心跳正常 (PID: 27448)
[2026-05-26 16:39:57] 💓 心跳正常 (PID: 27448)
[2026-05-26 16:40:07] 💓 心跳正常 (PID: 27448)
[2026-05-26 16:40:17] 💓 心跳正常 (PID: 27448)
[2026-05-26 16:40:27] 💓 心跳正常 (PID: 27448)
[2026-05-26 16:40:38] 💓 心跳正常 (PID: 27448)
[2026-05-26 16:40:48] 💓 心跳正常 (PID: 27448)
[2026-05-26 16:40:58] 💓 心跳正常 (PID: 27448)
[2026-05-26 16:41:09] 💓 心跳正常 (PID: 27448)
[2026-05-26 16:41:19] 💓 心跳正常 (PID: 27448)
[2026-05-26 16:41:29] 💓 心跳正常 (PID: 27448)
[2026-05-26 16:41:39] 💓 心跳正常 (PID: 27448)
[2026-05-26 16:41:50] 💓 心跳正常 (PID: 27448)
[2026-05-26 16:42:00] 💓 心跳正常 (PID: 27448)
[2026-05-26 16:42:11] 💓 心跳正常 (PID: 27448)
[2026-05-26 16:42:21] 💓 心跳正常 (PID: 27448)
[2026-05-26 16:42:31] 💓 心跳正常 (PID: 27448)
[2026-05-26 16:42:41] 💓 心跳正常 (PID: 27448)
[2026-05-26 16:42:51] 💓 心跳正常 (PID: 27448)
[2026-05-26 16:43:02] 💓 心跳正常 (PID: 27448)
[2026-05-26 16:43:12] 💓 心跳正常 (PID: 27448)
[2026-05-26 16:43:22] 💓 心跳正常 (PID: 27448)
[2026-05-26 16:43:32] 💓 心跳正常 (PID: 27448)
[2026-05-26 16:43:42] 💓 心跳正常 (PID: 27448)
[2026-05-26 16:43:53] 💓 心跳正常 (PID: 27448)
[2026-05-26 16:44:03] 💓 心跳正常 (PID: 27448)
[2026-05-26 16:44:13] 💓 心跳正常 (PID: 27448)
[2026-05-26 16:44:24] 💓 心跳正常 (PID: 27448)
[2026-05-26 16:44:34] 💓 心跳正常 (PID: 27448)
[2026-05-26 16:44:44] 💓 心跳正常 (PID: 27448)
[2026-05-26 16:44:55] 💓 心跳正常 (PID: 27448)
[2026-05-26 16:45:05] 💓 心跳正常 (PID: 27448)
[2026-05-26 16:45:15] 💓 心跳正常 (PID: 27448)
[2026-05-26 16:45:25] 💓 心跳正常 (PID: 27448)
[2026-05-26 16:45:36] 💓 心跳正常 (PID: 27448)
[2026-05-26 16:45:46] 💓 心跳正常 (PID: 27448)
[2026-05-26 16:45:56] 💓 心跳正常 (PID: 27448)
[2026-05-26 16:46:06] 💓 心跳正常 (PID: 27448)
[2026-05-26 16:46:17] 💓 心跳正常 (PID: 27448)
[2026-05-26 16:46:27] 💓 心跳正常 (PID: 27448)
[2026-05-26 16:46:37] 💓 心跳正常 (PID: 27448)
[2026-05-26 16:46:47] 💓 心跳正常 (PID: 27448)
[2026-05-26 16:46:58] 💓 心跳正常 (PID: 27448)
[2026-05-26 16:47:08] 💓 心跳正常 (PID: 27448)
[2026-05-26 16:47:18] 💓 心跳正常 (PID: 27448)
[2026-05-26 16:47:29] 💓 心跳正常 (PID: 27448)
[2026-05-26 16:47:39] 💓 心跳正常 (PID: 27448)
[2026-05-26 16:47:49] 💓 心跳正常 (PID: 27448)
[2026-05-26 16:47:59] 💓 心跳正常 (PID: 27448)
[2026-05-26 16:48:10] 💓 心跳正常 (PID: 27448)
[2026-05-26 16:48:20] 💓 心跳正常 (PID: 27448)
[2026-05-26 16:48:30] 💓 心跳正常 (PID: 27448)
[2026-05-26 16:48:40] 💓 心跳正常 (PID: 27448)
[2026-05-26 16:48:50] 💓 心跳正常 (PID: 27448)
[2026-05-26 16:49:01] 💓 心跳正常 (PID: 27448)
[2026-05-26 16:49:11] 💓 心跳正常 (PID: 27448)
[2026-05-26 16:49:21] 💓 心跳正常 (PID: 27448)
[2026-05-26 16:49:31] 💓 心跳正常 (PID: 27448)
[2026-05-26 16:49:41] 💓 心跳正常 (PID: 27448)
[2026-05-26 16:49:52] 💓 心跳正常 (PID: 27448)
[2026-05-26 16:50:02] 💓 心跳正常 (PID: 27448)
[2026-05-26 16:50:12] 💓 心跳正常 (PID: 27448)
[2026-05-26 16:50:22] 💓 心跳正常 (PID: 27448)
[2026-05-26 16:50:33] 💓 心跳正常 (PID: 27448)
[2026-05-26 16:50:43] 💓 心跳正常 (PID: 27448)
[2026-05-26 16:50:53] 💓 心跳正常 (PID: 27448)
[2026-05-26 16:51:03] 💓 心跳正常 (PID: 27448)
[2026-05-26 16:51:14] 💓 心跳正常 (PID: 27448)
[2026-05-26 16:51:24] 💓 心跳正常 (PID: 27448)
[2026-05-26 16:51:34] 💓 心跳正常 (PID: 27448)
[2026-05-26 16:51:45] 💓 心跳正常 (PID: 27448)
[2026-05-26 16:51:55] 📁 交易日志 /root/.openclaw/logs/trading/monitor.log (3.9MB)，>10MB 时自动归档至 logs/trading/archive/
[2026-05-26 16:51:55] 💓 心跳正常 (PID: 27448)
[2026-05-26 16:52:05] 💓 心跳正常 (PID: 27448)
[2026-05-26 16:52:16] 💓 心跳正常 (PID: 27448)
[2026-05-26 16:52:26] 💓 心跳正常 (PID: 27448)
[2026-05-26 16:52:36] 💓 心跳正常 (PID: 27448)
[2026-05-26 16:52:46] 💓 心跳正常 (PID: 27448)
[2026-05-26 16:52:57] 💓 心跳正常 (PID: 27448)
[2026-05-26 16:53:07] 💓 心跳正常 (PID: 27448)
[2026-05-26 16:53:17] 💓 心跳正常 (PID: 27448)
[2026-05-26 16:53:27] 💓 心跳正常 (PID: 27448)
[2026-05-26 16:53:37] 💓 心跳正常 (PID: 27448)
[2026-05-26 16:53:48] 💓 心跳正常 (PID: 27448)
[2026-05-26 16:53:58] 💓 心跳正常 (PID: 27448)
[2026-05-26 16:54:08] 💓 心跳正常 (PID: 27448)
[2026-05-26 16:54:18] 💓 心跳正常 (PID: 27448)
[2026-05-26 16:54:29] 💓 心跳正常 (PID: 27448)
[2026-05-26 16:54:39] 💓 心跳正常 (PID: 27448)
[2026-05-26 16:54:49] 💓 心跳正常 (PID: 27448)
[2026-05-26 16:54:59] 💓 心跳正常 (PID: 27448)
[2026-05-26 16:55:10] 💓 心跳正常 (PID: 27448)
[2026-05-26 16:55:20] 💓 心跳正常 (PID: 27448)
[2026-05-26 16:55:30] 💓 心跳正常 (PID: 27448)
[2026-05-26 16:55:41] 💓 心跳正常 (PID: 27448)
[2026-05-26 16:55:51] 💓 心跳正常 (PID: 27448)
[2026-05-26 16:56:01] 💓 心跳正常 (PID: 27448)
[2026-05-26 16:56:12] 💓 心跳正常 (PID: 27448)
[2026-05-26 16:56:22] 💓 心跳正常 (PID: 27448)
[2026-05-26 16:56:32] 💓 心跳正常 (PID: 27448)
[2026-05-26 16:56:42] 💓 心跳正常 (PID: 27448)
[2026-05-26 16:56:52] 💓 心跳正常 (PID: 27448)
[2026-05-26 16:57:03] 💓 心跳正常 (PID: 27448)
[2026-05-26 16:57:13] 💓 心跳正常 (PID: 27448)
[2026-05-26 16:57:23] 💓 心跳正常 (PID: 27448)
[2026-05-26 16:57:33] 💓 心跳正常 (PID: 27448)
[2026-05-26 16:57:44] 💓 心跳正常 (PID: 27448)
[2026-05-26 16:57:54] 💓 心跳正常 (PID: 27448)
[2026-05-26 16:58:04] 💓 心跳正常 (PID: 27448)
[2026-05-26 16:58:14] 💓 心跳正常 (PID: 27448)
[2026-05-26 16:58:24] 💓 心跳正常 (PID: 27448)
[2026-05-26 16:58:35] 💓 心跳正常 (PID: 27448)
[2026-05-26 16:58:45] 💓 心跳正常 (PID: 27448)
[2026-05-26 16:58:55] 💓 心跳正常 (PID: 27448)
[2026-05-26 16:59:05] 💓 心跳正常 (PID: 27448)
[2026-05-26 16:59:16] 💓 心跳正常 (PID: 27448)
[2026-05-26 16:59:26] 💓 心跳正常 (PID: 27448)
[2026-05-26 16:59:36] 💓 心跳正常 (PID: 27448)
[2026-05-26 16:59:46] 💓 心跳正常 (PID: 27448)
[2026-05-26 16:59:57] 💓 心跳正常 (PID: 27448)
[2026-05-26 17:00:07] 💓 心跳正常 (PID: 27448)
[2026-05-26 17:00:17] 💓 心跳正常 (PID: 27448)
[2026-05-26 17:00:28] 💓 心跳正常 (PID: 27448)
[2026-05-26 17:00:38] 💓 心跳正常 (PID: 27448)
[2026-05-26 17:00:48] 💓 心跳正常 (PID: 27448)
[2026-05-26 17:00:58] 💓 心跳正常 (PID: 27448)
[2026-05-26 17:01:09] 💓 心跳正常 (PID: 27448)
[2026-05-26 17:01:19] 💓 心跳正常 (PID: 27448)
[2026-05-26 17:01:29] 💓 心跳正常 (PID: 27448)
[2026-05-26 17:01:40] 💓 心跳正常 (PID: 27448)
[2026-05-26 17:01:50] 💓 心跳正常 (PID: 27448)
[2026-05-26 17:02:00] 💓 心跳正常 (PID: 27448)
[2026-05-26 17:02:10] 💓 心跳正常 (PID: 27448)
[2026-05-26 17:02:20] 💓 心跳正常 (PID: 27448)
[2026-05-26 17:02:31] 💓 心跳正常 (PID: 27448)
[2026-05-26 17:02:41] 💓 心跳正常 (PID: 27448)
[2026-05-26 17:02:51] 💓 心跳正常 (PID: 27448)
[2026-05-26 17:03:01] 💓 心跳正常 (PID: 27448)
[2026-05-26 17:03:11] 💓 心跳正常 (PID: 27448)
[2026-05-26 17:03:22] 💓 心跳正常 (PID: 27448)
[2026-05-26 17:03:32] 💓 心跳正常 (PID: 27448)
[2026-05-26 17:03:42] 💓 心跳正常 (PID: 27448)
[2026-05-26 17:03:52] 💓 心跳正常 (PID: 27448)
[2026-05-26 17:04:02] 💓 心跳正常 (PID: 27448)
[2026-05-26 17:04:12] 💓 心跳正常 (PID: 27448)
[2026-05-26 17:04:22] 💓 心跳正常 (PID: 27448)
[2026-05-26 17:04:33] 💓 心跳正常 (PID: 27448)
[2026-05-26 17:04:43] 💓 心跳正常 (PID: 27448)
[2026-05-26 17:04:53] 💓 心跳正常 (PID: 27448)
[2026-05-26 17:05:03] 💓 心跳正常 (PID: 27448)
[2026-05-26 17:05:13] 💓 心跳正常 (PID: 27448)
[2026-05-26 17:05:23] 💓 心跳正常 (PID: 27448)
[2026-05-26 17:05:34] 💓 心跳正常 (PID: 27448)
[2026-05-26 17:05:44] 💓 心跳正常 (PID: 27448)
[2026-05-26 17:05:54] 💓 心跳正常 (PID: 27448)
[2026-05-26 17:06:04] 💓 心跳正常 (PID: 27448)
[2026-05-26 17:06:15] 💓 心跳正常 (PID: 27448)
[2026-05-26 17:06:25] 💓 心跳正常 (PID: 27448)
[2026-05-26 17:06:35] 💓 心跳正常 (PID: 27448)
[2026-05-26 17:06:46] 💓 心跳正常 (PID: 27448)
[2026-05-26 17:06:56] 💓 心跳正常 (PID: 27448)
[2026-05-26 17:07:06] 💓 心跳正常 (PID: 27448)
[2026-05-26 17:07:17] 💓 心跳正常 (PID: 27448)
[2026-05-26 17:07:27] 💓 心跳正常 (PID: 27448)
[2026-05-26 17:07:37] 💓 心跳正常 (PID: 27448)
[2026-05-26 17:07:47] 💓 心跳正常 (PID: 27448)
[2026-05-26 17:07:58] 💓 心跳正常 (PID: 27448)
[2026-05-26 17:08:08] 💓 心跳正常 (PID: 27448)
[2026-05-26 17:08:18] 💓 心跳正常 (PID: 27448)
[2026-05-26 17:08:28] 💓 心跳正常 (PID: 27448)
[2026-05-26 17:08:39] 💓 心跳正常 (PID: 27448)
[2026-05-26 17:08:49] 💓 心跳正常 (PID: 27448)
[2026-05-26 17:08:59] 💓 心跳正常 (PID: 27448)
[2026-05-26 17:09:09] 💓 心跳正常 (PID: 27448)
[2026-05-26 17:09:20] 💓 心跳正常 (PID: 27448)
[2026-05-26 17:09:30] 💓 心跳正常 (PID: 27448)
[2026-05-26 17:09:40] 💓 心跳正常 (PID: 27448)
[2026-05-26 17:09:50] 💓 心跳正常 (PID: 27448)
[2026-05-26 17:10:00] 💓 心跳正常 (PID: 27448)
[2026-05-26 17:10:11] 💓 心跳正常 (PID: 27448)
[2026-05-26 17:10:21] 💓 心跳正常 (PID: 27448)
[2026-05-26 17:10:31] 💓 心跳正常 (PID: 27448)
[2026-05-26 17:10:41] 💓 心跳正常 (PID: 27448)
[2026-05-26 17:10:52] 💓 心跳正常 (PID: 27448)
[2026-05-26 17:11:02] 💓 心跳正常 (PID: 27448)
[2026-05-26 17:11:12] 💓 心跳正常 (PID: 27448)
[2026-05-26 17:11:23] 💓 心跳正常 (PID: 27448)
[2026-05-26 17:11:33] 💓 心跳正常 (PID: 27448)
[2026-05-26 17:11:43] 💓 心跳正常 (PID: 27448)
[2026-05-26 17:11:53] 💓 心跳正常 (PID: 27448)
[2026-05-26 17:12:04] 💓 心跳正常 (PID: 27448)
[2026-05-26 17:12:14] 💓 心跳正常 (PID: 27448)
[2026-05-26 17:12:24] 💓 心跳正常 (PID: 27448)
[2026-05-26 17:12:34] 💓 心跳正常 (PID: 27448)
[2026-05-26 17:12:45] 💓 心跳正常 (PID: 27448)
[2026-05-26 17:12:55] 💓 心跳正常 (PID: 27448)
[2026-05-26 17:13:05] 💓 心跳正常 (PID: 27448)
[2026-05-26 17:13:16] 💓 心跳正常 (PID: 27448)
[2026-05-26 17:13:26] 💓 心跳正常 (PID: 27448)
[2026-05-26 17:13:36] 💓 心跳正常 (PID: 27448)
[2026-05-26 17:13:46] 💓 心跳正常 (PID: 27448)
[2026-05-26 17:13:57] 💓 心跳正常 (PID: 27448)
[2026-05-26 17:14:07] 💓 心跳正常 (PID: 27448)
[2026-05-26 17:14:17] 💓 心跳正常 (PID: 27448)
[2026-05-26 17:14:28] 💓 心跳正常 (PID: 27448)
[2026-05-26 17:14:38] 💓 心跳正常 (PID: 27448)
[2026-05-26 17:14:48] 💓 心跳正常 (PID: 27448)
[2026-05-26 17:14:58] 💓 心跳正常 (PID: 27448)
[2026-05-26 17:15:08] 💓 心跳正常 (PID: 27448)
[2026-05-26 17:15:19] 💓 心跳正常 (PID: 27448)
[2026-05-26 17:15:29] 💓 心跳正常 (PID: 27448)
[2026-05-26 17:15:40] 💓 心跳正常 (PID: 27448)
[2026-05-26 17:15:50] 💓 心跳正常 (PID: 27448)
[2026-05-26 17:16:00] 💓 心跳正常 (PID: 27448)
[2026-05-26 17:16:10] 💓 心跳正常 (PID: 27448)
[2026-05-26 17:16:20] 💓 心跳正常 (PID: 27448)
[2026-05-26 17:16:31] 💓 心跳正常 (PID: 27448)
[2026-05-26 17:16:41] 💓 心跳正常 (PID: 27448)
[2026-05-26 17:16:51] 💓 心跳正常 (PID: 27448)
[2026-05-26 17:17:01] 💓 心跳正常 (PID: 27448)
[2026-05-26 17:17:12] 💓 心跳正常 (PID: 27448)
[2026-05-26 17:17:22] 💓 心跳正常 (PID: 27448)
[2026-05-26 17:17:32] 💓 心跳正常 (PID: 27448)
[2026-05-26 17:17:43] 💓 心跳正常 (PID: 27448)
[2026-05-26 17:17:53] 💓 心跳正常 (PID: 27448)
[2026-05-26 17:18:03] 💓 心跳正常 (PID: 27448)
[2026-05-26 17:18:13] 💓 心跳正常 (PID: 27448)
[2026-05-26 17:18:24] 💓 心跳正常 (PID: 27448)
[2026-05-26 17:18:34] 💓 心跳正常 (PID: 27448)
[2026-05-26 17:18:44] 💓 心跳正常 (PID: 27448)
[2026-05-26 17:18:54] 💓 心跳正常 (PID: 27448)
[2026-05-26 17:19:05] 💓 心跳正常 (PID: 27448)
[2026-05-26 17:19:15] 💓 心跳正常 (PID: 27448)
[2026-05-26 17:19:25] 💓 心跳正常 (PID: 27448)
[2026-05-26 17:19:35] 💓 心跳正常 (PID: 27448)
[2026-05-26 17:19:46] 💓 心跳正常 (PID: 27448)
[2026-05-26 17:19:56] 💓 心跳正常 (PID: 27448)
[2026-05-26 17:20:06] 💓 心跳正常 (PID: 27448)
[2026-05-26 17:20:16] 💓 心跳正常 (PID: 27448)
[2026-05-26 17:20:27] 💓 心跳正常 (PID: 27448)
[2026-05-26 17:20:37] 💓 心跳正常 (PID: 27448)
[2026-05-26 17:20:47] 💓 心跳正常 (PID: 27448)
[2026-05-26 17:20:58] 💓 心跳正常 (PID: 27448)
[2026-05-26 17:21:08] 💓 心跳正常 (PID: 27448)
[2026-05-26 17:21:18] 💓 心跳正常 (PID: 27448)
[2026-05-26 17:21:28] 💓 心跳正常 (PID: 27448)
[2026-05-26 17:21:39] 💓 心跳正常 (PID: 27448)
[2026-05-26 17:21:49] 💓 心跳正常 (PID: 27448)
[2026-05-26 17:21:59] 💓 心跳正常 (PID: 27448)
[2026-05-26 17:22:09] 💓 心跳正常 (PID: 27448)
[2026-05-26 17:22:20] 💓 心跳正常 (PID: 27448)
[2026-05-26 17:22:30] 💓 心跳正常 (PID: 27448)
[2026-05-26 17:22:40] 💓 心跳正常 (PID: 27448)
[2026-05-26 17:22:50] 💓 心跳正常 (PID: 27448)
[2026-05-26 17:23:00] 💓 心跳正常 (PID: 27448)
[2026-05-26 17:23:11] 💓 心跳正常 (PID: 27448)
[2026-05-26 17:23:21] 💓 心跳正常 (PID: 27448)
[2026-05-26 17:23:31] 💓 心跳正常 (PID: 27448)
[2026-05-26 17:23:42] 💓 心跳正常 (PID: 27448)
[2026-05-26 17:23:52] 💓 心跳正常 (PID: 27448)
[2026-05-26 17:24:02] 💓 心跳正常 (PID: 27448)
[2026-05-26 17:24:12] 💓 心跳正常 (PID: 27448)
[2026-05-26 17:24:22] 💓 心跳正常 (PID: 27448)
[2026-05-26 17:24:32] 💓 心跳正常 (PID: 27448)
[2026-05-26 17:24:43] 💓 心跳正常 (PID: 27448)
[2026-05-26 17:24:53] 💓 心跳正常 (PID: 27448)
[2026-05-26 17:25:03] 💓 心跳正常 (PID: 27448)
[2026-05-26 17:25:13] 💓 心跳正常 (PID: 27448)
[2026-05-26 17:25:24] 💓 心跳正常 (PID: 27448)
[2026-05-26 17:25:34] 💓 心跳正常 (PID: 27448)
[2026-05-26 17:25:45] 💓 心跳正常 (PID: 27448)
[2026-05-26 17:25:55] 💓 心跳正常 (PID: 27448)
[2026-05-26 17:26:05] 💓 心跳正常 (PID: 27448)
[2026-05-26 17:26:15] 💓 心跳正常 (PID: 27448)
[2026-05-26 17:26:25] 💓 心跳正常 (PID: 27448)
[2026-05-26 17:26:36] 💓 心跳正常 (PID: 27448)
[2026-05-26 17:26:46] 💓 心跳正常 (PID: 27448)
[2026-05-26 17:26:56] 💓 心跳正常 (PID: 27448)
[2026-05-26 17:27:06] 💓 心跳正常 (PID: 27448)
[2026-05-26 17:27:16] 💓 心跳正常 (PID: 27448)
[2026-05-26 17:27:27] 💓 心跳正常 (PID: 27448)
[2026-05-26 17:27:37] 💓 心跳正常 (PID: 27448)
[2026-05-26 17:27:47] 💓 心跳正常 (PID: 27448)
[2026-05-26 17:27:57] 💓 心跳正常 (PID: 27448)
[2026-05-26 17:28:08] 💓 心跳正常 (PID: 27448)
[2026-05-26 17:28:18] 💓 心跳正常 (PID: 27448)
[2026-05-26 17:28:28] 💓 心跳正常 (PID: 27448)
[2026-05-26 17:28:38] 💓 心跳正常 (PID: 27448)
[2026-05-26 17:28:49] 💓 心跳正常 (PID: 27448)
[2026-05-26 17:28:59] 💓 心跳正常 (PID: 27448)
[2026-05-26 17:29:09] 💓 心跳正常 (PID: 27448)
[2026-05-26 17:29:19] 💓 心跳正常 (PID: 27448)
[2026-05-26 17:29:29] 💓 心跳正常 (PID: 27448)
[2026-05-26 17:29:40] 💓 心跳正常 (PID: 27448)
[2026-05-26 17:29:50] 💓 心跳正常 (PID: 27448)
[2026-05-26 17:30:00] 💓 心跳正常 (PID: 27448)
[2026-05-26 17:30:11] 💓 心跳正常 (PID: 27448)
[2026-05-26 17:30:21] 💓 心跳正常 (PID: 27448)
[2026-05-26 17:30:31] 💓 心跳正常 (PID: 27448)
[2026-05-26 17:30:41] 💓 心跳正常 (PID: 27448)
[2026-05-26 17:30:52] 💓 心跳正常 (PID: 27448)
[2026-05-26 17:31:02] 💓 心跳正常 (PID: 27448)
[2026-05-26 17:31:12] 💓 心跳正常 (PID: 27448)
[2026-05-26 17:31:22] 💓 心跳正常 (PID: 27448)
[2026-05-26 17:31:33] 💓 心跳正常 (PID: 27448)
[2026-05-26 17:31:43] 💓 心跳正常 (PID: 27448)
[2026-05-26 17:31:53] 💓 心跳正常 (PID: 27448)
[2026-05-26 17:32:03] 💓 心跳正常 (PID: 27448)
[2026-05-26 17:32:13] 💓 心跳正常 (PID: 27448)
[2026-05-26 17:32:24] 💓 心跳正常 (PID: 27448)
[2026-05-26 17:32:34] 💓 心跳正常 (PID: 27448)
[2026-05-26 17:32:44] 💓 心跳正常 (PID: 27448)
[2026-05-26 17:32:55] 💓 心跳正常 (PID: 27448)
[2026-05-26 17:33:05] 💓 心跳正常 (PID: 27448)
[2026-05-26 17:33:15] 💓 心跳正常 (PID: 27448)
[2026-05-26 17:33:25] 💓 心跳正常 (PID: 27448)
[2026-05-26 17:33:36] 💓 心跳正常 (PID: 27448)
[2026-05-26 17:33:46] 💓 心跳正常 (PID: 27448)
[2026-05-26 17:33:56] 💓 心跳正常 (PID: 27448)
[2026-05-26 17:34:06] 💓 心跳正常 (PID: 27448)
[2026-05-26 17:34:17] 💓 心跳正常 (PID: 27448)
[2026-05-26 17:34:27] 💓 心跳正常 (PID: 27448)
[2026-05-26 17:34:37] 💓 心跳正常 (PID: 27448)
[2026-05-26 17:34:47] 💓 心跳正常 (PID: 27448)
[2026-05-26 17:34:58] 💓 心跳正常 (PID: 27448)
[2026-05-26 17:35:08] 💓 心跳正常 (PID: 27448)
[2026-05-26 17:35:18] 💓 心跳正常 (PID: 27448)
[2026-05-26 17:35:28] 💓 心跳正常 (PID: 27448)
[2026-05-26 17:35:39] 💓 心跳正常 (PID: 27448)
[2026-05-26 17:35:49] 💓 心跳正常 (PID: 27448)
[2026-05-26 17:35:59] 💓 心跳正常 (PID: 27448)
[2026-05-26 17:36:09] 💓 心跳正常 (PID: 27448)
[2026-05-26 17:36:20] 💓 心跳正常 (PID: 27448)
[2026-05-26 17:36:30] 💓 心跳正常 (PID: 27448)
[2026-05-26 17:36:40] 💓 心跳正常 (PID: 27448)
[2026-05-26 17:36:51] 💓 心跳正常 (PID: 27448)
[2026-05-26 17:37:01] 💓 心跳正常 (PID: 27448)
[2026-05-26 17:37:11] 💓 心跳正常 (PID: 27448)
[2026-05-26 17:37:22] 💓 心跳正常 (PID: 27448)
[2026-05-26 17:37:32] 💓 心跳正常 (PID: 27448)
[2026-05-26 17:37:42] 💓 心跳正常 (PID: 27448)
[2026-05-26 17:37:52] 💓 心跳正常 (PID: 27448)
[2026-05-26 17:38:03] 💓 心跳正常 (PID: 27448)
[2026-05-26 17:38:13] 💓 心跳正常 (PID: 27448)
[2026-05-26 17:38:23] 💓 心跳正常 (PID: 27448)
[2026-05-26 17:38:33] 💓 心跳正常 (PID: 27448)
[2026-05-26 17:38:43] 💓 心跳正常 (PID: 27448)
[2026-05-26 17:38:54] 💓 心跳正常 (PID: 27448)
[2026-05-26 17:39:04] 💓 心跳正常 (PID: 27448)
[2026-05-26 17:39:14] 💓 心跳正常 (PID: 27448)
[2026-05-26 17:39:25] 💓 心跳正常 (PID: 27448)
[2026-05-26 17:39:35] 💓 心跳正常 (PID: 27448)
[2026-05-26 17:39:45] 💓 心跳正常 (PID: 27448)
[2026-05-26 17:39:55] 💓 心跳正常 (PID: 27448)
[2026-05-26 17:40:05] 💓 心跳正常 (PID: 27448)
[2026-05-26 17:40:16] 💓 心跳正常 (PID: 27448)
[2026-05-26 17:40:26] 💓 心跳正常 (PID: 27448)
[2026-05-26 17:40:36] 💓 心跳正常 (PID: 27448)
[2026-05-26 17:40:46] 💓 心跳正常 (PID: 27448)
[2026-05-26 17:40:57] 💓 心跳正常 (PID: 27448)
[2026-05-26 17:41:07] 💓 心跳正常 (PID: 27448)
[2026-05-26 17:41:17] 💓 心跳正常 (PID: 27448)
[2026-05-26 17:41:28] 💓 心跳正常 (PID: 27448)
[2026-05-26 17:41:38] 💓 心跳正常 (PID: 27448)
[2026-05-26 17:41:48] 💓 心跳正常 (PID: 27448)
[2026-05-26 17:41:58] 💓 心跳正常 (PID: 27448)
[2026-05-26 17:42:08] 💓 心跳正常 (PID: 27448)
[2026-05-26 17:42:19] 💓 心跳正常 (PID: 27448)
[2026-05-26 17:42:29] 💓 心跳正常 (PID: 27448)
[2026-05-26 17:42:39] 💓 心跳正常 (PID: 27448)
[2026-05-26 17:42:50] 💓 心跳正常 (PID: 27448)
[2026-05-26 17:43:00] 💓 心跳正常 (PID: 27448)
[2026-05-26 17:43:10] 💓 心跳正常 (PID: 27448)
[2026-05-26 17:43:20] 💓 心跳正常 (PID: 27448)
[2026-05-26 17:43:31] 💓 心跳正常 (PID: 27448)
[2026-05-26 17:43:41] 💓 心跳正常 (PID: 27448)
[2026-05-26 17:43:51] 💓 心跳正常 (PID: 27448)
[2026-05-26 17:44:01] 💓 心跳正常 (PID: 27448)
[2026-05-26 17:44:12] 💓 心跳正常 (PID: 27448)
[2026-05-26 17:44:22] 💓 心跳正常 (PID: 27448)
[2026-05-26 17:44:32] 💓 心跳正常 (PID: 27448)
[2026-05-26 17:44:42] 💓 心跳正常 (PID: 27448)
[2026-05-26 17:44:53] 💓 心跳正常 (PID: 27448)
[2026-05-26 17:45:03] 💓 心跳正常 (PID: 27448)
[2026-05-26 17:45:13] 💓 心跳正常 (PID: 27448)
[2026-05-26 17:45:23] 💓 心跳正常 (PID: 27448)
[2026-05-26 17:45:34] 💓 心跳正常 (PID: 27448)
[2026-05-26 17:45:44] 💓 心跳正常 (PID: 27448)
[2026-05-26 17:45:54] 💓 心跳正常 (PID: 27448)
[2026-05-26 17:46:05] 💓 心跳正常 (PID: 27448)
[2026-05-26 17:46:15] 💓 心跳正常 (PID: 27448)
[2026-05-26 17:46:25] 💓 心跳正常 (PID: 27448)
[2026-05-26 17:46:35] 💓 心跳正常 (PID: 27448)
[2026-05-26 17:46:46] 💓 心跳正常 (PID: 27448)
[2026-05-26 17:46:56] 💓 心跳正常 (PID: 27448)
[2026-05-26 17:47:06] 💓 心跳正常 (PID: 27448)
[2026-05-26 17:47:16] 💓 心跳正常 (PID: 27448)
[2026-05-26 17:47:27] 💓 心跳正常 (PID: 27448)
[2026-05-26 17:47:37] 💓 心跳正常 (PID: 27448)
[2026-05-26 17:47:47] 💓 心跳正常 (PID: 27448)
[2026-05-26 17:47:58] 💓 心跳正常 (PID: 27448)
[2026-05-26 17:48:08] 💓 心跳正常 (PID: 27448)
[2026-05-26 17:48:18] 💓 心跳正常 (PID: 27448)
[2026-05-26 17:48:28] 💓 心跳正常 (PID: 27448)
[2026-05-26 17:48:39] 💓 心跳正常 (PID: 27448)
[2026-05-26 17:48:49] 💓 心跳正常 (PID: 27448)
[2026-05-26 17:48:59] 💓 心跳正常 (PID: 27448)
[2026-05-26 17:49:09] 💓 心跳正常 (PID: 27448)
[2026-05-26 17:49:20] 💓 心跳正常 (PID: 27448)
[2026-05-26 17:49:30] 💓 心跳正常 (PID: 27448)
[2026-05-26 17:49:40] 💓 心跳正常 (PID: 27448)
[2026-05-26 17:49:50] 💓 心跳正常 (PID: 27448)
[2026-05-26 17:50:01] 💓 心跳正常 (PID: 27448)
[2026-05-26 17:50:11] 💓 心跳正常 (PID: 27448)
[2026-05-26 17:50:21] 💓 心跳正常 (PID: 27448)
[2026-05-26 17:50:31] 💓 心跳正常 (PID: 27448)
[2026-05-26 17:50:42] 💓 心跳正常 (PID: 27448)
[2026-05-26 17:50:52] 💓 心跳正常 (PID: 27448)
[2026-05-26 17:51:02] 💓 心跳正常 (PID: 27448)
[2026-05-26 17:51:13] 💓 心跳正常 (PID: 27448)
[2026-05-26 17:51:23] 💓 心跳正常 (PID: 27448)
[2026-05-26 17:51:33] 💓 心跳正常 (PID: 27448)
[2026-05-26 17:51:44] 💓 心跳正常 (PID: 27448)
[2026-05-26 17:51:54] 💓 心跳正常 (PID: 27448)
[2026-05-26 17:52:04] 📁 交易日志 /root/.openclaw/logs/trading/monitor.log (3.9MB)，>10MB 时自动归档至 logs/trading/archive/
[2026-05-26 17:52:04] 💓 心跳正常 (PID: 27448)
[2026-05-26 17:52:14] 💓 心跳正常 (PID: 27448)
[2026-05-26 17:52:25] 💓 心跳正常 (PID: 27448)
[2026-05-26 17:52:35] 💓 心跳正常 (PID: 27448)
[2026-05-26 17:52:45] 💓 心跳正常 (PID: 27448)
[2026-05-26 17:52:55] 💓 心跳正常 (PID: 27448)
[2026-05-26 17:53:06] 💓 心跳正常 (PID: 27448)
[2026-05-26 17:53:16] 💓 心跳正常 (PID: 27448)
[2026-05-26 17:53:26] 💓 心跳正常 (PID: 27448)
[2026-05-26 17:53:36] 💓 心跳正常 (PID: 27448)
[2026-05-26 17:53:47] 💓 心跳正常 (PID: 27448)
[2026-05-26 17:53:57] 💓 心跳正常 (PID: 27448)
[2026-05-26 17:54:07] 💓 心跳正常 (PID: 27448)
[2026-05-26 17:54:17] 💓 心跳正常 (PID: 27448)
[2026-05-26 17:54:28] 💓 心跳正常 (PID: 27448)
[2026-05-26 17:54:38] 💓 心跳正常 (PID: 27448)
[2026-05-26 17:54:48] 💓 心跳正常 (PID: 27448)
[2026-05-26 17:54:58] 💓 心跳正常 (PID: 27448)
[2026-05-26 17:55:09] 💓 心跳正常 (PID: 27448)
[2026-05-26 17:55:19] 💓 心跳正常 (PID: 27448)
[2026-05-26 17:55:29] 💓 心跳正常 (PID: 27448)
[2026-05-26 17:55:40] 💓 心跳正常 (PID: 27448)
[2026-05-26 17:55:50] 💓 心跳正常 (PID: 27448)
[2026-05-26 17:56:00] 💓 心跳正常 (PID: 27448)
[2026-05-26 17:56:10] 💓 心跳正常 (PID: 27448)
[2026-05-26 17:56:20] 💓 心跳正常 (PID: 27448)
[2026-05-26 17:56:31] 💓 心跳正常 (PID: 27448)
[2026-05-26 17:56:41] 💓 心跳正常 (PID: 27448)
[2026-05-26 17:56:51] 💓 心跳正常 (PID: 27448)
[2026-05-26 17:57:01] 💓 心跳正常 (PID: 27448)
[2026-05-26 17:57:11] 💓 心跳正常 (PID: 27448)
[2026-05-26 17:57:21] 💓 心跳正常 (PID: 27448)
[2026-05-26 17:57:31] 💓 心跳正常 (PID: 27448)
[2026-05-26 17:57:42] 💓 心跳正常 (PID: 27448)
[2026-05-26 17:57:52] 💓 心跳正常 (PID: 27448)
[2026-05-26 17:58:02] 💓 心跳正常 (PID: 27448)
[2026-05-26 17:58:12] 💓 心跳正常 (PID: 27448)
[2026-05-26 17:58:23] 💓 心跳正常 (PID: 27448)
[2026-05-26 17:58:33] 💓 心跳正常 (PID: 27448)
[2026-05-26 17:58:43] 💓 心跳正常 (PID: 27448)
[2026-05-26 17:58:53] 💓 心跳正常 (PID: 27448)
[2026-05-26 17:59:03] 💓 心跳正常 (PID: 27448)
[2026-05-26 17:59:14] 💓 心跳正常 (PID: 27448)
[2026-05-26 17:59:24] 💓 心跳正常 (PID: 27448)
[2026-05-26 17:59:34] 💓 心跳正常 (PID: 27448)
[2026-05-26 17:59:44] 💓 心跳正常 (PID: 27448)
[2026-05-26 17:59:55] 💓 心跳正常 (PID: 27448)
[2026-05-26 18:00:05] 💓 心跳正常 (PID: 27448)
[2026-05-26 18:00:15] 💓 心跳正常 (PID: 27448)
[2026-05-26 18:00:25] 💓 心跳正常 (PID: 27448)
[2026-05-26 18:00:36] 💓 心跳正常 (PID: 27448)
[2026-05-26 18:00:46] 💓 心跳正常 (PID: 27448)
[2026-05-26 18:00:56] 💓 心跳正常 (PID: 27448)
[2026-05-26 18:01:06] 💓 心跳正常 (PID: 27448)
[2026-05-26 18:01:16] 💓 心跳正常 (PID: 27448)
[2026-05-26 18:01:27] 💓 心跳正常 (PID: 27448)
[2026-05-26 18:01:37] 💓 心跳正常 (PID: 27448)
[2026-05-26 18:01:47] 💓 心跳正常 (PID: 27448)
[2026-05-26 18:01:57] 💓 心跳正常 (PID: 27448)
[2026-05-26 18:02:07] 💓 心跳正常 (PID: 27448)
[2026-05-26 18:02:18] 💓 心跳正常 (PID: 27448)
[2026-05-26 18:02:28] 💓 心跳正常 (PID: 27448)
[2026-05-26 18:02:38] 💓 心跳正常 (PID: 27448)
[2026-05-26 18:02:48] 💓 心跳正常 (PID: 27448)
[2026-05-26 18:02:59] 💓 心跳正常 (PID: 27448)
[2026-05-26 18:03:09] 💓 心跳正常 (PID: 27448)
[2026-05-26 18:03:19] 💓 心跳正常 (PID: 27448)
[2026-05-26 18:03:29] 💓 心跳正常 (PID: 27448)
[2026-05-26 18:03:40] 💓 心跳正常 (PID: 27448)
[2026-05-26 18:03:50] 💓 心跳正常 (PID: 27448)
[2026-05-26 18:04:00] 💓 心跳正常 (PID: 27448)
[2026-05-26 18:04:10] 💓 心跳正常 (PID: 27448)
[2026-05-26 18:04:21] 💓 心跳正常 (PID: 27448)
[2026-05-26 18:04:31] 💓 心跳正常 (PID: 27448)
[2026-05-26 18:04:41] 💓 心跳正常 (PID: 27448)
[2026-05-26 18:04:51] 💓 心跳正常 (PID: 27448)
[2026-05-26 18:05:01] 💓 心跳正常 (PID: 27448)
[2026-05-26 18:05:12] 💓 心跳正常 (PID: 27448)
[2026-05-26 18:05:22] 💓 心跳正常 (PID: 27448)
[2026-05-26 18:05:32] 💓 心跳正常 (PID: 27448)
[2026-05-26 18:05:42] 💓 心跳正常 (PID: 27448)
[2026-05-26 18:05:53] 💓 心跳正常 (PID: 27448)
[2026-05-26 18:06:03] 💓 心跳正常 (PID: 27448)
[2026-05-26 18:06:13] 💓 心跳正常 (PID: 27448)
[2026-05-26 18:06:23] 💓 心跳正常 (PID: 27448)
[2026-05-26 18:06:33] 💓 心跳正常 (PID: 27448)
[2026-05-26 18:06:44] 💓 心跳正常 (PID: 27448)
[2026-05-26 18:06:54] 💓 心跳正常 (PID: 27448)
[2026-05-26 18:07:04] 💓 心跳正常 (PID: 27448)
[2026-05-26 18:07:14] 💓 心跳正常 (PID: 27448)
[2026-05-26 18:07:25] 💓 心跳正常 (PID: 27448)
[2026-05-26 18:07:35] 💓 心跳正常 (PID: 27448)
[2026-05-26 18:07:45] 💓 心跳正常 (PID: 27448)
[2026-05-26 18:07:55] 💓 心跳正常 (PID: 27448)
[2026-05-26 18:08:06] 💓 心跳正常 (PID: 27448)
[2026-05-26 18:08:16] 💓 心跳正常 (PID: 27448)
[2026-05-26 18:08:26] 💓 心跳正常 (PID: 27448)
[2026-05-26 18:08:37] 💓 心跳正常 (PID: 27448)
[2026-05-26 18:08:47] 💓 心跳正常 (PID: 27448)
[2026-05-26 18:08:57] 💓 心跳正常 (PID: 27448)
[2026-05-26 18:09:07] 💓 心跳正常 (PID: 27448)
[2026-05-26 18:09:18] 💓 心跳正常 (PID: 27448)
[2026-05-26 18:09:28] 💓 心跳正常 (PID: 27448)
[2026-05-26 18:09:38] 💓 心跳正常 (PID: 27448)
[2026-05-26 18:09:48] 💓 心跳正常 (PID: 27448)
[2026-05-26 18:09:59] 💓 心跳正常 (PID: 27448)
[2026-05-26 18:10:09] 💓 心跳正常 (PID: 27448)
[2026-05-26 18:10:19] 💓 心跳正常 (PID: 27448)
[2026-05-26 18:10:30] 💓 心跳正常 (PID: 27448)
[2026-05-26 18:10:40] 💓 心跳正常 (PID: 27448)
[2026-05-26 18:10:50] 💓 心跳正常 (PID: 27448)
[2026-05-26 18:11:00] 💓 心跳正常 (PID: 27448)
[2026-05-26 18:11:10] 💓 心跳正常 (PID: 27448)
[2026-05-26 18:11:21] 💓 心跳正常 (PID: 27448)
[2026-05-26 18:11:31] 💓 心跳正常 (PID: 27448)
[2026-05-26 18:11:41] 💓 心跳正常 (PID: 27448)
[2026-05-26 18:11:51] 💓 心跳正常 (PID: 27448)
[2026-05-26 18:12:02] 💓 心跳正常 (PID: 27448)
[2026-05-26 18:12:12] 💓 心跳正常 (PID: 27448)
[2026-05-26 18:12:22] 💓 心跳正常 (PID: 27448)
[2026-05-26 18:12:33] 💓 心跳正常 (PID: 27448)
[2026-05-26 18:12:43] 💓 心跳正常 (PID: 27448)
[2026-05-26 18:12:53] 💓 心跳正常 (PID: 27448)
[2026-05-26 18:13:04] 💓 心跳正常 (PID: 27448)
[2026-05-26 18:13:14] 💓 心跳正常 (PID: 27448)
[2026-05-26 18:13:24] 💓 心跳正常 (PID: 27448)
[2026-05-26 18:13:34] 💓 心跳正常 (PID: 27448)
[2026-05-26 18:13:45] 💓 心跳正常 (PID: 27448)
[2026-05-26 18:13:55] 💓 心跳正常 (PID: 27448)
[2026-05-26 18:14:05] 💓 心跳正常 (PID: 27448)
[2026-05-26 18:14:15] 💓 心跳正常 (PID: 27448)
[2026-05-26 18:14:26] 💓 心跳正常 (PID: 27448)
[2026-05-26 18:14:36] 💓 心跳正常 (PID: 27448)
[2026-05-26 18:14:46] 💓 心跳正常 (PID: 27448)
[2026-05-26 18:14:57] 💓 心跳正常 (PID: 27448)
[2026-05-26 18:15:07] 💓 心跳正常 (PID: 27448)
[2026-05-26 18:15:17] 💓 心跳正常 (PID: 27448)
[2026-05-26 18:15:27] 💓 心跳正常 (PID: 27448)
[2026-05-26 18:15:38] 💓 心跳正常 (PID: 27448)
[2026-05-26 18:15:48] 💓 心跳正常 (PID: 27448)
[2026-05-26 18:15:58] 💓 心跳正常 (PID: 27448)
[2026-05-26 18:16:08] 💓 心跳正常 (PID: 27448)
[2026-05-26 18:16:19] 💓 心跳正常 (PID: 27448)
[2026-05-26 18:16:29] 💓 心跳正常 (PID: 27448)
[2026-05-26 18:16:39] 💓 心跳正常 (PID: 27448)
[2026-05-26 18:16:49] 💓 心跳正常 (PID: 27448)
[2026-05-26 18:16:59] 💓 心跳正常 (PID: 27448)
[2026-05-26 18:17:10] 💓 心跳正常 (PID: 27448)
[2026-05-26 18:17:20] 💓 心跳正常 (PID: 27448)
[2026-05-26 18:17:30] 💓 心跳正常 (PID: 27448)
[2026-05-26 18:17:40] 💓 心跳正常 (PID: 27448)
[2026-05-26 18:17:51] 💓 心跳正常 (PID: 27448)
[2026-05-26 18:18:01] 💓 心跳正常 (PID: 27448)
[2026-05-26 18:18:11] 💓 心跳正常 (PID: 27448)
[2026-05-26 18:18:21] 💓 心跳正常 (PID: 27448)
[2026-05-26 18:18:32] 💓 心跳正常 (PID: 27448)
[2026-05-26 18:18:42] 💓 心跳正常 (PID: 27448)
[2026-05-26 18:18:52] 💓 心跳正常 (PID: 27448)
[2026-05-26 18:19:02] 💓 心跳正常 (PID: 27448)
[2026-05-26 18:19:13] 💓 心跳正常 (PID: 27448)
[2026-05-26 18:19:23] 💓 心跳正常 (PID: 27448)
[2026-05-26 18:19:33] 💓 心跳正常 (PID: 27448)
[2026-05-26 18:19:43] 💓 心跳正常 (PID: 27448)
[2026-05-26 18:19:53] 💓 心跳正常 (PID: 27448)
[2026-05-26 18:20:03] 💓 心跳正常 (PID: 27448)
[2026-05-26 18:20:14] 💓 心跳正常 (PID: 27448)
[2026-05-26 18:20:24] 💓 心跳正常 (PID: 27448)
[2026-05-26 18:20:34] 💓 心跳正常 (PID: 27448)
[2026-05-26 18:20:44] 💓 心跳正常 (PID: 27448)
[2026-05-26 18:20:54] 💓 心跳正常 (PID: 27448)
[2026-05-26 18:21:05] 💓 心跳正常 (PID: 27448)
[2026-05-26 18:21:15] 💓 心跳正常 (PID: 27448)
[2026-05-26 18:21:25] 💓 心跳正常 (PID: 27448)
[2026-05-26 18:21:36] 💓 心跳正常 (PID: 27448)
[2026-05-26 18:21:46] 💓 心跳正常 (PID: 27448)
[2026-05-26 18:21:56] 💓 心跳正常 (PID: 27448)
[2026-05-26 18:22:06] 💓 心跳正常 (PID: 27448)
[2026-05-26 18:22:16] 💓 心跳正常 (PID: 27448)
[2026-05-26 18:22:27] 💓 心跳正常 (PID: 27448)
[2026-05-26 18:22:37] 💓 心跳正常 (PID: 27448)
[2026-05-26 18:22:47] 💓 心跳正常 (PID: 27448)
[2026-05-26 18:22:57] 💓 心跳正常 (PID: 27448)
[2026-05-26 18:23:08] 💓 心跳正常 (PID: 27448)
[2026-05-26 18:23:18] 💓 心跳正常 (PID: 27448)
[2026-05-26 18:23:28] 💓 心跳正常 (PID: 27448)
[2026-05-26 18:23:39] 💓 心跳正常 (PID: 27448)
[2026-05-26 18:23:49] 💓 心跳正常 (PID: 27448)
[2026-05-26 18:23:59] 💓 心跳正常 (PID: 27448)
[2026-05-26 18:24:09] 💓 心跳正常 (PID: 27448)
[2026-05-26 18:24:20] 💓 心跳正常 (PID: 27448)
[2026-05-26 18:24:30] 💓 心跳正常 (PID: 27448)
[2026-05-26 18:24:40] 💓 心跳正常 (PID: 27448)
[2026-05-26 18:24:50] 💓 心跳正常 (PID: 27448)
[2026-05-26 18:25:01] 💓 心跳正常 (PID: 27448)
[2026-05-26 18:25:11] 💓 心跳正常 (PID: 27448)
[2026-05-26 18:25:21] 💓 心跳正常 (PID: 27448)
[2026-05-26 18:25:31] 💓 心跳正常 (PID: 27448)
[2026-05-26 18:25:41] 💓 心跳正常 (PID: 27448)
[2026-05-26 18:25:52] 💓 心跳正常 (PID: 27448)
[2026-05-26 18:26:02] 💓 心跳正常 (PID: 27448)
[2026-05-26 18:26:12] 💓 心跳正常 (PID: 27448)
[2026-05-26 18:26:22] 💓 心跳正常 (PID: 27448)
[2026-05-26 18:26:33] 💓 心跳正常 (PID: 27448)
[2026-05-26 18:26:43] 💓 心跳正常 (PID: 27448)
[2026-05-26 18:26:53] 💓 心跳正常 (PID: 27448)
[2026-05-26 18:27:03] 💓 心跳正常 (PID: 27448)
[2026-05-26 18:27:14] 💓 心跳正常 (PID: 27448)
[2026-05-26 18:27:24] 💓 心跳正常 (PID: 27448)
[2026-05-26 18:27:34] 💓 心跳正常 (PID: 27448)
[2026-05-26 18:27:44] 💓 心跳正常 (PID: 27448)
[2026-05-26 18:27:55] 💓 心跳正常 (PID: 27448)
[2026-05-26 18:28:05] 💓 心跳正常 (PID: 27448)
[2026-05-26 18:28:15] 💓 心跳正常 (PID: 27448)
[2026-05-26 18:28:26] 💓 心跳正常 (PID: 27448)
[2026-05-26 18:28:36] 💓 心跳正常 (PID: 27448)
[2026-05-26 18:28:46] 💓 心跳正常 (PID: 27448)
[2026-05-26 18:28:56] 💓 心跳正常 (PID: 27448)
[2026-05-26 18:29:07] 💓 心跳正常 (PID: 27448)
[2026-05-26 18:29:17] 💓 心跳正常 (PID: 27448)
[2026-05-26 18:29:27] 💓 心跳正常 (PID: 27448)
[2026-05-26 18:29:37] 💓 心跳正常 (PID: 27448)
[2026-05-26 18:29:48] 💓 心跳正常 (PID: 27448)
[2026-05-26 18:29:58] 💓 心跳正常 (PID: 27448)
[2026-05-26 18:30:08] 💓 心跳正常 (PID: 27448)
[2026-05-26 18:30:18] 💓 心跳正常 (PID: 27448)
[2026-05-26 18:30:28] 💓 心跳正常 (PID: 27448)
[2026-05-26 18:30:39] 💓 心跳正常 (PID: 27448)
[2026-05-26 18:30:49] 💓 心跳正常 (PID: 27448)
[2026-05-26 18:30:59] 💓 心跳正常 (PID: 27448)
[2026-05-26 18:31:10] 💓 心跳正常 (PID: 27448)
[2026-05-26 18:31:20] 💓 心跳正常 (PID: 27448)
[2026-05-26 18:31:30] 💓 心跳正常 (PID: 27448)
[2026-05-26 18:31:40] 💓 心跳正常 (PID: 27448)
[2026-05-26 18:31:50] 💓 心跳正常 (PID: 27448)
[2026-05-26 18:32:01] 💓 心跳正常 (PID: 27448)
[2026-05-26 18:32:11] 💓 心跳正常 (PID: 27448)
[2026-05-26 18:32:21] 💓 心跳正常 (PID: 27448)
[2026-05-26 18:32:32] 💓 心跳正常 (PID: 27448)
[2026-05-26 18:32:42] 💓 心跳正常 (PID: 27448)
[2026-05-26 18:32:52] 💓 心跳正常 (PID: 27448)
[2026-05-26 18:33:02] 💓 心跳正常 (PID: 27448)
[2026-05-26 18:33:13] 💓 心跳正常 (PID: 27448)
[2026-05-26 18:33:23] 💓 心跳正常 (PID: 27448)
[2026-05-26 18:33:33] 💓 心跳正常 (PID: 27448)
[2026-05-26 18:33:43] 💓 心跳正常 (PID: 27448)
[2026-05-26 18:33:54] 💓 心跳正常 (PID: 27448)
[2026-05-26 18:34:04] 💓 心跳正常 (PID: 27448)
[2026-05-26 18:34:15] 💓 心跳正常 (PID: 27448)
[2026-05-26 18:34:25] 💓 心跳正常 (PID: 27448)
[2026-05-26 18:34:35] 💓 心跳正常 (PID: 27448)
[2026-05-26 18:34:45] 💓 心跳正常 (PID: 27448)
[2026-05-26 18:34:55] 💓 心跳正常 (PID: 27448)
[2026-05-26 18:35:06] 💓 心跳正常 (PID: 27448)
[2026-05-26 18:35:16] 💓 心跳正常 (PID: 27448)
[2026-05-26 18:35:26] 💓 心跳正常 (PID: 27448)
[2026-05-26 18:35:36] 💓 心跳正常 (PID: 27448)
[2026-05-26 18:35:47] 💓 心跳正常 (PID: 27448)
[2026-05-26 18:35:57] 💓 心跳正常 (PID: 27448)
[2026-05-26 18:36:07] 💓 心跳正常 (PID: 27448)
[2026-05-26 18:36:17] 💓 心跳正常 (PID: 27448)
[2026-05-26 18:36:27] 💓 心跳正常 (PID: 27448)
[2026-05-26 18:36:38] 💓 心跳正常 (PID: 27448)
[2026-05-26 18:36:48] 💓 心跳正常 (PID: 27448)
[2026-05-26 18:36:58] 💓 心跳正常 (PID: 27448)
[2026-05-26 18:37:08] 💓 心跳正常 (PID: 27448)
[2026-05-26 18:37:19] 💓 心跳正常 (PID: 27448)
[2026-05-26 18:37:29] 💓 心跳正常 (PID: 27448)
[2026-05-26 18:37:39] 💓 心跳正常 (PID: 27448)
[2026-05-26 18:37:50] 💓 心跳正常 (PID: 27448)
[2026-05-26 18:38:00] 💓 心跳正常 (PID: 27448)
[2026-05-26 18:38:10] 💓 心跳正常 (PID: 27448)
[2026-05-26 18:38:20] 💓 心跳正常 (PID: 27448)
[2026-05-26 18:38:30] 💓 心跳正常 (PID: 27448)
[2026-05-26 18:38:40] 💓 心跳正常 (PID: 27448)
[2026-05-26 18:38:51] 💓 心跳正常 (PID: 27448)
[2026-05-26 18:39:01] 💓 心跳正常 (PID: 27448)
[2026-05-26 18:39:11] 💓 心跳正常 (PID: 27448)
[2026-05-26 18:39:21] 💓 心跳正常 (PID: 27448)
[2026-05-26 18:39:32] 💓 心跳正常 (PID: 27448)
[2026-05-26 18:39:42] 💓 心跳正常 (PID: 27448)
[2026-05-26 18:39:52] 💓 心跳正常 (PID: 27448)
[2026-05-26 18:40:02] 💓 心跳正常 (PID: 27448)
[2026-05-26 18:40:13] 💓 心跳正常 (PID: 27448)
[2026-05-26 18:40:23] 💓 心跳正常 (PID: 27448)
[2026-05-26 18:40:33] 💓 心跳正常 (PID: 27448)
[2026-05-26 18:40:43] 💓 心跳正常 (PID: 27448)
[2026-05-26 18:40:53] 💓 心跳正常 (PID: 27448)
[2026-05-26 18:41:04] 💓 心跳正常 (PID: 27448)
[2026-05-26 18:41:14] 💓 心跳正常 (PID: 27448)
[2026-05-26 18:41:24] 💓 心跳正常 (PID: 27448)
[2026-05-26 18:41:34] 💓 心跳正常 (PID: 27448)
[2026-05-26 18:41:45] 💓 心跳正常 (PID: 27448)
[2026-05-26 18:41:55] 💓 心跳正常 (PID: 27448)
[2026-05-26 18:42:05] 💓 心跳正常 (PID: 27448)
[2026-05-26 18:42:15] 💓 心跳正常 (PID: 27448)
[2026-05-26 18:42:26] 💓 心跳正常 (PID: 27448)
[2026-05-26 18:42:36] 💓 心跳正常 (PID: 27448)
[2026-05-26 18:42:46] 💓 心跳正常 (PID: 27448)
[2026-05-26 18:42:56] 💓 心跳正常 (PID: 27448)
[2026-05-26 18:43:06] 💓 心跳正常 (PID: 27448)
[2026-05-26 18:43:17] 💓 心跳正常 (PID: 27448)
[2026-05-26 18:43:27] 💓 心跳正常 (PID: 27448)
[2026-05-26 18:43:37] 💓 心跳正常 (PID: 27448)
[2026-05-26 18:43:48] 💓 心跳正常 (PID: 27448)
[2026-05-26 18:43:58] 💓 心跳正常 (PID: 27448)
[2026-05-26 18:44:08] 💓 心跳正常 (PID: 27448)
[2026-05-26 18:44:18] 💓 心跳正常 (PID: 27448)
[2026-05-26 18:44:29] 💓 心跳正常 (PID: 27448)
[2026-05-26 18:44:39] 💓 心跳正常 (PID: 27448)
[2026-05-26 18:44:49] 💓 心跳正常 (PID: 27448)
[2026-05-26 18:44:59] 💓 心跳正常 (PID: 27448)
[2026-05-26 18:45:10] 💓 心跳正常 (PID: 27448)
[2026-05-26 18:45:20] 💓 心跳正常 (PID: 27448)
[2026-05-26 18:45:30] 💓 心跳正常 (PID: 27448)
[2026-05-26 18:45:40] 💓 心跳正常 (PID: 27448)
[2026-05-26 18:45:50] 💓 心跳正常 (PID: 27448)
[2026-05-26 18:46:01] 💓 心跳正常 (PID: 27448)
[2026-05-26 18:46:11] 💓 心跳正常 (PID: 27448)
[2026-05-26 18:46:21] 💓 心跳正常 (PID: 27448)
[2026-05-26 18:46:32] 💓 心跳正常 (PID: 27448)
[2026-05-26 18:46:42] 💓 心跳正常 (PID: 27448)
[2026-05-26 18:46:52] 💓 心跳正常 (PID: 27448)
[2026-05-26 18:47:02] 💓 心跳正常 (PID: 27448)
[2026-05-26 18:47:12] 💓 心跳正常 (PID: 27448)
[2026-05-26 18:47:22] 💓 心跳正常 (PID: 27448)
[2026-05-26 18:47:33] 💓 心跳正常 (PID: 27448)
[2026-05-26 18:47:43] 💓 心跳正常 (PID: 27448)
[2026-05-26 18:47:53] 💓 心跳正常 (PID: 27448)
[2026-05-26 18:48:03] 💓 心跳正常 (PID: 27448)
[2026-05-26 18:48:14] 💓 心跳正常 (PID: 27448)
[2026-05-26 18:48:24] 💓 心跳正常 (PID: 27448)
[2026-05-26 18:48:34] 💓 心跳正常 (PID: 27448)
[2026-05-26 18:48:44] 💓 心跳正常 (PID: 27448)
[2026-05-26 18:48:54] 💓 心跳正常 (PID: 27448)
[2026-05-26 18:49:05] 💓 心跳正常 (PID: 27448)
[2026-05-26 18:49:15] 💓 心跳正常 (PID: 27448)
[2026-05-26 18:49:25] 💓 心跳正常 (PID: 27448)
[2026-05-26 18:49:35] 💓 心跳正常 (PID: 27448)
[2026-05-26 18:49:45] 💓 心跳正常 (PID: 27448)
[2026-05-26 18:49:56] 💓 心跳正常 (PID: 27448)
[2026-05-26 18:50:06] 💓 心跳正常 (PID: 27448)
[2026-05-26 18:50:16] 💓 心跳正常 (PID: 27448)
[2026-05-26 18:50:27] 💓 心跳正常 (PID: 27448)
[2026-05-26 18:50:37] 💓 心跳正常 (PID: 27448)
[2026-05-26 18:50:47] 💓 心跳正常 (PID: 27448)
[2026-05-26 18:50:58] 💓 心跳正常 (PID: 27448)
[2026-05-26 18:51:08] 💓 心跳正常 (PID: 27448)
[2026-05-26 18:51:18] 💓 心跳正常 (PID: 27448)
[2026-05-26 18:51:28] 💓 心跳正常 (PID: 27448)
[2026-05-26 18:51:39] 💓 心跳正常 (PID: 27448)
[2026-05-26 18:51:49] 💓 心跳正常 (PID: 27448)
[2026-05-26 18:51:59] 💓 心跳正常 (PID: 27448)
[2026-05-26 18:52:09] 📁 交易日志 /root/.openclaw/logs/trading/monitor.log (4.0MB)，>10MB 时自动归档至 logs/trading/archive/
[2026-05-26 18:52:10] 💓 心跳正常 (PID: 27448)
[2026-05-26 18:52:20] 💓 心跳正常 (PID: 27448)
[2026-05-26 18:52:30] 💓 心跳正常 (PID: 27448)
[2026-05-26 18:52:40] 💓 心跳正常 (PID: 27448)
[2026-05-26 18:52:50] 💓 心跳正常 (PID: 27448)
[2026-05-26 18:53:01] 💓 心跳正常 (PID: 27448)
[2026-05-26 18:53:11] 💓 心跳正常 (PID: 27448)
[2026-05-26 18:53:21] 💓 心跳正常 (PID: 27448)
[2026-05-26 18:53:31] 💓 心跳正常 (PID: 27448)
[2026-05-26 18:53:41] 💓 心跳正常 (PID: 27448)
[2026-05-26 18:53:52] 💓 心跳正常 (PID: 27448)
[2026-05-26 18:54:02] 💓 心跳正常 (PID: 27448)
[2026-05-26 18:54:12] 💓 心跳正常 (PID: 27448)
[2026-05-26 18:54:22] 💓 心跳正常 (PID: 27448)
[2026-05-26 18:54:33] 💓 心跳正常 (PID: 27448)
[2026-05-26 18:54:43] 💓 心跳正常 (PID: 27448)
[2026-05-26 18:54:53] 💓 心跳正常 (PID: 27448)
[2026-05-26 18:55:03] 💓 心跳正常 (PID: 27448)
[2026-05-26 18:55:14] 💓 心跳正常 (PID: 27448)
[2026-05-26 18:55:24] 💓 心跳正常 (PID: 27448)
[2026-05-26 18:55:34] 💓 心跳正常 (PID: 27448)
[2026-05-26 18:55:44] 💓 心跳正常 (PID: 27448)
[2026-05-26 18:55:55] 💓 心跳正常 (PID: 27448)
[2026-05-26 18:56:05] 💓 心跳正常 (PID: 27448)
[2026-05-26 18:56:15] 💓 心跳正常 (PID: 27448)
[2026-05-26 18:56:26] 💓 心跳正常 (PID: 27448)
[2026-05-26 18:56:36] 💓 心跳正常 (PID: 27448)
[2026-05-26 18:56:46] 💓 心跳正常 (PID: 27448)
[2026-05-26 18:56:56] 💓 心跳正常 (PID: 27448)
[2026-05-26 18:57:07] 💓 心跳正常 (PID: 27448)
[2026-05-26 18:57:17] 💓 心跳正常 (PID: 27448)
[2026-05-26 18:57:27] 💓 心跳正常 (PID: 27448)
[2026-05-26 18:57:38] 💓 心跳正常 (PID: 27448)
[2026-05-26 18:57:48] 💓 心跳正常 (PID: 27448)
[2026-05-26 18:57:58] 💓 心跳正常 (PID: 27448)
[2026-05-26 18:58:08] 💓 心跳正常 (PID: 27448)
[2026-05-26 18:58:18] 💓 心跳正常 (PID: 27448)
[2026-05-26 18:58:29] 💓 心跳正常 (PID: 27448)
[2026-05-26 18:58:39] 💓 心跳正常 (PID: 27448)
[2026-05-26 18:58:49] 💓 心跳正常 (PID: 27448)
[2026-05-26 18:58:59] 💓 心跳正常 (PID: 27448)
[2026-05-26 18:59:10] 💓 心跳正常 (PID: 27448)
[2026-05-26 18:59:20] 💓 心跳正常 (PID: 27448)
[2026-05-26 18:59:30] 💓 心跳正常 (PID: 27448)
[2026-05-26 18:59:40] 💓 心跳正常 (PID: 27448)
[2026-05-26 18:59:51] 💓 心跳正常 (PID: 27448)
[2026-05-26 19:00:01] 💓 心跳正常 (PID: 27448)
[2026-05-26 19:00:11] 💓 心跳正常 (PID: 27448)
[2026-05-26 19:00:22] 💓 心跳正常 (PID: 27448)
[2026-05-26 19:00:32] 💓 心跳正常 (PID: 27448)
[2026-05-26 19:00:42] 💓 心跳正常 (PID: 27448)
[2026-05-26 19:00:52] 💓 心跳正常 (PID: 27448)
[2026-05-26 19:01:02] 💓 心跳正常 (PID: 27448)
[2026-05-26 19:01:12] 💓 心跳正常 (PID: 27448)
[2026-05-26 19:01:23] 💓 心跳正常 (PID: 27448)
[2026-05-26 19:01:33] 💓 心跳正常 (PID: 27448)
[2026-05-26 19:01:43] 💓 心跳正常 (PID: 27448)
[2026-05-26 19:01:53] 💓 心跳正常 (PID: 27448)
[2026-05-26 19:02:03] 💓 心跳正常 (PID: 27448)
[2026-05-26 19:02:14] 💓 心跳正常 (PID: 27448)
[2026-05-26 19:02:24] 💓 心跳正常 (PID: 27448)
[2026-05-26 19:02:34] 💓 心跳正常 (PID: 27448)
[2026-05-26 19:02:44] 💓 心跳正常 (PID: 27448)
[2026-05-26 19:02:54] 💓 心跳正常 (PID: 27448)
[2026-05-26 19:03:04] 💓 心跳正常 (PID: 27448)
[2026-05-26 19:03:15] 💓 心跳正常 (PID: 27448)
[2026-05-26 19:03:25] 💓 心跳正常 (PID: 27448)
[2026-05-26 19:03:35] 💓 心跳正常 (PID: 27448)
[2026-05-26 19:03:45] 💓 心跳正常 (PID: 27448)
[2026-05-26 19:03:55] 💓 心跳正常 (PID: 27448)
[2026-05-26 19:04:06] 💓 心跳正常 (PID: 27448)
[2026-05-26 19:04:16] 💓 心跳正常 (PID: 27448)
[2026-05-26 19:04:26] 💓 心跳正常 (PID: 27448)
[2026-05-26 19:04:37] 💓 心跳正常 (PID: 27448)
[2026-05-26 19:04:47] 💓 心跳正常 (PID: 27448)
[2026-05-26 19:04:57] 💓 心跳正常 (PID: 27448)
[2026-05-26 19:05:08] 💓 心跳正常 (PID: 27448)
[2026-05-26 19:05:18] 💓 心跳正常 (PID: 27448)
[2026-05-26 19:05:28] 💓 心跳正常 (PID: 27448)
[2026-05-26 19:05:38] 💓 心跳正常 (PID: 27448)
[2026-05-26 19:05:49] 💓 心跳正常 (PID: 27448)
[2026-05-26 19:05:59] 💓 心跳正常 (PID: 27448)
[2026-05-26 19:06:09] 💓 心跳正常 (PID: 27448)
[2026-05-26 19:06:19] 💓 心跳正常 (PID: 27448)
[2026-05-26 19:06:29] 💓 心跳正常 (PID: 27448)
[2026-05-26 19:06:40] 💓 心跳正常 (PID: 27448)
[2026-05-26 19:06:50] 💓 心跳正常 (PID: 27448)
[2026-05-26 19:07:00] 💓 心跳正常 (PID: 27448)
[2026-05-26 19:07:10] 💓 心跳正常 (PID: 27448)
[2026-05-26 19:07:21] 💓 心跳正常 (PID: 27448)
[2026-05-26 19:07:31] 💓 心跳正常 (PID: 27448)
[2026-05-26 19:07:41] 💓 心跳正常 (PID: 27448)
[2026-05-26 19:07:51] 💓 心跳正常 (PID: 27448)
[2026-05-26 19:08:01] 💓 心跳正常 (PID: 27448)
[2026-05-26 19:08:12] 💓 心跳正常 (PID: 27448)
[2026-05-26 19:08:22] 💓 心跳正常 (PID: 27448)
[2026-05-26 19:08:32] 💓 心跳正常 (PID: 27448)
[2026-05-26 19:08:42] 💓 心跳正常 (PID: 27448)
[2026-05-26 19:08:53] 💓 心跳正常 (PID: 27448)
[2026-05-26 19:09:03] 💓 心跳正常 (PID: 27448)
[2026-05-26 19:09:13] 💓 心跳正常 (PID: 27448)
[2026-05-26 19:09:23] 💓 心跳正常 (PID: 27448)
[2026-05-26 19:09:34] 💓 心跳正常 (PID: 27448)
[2026-05-26 19:09:44] 💓 心跳正常 (PID: 27448)
[2026-05-26 19:09:54] 💓 心跳正常 (PID: 27448)
[2026-05-26 19:10:05] 💓 心跳正常 (PID: 27448)
[2026-05-26 19:10:15] 💓 心跳正常 (PID: 27448)
[2026-05-26 19:10:25] 💓 心跳正常 (PID: 27448)
[2026-05-26 19:10:35] 💓 心跳正常 (PID: 27448)
[2026-05-26 19:10:46] 💓 心跳正常 (PID: 27448)
[2026-05-26 19:10:56] 💓 心跳正常 (PID: 27448)
[2026-05-26 19:11:06] 💓 心跳正常 (PID: 27448)
[2026-05-26 19:11:17] 💓 心跳正常 (PID: 27448)
[2026-05-26 19:11:27] 💓 心跳正常 (PID: 27448)
[2026-05-26 19:11:37] 💓 心跳正常 (PID: 27448)
[2026-05-26 19:11:47] 💓 心跳正常 (PID: 27448)
[2026-05-26 19:11:58] 💓 心跳正常 (PID: 27448)
[2026-05-26 19:12:08] 💓 心跳正常 (PID: 27448)
[2026-05-26 19:12:18] 💓 心跳正常 (PID: 27448)
[2026-05-26 19:12:28] 💓 心跳正常 (PID: 27448)
[2026-05-26 19:12:39] 💓 心跳正常 (PID: 27448)
[2026-05-26 19:12:49] 💓 心跳正常 (PID: 27448)
[2026-05-26 19:12:59] 💓 心跳正常 (PID: 27448)
[2026-05-26 19:13:10] 💓 心跳正常 (PID: 27448)
[2026-05-26 19:13:20] 💓 心跳正常 (PID: 27448)
[2026-05-26 19:13:30] 💓 心跳正常 (PID: 27448)
[2026-05-26 19:13:40] 💓 心跳正常 (PID: 27448)
[2026-05-26 19:13:50] 💓 心跳正常 (PID: 27448)
[2026-05-26 19:14:01] 💓 心跳正常 (PID: 27448)
[2026-05-26 19:14:11] 💓 心跳正常 (PID: 27448)
[2026-05-26 19:14:21] 💓 心跳正常 (PID: 27448)
[2026-05-26 19:14:31] 💓 心跳正常 (PID: 27448)
[2026-05-26 19:14:41] 💓 心跳正常 (PID: 27448)
[2026-05-26 19:14:52] 💓 心跳正常 (PID: 27448)
[2026-05-26 19:15:02] 💓 心跳正常 (PID: 27448)
[2026-05-26 19:15:12] 💓 心跳正常 (PID: 27448)
[2026-05-26 19:15:22] 💓 心跳正常 (PID: 27448)
[2026-05-26 19:15:33] 💓 心跳正常 (PID: 27448)
[2026-05-26 19:15:43] 💓 心跳正常 (PID: 27448)
[2026-05-26 19:15:53] 💓 心跳正常 (PID: 27448)
[2026-05-26 19:16:04] 💓 心跳正常 (PID: 27448)
[2026-05-26 19:16:14] 💓 心跳正常 (PID: 27448)
[2026-05-26 19:16:24] 💓 心跳正常 (PID: 27448)
[2026-05-26 19:16:34] 💓 心跳正常 (PID: 27448)
[2026-05-26 19:16:45] 💓 心跳正常 (PID: 27448)
[2026-05-26 19:16:55] 💓 心跳正常 (PID: 27448)
[2026-05-26 19:17:05] 💓 心跳正常 (PID: 27448)
[2026-05-26 19:17:16] 💓 心跳正常 (PID: 27448)
[2026-05-26 19:17:26] 💓 心跳正常 (PID: 27448)
[2026-05-26 19:17:36] 💓 心跳正常 (PID: 27448)
[2026-05-26 19:17:46] 💓 心跳正常 (PID: 27448)
[2026-05-26 19:17:57] 💓 心跳正常 (PID: 27448)
[2026-05-26 19:18:07] 💓 心跳正常 (PID: 27448)
[2026-05-26 19:18:17] 💓 心跳正常 (PID: 27448)
[2026-05-26 19:18:27] 💓 心跳正常 (PID: 27448)
[2026-05-26 19:18:37] 💓 心跳正常 (PID: 27448)
[2026-05-26 19:18:47] 💓 心跳正常 (PID: 27448)
[2026-05-26 19:18:58] 💓 心跳正常 (PID: 27448)
[2026-05-26 19:19:08] 💓 心跳正常 (PID: 27448)
[2026-05-26 19:19:18] 💓 心跳正常 (PID: 27448)
[2026-05-26 19:19:28] 💓 心跳正常 (PID: 27448)
[2026-05-26 19:19:39] 💓 心跳正常 (PID: 27448)
[2026-05-26 19:19:49] 💓 心跳正常 (PID: 27448)
[2026-05-26 19:19:59] 💓 心跳正常 (PID: 27448)
[2026-05-26 19:20:10] 💓 心跳正常 (PID: 27448)
[2026-05-26 19:20:20] 💓 心跳正常 (PID: 27448)
[2026-05-26 19:20:30] 💓 心跳正常 (PID: 27448)
[2026-05-26 19:20:40] 💓 心跳正常 (PID: 27448)
[2026-05-26 19:20:51] 💓 心跳正常 (PID: 27448)
[2026-05-26 19:21:01] 💓 心跳正常 (PID: 27448)
[2026-05-26 19:21:11] 💓 心跳正常 (PID: 27448)
[2026-05-26 19:21:21] 💓 心跳正常 (PID: 27448)
[2026-05-26 19:21:32] 💓 心跳正常 (PID: 27448)
[2026-05-26 19:21:42] 💓 心跳正常 (PID: 27448)
[2026-05-26 19:21:52] 💓 心跳正常 (PID: 27448)
[2026-05-26 19:22:03] 💓 心跳正常 (PID: 27448)
[2026-05-26 19:22:13] 💓 心跳正常 (PID: 27448)
[2026-05-26 19:22:23] 💓 心跳正常 (PID: 27448)
[2026-05-26 19:22:33] 💓 心跳正常 (PID: 27448)
[2026-05-26 19:22:43] 💓 心跳正常 (PID: 27448)
[2026-05-26 19:22:54] 💓 心跳正常 (PID: 27448)
[2026-05-26 19:23:04] 💓 心跳正常 (PID: 27448)
[2026-05-26 19:23:14] 💓 心跳正常 (PID: 27448)
[2026-05-26 19:23:25] 💓 心跳正常 (PID: 27448)
[2026-05-26 19:23:35] 💓 心跳正常 (PID: 27448)
[2026-05-26 19:23:45] 💓 心跳正常 (PID: 27448)
[2026-05-26 19:23:55] 💓 心跳正常 (PID: 27448)
[2026-05-26 19:24:06] 💓 心跳正常 (PID: 27448)
[2026-05-26 19:24:16] 💓 心跳正常 (PID: 27448)
[2026-05-26 19:24:26] 💓 心跳正常 (PID: 27448)
[2026-05-26 19:24:36] 💓 心跳正常 (PID: 27448)
[2026-05-26 19:24:46] 💓 心跳正常 (PID: 27448)
[2026-05-26 19:24:57] 💓 心跳正常 (PID: 27448)
[2026-05-26 19:25:07] 💓 心跳正常 (PID: 27448)
[2026-05-26 19:25:17] 💓 心跳正常 (PID: 27448)
[2026-05-26 19:25:27] 💓 心跳正常 (PID: 27448)
[2026-05-26 19:25:38] 💓 心跳正常 (PID: 27448)
[2026-05-26 19:25:48] 💓 心跳正常 (PID: 27448)
[2026-05-26 19:25:58] 💓 心跳正常 (PID: 27448)
[2026-05-26 19:26:08] 💓 心跳正常 (PID: 27448)
[2026-05-26 19:26:19] 💓 心跳正常 (PID: 27448)
[2026-05-26 19:26:29] 💓 心跳正常 (PID: 27448)
[2026-05-26 19:26:39] 💓 心跳正常 (PID: 27448)
[2026-05-26 19:26:49] 💓 心跳正常 (PID: 27448)
[2026-05-26 19:27:00] 💓 心跳正常 (PID: 27448)
[2026-05-26 19:27:10] 💓 心跳正常 (PID: 27448)
[2026-05-26 19:27:20] 💓 心跳正常 (PID: 27448)
[2026-05-26 19:27:31] 💓 心跳正常 (PID: 27448)
[2026-05-26 19:27:41] 💓 心跳正常 (PID: 27448)
[2026-05-26 19:27:51] 💓 心跳正常 (PID: 27448)
[2026-05-26 19:28:02] 💓 心跳正常 (PID: 27448)
[2026-05-26 19:28:12] 💓 心跳正常 (PID: 27448)
[2026-05-26 19:28:22] 💓 心跳正常 (PID: 27448)
[2026-05-26 19:28:32] 💓 心跳正常 (PID: 27448)
[2026-05-26 19:28:43] 💓 心跳正常 (PID: 27448)
[2026-05-26 19:28:53] 💓 心跳正常 (PID: 27448)
[2026-05-26 19:29:03] 💓 心跳正常 (PID: 27448)
[2026-05-26 19:29:13] 💓 心跳正常 (PID: 27448)
[2026-05-26 19:29:24] 💓 心跳正常 (PID: 27448)
[2026-05-26 19:29:34] 💓 心跳正常 (PID: 27448)
[2026-05-26 19:29:44] 💓 心跳正常 (PID: 27448)
[2026-05-26 19:29:54] 💓 心跳正常 (PID: 27448)
[2026-05-26 19:30:05] 💓 心跳正常 (PID: 27448)
[2026-05-26 19:30:15] 💓 心跳正常 (PID: 27448)
[2026-05-26 19:30:25] 💓 心跳正常 (PID: 27448)
[2026-05-26 19:30:35] 💓 心跳正常 (PID: 27448)
[2026-05-26 19:30:45] 💓 心跳正常 (PID: 27448)
[2026-05-26 19:30:56] 💓 心跳正常 (PID: 27448)
[2026-05-26 19:31:06] 💓 心跳正常 (PID: 27448)
[2026-05-26 19:31:16] 💓 心跳正常 (PID: 27448)
[2026-05-26 19:31:26] 💓 心跳正常 (PID: 27448)
[2026-05-26 19:31:37] 💓 心跳正常 (PID: 27448)
[2026-05-26 19:31:47] 💓 心跳正常 (PID: 27448)
[2026-05-26 19:31:58] 💓 心跳正常 (PID: 27448)
[2026-05-26 19:32:08] 💓 心跳正常 (PID: 27448)
[2026-05-26 19:32:18] 💓 心跳正常 (PID: 27448)
[2026-05-26 19:32:28] 💓 心跳正常 (PID: 27448)
[2026-05-26 19:32:39] 💓 心跳正常 (PID: 27448)
[2026-05-26 19:32:49] 💓 心跳正常 (PID: 27448)
[2026-05-26 19:32:59] 💓 心跳正常 (PID: 27448)
[2026-05-26 19:33:09] 💓 心跳正常 (PID: 27448)
[2026-05-26 19:33:20] 💓 心跳正常 (PID: 27448)
[2026-05-26 19:33:30] 💓 心跳正常 (PID: 27448)
[2026-05-26 19:33:40] 💓 心跳正常 (PID: 27448)
[2026-05-26 19:33:50] 💓 心跳正常 (PID: 27448)
[2026-05-26 19:34:01] 💓 心跳正常 (PID: 27448)
[2026-05-26 19:34:11] 💓 心跳正常 (PID: 27448)
[2026-05-26 19:34:21] 💓 心跳正常 (PID: 27448)
[2026-05-26 19:34:31] 💓 心跳正常 (PID: 27448)
[2026-05-26 19:34:42] 💓 心跳正常 (PID: 27448)
[2026-05-26 19:34:52] 💓 心跳正常 (PID: 27448)
[2026-05-26 19:35:02] 💓 心跳正常 (PID: 27448)
[2026-05-26 19:35:13] 💓 心跳正常 (PID: 27448)
[2026-05-26 19:35:23] 💓 心跳正常 (PID: 27448)
[2026-05-26 19:35:33] 💓 心跳正常 (PID: 27448)
[2026-05-26 19:35:43] 💓 心跳正常 (PID: 27448)
[2026-05-26 19:35:54] 💓 心跳正常 (PID: 27448)
[2026-05-26 19:36:04] 💓 心跳正常 (PID: 27448)
[2026-05-26 19:36:14] 💓 心跳正常 (PID: 27448)
[2026-05-26 19:36:24] 💓 心跳正常 (PID: 27448)
[2026-05-26 19:36:35] 💓 心跳正常 (PID: 27448)
[2026-05-26 19:36:45] 💓 心跳正常 (PID: 27448)
[2026-05-26 19:36:55] 💓 心跳正常 (PID: 27448)
[2026-05-26 19:37:05] 💓 心跳正常 (PID: 27448)
[2026-05-26 19:37:16] 💓 心跳正常 (PID: 27448)
[2026-05-26 19:37:26] 💓 心跳正常 (PID: 27448)
[2026-05-26 19:37:36] 💓 心跳正常 (PID: 27448)
[2026-05-26 19:37:46] 💓 心跳正常 (PID: 27448)
[2026-05-26 19:37:56] 💓 心跳正常 (PID: 27448)
[2026-05-26 19:38:07] 💓 心跳正常 (PID: 27448)
[2026-05-26 19:38:17] 💓 心跳正常 (PID: 27448)
[2026-05-26 19:38:27] 💓 心跳正常 (PID: 27448)
[2026-05-26 19:38:37] 💓 心跳正常 (PID: 27448)
[2026-05-26 19:38:48] 💓 心跳正常 (PID: 27448)
[2026-05-26 19:38:58] 💓 心跳正常 (PID: 27448)
[2026-05-26 19:39:08] 💓 心跳正常 (PID: 27448)
[2026-05-26 19:39:18] 💓 心跳正常 (PID: 27448)
[2026-05-26 19:39:29] 💓 心跳正常 (PID: 27448)
[2026-05-26 19:39:39] 💓 心跳正常 (PID: 27448)
[2026-05-26 19:39:49] 💓 心跳正常 (PID: 27448)
[2026-05-26 19:39:59] 💓 心跳正常 (PID: 27448)
[2026-05-26 19:40:09] 💓 心跳正常 (PID: 27448)
[2026-05-26 19:40:20] 💓 心跳正常 (PID: 27448)
[2026-05-26 19:40:30] 💓 心跳正常 (PID: 27448)
[2026-05-26 19:40:40] 💓 心跳正常 (PID: 27448)
[2026-05-26 19:40:50] 💓 心跳正常 (PID: 27448)
[2026-05-26 19:41:01] 💓 心跳正常 (PID: 27448)
[2026-05-26 19:41:11] 💓 心跳正常 (PID: 27448)
[2026-05-26 19:41:21] 💓 心跳正常 (PID: 27448)
[2026-05-26 19:41:31] 💓 心跳正常 (PID: 27448)
[2026-05-26 19:41:42] 💓 心跳正常 (PID: 27448)
[2026-05-26 19:41:52] 💓 心跳正常 (PID: 27448)
[2026-05-26 19:42:02] 💓 心跳正常 (PID: 27448)
[2026-05-26 19:42:12] 💓 心跳正常 (PID: 27448)
[2026-05-26 19:42:23] 💓 心跳正常 (PID: 27448)
[2026-05-26 19:42:33] 💓 心跳正常 (PID: 27448)
[2026-05-26 19:42:43] 💓 心跳正常 (PID: 27448)
[2026-05-26 19:42:53] 💓 心跳正常 (PID: 27448)
[2026-05-26 19:43:04] 💓 心跳正常 (PID: 27448)
[2026-05-26 19:43:14] 💓 心跳正常 (PID: 27448)
[2026-05-26 19:43:24] 💓 心跳正常 (PID: 27448)
[2026-05-26 19:43:34] 💓 心跳正常 (PID: 27448)
[2026-05-26 19:43:45] 💓 心跳正常 (PID: 27448)
[2026-05-26 19:43:55] 💓 心跳正常 (PID: 27448)
[2026-05-26 19:44:05] 💓 心跳正常 (PID: 27448)
[2026-05-26 19:44:15] 💓 心跳正常 (PID: 27448)
[2026-05-26 19:44:26] 💓 心跳正常 (PID: 27448)
[2026-05-26 19:44:36] 💓 心跳正常 (PID: 27448)
[2026-05-26 19:44:46] 💓 心跳正常 (PID: 27448)
[2026-05-26 19:44:56] 💓 心跳正常 (PID: 27448)
[2026-05-26 19:45:07] 💓 心跳正常 (PID: 27448)
[2026-05-26 19:45:17] 💓 心跳正常 (PID: 27448)
[2026-05-26 19:45:27] 💓 心跳正常 (PID: 27448)
[2026-05-26 19:45:37] 💓 心跳正常 (PID: 27448)
[2026-05-26 19:45:48] 💓 心跳正常 (PID: 27448)
[2026-05-26 19:45:58] 💓 心跳正常 (PID: 27448)
[2026-05-26 19:46:08] 💓 心跳正常 (PID: 27448)
[2026-05-26 19:46:18] 💓 心跳正常 (PID: 27448)
[2026-05-26 19:46:29] 💓 心跳正常 (PID: 27448)
[2026-05-26 19:46:39] 💓 心跳正常 (PID: 27448)
[2026-05-26 19:46:49] 💓 心跳正常 (PID: 27448)
[2026-05-26 19:47:00] 💓 心跳正常 (PID: 27448)
[2026-05-26 19:47:10] 💓 心跳正常 (PID: 27448)
[2026-05-26 19:47:20] 💓 心跳正常 (PID: 27448)
[2026-05-26 19:47:31] 💓 心跳正常 (PID: 27448)
[2026-05-26 19:47:41] 💓 心跳正常 (PID: 27448)
[2026-05-26 19:47:51] 💓 心跳正常 (PID: 27448)
[2026-05-26 19:48:01] 💓 心跳正常 (PID: 27448)
[2026-05-26 19:48:11] 💓 心跳正常 (PID: 27448)
[2026-05-26 19:48:22] 💓 心跳正常 (PID: 27448)
[2026-05-26 19:48:32] 💓 心跳正常 (PID: 27448)
[2026-05-26 19:48:42] 💓 心跳正常 (PID: 27448)
[2026-05-26 19:48:52] 💓 心跳正常 (PID: 27448)
[2026-05-26 19:49:03] 💓 心跳正常 (PID: 27448)
[2026-05-26 19:49:13] 💓 心跳正常 (PID: 27448)
[2026-05-26 19:49:23] 💓 心跳正常 (PID: 27448)
[2026-05-26 19:49:34] 💓 心跳正常 (PID: 27448)
[2026-05-26 19:49:44] 💓 心跳正常 (PID: 27448)
[2026-05-26 19:49:54] 💓 心跳正常 (PID: 27448)
[2026-05-26 19:50:04] 💓 心跳正常 (PID: 27448)
[2026-05-26 19:50:15] 💓 心跳正常 (PID: 27448)
[2026-05-26 19:50:25] 💓 心跳正常 (PID: 27448)
[2026-05-26 19:50:35] 💓 心跳正常 (PID: 27448)
[2026-05-26 19:50:46] 💓 心跳正常 (PID: 27448)
[2026-05-26 19:50:56] 💓 心跳正常 (PID: 27448)
[2026-05-26 19:51:06] 💓 心跳正常 (PID: 27448)
[2026-05-26 19:51:16] 💓 心跳正常 (PID: 27448)
[2026-05-26 19:51:27] 💓 心跳正常 (PID: 27448)
[2026-05-26 19:51:37] 💓 心跳正常 (PID: 27448)
[2026-05-26 19:51:47] 💓 心跳正常 (PID: 27448)
[2026-05-26 19:51:57] 💓 心跳正常 (PID: 27448)
[2026-05-26 19:52:08] 💓 心跳正常 (PID: 27448)
[2026-05-26 19:52:18] 📁 交易日志 /root/.openclaw/logs/trading/monitor.log (4.0MB)，>10MB 时自动归档至 logs/trading/archive/
[2026-05-26 19:52:18] 💓 心跳正常 (PID: 27448)
[2026-05-26 19:52:28] 💓 心跳正常 (PID: 27448)
[2026-05-26 19:52:38] 💓 心跳正常 (PID: 27448)
[2026-05-26 19:52:49] 💓 心跳正常 (PID: 27448)
[2026-05-26 19:52:59] 💓 心跳正常 (PID: 27448)
[2026-05-26 19:53:09] 💓 心跳正常 (PID: 27448)
[2026-05-26 19:53:19] 💓 心跳正常 (PID: 27448)
[2026-05-26 19:53:30] 💓 心跳正常 (PID: 27448)
[2026-05-26 19:53:40] 💓 心跳正常 (PID: 27448)
[2026-05-26 19:53:50] 💓 心跳正常 (PID: 27448)
[2026-05-26 19:54:00] 💓 心跳正常 (PID: 27448)
[2026-05-26 19:54:10] 💓 心跳正常 (PID: 27448)
[2026-05-26 19:54:21] 💓 心跳正常 (PID: 27448)
[2026-05-26 19:54:31] 💓 心跳正常 (PID: 27448)
[2026-05-26 19:54:41] 💓 心跳正常 (PID: 27448)
[2026-05-26 19:54:51] 💓 心跳正常 (PID: 27448)
[2026-05-26 19:55:02] 💓 心跳正常 (PID: 27448)
[2026-05-26 19:55:12] 💓 心跳正常 (PID: 27448)
[2026-05-26 19:55:22] 💓 心跳正常 (PID: 27448)
[2026-05-26 19:55:32] 💓 心跳正常 (PID: 27448)
[2026-05-26 19:55:43] 💓 心跳正常 (PID: 27448)
[2026-05-26 19:55:53] 💓 心跳正常 (PID: 27448)
[2026-05-26 19:56:03] 💓 心跳正常 (PID: 27448)
[2026-05-26 19:56:13] 💓 心跳正常 (PID: 27448)
[2026-05-26 19:56:24] 💓 心跳正常 (PID: 27448)
[2026-05-26 19:56:34] 💓 心跳正常 (PID: 27448)
[2026-05-26 19:56:44] 💓 心跳正常 (PID: 27448)
[2026-05-26 19:56:55] 💓 心跳正常 (PID: 27448)
[2026-05-26 19:57:05] 💓 心跳正常 (PID: 27448)
[2026-05-26 19:57:15] 💓 心跳正常 (PID: 27448)
[2026-05-26 19:57:25] 💓 心跳正常 (PID: 27448)
[2026-05-26 19:57:36] 💓 心跳正常 (PID: 27448)
[2026-05-26 19:57:46] 💓 心跳正常 (PID: 27448)
[2026-05-26 19:57:56] 💓 心跳正常 (PID: 27448)
[2026-05-26 19:58:07] 💓 心跳正常 (PID: 27448)
[2026-05-26 19:58:17] 💓 心跳正常 (PID: 27448)
[2026-05-26 19:58:27] 💓 心跳正常 (PID: 27448)
[2026-05-26 19:58:37] 💓 心跳正常 (PID: 27448)
[2026-05-26 19:58:48] 💓 心跳正常 (PID: 27448)
[2026-05-26 19:58:58] 💓 心跳正常 (PID: 27448)
[2026-05-26 19:59:08] 💓 心跳正常 (PID: 27448)
[2026-05-26 19:59:18] 💓 心跳正常 (PID: 27448)
[2026-05-26 19:59:29] 💓 心跳正常 (PID: 27448)
[2026-05-26 19:59:39] 💓 心跳正常 (PID: 27448)
[2026-05-26 19:59:49] 💓 心跳正常 (PID: 27448)
[2026-05-26 20:00:00] 💓 心跳正常 (PID: 27448)
[2026-05-26 20:00:10] 💓 心跳正常 (PID: 27448)
[2026-05-26 20:00:20] 💓 心跳正常 (PID: 27448)
[2026-05-26 20:00:30] 💓 心跳正常 (PID: 27448)
[2026-05-26 20:00:40] 💓 心跳正常 (PID: 27448)
[2026-05-26 20:00:51] 💓 心跳正常 (PID: 27448)
[2026-05-26 20:01:01] 💓 心跳正常 (PID: 27448)
[2026-05-26 20:01:11] 💓 心跳正常 (PID: 27448)
[2026-05-26 20:01:21] 💓 心跳正常 (PID: 27448)
[2026-05-26 20:01:32] 💓 心跳正常 (PID: 27448)
[2026-05-26 20:01:42] 💓 心跳正常 (PID: 27448)
[2026-05-26 20:01:52] 💓 心跳正常 (PID: 27448)
[2026-05-26 20:02:02] 💓 心跳正常 (PID: 27448)
[2026-05-26 20:02:12] 💓 心跳正常 (PID: 27448)
[2026-05-26 20:02:23] 💓 心跳正常 (PID: 27448)
[2026-05-26 20:02:33] 💓 心跳正常 (PID: 27448)
[2026-05-26 20:02:43] 💓 心跳正常 (PID: 27448)
[2026-05-26 20:02:53] 💓 心跳正常 (PID: 27448)
[2026-05-26 20:03:04] 💓 心跳正常 (PID: 27448)
[2026-05-26 20:03:14] 💓 心跳正常 (PID: 27448)
[2026-05-26 20:03:24] 💓 心跳正常 (PID: 27448)
[2026-05-26 20:03:34] 💓 心跳正常 (PID: 27448)
[2026-05-26 20:03:44] 💓 心跳正常 (PID: 27448)
[2026-05-26 20:03:55] 💓 心跳正常 (PID: 27448)
[2026-05-26 20:04:05] 💓 心跳正常 (PID: 27448)
[2026-05-26 20:04:15] 💓 心跳正常 (PID: 27448)
[2026-05-26 20:04:26] 💓 心跳正常 (PID: 27448)
[2026-05-26 20:04:36] 💓 心跳正常 (PID: 27448)
[2026-05-26 20:04:46] 💓 心跳正常 (PID: 27448)
[2026-05-26 20:04:56] 💓 心跳正常 (PID: 27448)
[2026-05-26 20:05:07] 💓 心跳正常 (PID: 27448)
[2026-05-26 20:05:17] 💓 心跳正常 (PID: 27448)
[2026-05-26 20:05:27] 💓 心跳正常 (PID: 27448)
[2026-05-26 20:05:37] 💓 心跳正常 (PID: 27448)
[2026-05-26 20:05:48] 💓 心跳正常 (PID: 27448)
[2026-05-26 20:05:58] 💓 心跳正常 (PID: 27448)
[2026-05-26 20:06:08] 💓 心跳正常 (PID: 27448)
[2026-05-26 20:06:18] 💓 心跳正常 (PID: 27448)
[2026-05-26 20:06:28] 💓 心跳正常 (PID: 27448)
[2026-05-26 20:06:39] 💓 心跳正常 (PID: 27448)
[2026-05-26 20:06:49] 💓 心跳正常 (PID: 27448)
[2026-05-26 20:06:59] 💓 心跳正常 (PID: 27448)
[2026-05-26 20:07:09] 💓 心跳正常 (PID: 27448)
[2026-05-26 20:07:20] 💓 心跳正常 (PID: 27448)
[2026-05-26 20:07:30] 💓 心跳正常 (PID: 27448)
[2026-05-26 20:07:40] 💓 心跳正常 (PID: 27448)
[2026-05-26 20:07:51] 💓 心跳正常 (PID: 27448)
[2026-05-26 20:08:01] 💓 心跳正常 (PID: 27448)
[2026-05-26 20:08:11] 💓 心跳正常 (PID: 27448)
[2026-05-26 20:08:21] 💓 心跳正常 (PID: 27448)
[2026-05-26 20:08:31] 💓 心跳正常 (PID: 27448)
[2026-05-26 20:08:42] 💓 心跳正常 (PID: 27448)
[2026-05-26 20:08:52] 💓 心跳正常 (PID: 27448)
[2026-05-26 20:09:02] 💓 心跳正常 (PID: 27448)
[2026-05-26 20:09:12] 💓 心跳正常 (PID: 27448)
[2026-05-26 20:09:23] 💓 心跳正常 (PID: 27448)
[2026-05-26 20:09:33] 💓 心跳正常 (PID: 27448)
[2026-05-26 20:09:43] 💓 心跳正常 (PID: 27448)
[2026-05-26 20:09:54] 💓 心跳正常 (PID: 27448)
[2026-05-26 20:10:04] 💓 心跳正常 (PID: 27448)
[2026-05-26 20:10:14] 💓 心跳正常 (PID: 27448)
[2026-05-26 20:10:24] 💓 心跳正常 (PID: 27448)
[2026-05-26 20:10:35] 💓 心跳正常 (PID: 27448)
[2026-05-26 20:10:45] 💓 心跳正常 (PID: 27448)
[2026-05-26 20:10:55] 💓 心跳正常 (PID: 27448)
[2026-05-26 20:11:05] 💓 心跳正常 (PID: 27448)
[2026-05-26 20:11:16] 💓 心跳正常 (PID: 27448)
[2026-05-26 20:11:26] 💓 心跳正常 (PID: 27448)
[2026-05-26 20:11:36] 💓 心跳正常 (PID: 27448)
[2026-05-26 20:11:46] 💓 心跳正常 (PID: 27448)
[2026-05-26 20:11:57] 💓 心跳正常 (PID: 27448)
[2026-05-26 20:12:07] 💓 心跳正常 (PID: 27448)
[2026-05-26 20:12:17] 💓 心跳正常 (PID: 27448)
[2026-05-26 20:12:27] 💓 心跳正常 (PID: 27448)
[2026-05-26 20:12:38] 💓 心跳正常 (PID: 27448)
[2026-05-26 20:12:48] 💓 心跳正常 (PID: 27448)
[2026-05-26 20:12:58] 💓 心跳正常 (PID: 27448)
[2026-05-26 20:13:08] 💓 心跳正常 (PID: 27448)
[2026-05-26 20:13:19] 💓 心跳正常 (PID: 27448)
[2026-05-26 20:13:29] 💓 心跳正常 (PID: 27448)
[2026-05-26 20:13:39] 💓 心跳正常 (PID: 27448)
[2026-05-26 20:13:50] 💓 心跳正常 (PID: 27448)
[2026-05-26 20:14:00] 💓 心跳正常 (PID: 27448)
[2026-05-26 20:14:10] 💓 心跳正常 (PID: 27448)
[2026-05-26 20:14:20] 💓 心跳正常 (PID: 27448)
[2026-05-26 20:14:31] 💓 心跳正常 (PID: 27448)
[2026-05-26 20:14:41] 💓 心跳正常 (PID: 27448)
[2026-05-26 20:14:51] 💓 心跳正常 (PID: 27448)
[2026-05-26 20:15:02] 💓 心跳正常 (PID: 27448)
[2026-05-26 20:15:12] 💓 心跳正常 (PID: 27448)
[2026-05-26 20:15:22] 💓 心跳正常 (PID: 27448)
[2026-05-26 20:15:33] 💓 心跳正常 (PID: 27448)
[2026-05-26 20:15:43] 💓 心跳正常 (PID: 27448)
[2026-05-26 20:15:53] 💓 心跳正常 (PID: 27448)
[2026-05-26 20:16:03] 💓 心跳正常 (PID: 27448)
[2026-05-26 20:16:14] 💓 心跳正常 (PID: 27448)
[2026-05-26 20:16:24] 💓 心跳正常 (PID: 27448)
[2026-05-26 20:16:34] 💓 心跳正常 (PID: 27448)
[2026-05-26 20:16:45] 💓 心跳正常 (PID: 27448)
[2026-05-26 20:16:55] 💓 心跳正常 (PID: 27448)
[2026-05-26 20:17:05] 💓 心跳正常 (PID: 27448)
[2026-05-26 20:17:15] 💓 心跳正常 (PID: 27448)
[2026-05-26 20:17:25] 💓 心跳正常 (PID: 27448)
[2026-05-26 20:17:36] 💓 心跳正常 (PID: 27448)
[2026-05-26 20:17:46] 💓 心跳正常 (PID: 27448)
[2026-05-26 20:17:56] 💓 心跳正常 (PID: 27448)
[2026-05-26 20:18:06] 💓 心跳正常 (PID: 27448)
[2026-05-26 20:18:17] 💓 心跳正常 (PID: 27448)
[2026-05-26 20:18:27] 💓 心跳正常 (PID: 27448)
[2026-05-26 20:18:37] 💓 心跳正常 (PID: 27448)
[2026-05-26 20:18:48] 💓 心跳正常 (PID: 27448)
[2026-05-26 20:18:58] 💓 心跳正常 (PID: 27448)
[2026-05-26 20:19:08] 💓 心跳正常 (PID: 27448)
[2026-05-26 20:19:18] 💓 心跳正常 (PID: 27448)
[2026-05-26 20:19:29] 💓 心跳正常 (PID: 27448)
[2026-05-26 20:19:39] 💓 心跳正常 (PID: 27448)
[2026-05-26 20:19:49] 💓 心跳正常 (PID: 27448)
[2026-05-26 20:20:00] 💓 心跳正常 (PID: 27448)
[2026-05-26 20:20:10] 💓 心跳正常 (PID: 27448)
[2026-05-26 20:20:20] 💓 心跳正常 (PID: 27448)
[2026-05-26 20:20:31] 💓 心跳正常 (PID: 27448)
[2026-05-26 20:20:41] 💓 心跳正常 (PID: 27448)
[2026-05-26 20:20:51] 💓 心跳正常 (PID: 27448)
[2026-05-26 20:21:01] 💓 心跳正常 (PID: 27448)
[2026-05-26 20:21:12] 💓 心跳正常 (PID: 27448)
[2026-05-26 20:21:22] 💓 心跳正常 (PID: 27448)
[2026-05-26 20:21:32] 💓 心跳正常 (PID: 27448)
[2026-05-26 20:21:42] 💓 心跳正常 (PID: 27448)
[2026-05-26 20:21:53] 💓 心跳正常 (PID: 27448)
[2026-05-26 20:22:03] 💓 心跳正常 (PID: 27448)
[2026-05-26 20:22:13] 💓 心跳正常 (PID: 27448)
[2026-05-26 20:22:24] 💓 心跳正常 (PID: 27448)
[2026-05-26 20:22:34] 💓 心跳正常 (PID: 27448)
[2026-05-26 20:22:44] 💓 心跳正常 (PID: 27448)
[2026-05-26 20:22:54] 💓 心跳正常 (PID: 27448)
[2026-05-26 20:23:04] 💓 心跳正常 (PID: 27448)
[2026-05-26 20:23:15] 💓 心跳正常 (PID: 27448)
[2026-05-26 20:23:25] 💓 心跳正常 (PID: 27448)
[2026-05-26 20:23:35] 💓 心跳正常 (PID: 27448)
[2026-05-26 20:23:45] 💓 心跳正常 (PID: 27448)
[2026-05-26 20:23:56] 💓 心跳正常 (PID: 27448)
[2026-05-26 20:24:06] 💓 心跳正常 (PID: 27448)
[2026-05-26 20:24:16] 💓 心跳正常 (PID: 27448)
[2026-05-26 20:24:27] 💓 心跳正常 (PID: 27448)
[2026-05-26 20:24:37] 💓 心跳正常 (PID: 27448)
[2026-05-26 20:24:47] 💓 心跳正常 (PID: 27448)
[2026-05-26 20:24:57] 💓 心跳正常 (PID: 27448)
[2026-05-26 20:25:08] 💓 心跳正常 (PID: 27448)
[2026-05-26 20:25:18] 💓 心跳正常 (PID: 27448)
[2026-05-26 20:25:28] 💓 心跳正常 (PID: 27448)
[2026-05-26 20:25:39] 💓 心跳正常 (PID: 27448)
[2026-05-26 20:25:49] 💓 心跳正常 (PID: 27448)
[2026-05-26 20:25:59] 💓 心跳正常 (PID: 27448)
[2026-05-26 20:26:09] 💓 心跳正常 (PID: 27448)
[2026-05-26 20:26:19] 💓 心跳正常 (PID: 27448)
[2026-05-26 20:26:30] 💓 心跳正常 (PID: 27448)
[2026-05-26 20:26:40] 💓 心跳正常 (PID: 27448)
[2026-05-26 20:26:50] 💓 心跳正常 (PID: 27448)
[2026-05-26 20:27:00] 💓 心跳正常 (PID: 27448)
[2026-05-26 20:27:10] 💓 心跳正常 (PID: 27448)
[2026-05-26 20:27:21] 💓 心跳正常 (PID: 27448)
[2026-05-26 20:27:31] 💓 心跳正常 (PID: 27448)
[2026-05-26 20:27:41] 💓 心跳正常 (PID: 27448)
[2026-05-26 20:27:52] 💓 心跳正常 (PID: 27448)
[2026-05-26 20:28:02] 💓 心跳正常 (PID: 27448)
[2026-05-26 20:28:12] 💓 心跳正常 (PID: 27448)
[2026-05-26 20:28:22] 💓 心跳正常 (PID: 27448)
[2026-05-26 20:28:32] 💓 心跳正常 (PID: 27448)
[2026-05-26 20:28:43] 💓 心跳正常 (PID: 27448)
[2026-05-26 20:28:53] 💓 心跳正常 (PID: 27448)
[2026-05-26 20:29:03] 💓 心跳正常 (PID: 27448)
[2026-05-26 20:29:13] 💓 心跳正常 (PID: 27448)
[2026-05-26 20:29:24] 💓 心跳正常 (PID: 27448)
[2026-05-26 20:29:34] 💓 心跳正常 (PID: 27448)
[2026-05-26 20:29:44] 💓 心跳正常 (PID: 27448)
[2026-05-26 20:29:55] 💓 心跳正常 (PID: 27448)
[2026-05-26 20:30:05] 💓 心跳正常 (PID: 27448)
[2026-05-26 20:30:15] 💓 心跳正常 (PID: 27448)
[2026-05-26 20:30:25] 💓 心跳正常 (PID: 27448)
[2026-05-26 20:30:35] 💓 心跳正常 (PID: 27448)
[2026-05-26 20:30:46] 💓 心跳正常 (PID: 27448)
[2026-05-26 20:30:56] 💓 心跳正常 (PID: 27448)
[2026-05-26 20:31:06] 💓 心跳正常 (PID: 27448)
[2026-05-26 20:31:16] 💓 心跳正常 (PID: 27448)
[2026-05-26 20:31:27] 💓 心跳正常 (PID: 27448)
[2026-05-26 20:31:37] 💓 心跳正常 (PID: 27448)
[2026-05-26 20:31:47] 💓 心跳正常 (PID: 27448)
[2026-05-26 20:31:57] 💓 心跳正常 (PID: 27448)
[2026-05-26 20:32:08] 💓 心跳正常 (PID: 27448)
[2026-05-26 20:32:18] 💓 心跳正常 (PID: 27448)
[2026-05-26 20:32:29] 💓 心跳正常 (PID: 27448)
[2026-05-26 20:32:39] 💓 心跳正常 (PID: 27448)
[2026-05-26 20:32:49] 💓 心跳正常 (PID: 27448)
[2026-05-26 20:32:59] 💓 心跳正常 (PID: 27448)
[2026-05-26 20:33:10] 💓 心跳正常 (PID: 27448)
[2026-05-26 20:33:20] 💓 心跳正常 (PID: 27448)
[2026-05-26 20:33:30] 💓 心跳正常 (PID: 27448)
[2026-05-26 20:33:40] 💓 心跳正常 (PID: 27448)
[2026-05-26 20:33:51] 💓 心跳正常 (PID: 27448)
[2026-05-26 20:34:01] 💓 心跳正常 (PID: 27448)
[2026-05-26 20:34:11] 💓 心跳正常 (PID: 27448)
[2026-05-26 20:34:21] 💓 心跳正常 (PID: 27448)
[2026-05-26 20:34:32] 💓 心跳正常 (PID: 27448)
[2026-05-26 20:34:42] 💓 心跳正常 (PID: 27448)
[2026-05-26 20:34:52] 💓 心跳正常 (PID: 27448)
[2026-05-26 20:35:03] 💓 心跳正常 (PID: 27448)
[2026-05-26 20:35:13] 💓 心跳正常 (PID: 27448)
[2026-05-26 20:35:23] 💓 心跳正常 (PID: 27448)
[2026-05-26 20:35:33] 💓 心跳正常 (PID: 27448)
[2026-05-26 20:35:43] 💓 心跳正常 (PID: 27448)
[2026-05-26 20:35:54] 💓 心跳正常 (PID: 27448)
[2026-05-26 20:36:04] 💓 心跳正常 (PID: 27448)
[2026-05-26 20:36:14] 💓 心跳正常 (PID: 27448)
[2026-05-26 20:36:24] 💓 心跳正常 (PID: 27448)
[2026-05-26 20:36:35] 💓 心跳正常 (PID: 27448)
[2026-05-26 20:36:45] 💓 心跳正常 (PID: 27448)
[2026-05-26 20:36:55] 💓 心跳正常 (PID: 27448)
[2026-05-26 20:37:05] 💓 心跳正常 (PID: 27448)
[2026-05-26 20:37:16] 💓 心跳正常 (PID: 27448)
[2026-05-26 20:37:26] 💓 心跳正常 (PID: 27448)
[2026-05-26 20:37:36] 💓 心跳正常 (PID: 27448)
[2026-05-26 20:37:46] 💓 心跳正常 (PID: 27448)
[2026-05-26 20:37:57] 💓 心跳正常 (PID: 27448)
[2026-05-26 20:38:07] 💓 心跳正常 (PID: 27448)
[2026-05-26 20:38:17] 💓 心跳正常 (PID: 27448)
[2026-05-26 20:38:27] 💓 心跳正常 (PID: 27448)
[2026-05-26 20:38:38] 💓 心跳正常 (PID: 27448)
[2026-05-26 20:38:48] 💓 心跳正常 (PID: 27448)
[2026-05-26 20:38:58] 💓 心跳正常 (PID: 27448)
[2026-05-26 20:39:08] 💓 心跳正常 (PID: 27448)
[2026-05-26 20:39:18] 💓 心跳正常 (PID: 27448)
[2026-05-26 20:39:29] 💓 心跳正常 (PID: 27448)
[2026-05-26 20:39:39] 💓 心跳正常 (PID: 27448)
[2026-05-26 20:39:49] 💓 心跳正常 (PID: 27448)
[2026-05-26 20:40:00] 💓 心跳正常 (PID: 27448)
[2026-05-26 20:40:10] 💓 心跳正常 (PID: 27448)
[2026-05-26 20:40:20] 💓 心跳正常 (PID: 27448)
[2026-05-26 20:40:31] 💓 心跳正常 (PID: 27448)
[2026-05-26 20:40:41] 💓 心跳正常 (PID: 27448)
[2026-05-26 20:40:51] 💓 心跳正常 (PID: 27448)
[2026-05-26 20:41:01] 💓 心跳正常 (PID: 27448)
[2026-05-26 20:41:12] 💓 心跳正常 (PID: 27448)
[2026-05-26 20:41:22] 💓 心跳正常 (PID: 27448)
[2026-05-26 20:41:32] 💓 心跳正常 (PID: 27448)
[2026-05-26 20:41:42] 💓 心跳正常 (PID: 27448)
[2026-05-26 20:41:52] 💓 心跳正常 (PID: 27448)
[2026-05-26 20:42:03] 💓 心跳正常 (PID: 27448)
[2026-05-26 20:42:13] 💓 心跳正常 (PID: 27448)
[2026-05-26 20:42:23] 💓 心跳正常 (PID: 27448)
[2026-05-26 20:42:33] 💓 心跳正常 (PID: 27448)
[2026-05-26 20:42:44] 💓 心跳正常 (PID: 27448)
[2026-05-26 20:42:54] 💓 心跳正常 (PID: 27448)
[2026-05-26 20:43:04] 💓 心跳正常 (PID: 27448)
[2026-05-26 20:43:15] 💓 心跳正常 (PID: 27448)
[2026-05-26 20:43:25] 💓 心跳正常 (PID: 27448)
[2026-05-26 20:43:35] 💓 心跳正常 (PID: 27448)
[2026-05-26 20:43:45] 💓 心跳正常 (PID: 27448)
[2026-05-26 20:43:55] 💓 心跳正常 (PID: 27448)
[2026-05-26 20:44:06] 💓 心跳正常 (PID: 27448)
[2026-05-26 20:44:16] 💓 心跳正常 (PID: 27448)
[2026-05-26 20:44:26] 💓 心跳正常 (PID: 27448)
[2026-05-26 20:44:36] 💓 心跳正常 (PID: 27448)
[2026-05-26 20:44:47] 💓 心跳正常 (PID: 27448)
[2026-05-26 20:44:57] 💓 心跳正常 (PID: 27448)
[2026-05-26 20:45:07] 💓 心跳正常 (PID: 27448)
[2026-05-26 20:45:17] 💓 心跳正常 (PID: 27448)
[2026-05-26 20:45:28] 💓 心跳正常 (PID: 27448)
[2026-05-26 20:45:38] 💓 心跳正常 (PID: 27448)
[2026-05-26 20:45:48] 💓 心跳正常 (PID: 27448)
[2026-05-26 20:45:58] 💓 心跳正常 (PID: 27448)
[2026-05-26 20:46:09] 💓 心跳正常 (PID: 27448)
[2026-05-26 20:46:19] 💓 心跳正常 (PID: 27448)
[2026-05-26 20:46:29] 💓 心跳正常 (PID: 27448)
[2026-05-26 20:46:39] 💓 心跳正常 (PID: 27448)
[2026-05-26 20:46:50] 💓 心跳正常 (PID: 27448)
[2026-05-26 20:47:00] 💓 心跳正常 (PID: 27448)
[2026-05-26 20:47:10] 💓 心跳正常 (PID: 27448)
[2026-05-26 20:47:21] 💓 心跳正常 (PID: 27448)
[2026-05-26 20:47:31] 💓 心跳正常 (PID: 27448)
[2026-05-26 20:47:41] 💓 心跳正常 (PID: 27448)
[2026-05-26 20:47:51] 💓 心跳正常 (PID: 27448)
[2026-05-26 20:48:02] 💓 心跳正常 (PID: 27448)
[2026-05-26 20:48:12] 💓 心跳正常 (PID: 27448)
[2026-05-26 20:48:22] 💓 心跳正常 (PID: 27448)
[2026-05-26 20:48:32] 💓 心跳正常 (PID: 27448)
[2026-05-26 20:48:43] 💓 心跳正常 (PID: 27448)
[2026-05-26 20:48:53] 💓 心跳正常 (PID: 27448)
[2026-05-26 20:49:03] 💓 心跳正常 (PID: 27448)
[2026-05-26 20:49:13] 💓 心跳正常 (PID: 27448)
[2026-05-26 20:49:23] 💓 心跳正常 (PID: 27448)
[2026-05-26 20:49:34] 💓 心跳正常 (PID: 27448)
[2026-05-26 20:49:44] 💓 心跳正常 (PID: 27448)
[2026-05-26 20:49:54] 💓 心跳正常 (PID: 27448)
[2026-05-26 20:50:05] 💓 心跳正常 (PID: 27448)
[2026-05-26 20:50:15] 💓 心跳正常 (PID: 27448)
[2026-05-26 20:50:25] 💓 心跳正常 (PID: 27448)
[2026-05-26 20:50:35] 💓 心跳正常 (PID: 27448)
[2026-05-26 20:50:46] 💓 心跳正常 (PID: 27448)
[2026-05-26 20:50:56] 💓 心跳正常 (PID: 27448)
[2026-05-26 20:51:06] 💓 心跳正常 (PID: 27448)
[2026-05-26 20:51:16] 💓 心跳正常 (PID: 27448)
[2026-05-26 20:51:26] 💓 心跳正常 (PID: 27448)
[2026-05-26 20:51:37] 💓 心跳正常 (PID: 27448)
[2026-05-26 20:51:47] 💓 心跳正常 (PID: 27448)
[2026-05-26 20:51:57] 💓 心跳正常 (PID: 27448)
[2026-05-26 20:52:08] 💓 心跳正常 (PID: 27448)
[2026-05-26 20:52:18] 💓 心跳正常 (PID: 27448)
[2026-05-26 20:52:28] 📁 交易日志 /root/.openclaw/logs/trading/monitor.log (4.1MB)，>10MB 时自动归档至 logs/trading/archive/
[2026-05-26 20:52:28] 💓 心跳正常 (PID: 27448)
[2026-05-26 20:52:39] 💓 心跳正常 (PID: 27448)
[2026-05-26 20:52:49] 💓 心跳正常 (PID: 27448)
[2026-05-26 20:52:59] 💓 心跳正常 (PID: 27448)
[2026-05-26 20:53:09] 💓 心跳正常 (PID: 27448)
[2026-05-26 20:53:20] 💓 心跳正常 (PID: 27448)
[2026-05-26 20:53:30] 💓 心跳正常 (PID: 27448)
[2026-05-26 20:53:40] 💓 心跳正常 (PID: 27448)
[2026-05-26 20:53:50] 💓 心跳正常 (PID: 27448)
[2026-05-26 20:54:01] 💓 心跳正常 (PID: 27448)
[2026-05-26 20:54:11] 💓 心跳正常 (PID: 27448)
[2026-05-26 20:54:21] 💓 心跳正常 (PID: 27448)
[2026-05-26 20:54:32] 💓 心跳正常 (PID: 27448)
[2026-05-26 20:54:42] 💓 心跳正常 (PID: 27448)
[2026-05-26 20:54:52] 💓 心跳正常 (PID: 27448)
[2026-05-26 20:55:03] 💓 心跳正常 (PID: 27448)
[2026-05-26 20:55:13] 💓 心跳正常 (PID: 27448)
[2026-05-26 20:55:23] 💓 心跳正常 (PID: 27448)
[2026-05-26 20:55:33] 💓 心跳正常 (PID: 27448)
[2026-05-26 20:55:44] 💓 心跳正常 (PID: 27448)
[2026-05-26 20:55:54] 💓 心跳正常 (PID: 27448)
[2026-05-26 20:56:04] 💓 心跳正常 (PID: 27448)
[2026-05-26 20:56:14] 💓 心跳正常 (PID: 27448)
[2026-05-26 20:56:25] 💓 心跳正常 (PID: 27448)
[2026-05-26 20:56:35] 💓 心跳正常 (PID: 27448)
[2026-05-26 20:56:45] 💓 心跳正常 (PID: 27448)
[2026-05-26 20:56:55] 💓 心跳正常 (PID: 27448)
[2026-05-26 20:57:05] 💓 心跳正常 (PID: 27448)
[2026-05-26 20:57:16] 💓 心跳正常 (PID: 27448)
[2026-05-26 20:57:26] 💓 心跳正常 (PID: 27448)
[2026-05-26 20:57:36] 💓 心跳正常 (PID: 27448)
[2026-05-26 20:57:46] 💓 心跳正常 (PID: 27448)
[2026-05-26 20:57:56] 💓 心跳正常 (PID: 27448)
[2026-05-26 20:58:07] 💓 心跳正常 (PID: 27448)
[2026-05-26 20:58:17] 💓 心跳正常 (PID: 27448)
[2026-05-26 20:58:27] 💓 心跳正常 (PID: 27448)
[2026-05-26 20:58:38] 💓 心跳正常 (PID: 27448)
[2026-05-26 20:58:48] 💓 心跳正常 (PID: 27448)
[2026-05-26 20:58:58] 💓 心跳正常 (PID: 27448)
[2026-05-26 20:59:08] 💓 心跳正常 (PID: 27448)
[2026-05-26 20:59:19] 💓 心跳正常 (PID: 27448)
[2026-05-26 20:59:29] 💓 心跳正常 (PID: 27448)
[2026-05-26 20:59:39] 💓 心跳正常 (PID: 27448)
[2026-05-26 20:59:50] 💓 心跳正常 (PID: 27448)
[2026-05-26 21:00:00] 💓 心跳正常 (PID: 27448)
[2026-05-26 21:00:10] 💓 心跳正常 (PID: 27448)
[2026-05-26 21:00:20] 💓 心跳正常 (PID: 27448)
[2026-05-26 21:00:31] 💓 心跳正常 (PID: 27448)
[2026-05-26 21:00:41] 💓 心跳正常 (PID: 27448)
[2026-05-26 21:00:51] 💓 心跳正常 (PID: 27448)
[2026-05-26 21:01:01] 💓 心跳正常 (PID: 27448)
[2026-05-26 21:01:11] 💓 心跳正常 (PID: 27448)
[2026-05-26 21:01:22] 💓 心跳正常 (PID: 27448)
[2026-05-26 21:01:32] 💓 心跳正常 (PID: 27448)
[2026-05-26 21:01:42] 💓 心跳正常 (PID: 27448)
[2026-05-26 21:01:53] 💓 心跳正常 (PID: 27448)
[2026-05-26 21:02:03] 💓 心跳正常 (PID: 27448)
[2026-05-26 21:02:13] 💓 心跳正常 (PID: 27448)
[2026-05-26 21:02:23] 💓 心跳正常 (PID: 27448)
[2026-05-26 21:02:34] 💓 心跳正常 (PID: 27448)
[2026-05-26 21:02:44] 💓 心跳正常 (PID: 27448)
[2026-05-26 21:02:54] 💓 心跳正常 (PID: 27448)
[2026-05-26 21:03:05] 💓 心跳正常 (PID: 27448)
[2026-05-26 21:03:15] 💓 心跳正常 (PID: 27448)
[2026-05-26 21:03:25] 💓 心跳正常 (PID: 27448)
[2026-05-26 21:03:35] 💓 心跳正常 (PID: 27448)
[2026-05-26 21:03:46] 💓 心跳正常 (PID: 27448)
[2026-05-26 21:03:56] 💓 心跳正常 (PID: 27448)
[2026-05-26 21:04:06] 💓 心跳正常 (PID: 27448)
[2026-05-26 21:04:16] 💓 心跳正常 (PID: 27448)
[2026-05-26 21:04:27] 💓 心跳正常 (PID: 27448)
[2026-05-26 21:04:37] 💓 心跳正常 (PID: 27448)
[2026-05-26 21:04:47] 💓 心跳正常 (PID: 27448)
[2026-05-26 21:04:58] 💓 心跳正常 (PID: 27448)
[2026-05-26 21:05:08] 💓 心跳正常 (PID: 27448)
[2026-05-26 21:05:18] 💓 心跳正常 (PID: 27448)
[2026-05-26 21:05:28] 💓 心跳正常 (PID: 27448)
[2026-05-26 21:05:38] 💓 心跳正常 (PID: 27448)
[2026-05-26 21:05:49] 💓 心跳正常 (PID: 27448)
[2026-05-26 21:05:59] 💓 心跳正常 (PID: 27448)
[2026-05-26 21:06:09] 💓 心跳正常 (PID: 27448)
[2026-05-26 21:06:20] 💓 心跳正常 (PID: 27448)
[2026-05-26 21:06:30] 💓 心跳正常 (PID: 27448)
[2026-05-26 21:06:40] 💓 心跳正常 (PID: 27448)
[2026-05-26 21:06:50] 💓 心跳正常 (PID: 27448)
[2026-05-26 21:07:01] 💓 心跳正常 (PID: 27448)
[2026-05-26 21:07:11] 💓 心跳正常 (PID: 27448)
[2026-05-26 21:07:21] 💓 心跳正常 (PID: 27448)
[2026-05-26 21:07:32] 💓 心跳正常 (PID: 27448)
[2026-05-26 21:07:42] 💓 心跳正常 (PID: 27448)
[2026-05-26 21:07:52] 💓 心跳正常 (PID: 27448)
[2026-05-26 21:08:02] 💓 心跳正常 (PID: 27448)
[2026-05-26 21:08:13] 💓 心跳正常 (PID: 27448)
[2026-05-26 21:08:23] 💓 心跳正常 (PID: 27448)
[2026-05-26 21:08:33] 💓 心跳正常 (PID: 27448)
[2026-05-26 21:08:43] 💓 心跳正常 (PID: 27448)
[2026-05-26 21:08:54] 💓 心跳正常 (PID: 27448)
[2026-05-26 21:09:04] 💓 心跳正常 (PID: 27448)
[2026-05-26 21:09:14] 💓 心跳正常 (PID: 27448)
[2026-05-26 21:09:24] 💓 心跳正常 (PID: 27448)
[2026-05-26 21:09:35] 💓 心跳正常 (PID: 27448)
[2026-05-26 21:09:45] 💓 心跳正常 (PID: 27448)
[2026-05-26 21:09:55] 💓 心跳正常 (PID: 27448)
[2026-05-26 21:10:05] 💓 心跳正常 (PID: 27448)
[2026-05-26 21:10:15] 💓 心跳正常 (PID: 27448)
[2026-05-26 21:10:26] 💓 心跳正常 (PID: 27448)
[2026-05-26 21:10:36] 💓 心跳正常 (PID: 27448)
[2026-05-26 21:10:46] 💓 心跳正常 (PID: 27448)
[2026-05-26 21:10:57] 💓 心跳正常 (PID: 27448)
[2026-05-26 21:11:07] 💓 心跳正常 (PID: 27448)
[2026-05-26 21:11:17] 💓 心跳正常 (PID: 27448)
[2026-05-26 21:11:27] 💓 心跳正常 (PID: 27448)
[2026-05-26 21:11:38] 💓 心跳正常 (PID: 27448)
[2026-05-26 21:11:48] 💓 心跳正常 (PID: 27448)
[2026-05-26 21:11:58] 💓 心跳正常 (PID: 27448)
[2026-05-26 21:12:09] 💓 心跳正常 (PID: 27448)
[2026-05-26 21:12:19] 💓 心跳正常 (PID: 27448)
[2026-05-26 21:12:29] 💓 心跳正常 (PID: 27448)
[2026-05-26 21:12:39] 💓 心跳正常 (PID: 27448)
[2026-05-26 21:12:49] 💓 心跳正常 (PID: 27448)
[2026-05-26 21:13:00] 💓 心跳正常 (PID: 27448)
[2026-05-26 21:13:10] 💓 心跳正常 (PID: 27448)
[2026-05-26 21:13:20] 💓 心跳正常 (PID: 27448)
[2026-05-26 21:13:31] 💓 心跳正常 (PID: 27448)
[2026-05-26 21:13:41] 💓 心跳正常 (PID: 27448)
[2026-05-26 21:13:51] 💓 心跳正常 (PID: 27448)
[2026-05-26 21:14:02] 💓 心跳正常 (PID: 27448)
[2026-05-26 21:14:12] 💓 心跳正常 (PID: 27448)
[2026-05-26 21:14:22] 💓 心跳正常 (PID: 27448)
[2026-05-26 21:14:32] 💓 心跳正常 (PID: 27448)
[2026-05-26 21:14:43] 💓 心跳正常 (PID: 27448)
[2026-05-26 21:14:53] 💓 心跳正常 (PID: 27448)
[2026-05-26 21:15:03] 💓 心跳正常 (PID: 27448)
[2026-05-26 21:15:13] 💓 心跳正常 (PID: 27448)
[2026-05-26 21:15:24] 💓 心跳正常 (PID: 27448)
[2026-05-26 21:15:34] 💓 心跳正常 (PID: 27448)
[2026-05-26 21:15:44] 💓 心跳正常 (PID: 27448)
[2026-05-26 21:15:55] 💓 心跳正常 (PID: 27448)
[2026-05-26 21:16:05] 💓 心跳正常 (PID: 27448)
[2026-05-26 21:16:15] 💓 心跳正常 (PID: 27448)
[2026-05-26 21:16:25] 💓 心跳正常 (PID: 27448)
[2026-05-26 21:16:35] 💓 心跳正常 (PID: 27448)
[2026-05-26 21:16:46] 💓 心跳正常 (PID: 27448)
[2026-05-26 21:16:56] 💓 心跳正常 (PID: 27448)
[2026-05-26 21:17:06] 💓 心跳正常 (PID: 27448)
[2026-05-26 21:17:17] 💓 心跳正常 (PID: 27448)
[2026-05-26 21:17:27] 💓 心跳正常 (PID: 27448)
[2026-05-26 21:17:37] 💓 心跳正常 (PID: 27448)
[2026-05-26 21:17:47] 💓 心跳正常 (PID: 27448)
[2026-05-26 21:17:58] 💓 心跳正常 (PID: 27448)
[2026-05-26 21:18:08] 💓 心跳正常 (PID: 27448)
[2026-05-26 21:18:18] 💓 心跳正常 (PID: 27448)
[2026-05-26 21:18:29] 💓 心跳正常 (PID: 27448)
[2026-05-26 21:18:39] 💓 心跳正常 (PID: 27448)
[2026-05-26 21:18:49] 💓 心跳正常 (PID: 27448)
[2026-05-26 21:19:00] 💓 心跳正常 (PID: 27448)
[2026-05-26 21:19:10] 💓 心跳正常 (PID: 27448)
[2026-05-26 21:19:20] 💓 心跳正常 (PID: 27448)
[2026-05-26 21:19:31] 💓 心跳正常 (PID: 27448)
[2026-05-26 21:19:41] 💓 心跳正常 (PID: 27448)
[2026-05-26 21:19:51] 💓 心跳正常 (PID: 27448)
[2026-05-26 21:20:01] 💓 心跳正常 (PID: 27448)
[2026-05-26 21:20:11] 💓 心跳正常 (PID: 27448)
[2026-05-26 21:20:22] 💓 心跳正常 (PID: 27448)
[2026-05-26 21:20:32] 💓 心跳正常 (PID: 27448)
[2026-05-26 21:20:42] 💓 心跳正常 (PID: 27448)
[2026-05-26 21:20:52] 💓 心跳正常 (PID: 27448)
[2026-05-26 21:21:03] 💓 心跳正常 (PID: 27448)
[2026-05-26 21:21:13] 💓 心跳正常 (PID: 27448)
[2026-05-26 21:21:23] 💓 心跳正常 (PID: 27448)
[2026-05-26 21:21:33] 💓 心跳正常 (PID: 27448)
[2026-05-26 21:21:44] 💓 心跳正常 (PID: 27448)
[2026-05-26 21:21:54] 💓 心跳正常 (PID: 27448)
[2026-05-26 21:22:04] 💓 心跳正常 (PID: 27448)
[2026-05-26 21:22:15] 💓 心跳正常 (PID: 27448)
[2026-05-26 21:22:25] 💓 心跳正常 (PID: 27448)
[2026-05-26 21:22:35] 💓 心跳正常 (PID: 27448)
[2026-05-26 21:22:45] 💓 心跳正常 (PID: 27448)
[2026-05-26 21:22:55] 💓 心跳正常 (PID: 27448)
[2026-05-26 21:23:05] 💓 心跳正常 (PID: 27448)
[2026-05-26 21:23:16] 💓 心跳正常 (PID: 27448)
[2026-05-26 21:23:26] 💓 心跳正常 (PID: 27448)
[2026-05-26 21:23:36] 💓 心跳正常 (PID: 27448)
[2026-05-26 21:23:47] 💓 心跳正常 (PID: 27448)
[2026-05-26 21:23:57] 💓 心跳正常 (PID: 27448)
[2026-05-26 21:24:07] 💓 心跳正常 (PID: 27448)
[2026-05-26 21:24:17] 💓 心跳正常 (PID: 27448)
[2026-05-26 21:24:28] 💓 心跳正常 (PID: 27448)
[2026-05-26 21:24:38] 💓 心跳正常 (PID: 27448)
[2026-05-26 21:24:48] 💓 心跳正常 (PID: 27448)
[2026-05-26 21:24:58] 💓 心跳正常 (PID: 27448)
[2026-05-26 21:25:09] 💓 心跳正常 (PID: 27448)
[2026-05-26 21:25:19] 💓 心跳正常 (PID: 27448)
[2026-05-26 21:25:29] 💓 心跳正常 (PID: 27448)
[2026-05-26 21:25:39] 💓 心跳正常 (PID: 27448)
[2026-05-26 21:25:49] 💓 心跳正常 (PID: 27448)
[2026-05-26 21:26:00] 💓 心跳正常 (PID: 27448)
[2026-05-26 21:26:10] 💓 心跳正常 (PID: 27448)
[2026-05-26 21:26:20] 💓 心跳正常 (PID: 27448)
[2026-05-26 21:26:30] 💓 心跳正常 (PID: 27448)
[2026-05-26 21:26:41] 💓 心跳正常 (PID: 27448)
[2026-05-26 21:26:51] 💓 心跳正常 (PID: 27448)
[2026-05-26 21:27:01] 💓 心跳正常 (PID: 27448)
[2026-05-26 21:27:11] 💓 心跳正常 (PID: 27448)
[2026-05-26 21:27:22] 💓 心跳正常 (PID: 27448)
[2026-05-26 21:27:32] 💓 心跳正常 (PID: 27448)
[2026-05-26 21:27:42] 💓 心跳正常 (PID: 27448)
[2026-05-26 21:27:52] 💓 心跳正常 (PID: 27448)
[2026-05-26 21:28:02] 💓 心跳正常 (PID: 27448)
[2026-05-26 21:28:13] 💓 心跳正常 (PID: 27448)
[2026-05-26 21:28:23] 💓 心跳正常 (PID: 27448)
[2026-05-26 21:28:33] 💓 心跳正常 (PID: 27448)
[2026-05-26 21:28:44] 💓 心跳正常 (PID: 27448)
[2026-05-26 21:28:54] 💓 心跳正常 (PID: 27448)
[2026-05-26 21:29:04] 💓 心跳正常 (PID: 27448)
[2026-05-26 21:29:14] 💓 心跳正常 (PID: 27448)
[2026-05-26 21:29:25] 💓 心跳正常 (PID: 27448)
[2026-05-26 21:29:35] 💓 心跳正常 (PID: 27448)
[2026-05-26 21:29:45] 💓 心跳正常 (PID: 27448)
[2026-05-26 21:29:56] 💓 心跳正常 (PID: 27448)
[2026-05-26 21:30:06] 💓 心跳正常 (PID: 27448)
[2026-05-26 21:30:16] 💓 心跳正常 (PID: 27448)
[2026-05-26 21:30:26] 💓 心跳正常 (PID: 27448)
[2026-05-26 21:30:37] 💓 心跳正常 (PID: 27448)
[2026-05-26 21:30:47] 💓 心跳正常 (PID: 27448)
[2026-05-26 21:30:57] 💓 心跳正常 (PID: 27448)
[2026-05-26 21:31:08] 💓 心跳正常 (PID: 27448)
[2026-05-26 21:31:18] 💓 心跳正常 (PID: 27448)
[2026-05-26 21:31:28] 💓 心跳正常 (PID: 27448)
[2026-05-26 21:31:39] 💓 心跳正常 (PID: 27448)
[2026-05-26 21:31:49] 💓 心跳正常 (PID: 27448)
[2026-05-26 21:31:59] 💓 心跳正常 (PID: 27448)
[2026-05-26 21:32:09] 💓 心跳正常 (PID: 27448)
[2026-05-26 21:32:20] 💓 心跳正常 (PID: 27448)
[2026-05-26 21:32:30] 💓 心跳正常 (PID: 27448)
[2026-05-26 21:32:40] 💓 心跳正常 (PID: 27448)
[2026-05-26 21:32:50] 💓 心跳正常 (PID: 27448)
[2026-05-26 21:33:01] 💓 心跳正常 (PID: 27448)
[2026-05-26 21:33:11] 💓 心跳正常 (PID: 27448)
[2026-05-26 21:33:21] 💓 心跳正常 (PID: 27448)
[2026-05-26 21:33:31] 💓 心跳正常 (PID: 27448)
[2026-05-26 21:33:42] 💓 心跳正常 (PID: 27448)
[2026-05-26 21:33:52] 💓 心跳正常 (PID: 27448)
[2026-05-26 21:34:02] 💓 心跳正常 (PID: 27448)
[2026-05-26 21:34:12] 💓 心跳正常 (PID: 27448)
[2026-05-26 21:34:23] 💓 心跳正常 (PID: 27448)
[2026-05-26 21:34:33] 💓 心跳正常 (PID: 27448)
[2026-05-26 21:34:43] 💓 心跳正常 (PID: 27448)
[2026-05-26 21:34:53] 💓 心跳正常 (PID: 27448)
[2026-05-26 21:35:04] 💓 心跳正常 (PID: 27448)
[2026-05-26 21:35:14] 💓 心跳正常 (PID: 27448)
[2026-05-26 21:35:24] 💓 心跳正常 (PID: 27448)
[2026-05-26 21:35:35] 💓 心跳正常 (PID: 27448)
[2026-05-26 21:35:45] 💓 心跳正常 (PID: 27448)
[2026-05-26 21:35:55] 💓 心跳正常 (PID: 27448)
[2026-05-26 21:36:05] 💓 心跳正常 (PID: 27448)
[2026-05-26 21:36:15] 💓 心跳正常 (PID: 27448)
[2026-05-26 21:36:26] 💓 心跳正常 (PID: 27448)
[2026-05-26 21:36:36] 💓 心跳正常 (PID: 27448)
[2026-05-26 21:36:46] 💓 心跳正常 (PID: 27448)
[2026-05-26 21:36:57] 💓 心跳正常 (PID: 27448)
[2026-05-26 21:37:07] 💓 心跳正常 (PID: 27448)
[2026-05-26 21:37:17] 💓 心跳正常 (PID: 27448)
[2026-05-26 21:37:28] 💓 心跳正常 (PID: 27448)
[2026-05-26 21:37:38] 💓 心跳正常 (PID: 27448)
[2026-05-26 21:37:48] 💓 心跳正常 (PID: 27448)
[2026-05-26 21:37:58] 💓 心跳正常 (PID: 27448)
[2026-05-26 21:38:09] 💓 心跳正常 (PID: 27448)
[2026-05-26 21:38:19] 💓 心跳正常 (PID: 27448)
[2026-05-26 21:38:29] 💓 心跳正常 (PID: 27448)
[2026-05-26 21:38:39] 💓 心跳正常 (PID: 27448)
[2026-05-26 21:38:50] 💓 心跳正常 (PID: 27448)
[2026-05-26 21:39:00] 💓 心跳正常 (PID: 27448)
[2026-05-26 21:39:10] 💓 心跳正常 (PID: 27448)
[2026-05-26 21:39:20] 💓 心跳正常 (PID: 27448)
[2026-05-26 21:39:31] 💓 心跳正常 (PID: 27448)
[2026-05-26 21:39:41] 💓 心跳正常 (PID: 27448)
[2026-05-26 21:39:51] 💓 心跳正常 (PID: 27448)
[2026-05-26 21:40:02] 💓 心跳正常 (PID: 27448)
[2026-05-26 21:40:12] 💓 心跳正常 (PID: 27448)
[2026-05-26 21:40:22] 💓 心跳正常 (PID: 27448)
[2026-05-26 21:40:32] 💓 心跳正常 (PID: 27448)
[2026-05-26 21:40:42] 💓 心跳正常 (PID: 27448)
[2026-05-26 21:40:53] 💓 心跳正常 (PID: 27448)
[2026-05-26 21:41:03] 💓 心跳正常 (PID: 27448)
[2026-05-26 21:41:13] 💓 心跳正常 (PID: 27448)
[2026-05-26 21:41:24] 💓 心跳正常 (PID: 27448)
[2026-05-26 21:41:34] 💓 心跳正常 (PID: 27448)
[2026-05-26 21:41:44] 💓 心跳正常 (PID: 27448)
[2026-05-26 21:41:54] 💓 心跳正常 (PID: 27448)
[2026-05-26 21:42:04] 💓 心跳正常 (PID: 27448)
[2026-05-26 21:42:15] 💓 心跳正常 (PID: 27448)
[2026-05-26 21:42:25] 💓 心跳正常 (PID: 27448)
[2026-05-26 21:42:35] 💓 心跳正常 (PID: 27448)
[2026-05-26 21:42:45] 💓 心跳正常 (PID: 27448)
[2026-05-26 21:42:56] 💓 心跳正常 (PID: 27448)
[2026-05-26 21:43:06] 💓 心跳正常 (PID: 27448)
[2026-05-26 21:43:16] 💓 心跳正常 (PID: 27448)
[2026-05-26 21:43:27] 💓 心跳正常 (PID: 27448)
[2026-05-26 21:43:37] 💓 心跳正常 (PID: 27448)
[2026-05-26 21:43:47] 💓 心跳正常 (PID: 27448)
[2026-05-26 21:43:57] 💓 心跳正常 (PID: 27448)
[2026-05-26 21:44:08] 💓 心跳正常 (PID: 27448)
[2026-05-26 21:44:18] 💓 心跳正常 (PID: 27448)
[2026-05-26 21:44:28] 💓 心跳正常 (PID: 27448)
[2026-05-26 21:44:38] 💓 心跳正常 (PID: 27448)
[2026-05-26 21:44:49] 💓 心跳正常 (PID: 27448)
[2026-05-26 21:44:59] 💓 心跳正常 (PID: 27448)
[2026-05-26 21:45:09] 💓 心跳正常 (PID: 27448)
[2026-05-26 21:45:20] 💓 心跳正常 (PID: 27448)
[2026-05-26 21:45:30] 💓 心跳正常 (PID: 27448)
[2026-05-26 21:45:40] 💓 心跳正常 (PID: 27448)
[2026-05-26 21:45:50] 💓 心跳正常 (PID: 27448)
[2026-05-26 21:46:00] 💓 心跳正常 (PID: 27448)
[2026-05-26 21:46:11] 💓 心跳正常 (PID: 27448)
[2026-05-26 21:46:21] 💓 心跳正常 (PID: 27448)
[2026-05-26 21:46:31] 💓 心跳正常 (PID: 27448)
[2026-05-26 21:46:41] 💓 心跳正常 (PID: 27448)
[2026-05-26 21:46:52] 💓 心跳正常 (PID: 27448)
[2026-05-26 21:47:02] 💓 心跳正常 (PID: 27448)
[2026-05-26 21:47:13] 💓 心跳正常 (PID: 27448)
[2026-05-26 21:47:23] 💓 心跳正常 (PID: 27448)
[2026-05-26 21:47:33] 💓 心跳正常 (PID: 27448)
[2026-05-26 21:47:43] 💓 心跳正常 (PID: 27448)
[2026-05-26 21:47:54] 💓 心跳正常 (PID: 27448)
[2026-05-26 21:48:04] 💓 心跳正常 (PID: 27448)
[2026-05-26 21:48:14] 💓 心跳正常 (PID: 27448)
[2026-05-26 21:48:24] 💓 心跳正常 (PID: 27448)
[2026-05-26 21:48:35] 💓 心跳正常 (PID: 27448)
[2026-05-26 21:48:45] 💓 心跳正常 (PID: 27448)
[2026-05-26 21:48:55] 💓 心跳正常 (PID: 27448)
[2026-05-26 21:49:05] 💓 心跳正常 (PID: 27448)
[2026-05-26 21:49:16] 💓 心跳正常 (PID: 27448)
[2026-05-26 21:49:26] 💓 心跳正常 (PID: 27448)
[2026-05-26 21:49:36] 💓 心跳正常 (PID: 27448)
[2026-05-26 21:49:46] 💓 心跳正常 (PID: 27448)
[2026-05-26 21:49:57] 💓 心跳正常 (PID: 27448)
[2026-05-26 21:50:07] 💓 心跳正常 (PID: 27448)
[2026-05-26 21:50:17] 💓 心跳正常 (PID: 27448)
[2026-05-26 21:50:27] 💓 心跳正常 (PID: 27448)
[2026-05-26 21:50:38] 💓 心跳正常 (PID: 27448)
[2026-05-26 21:50:48] 💓 心跳正常 (PID: 27448)
[2026-05-26 21:50:58] 💓 心跳正常 (PID: 27448)
[2026-05-26 21:51:09] 💓 心跳正常 (PID: 27448)
[2026-05-26 21:51:19] 💓 心跳正常 (PID: 27448)
[2026-05-26 21:51:29] 💓 心跳正常 (PID: 27448)
[2026-05-26 21:51:39] 💓 心跳正常 (PID: 27448)
[2026-05-26 21:51:50] 💓 心跳正常 (PID: 27448)
[2026-05-26 21:52:00] 💓 心跳正常 (PID: 27448)
[2026-05-26 21:52:10] 💓 心跳正常 (PID: 27448)
[2026-05-26 21:52:20] 💓 心跳正常 (PID: 27448)
[2026-05-26 21:52:31] 📁 交易日志 /root/.openclaw/logs/trading/monitor.log (4.1MB)，>10MB 时自动归档至 logs/trading/archive/
[2026-05-26 21:52:31] 💓 心跳正常 (PID: 27448)
[2026-05-26 21:52:41] 💓 心跳正常 (PID: 27448)
[2026-05-26 21:52:51] 💓 心跳正常 (PID: 27448)
[2026-05-26 21:53:02] 💓 心跳正常 (PID: 27448)
[2026-05-26 21:53:12] 💓 心跳正常 (PID: 27448)
[2026-05-26 21:53:22] 💓 心跳正常 (PID: 27448)
[2026-05-26 21:53:33] 💓 心跳正常 (PID: 27448)
[2026-05-26 21:53:43] 💓 心跳正常 (PID: 27448)
[2026-05-26 21:53:53] 💓 心跳正常 (PID: 27448)
[2026-05-26 21:54:04] 💓 心跳正常 (PID: 27448)
[2026-05-26 21:54:14] 💓 心跳正常 (PID: 27448)
[2026-05-26 21:54:24] 💓 心跳正常 (PID: 27448)
[2026-05-26 21:54:34] 💓 心跳正常 (PID: 27448)
[2026-05-26 21:54:45] 💓 心跳正常 (PID: 27448)
[2026-05-26 21:54:55] 💓 心跳正常 (PID: 27448)
[2026-05-26 21:55:05] 💓 心跳正常 (PID: 27448)
[2026-05-26 21:55:15] 💓 心跳正常 (PID: 27448)
[2026-05-26 21:55:26] 💓 心跳正常 (PID: 27448)
[2026-05-26 21:55:36] 💓 心跳正常 (PID: 27448)
[2026-05-26 21:55:46] 💓 心跳正常 (PID: 27448)
[2026-05-26 21:55:56] 💓 心跳正常 (PID: 27448)
[2026-05-26 21:56:07] 💓 心跳正常 (PID: 27448)
[2026-05-26 21:56:17] 💓 心跳正常 (PID: 27448)
[2026-05-26 21:56:27] 💓 心跳正常 (PID: 27448)
[2026-05-26 21:56:38] 💓 心跳正常 (PID: 27448)
[2026-05-26 21:56:48] 💓 心跳正常 (PID: 27448)
[2026-05-26 21:56:58] 💓 心跳正常 (PID: 27448)
[2026-05-26 21:57:08] 💓 心跳正常 (PID: 27448)
[2026-05-26 21:57:19] 💓 心跳正常 (PID: 27448)
[2026-05-26 21:57:29] 💓 心跳正常 (PID: 27448)
[2026-05-26 21:57:39] 💓 心跳正常 (PID: 27448)
[2026-05-26 21:57:50] 💓 心跳正常 (PID: 27448)
[2026-05-26 21:58:00] 💓 心跳正常 (PID: 27448)
[2026-05-26 21:58:10] 💓 心跳正常 (PID: 27448)
[2026-05-26 21:58:20] 💓 心跳正常 (PID: 27448)
[2026-05-26 21:58:30] 💓 心跳正常 (PID: 27448)
[2026-05-26 21:58:41] 💓 心跳正常 (PID: 27448)
[2026-05-26 21:58:51] 💓 心跳正常 (PID: 27448)
[2026-05-26 21:59:01] 💓 心跳正常 (PID: 27448)
[2026-05-26 21:59:11] 💓 心跳正常 (PID: 27448)
[2026-05-26 21:59:22] 💓 心跳正常 (PID: 27448)
[2026-05-26 21:59:32] 💓 心跳正常 (PID: 27448)
[2026-05-26 21:59:42] 💓 心跳正常 (PID: 27448)
[2026-05-26 21:59:52] 💓 心跳正常 (PID: 27448)
[2026-05-26 22:00:03] 💓 心跳正常 (PID: 27448)
[2026-05-26 22:00:13] 💓 心跳正常 (PID: 27448)
[2026-05-26 22:00:23] 💓 心跳正常 (PID: 27448)
[2026-05-26 22:00:34] 💓 心跳正常 (PID: 27448)
[2026-05-26 22:00:44] 💓 心跳正常 (PID: 27448)
[2026-05-26 22:00:54] 💓 心跳正常 (PID: 27448)
[2026-05-26 22:01:05] 💓 心跳正常 (PID: 27448)
[2026-05-26 22:01:15] 💓 心跳正常 (PID: 27448)
[2026-05-26 22:01:25] 💓 心跳正常 (PID: 27448)
[2026-05-26 22:01:35] 💓 心跳正常 (PID: 27448)
[2026-05-26 22:01:45] 💓 心跳正常 (PID: 27448)
[2026-05-26 22:01:56] 💓 心跳正常 (PID: 27448)
[2026-05-26 22:02:06] 💓 心跳正常 (PID: 27448)
[2026-05-26 22:02:16] 💓 心跳正常 (PID: 27448)
[2026-05-26 22:02:26] 💓 心跳正常 (PID: 27448)
[2026-05-26 22:02:36] 💓 心跳正常 (PID: 27448)
[2026-05-26 22:02:47] 💓 心跳正常 (PID: 27448)
[2026-05-26 22:02:57] 💓 心跳正常 (PID: 27448)
[2026-05-26 22:03:07] 💓 心跳正常 (PID: 27448)
[2026-05-26 22:03:17] 💓 心跳正常 (PID: 27448)
[2026-05-26 22:03:27] 💓 心跳正常 (PID: 27448)
[2026-05-26 22:03:38] 💓 心跳正常 (PID: 27448)
[2026-05-26 22:03:48] 💓 心跳正常 (PID: 27448)
[2026-05-26 22:03:58] 💓 心跳正常 (PID: 27448)
[2026-05-26 22:04:08] 💓 心跳正常 (PID: 27448)
[2026-05-26 22:04:18] 💓 心跳正常 (PID: 27448)
[2026-05-26 22:04:29] 💓 心跳正常 (PID: 27448)
[2026-05-26 22:04:39] 💓 心跳正常 (PID: 27448)
[2026-05-26 22:04:49] 💓 心跳正常 (PID: 27448)
[2026-05-26 22:04:59] 💓 心跳正常 (PID: 27448)
[2026-05-26 22:05:09] 💓 心跳正常 (PID: 27448)
[2026-05-26 22:05:20] 💓 心跳正常 (PID: 27448)
[2026-05-26 22:05:30] 💓 心跳正常 (PID: 27448)
[2026-05-26 22:05:40] 💓 心跳正常 (PID: 27448)
[2026-05-26 22:05:50] 💓 心跳正常 (PID: 27448)
[2026-05-26 22:06:01] 💓 心跳正常 (PID: 27448)
[2026-05-26 22:06:11] 💓 心跳正常 (PID: 27448)
[2026-05-26 22:06:21] 💓 心跳正常 (PID: 27448)
[2026-05-26 22:06:32] 💓 心跳正常 (PID: 27448)
[2026-05-26 22:06:42] 💓 心跳正常 (PID: 27448)
[2026-05-26 22:06:52] 💓 心跳正常 (PID: 27448)
[2026-05-26 22:07:02] 💓 心跳正常 (PID: 27448)
[2026-05-26 22:07:13] 💓 心跳正常 (PID: 27448)
[2026-05-26 22:07:23] 💓 心跳正常 (PID: 27448)
[2026-05-26 22:07:33] 💓 心跳正常 (PID: 27448)
[2026-05-26 22:07:43] 💓 心跳正常 (PID: 27448)
[2026-05-26 22:07:53] 💓 心跳正常 (PID: 27448)
[2026-05-26 22:08:04] 💓 心跳正常 (PID: 27448)
[2026-05-26 22:08:14] 💓 心跳正常 (PID: 27448)
[2026-05-26 22:08:24] 💓 心跳正常 (PID: 27448)
[2026-05-26 22:08:35] 💓 心跳正常 (PID: 27448)
[2026-05-26 22:08:45] 💓 心跳正常 (PID: 27448)
[2026-05-26 22:08:55] 💓 心跳正常 (PID: 27448)
[2026-05-26 22:09:06] 💓 心跳正常 (PID: 27448)
[2026-05-26 22:09:16] 💓 心跳正常 (PID: 27448)
[2026-05-26 22:09:26] 💓 心跳正常 (PID: 27448)
[2026-05-26 22:09:36] 💓 心跳正常 (PID: 27448)
[2026-05-26 22:09:47] 💓 心跳正常 (PID: 27448)
[2026-05-26 22:09:57] 💓 心跳正常 (PID: 27448)
[2026-05-26 22:10:07] 💓 心跳正常 (PID: 27448)
[2026-05-26 22:10:17] 💓 心跳正常 (PID: 27448)
[2026-05-26 22:10:28] 💓 心跳正常 (PID: 27448)
[2026-05-26 22:10:38] 💓 心跳正常 (PID: 27448)
[2026-05-26 22:10:48] 💓 心跳正常 (PID: 27448)
[2026-05-26 22:10:59] 💓 心跳正常 (PID: 27448)
[2026-05-26 22:11:09] 💓 心跳正常 (PID: 27448)
[2026-05-26 22:11:19] 💓 心跳正常 (PID: 27448)
[2026-05-26 22:11:30] 💓 心跳正常 (PID: 27448)
[2026-05-26 22:11:40] 💓 心跳正常 (PID: 27448)
[2026-05-26 22:11:50] 💓 心跳正常 (PID: 27448)
[2026-05-26 22:12:00] 💓 心跳正常 (PID: 27448)
[2026-05-26 22:12:11] 💓 心跳正常 (PID: 27448)
[2026-05-26 22:12:21] 💓 心跳正常 (PID: 27448)
[2026-05-26 22:12:31] 💓 心跳正常 (PID: 27448)
[2026-05-26 22:12:41] 💓 心跳正常 (PID: 27448)
[2026-05-26 22:12:52] 💓 心跳正常 (PID: 27448)
[2026-05-26 22:13:02] 💓 心跳正常 (PID: 27448)
[2026-05-26 22:13:12] 💓 心跳正常 (PID: 27448)
[2026-05-26 22:13:22] 💓 心跳正常 (PID: 27448)
[2026-05-26 22:13:33] 💓 心跳正常 (PID: 27448)
[2026-05-26 22:13:43] 💓 心跳正常 (PID: 27448)
[2026-05-26 22:13:53] 💓 心跳正常 (PID: 27448)
[2026-05-26 22:14:04] 💓 心跳正常 (PID: 27448)
[2026-05-26 22:14:14] 💓 心跳正常 (PID: 27448)
[2026-05-26 22:14:24] 💓 心跳正常 (PID: 27448)
[2026-05-26 22:14:35] 💓 心跳正常 (PID: 27448)
[2026-05-26 22:14:45] 💓 心跳正常 (PID: 27448)
[2026-05-26 22:14:55] 💓 心跳正常 (PID: 27448)
[2026-05-26 22:15:06] 💓 心跳正常 (PID: 27448)
[2026-05-26 22:15:16] 💓 心跳正常 (PID: 27448)
[2026-05-26 22:15:26] 💓 心跳正常 (PID: 27448)
[2026-05-26 22:15:37] 💓 心跳正常 (PID: 27448)
[2026-05-26 22:15:47] 💓 心跳正常 (PID: 27448)
[2026-05-26 22:15:57] 💓 心跳正常 (PID: 27448)
[2026-05-26 22:16:07] 💓 心跳正常 (PID: 27448)
[2026-05-26 22:16:17] 💓 心跳正常 (PID: 27448)
[2026-05-26 22:16:28] 💓 心跳正常 (PID: 27448)
[2026-05-26 22:16:38] 💓 心跳正常 (PID: 27448)
[2026-05-26 22:16:48] 💓 心跳正常 (PID: 27448)
[2026-05-26 22:16:58] 💓 心跳正常 (PID: 27448)
[2026-05-26 22:17:08] 💓 心跳正常 (PID: 27448)
[2026-05-26 22:17:19] 💓 心跳正常 (PID: 27448)
[2026-05-26 22:17:29] 💓 心跳正常 (PID: 27448)
[2026-05-26 22:17:39] 💓 心跳正常 (PID: 27448)
[2026-05-26 22:17:50] 💓 心跳正常 (PID: 27448)
[2026-05-26 22:18:00] 💓 心跳正常 (PID: 27448)
[2026-05-26 22:18:10] 💓 心跳正常 (PID: 27448)
[2026-05-26 22:18:21] 💓 心跳正常 (PID: 27448)
[2026-05-26 22:18:31] 💓 心跳正常 (PID: 27448)
[2026-05-26 22:18:41] 💓 心跳正常 (PID: 27448)
[2026-05-26 22:18:52] 💓 心跳正常 (PID: 27448)
[2026-05-26 22:19:02] 💓 心跳正常 (PID: 27448)
[2026-05-26 22:19:12] 💓 心跳正常 (PID: 27448)
[2026-05-26 22:19:22] 💓 心跳正常 (PID: 27448)
[2026-05-26 22:19:33] 💓 心跳正常 (PID: 27448)
[2026-05-26 22:19:43] 💓 心跳正常 (PID: 27448)
[2026-05-26 22:19:53] 💓 心跳正常 (PID: 27448)
[2026-05-26 22:20:04] 💓 心跳正常 (PID: 27448)
[2026-05-26 22:20:14] 💓 心跳正常 (PID: 27448)
[2026-05-26 22:20:24] 💓 心跳正常 (PID: 27448)
[2026-05-26 22:20:34] 💓 心跳正常 (PID: 27448)
[2026-05-26 22:20:45] 💓 心跳正常 (PID: 27448)
[2026-05-26 22:20:55] 💓 心跳正常 (PID: 27448)
[2026-05-26 22:21:05] 💓 心跳正常 (PID: 27448)
[2026-05-26 22:21:15] 💓 心跳正常 (PID: 27448)
[2026-05-26 22:21:26] 💓 心跳正常 (PID: 27448)
[2026-05-26 22:21:36] 💓 心跳正常 (PID: 27448)
[2026-05-26 22:21:46] 💓 心跳正常 (PID: 27448)
[2026-05-26 22:21:56] 💓 心跳正常 (PID: 27448)
[2026-05-26 22:22:07] 💓 心跳正常 (PID: 27448)
[2026-05-26 22:22:17] 💓 心跳正常 (PID: 27448)
[2026-05-26 22:22:27] 💓 心跳正常 (PID: 27448)
[2026-05-26 22:22:38] 💓 心跳正常 (PID: 27448)
[2026-05-26 22:22:48] 💓 心跳正常 (PID: 27448)
[2026-05-26 22:22:58] 💓 心跳正常 (PID: 27448)
[2026-05-26 22:23:09] 💓 心跳正常 (PID: 27448)
[2026-05-26 22:23:19] 💓 心跳正常 (PID: 27448)
[2026-05-26 22:23:29] 💓 心跳正常 (PID: 27448)
[2026-05-26 22:23:39] 💓 心跳正常 (PID: 27448)
[2026-05-26 22:23:50] 💓 心跳正常 (PID: 27448)
[2026-05-26 22:24:00] 💓 心跳正常 (PID: 27448)
[2026-05-26 22:24:10] 💓 心跳正常 (PID: 27448)
[2026-05-26 22:24:21] 💓 心跳正常 (PID: 27448)
[2026-05-26 22:24:31] 💓 心跳正常 (PID: 27448)
[2026-05-26 22:24:41] 💓 心跳正常 (PID: 27448)
[2026-05-26 22:24:51] 💓 心跳正常 (PID: 27448)
[2026-05-26 22:25:01] 💓 心跳正常 (PID: 27448)
[2026-05-26 22:25:12] 💓 心跳正常 (PID: 27448)
[2026-05-26 22:25:22] 💓 心跳正常 (PID: 27448)
[2026-05-26 22:25:32] 💓 心跳正常 (PID: 27448)
[2026-05-26 22:25:42] 💓 心跳正常 (PID: 27448)
[2026-05-26 22:25:52] 💓 心跳正常 (PID: 27448)
[2026-05-26 22:26:03] 💓 心跳正常 (PID: 27448)
[2026-05-26 22:26:13] 💓 心跳正常 (PID: 27448)
[2026-05-26 22:26:23] 💓 心跳正常 (PID: 27448)
[2026-05-26 22:26:34] 💓 心跳正常 (PID: 27448)
[2026-05-26 22:26:44] 💓 心跳正常 (PID: 27448)
[2026-05-26 22:26:54] 💓 心跳正常 (PID: 27448)
[2026-05-26 22:27:04] 💓 心跳正常 (PID: 27448)
[2026-05-26 22:27:15] 💓 心跳正常 (PID: 27448)
[2026-05-26 22:27:25] 💓 心跳正常 (PID: 27448)
[2026-05-26 22:27:35] 💓 心跳正常 (PID: 27448)
[2026-05-26 22:27:45] 💓 心跳正常 (PID: 27448)
[2026-05-26 22:27:56] 💓 心跳正常 (PID: 27448)
[2026-05-26 22:28:06] 💓 心跳正常 (PID: 27448)
[2026-05-26 22:28:16] 💓 心跳正常 (PID: 27448)
[2026-05-26 22:28:27] 💓 心跳正常 (PID: 27448)
[2026-05-26 22:28:37] 💓 心跳正常 (PID: 27448)
[2026-05-26 22:28:48] 💓 心跳正常 (PID: 27448)
[2026-05-26 22:28:58] 💓 心跳正常 (PID: 27448)
[2026-05-26 22:29:08] 💓 心跳正常 (PID: 27448)
[2026-05-26 22:29:18] 💓 心跳正常 (PID: 27448)
[2026-05-26 22:29:28] 💓 心跳正常 (PID: 27448)
[2026-05-26 22:29:39] 💓 心跳正常 (PID: 27448)
[2026-05-26 22:29:49] 💓 心跳正常 (PID: 27448)
[2026-05-26 22:29:59] 💓 心跳正常 (PID: 27448)
[2026-05-26 22:30:10] 💓 心跳正常 (PID: 27448)
[2026-05-26 22:30:20] 💓 心跳正常 (PID: 27448)
[2026-05-26 22:30:30] 💓 心跳正常 (PID: 27448)
[2026-05-26 22:30:40] 💓 心跳正常 (PID: 27448)
[2026-05-26 22:30:51] 💓 心跳正常 (PID: 27448)
[2026-05-26 22:31:01] 💓 心跳正常 (PID: 27448)
[2026-05-26 22:31:11] 💓 心跳正常 (PID: 27448)
[2026-05-26 22:31:21] 💓 心跳正常 (PID: 27448)
[2026-05-26 22:31:32] 💓 心跳正常 (PID: 27448)
[2026-05-26 22:31:42] 💓 心跳正常 (PID: 27448)
[2026-05-26 22:31:52] 💓 心跳正常 (PID: 27448)
[2026-05-26 22:32:02] 💓 心跳正常 (PID: 27448)
[2026-05-26 22:32:13] 💓 心跳正常 (PID: 27448)
[2026-05-26 22:32:23] 💓 心跳正常 (PID: 27448)
[2026-05-26 22:32:33] 💓 心跳正常 (PID: 27448)
[2026-05-26 22:32:43] 💓 心跳正常 (PID: 27448)
[2026-05-26 22:32:54] 💓 心跳正常 (PID: 27448)
[2026-05-26 22:33:04] 💓 心跳正常 (PID: 27448)
[2026-05-26 22:33:14] 💓 心跳正常 (PID: 27448)
[2026-05-26 22:33:25] 💓 心跳正常 (PID: 27448)
[2026-05-26 22:33:35] 💓 心跳正常 (PID: 27448)
[2026-05-26 22:33:45] 💓 心跳正常 (PID: 27448)
[2026-05-26 22:33:55] 💓 心跳正常 (PID: 27448)
[2026-05-26 22:34:05] 💓 心跳正常 (PID: 27448)
[2026-05-26 22:34:15] 💓 心跳正常 (PID: 27448)
[2026-05-26 22:34:26] 💓 心跳正常 (PID: 27448)
[2026-05-26 22:34:36] 💓 心跳正常 (PID: 27448)
[2026-05-26 22:34:46] 💓 心跳正常 (PID: 27448)
[2026-05-26 22:34:57] 💓 心跳正常 (PID: 27448)
[2026-05-26 22:35:07] 💓 心跳正常 (PID: 27448)
[2026-05-26 22:35:17] 💓 心跳正常 (PID: 27448)
[2026-05-26 22:35:27] 💓 心跳正常 (PID: 27448)
[2026-05-26 22:35:38] 💓 心跳正常 (PID: 27448)
[2026-05-26 22:35:48] 💓 心跳正常 (PID: 27448)
[2026-05-26 22:35:58] 💓 心跳正常 (PID: 27448)
[2026-05-26 22:36:08] 💓 心跳正常 (PID: 27448)
[2026-05-26 22:36:19] 💓 心跳正常 (PID: 27448)
[2026-05-26 22:36:29] 💓 心跳正常 (PID: 27448)
[2026-05-26 22:36:39] 💓 心跳正常 (PID: 27448)
[2026-05-26 22:36:50] 💓 心跳正常 (PID: 27448)
[2026-05-26 22:37:00] 💓 心跳正常 (PID: 27448)
[2026-05-26 22:37:10] 💓 心跳正常 (PID: 27448)
[2026-05-26 22:37:20] 💓 心跳正常 (PID: 27448)
[2026-05-26 22:37:31] 💓 心跳正常 (PID: 27448)
[2026-05-26 22:37:41] 💓 心跳正常 (PID: 27448)
[2026-05-26 22:37:51] 💓 心跳正常 (PID: 27448)
[2026-05-26 22:38:01] 💓 心跳正常 (PID: 27448)
[2026-05-26 22:38:12] 💓 心跳正常 (PID: 27448)
[2026-05-26 22:38:22] 💓 心跳正常 (PID: 27448)
[2026-05-26 22:38:32] 💓 心跳正常 (PID: 27448)
[2026-05-26 22:38:42] 💓 心跳正常 (PID: 27448)
[2026-05-26 22:38:53] 💓 心跳正常 (PID: 27448)
[2026-05-26 22:39:03] 💓 心跳正常 (PID: 27448)
[2026-05-26 22:39:13] 💓 心跳正常 (PID: 27448)
[2026-05-26 22:39:24] 💓 心跳正常 (PID: 27448)
[2026-05-26 22:39:34] 💓 心跳正常 (PID: 27448)
[2026-05-26 22:39:44] 💓 心跳正常 (PID: 27448)
[2026-05-26 22:39:55] 💓 心跳正常 (PID: 27448)
[2026-05-26 22:40:05] 💓 心跳正常 (PID: 27448)
[2026-05-26 22:40:15] 💓 心跳正常 (PID: 27448)
[2026-05-26 22:40:26] 💓 心跳正常 (PID: 27448)
[2026-05-26 22:40:36] 💓 心跳正常 (PID: 27448)
[2026-05-26 22:40:46] 💓 心跳正常 (PID: 27448)
[2026-05-26 22:40:56] 💓 心跳正常 (PID: 27448)
[2026-05-26 22:41:07] 💓 心跳正常 (PID: 27448)
[2026-05-26 22:41:17] 💓 心跳正常 (PID: 27448)
[2026-05-26 22:41:27] 💓 心跳正常 (PID: 27448)
[2026-05-26 22:41:38] 💓 心跳正常 (PID: 27448)
[2026-05-26 22:41:48] 💓 心跳正常 (PID: 27448)
[2026-05-26 22:41:58] 💓 心跳正常 (PID: 27448)
[2026-05-26 22:42:08] 💓 心跳正常 (PID: 27448)
[2026-05-26 22:42:19] 💓 心跳正常 (PID: 27448)
[2026-05-26 22:42:29] 💓 心跳正常 (PID: 27448)
[2026-05-26 22:42:39] 💓 心跳正常 (PID: 27448)
[2026-05-26 22:42:49] 💓 心跳正常 (PID: 27448)
[2026-05-26 22:43:00] 💓 心跳正常 (PID: 27448)
[2026-05-26 22:43:10] 💓 心跳正常 (PID: 27448)
[2026-05-26 22:43:20] 💓 心跳正常 (PID: 27448)
[2026-05-26 22:43:31] 💓 心跳正常 (PID: 27448)
[2026-05-26 22:43:41] 💓 心跳正常 (PID: 27448)
[2026-05-26 22:43:51] 💓 心跳正常 (PID: 27448)
[2026-05-26 22:44:02] 💓 心跳正常 (PID: 27448)
[2026-05-26 22:44:12] 💓 心跳正常 (PID: 27448)
[2026-05-26 22:44:22] 💓 心跳正常 (PID: 27448)
[2026-05-26 22:44:32] 💓 心跳正常 (PID: 27448)
[2026-05-26 22:44:42] 💓 心跳正常 (PID: 27448)
[2026-05-26 22:44:52] 💓 心跳正常 (PID: 27448)
[2026-05-26 22:45:03] 💓 心跳正常 (PID: 27448)
[2026-05-26 22:45:13] 💓 心跳正常 (PID: 27448)
[2026-05-26 22:45:23] 💓 心跳正常 (PID: 27448)
[2026-05-26 22:45:34] 💓 心跳正常 (PID: 27448)
[2026-05-26 22:45:44] 💓 心跳正常 (PID: 27448)
[2026-05-26 22:45:54] 💓 心跳正常 (PID: 27448)
[2026-05-26 22:46:04] 💓 心跳正常 (PID: 27448)
[2026-05-26 22:46:15] 💓 心跳正常 (PID: 27448)
[2026-05-26 22:46:25] 💓 心跳正常 (PID: 27448)
[2026-05-26 22:46:35] 💓 心跳正常 (PID: 27448)
[2026-05-26 22:46:46] 💓 心跳正常 (PID: 27448)
[2026-05-26 22:46:56] 💓 心跳正常 (PID: 27448)
[2026-05-26 22:47:06] 💓 心跳正常 (PID: 27448)
[2026-05-26 22:47:16] 💓 心跳正常 (PID: 27448)
[2026-05-26 22:47:27] 💓 心跳正常 (PID: 27448)
[2026-05-26 22:47:37] 💓 心跳正常 (PID: 27448)
[2026-05-26 22:47:47] 💓 心跳正常 (PID: 27448)
[2026-05-26 22:47:57] 💓 心跳正常 (PID: 27448)
[2026-05-26 22:48:08] 💓 心跳正常 (PID: 27448)
[2026-05-26 22:48:18] 💓 心跳正常 (PID: 27448)
[2026-05-26 22:48:28] 💓 心跳正常 (PID: 27448)
[2026-05-26 22:48:38] 💓 心跳正常 (PID: 27448)
[2026-05-26 22:48:48] 💓 心跳正常 (PID: 27448)
[2026-05-26 22:48:59] 💓 心跳正常 (PID: 27448)
[2026-05-26 22:49:09] 💓 心跳正常 (PID: 27448)
[2026-05-26 22:49:20] 💓 心跳正常 (PID: 27448)
[2026-05-26 22:49:30] 💓 心跳正常 (PID: 27448)
[2026-05-26 22:49:40] 💓 心跳正常 (PID: 27448)
[2026-05-26 22:49:50] 💓 心跳正常 (PID: 27448)
[2026-05-26 22:50:00] 💓 心跳正常 (PID: 27448)
[2026-05-26 22:50:11] 💓 心跳正常 (PID: 27448)
[2026-05-26 22:50:21] 💓 心跳正常 (PID: 27448)
[2026-05-26 22:50:31] 💓 心跳正常 (PID: 27448)
[2026-05-26 22:50:42] 💓 心跳正常 (PID: 27448)
[2026-05-26 22:50:52] 💓 心跳正常 (PID: 27448)
[2026-05-26 22:51:02] 💓 心跳正常 (PID: 27448)
[2026-05-26 22:51:13] 💓 心跳正常 (PID: 27448)
[2026-05-26 22:51:23] 💓 心跳正常 (PID: 27448)
[2026-05-26 22:51:33] 💓 心跳正常 (PID: 27448)
[2026-05-26 22:51:44] 💓 心跳正常 (PID: 27448)
[2026-05-26 22:51:54] 💓 心跳正常 (PID: 27448)
[2026-05-26 22:52:04] 💓 心跳正常 (PID: 27448)
[2026-05-26 22:52:14] 💓 心跳正常 (PID: 27448)
[2026-05-26 22:52:25] 💓 心跳正常 (PID: 27448)
[2026-05-26 22:52:35] 📁 交易日志 /root/.openclaw/logs/trading/monitor.log (4.2MB)，>10MB 时自动归档至 logs/trading/archive/
[2026-05-26 22:52:35] 💓 心跳正常 (PID: 27448)
[2026-05-26 22:52:45] 💓 心跳正常 (PID: 27448)
[2026-05-26 22:52:55] 💓 心跳正常 (PID: 27448)
[2026-05-26 22:53:06] 💓 心跳正常 (PID: 27448)
[2026-05-26 22:53:16] 💓 心跳正常 (PID: 27448)
[2026-05-26 22:53:26] 💓 心跳正常 (PID: 27448)
[2026-05-26 22:53:37] 💓 心跳正常 (PID: 27448)
[2026-05-26 22:53:47] 💓 心跳正常 (PID: 27448)
[2026-05-26 22:53:57] 💓 心跳正常 (PID: 27448)
[2026-05-26 22:54:07] 💓 心跳正常 (PID: 27448)
[2026-05-26 22:54:18] 💓 心跳正常 (PID: 27448)
[2026-05-26 22:54:28] 💓 心跳正常 (PID: 27448)
[2026-05-26 22:54:38] 💓 心跳正常 (PID: 27448)
[2026-05-26 22:54:49] 💓 心跳正常 (PID: 27448)
[2026-05-26 22:54:59] 💓 心跳正常 (PID: 27448)
[2026-05-26 22:55:09] 💓 心跳正常 (PID: 27448)
[2026-05-26 22:55:20] 💓 心跳正常 (PID: 27448)
[2026-05-26 22:55:30] 💓 心跳正常 (PID: 27448)
[2026-05-26 22:55:40] 💓 心跳正常 (PID: 27448)
[2026-05-26 22:55:50] 💓 心跳正常 (PID: 27448)
[2026-05-26 22:56:01] 💓 心跳正常 (PID: 27448)
[2026-05-26 22:56:11] 💓 心跳正常 (PID: 27448)
[2026-05-26 22:56:21] 💓 心跳正常 (PID: 27448)
[2026-05-26 22:56:31] 💓 心跳正常 (PID: 27448)
[2026-05-26 22:56:41] 💓 心跳正常 (PID: 27448)
[2026-05-26 22:56:52] 💓 心跳正常 (PID: 27448)
[2026-05-26 22:57:02] 💓 心跳正常 (PID: 27448)
[2026-05-26 22:57:12] 💓 心跳正常 (PID: 27448)
[2026-05-26 22:57:23] 💓 心跳正常 (PID: 27448)
[2026-05-26 22:57:33] 💓 心跳正常 (PID: 27448)
[2026-05-26 22:57:43] 💓 心跳正常 (PID: 27448)
[2026-05-26 22:57:54] 💓 心跳正常 (PID: 27448)
[2026-05-26 22:58:04] 💓 心跳正常 (PID: 27448)
[2026-05-26 22:58:14] 💓 心跳正常 (PID: 27448)
[2026-05-26 22:58:25] 💓 心跳正常 (PID: 27448)
[2026-05-26 22:58:35] 💓 心跳正常 (PID: 27448)
[2026-05-26 22:58:45] 💓 心跳正常 (PID: 27448)
[2026-05-26 22:58:55] 💓 心跳正常 (PID: 27448)
[2026-05-26 22:59:06] 💓 心跳正常 (PID: 27448)
[2026-05-26 22:59:16] 💓 心跳正常 (PID: 27448)
[2026-05-26 22:59:26] 💓 心跳正常 (PID: 27448)
[2026-05-26 22:59:37] 💓 心跳正常 (PID: 27448)
[2026-05-26 22:59:47] 💓 心跳正常 (PID: 27448)
[2026-05-26 22:59:57] 💓 心跳正常 (PID: 27448)
[2026-05-26 23:00:08] 💓 心跳正常 (PID: 27448)
[2026-05-26 23:00:18] 💓 心跳正常 (PID: 27448)
[2026-05-26 23:00:28] 💓 心跳正常 (PID: 27448)
[2026-05-26 23:00:38] 💓 心跳正常 (PID: 27448)
[2026-05-26 23:00:49] 💓 心跳正常 (PID: 27448)
[2026-05-26 23:00:59] 💓 心跳正常 (PID: 27448)
[2026-05-26 23:01:09] 💓 心跳正常 (PID: 27448)
[2026-05-26 23:01:19] 💓 心跳正常 (PID: 27448)
[2026-05-26 23:01:30] 💓 心跳正常 (PID: 27448)
[2026-05-26 23:01:40] 💓 心跳正常 (PID: 27448)
[2026-05-26 23:01:50] 💓 心跳正常 (PID: 27448)
[2026-05-26 23:02:00] 💓 心跳正常 (PID: 27448)
[2026-05-26 23:02:11] 💓 心跳正常 (PID: 27448)
[2026-05-26 23:02:21] 💓 心跳正常 (PID: 27448)
[2026-05-26 23:02:31] 💓 心跳正常 (PID: 27448)
[2026-05-26 23:02:41] 💓 心跳正常 (PID: 27448)
[2026-05-26 23:02:52] 💓 心跳正常 (PID: 27448)
[2026-05-26 23:03:02] 💓 心跳正常 (PID: 27448)
[2026-05-26 23:03:12] 💓 心跳正常 (PID: 27448)
[2026-05-26 23:03:22] 💓 心跳正常 (PID: 27448)
[2026-05-26 23:03:33] 💓 心跳正常 (PID: 27448)
[2026-05-26 23:03:43] 💓 心跳正常 (PID: 27448)
[2026-05-26 23:03:53] 💓 心跳正常 (PID: 27448)
[2026-05-26 23:04:04] 💓 心跳正常 (PID: 27448)
[2026-05-26 23:04:14] 💓 心跳正常 (PID: 27448)
[2026-05-26 23:04:24] 💓 心跳正常 (PID: 27448)
[2026-05-26 23:04:34] 💓 心跳正常 (PID: 27448)
[2026-05-26 23:04:45] 💓 心跳正常 (PID: 27448)
[2026-05-26 23:04:55] 💓 心跳正常 (PID: 27448)
[2026-05-26 23:05:05] 💓 心跳正常 (PID: 27448)
[2026-05-26 23:05:15] 💓 心跳正常 (PID: 27448)
[2026-05-26 23:05:26] 💓 心跳正常 (PID: 27448)
[2026-05-26 23:05:36] 💓 心跳正常 (PID: 27448)
[2026-05-26 23:05:46] 💓 心跳正常 (PID: 27448)
[2026-05-26 23:05:56] 💓 心跳正常 (PID: 27448)
[2026-05-26 23:06:07] 💓 心跳正常 (PID: 27448)
[2026-05-26 23:06:17] 💓 心跳正常 (PID: 27448)
[2026-05-26 23:06:27] 💓 心跳正常 (PID: 27448)
[2026-05-26 23:06:37] 💓 心跳正常 (PID: 27448)
[2026-05-26 23:06:48] 💓 心跳正常 (PID: 27448)
[2026-05-26 23:06:58] 💓 心跳正常 (PID: 27448)
[2026-05-26 23:07:08] 💓 心跳正常 (PID: 27448)
[2026-05-26 23:07:19] 💓 心跳正常 (PID: 27448)
[2026-05-26 23:07:29] 💓 心跳正常 (PID: 27448)
[2026-05-26 23:07:39] 💓 心跳正常 (PID: 27448)
[2026-05-26 23:07:50] 💓 心跳正常 (PID: 27448)
[2026-05-26 23:08:00] 💓 心跳正常 (PID: 27448)
[2026-05-26 23:08:10] 💓 心跳正常 (PID: 27448)
[2026-05-26 23:08:20] 💓 心跳正常 (PID: 27448)
[2026-05-26 23:08:31] 💓 心跳正常 (PID: 27448)
[2026-05-26 23:08:41] 💓 心跳正常 (PID: 27448)
[2026-05-26 23:08:51] 💓 心跳正常 (PID: 27448)
[2026-05-26 23:09:01] 💓 心跳正常 (PID: 27448)
[2026-05-26 23:09:11] 💓 心跳正常 (PID: 27448)
[2026-05-26 23:09:22] 💓 心跳正常 (PID: 27448)
[2026-05-26 23:09:32] 💓 心跳正常 (PID: 27448)
[2026-05-26 23:09:42] 💓 心跳正常 (PID: 27448)
[2026-05-26 23:09:52] 💓 心跳正常 (PID: 27448)
[2026-05-26 23:10:03] 💓 心跳正常 (PID: 27448)
[2026-05-26 23:10:13] 💓 心跳正常 (PID: 27448)
[2026-05-26 23:10:23] 💓 心跳正常 (PID: 27448)
[2026-05-26 23:10:33] 💓 心跳正常 (PID: 27448)
[2026-05-26 23:10:44] 💓 心跳正常 (PID: 27448)
[2026-05-26 23:10:54] 💓 心跳正常 (PID: 27448)
[2026-05-26 23:11:04] 💓 心跳正常 (PID: 27448)
[2026-05-26 23:11:14] 💓 心跳正常 (PID: 27448)
[2026-05-26 23:11:25] 💓 心跳正常 (PID: 27448)
[2026-05-26 23:11:35] 💓 心跳正常 (PID: 27448)
[2026-05-26 23:11:45] 💓 心跳正常 (PID: 27448)
[2026-05-26 23:11:55] 💓 心跳正常 (PID: 27448)
[2026-05-26 23:12:06] 💓 心跳正常 (PID: 27448)
[2026-05-26 23:12:16] 💓 心跳正常 (PID: 27448)
[2026-05-26 23:12:26] 💓 心跳正常 (PID: 27448)
[2026-05-26 23:12:37] 💓 心跳正常 (PID: 27448)
[2026-05-26 23:12:47] 💓 心跳正常 (PID: 27448)
[2026-05-26 23:12:57] 💓 心跳正常 (PID: 27448)
[2026-05-26 23:13:08] 💓 心跳正常 (PID: 27448)
[2026-05-26 23:13:18] 💓 心跳正常 (PID: 27448)
[2026-05-26 23:13:28] 💓 心跳正常 (PID: 27448)
[2026-05-26 23:13:39] 💓 心跳正常 (PID: 27448)
[2026-05-26 23:13:49] 💓 心跳正常 (PID: 27448)
[2026-05-26 23:13:59] 💓 心跳正常 (PID: 27448)
[2026-05-26 23:14:10] 💓 心跳正常 (PID: 27448)
[2026-05-26 23:14:20] 💓 心跳正常 (PID: 27448)
[2026-05-26 23:14:31] 💓 心跳正常 (PID: 27448)
[2026-05-26 23:14:41] 💓 心跳正常 (PID: 27448)
[2026-05-26 23:14:51] 💓 心跳正常 (PID: 27448)
[2026-05-26 23:15:01] 💓 心跳正常 (PID: 27448)
[2026-05-26 23:15:12] 💓 心跳正常 (PID: 27448)
[2026-05-26 23:15:22] 💓 心跳正常 (PID: 27448)
[2026-05-26 23:15:32] 💓 心跳正常 (PID: 27448)
[2026-05-26 23:15:42] 💓 心跳正常 (PID: 27448)
[2026-05-26 23:15:52] 💓 心跳正常 (PID: 27448)
[2026-05-26 23:16:03] 💓 心跳正常 (PID: 27448)
[2026-05-26 23:16:13] 💓 心跳正常 (PID: 27448)
[2026-05-26 23:16:23] 💓 心跳正常 (PID: 27448)
[2026-05-26 23:16:33] 💓 心跳正常 (PID: 27448)
[2026-05-26 23:16:43] 💓 心跳正常 (PID: 27448)
[2026-05-26 23:16:54] 💓 心跳正常 (PID: 27448)
[2026-05-26 23:17:11] 💓 心跳正常 (PID: 27448)
[2026-05-26 23:17:21] 💓 心跳正常 (PID: 27448)
[2026-05-26 23:17:32] 💓 心跳正常 (PID: 27448)
[2026-05-26 23:17:42] 💓 心跳正常 (PID: 27448)
[2026-05-26 23:17:52] 💓 心跳正常 (PID: 27448)
[2026-05-26 23:18:02] 💓 心跳正常 (PID: 27448)
[2026-05-26 23:18:12] 💓 心跳正常 (PID: 27448)
[2026-05-26 23:18:22] 💓 心跳正常 (PID: 27448)
[2026-05-26 23:18:33] 💓 心跳正常 (PID: 27448)
[2026-05-26 23:18:43] 💓 心跳正常 (PID: 27448)
[2026-05-26 23:18:53] 💓 心跳正常 (PID: 27448)
[2026-05-26 23:19:03] 💓 心跳正常 (PID: 27448)
[2026-05-26 23:19:13] 💓 心跳正常 (PID: 27448)
[2026-05-26 23:19:24] 💓 心跳正常 (PID: 27448)
[2026-05-26 23:19:34] 💓 心跳正常 (PID: 27448)
[2026-05-26 23:19:44] 💓 心跳正常 (PID: 27448)
[2026-05-26 23:19:54] 💓 心跳正常 (PID: 27448)
[2026-05-26 23:20:04] 💓 心跳正常 (PID: 27448)
[2026-05-26 23:20:15] 💓 心跳正常 (PID: 27448)
[2026-05-26 23:20:25] 💓 心跳正常 (PID: 27448)
[2026-05-26 23:20:35] 💓 心跳正常 (PID: 27448)
[2026-05-26 23:20:45] 💓 心跳正常 (PID: 27448)
[2026-05-26 23:20:56] 💓 心跳正常 (PID: 27448)
[2026-05-26 23:21:06] 💓 心跳正常 (PID: 27448)
[2026-05-26 23:21:16] 💓 心跳正常 (PID: 27448)
[2026-05-26 23:21:26] 💓 心跳正常 (PID: 27448)
[2026-05-26 23:21:37] 💓 心跳正常 (PID: 27448)
[2026-05-26 23:21:47] 💓 心跳正常 (PID: 27448)
[2026-05-26 23:21:57] 💓 心跳正常 (PID: 27448)
[2026-05-26 23:22:07] 💓 心跳正常 (PID: 27448)
[2026-05-26 23:22:18] 💓 心跳正常 (PID: 27448)
[2026-05-26 23:22:28] 💓 心跳正常 (PID: 27448)
[2026-05-26 23:22:38] 💓 心跳正常 (PID: 27448)
[2026-05-26 23:22:48] 💓 心跳正常 (PID: 27448)
[2026-05-26 23:22:59] 💓 心跳正常 (PID: 27448)
[2026-05-26 23:23:09] 💓 心跳正常 (PID: 27448)
[2026-05-26 23:23:19] 💓 心跳正常 (PID: 27448)
[2026-05-26 23:23:29] 💓 心跳正常 (PID: 27448)
[2026-05-26 23:23:40] 💓 心跳正常 (PID: 27448)
[2026-05-26 23:23:50] 💓 心跳正常 (PID: 27448)
[2026-05-26 23:24:00] 💓 心跳正常 (PID: 27448)
[2026-05-26 23:24:10] 💓 心跳正常 (PID: 27448)
[2026-05-26 23:24:20] 💓 心跳正常 (PID: 27448)
[2026-05-26 23:24:31] 💓 心跳正常 (PID: 27448)
[2026-05-26 23:24:41] 💓 心跳正常 (PID: 27448)
[2026-05-26 23:24:51] 💓 心跳正常 (PID: 27448)
[2026-05-26 23:25:02] 💓 心跳正常 (PID: 27448)
[2026-05-26 23:25:12] 💓 心跳正常 (PID: 27448)
[2026-05-26 23:25:22] 💓 心跳正常 (PID: 27448)
[2026-05-26 23:25:32] 💓 心跳正常 (PID: 27448)
[2026-05-26 23:25:42] 💓 心跳正常 (PID: 27448)
[2026-05-26 23:25:52] 💓 心跳正常 (PID: 27448)
[2026-05-26 23:26:03] 💓 心跳正常 (PID: 27448)
[2026-05-26 23:26:13] 💓 心跳正常 (PID: 27448)
[2026-05-26 23:26:23] 💓 心跳正常 (PID: 27448)
[2026-05-26 23:26:33] 💓 心跳正常 (PID: 27448)
[2026-05-26 23:26:44] 💓 心跳正常 (PID: 27448)
[2026-05-26 23:26:54] 💓 心跳正常 (PID: 27448)
[2026-05-26 23:27:04] 💓 心跳正常 (PID: 27448)
[2026-05-26 23:27:14] 💓 心跳正常 (PID: 27448)
[2026-05-26 23:27:25] 💓 心跳正常 (PID: 27448)
[2026-05-26 23:27:35] 💓 心跳正常 (PID: 27448)
[2026-05-26 23:27:45] 💓 心跳正常 (PID: 27448)
[2026-05-26 23:27:55] 💓 心跳正常 (PID: 27448)
[2026-05-26 23:28:05] 💓 心跳正常 (PID: 27448)
[2026-05-26 23:28:16] 💓 心跳正常 (PID: 27448)
[2026-05-26 23:28:26] 💓 心跳正常 (PID: 27448)
[2026-05-26 23:28:36] 💓 心跳正常 (PID: 27448)
[2026-05-26 23:28:46] 💓 心跳正常 (PID: 27448)
[2026-05-26 23:28:57] 💓 心跳正常 (PID: 27448)
[2026-05-26 23:29:07] 💓 心跳正常 (PID: 27448)
[2026-05-26 23:29:17] 💓 心跳正常 (PID: 27448)
[2026-05-26 23:29:27] 💓 心跳正常 (PID: 27448)
[2026-05-26 23:29:37] 💓 心跳正常 (PID: 27448)
[2026-05-26 23:29:48] 💓 心跳正常 (PID: 27448)
[2026-05-26 23:29:58] 💓 心跳正常 (PID: 27448)
[2026-05-26 23:30:08] 💓 心跳正常 (PID: 27448)
[2026-05-26 23:30:18] 💓 心跳正常 (PID: 27448)
[2026-05-26 23:30:28] 💓 心跳正常 (PID: 27448)
[2026-05-26 23:30:39] 💓 心跳正常 (PID: 27448)
[2026-05-26 23:30:49] 💓 心跳正常 (PID: 27448)
[2026-05-26 23:30:59] 💓 心跳正常 (PID: 27448)
[2026-05-26 23:31:10] 💓 心跳正常 (PID: 27448)
[2026-05-26 23:31:20] 💓 心跳正常 (PID: 27448)
[2026-05-26 23:31:30] 💓 心跳正常 (PID: 27448)
[2026-05-26 23:31:40] 💓 心跳正常 (PID: 27448)
[2026-05-26 23:31:51] 💓 心跳正常 (PID: 27448)
[2026-05-26 23:32:01] 💓 心跳正常 (PID: 27448)
[2026-05-26 23:32:11] 💓 心跳正常 (PID: 27448)
[2026-05-26 23:32:21] 💓 心跳正常 (PID: 27448)
[2026-05-26 23:32:32] 💓 心跳正常 (PID: 27448)
[2026-05-26 23:32:42] 💓 心跳正常 (PID: 27448)
[2026-05-26 23:32:52] 💓 心跳正常 (PID: 27448)
[2026-05-26 23:33:02] 💓 心跳正常 (PID: 27448)
[2026-05-26 23:33:12] 💓 心跳正常 (PID: 27448)
[2026-05-26 23:33:23] 💓 心跳正常 (PID: 27448)
[2026-05-26 23:33:33] 💓 心跳正常 (PID: 27448)
[2026-05-26 23:33:43] 💓 心跳正常 (PID: 27448)
[2026-05-26 23:33:53] 💓 心跳正常 (PID: 27448)
[2026-05-26 23:34:03] 💓 心跳正常 (PID: 27448)
[2026-05-26 23:34:14] 💓 心跳正常 (PID: 27448)
[2026-05-26 23:34:24] 💓 心跳正常 (PID: 27448)
[2026-05-26 23:34:34] 💓 心跳正常 (PID: 27448)
[2026-05-26 23:34:44] 💓 心跳正常 (PID: 27448)
[2026-05-26 23:34:54] 💓 心跳正常 (PID: 27448)
[2026-05-26 23:35:05] 💓 心跳正常 (PID: 27448)
[2026-05-26 23:35:15] 💓 心跳正常 (PID: 27448)
[2026-05-26 23:35:25] 💓 心跳正常 (PID: 27448)
[2026-05-26 23:35:35] 💓 心跳正常 (PID: 27448)
[2026-05-26 23:35:45] 💓 心跳正常 (PID: 27448)
[2026-05-26 23:35:55] 💓 心跳正常 (PID: 27448)
[2026-05-26 23:36:06] 💓 心跳正常 (PID: 27448)
[2026-05-26 23:36:16] 💓 心跳正常 (PID: 27448)
[2026-05-26 23:36:26] 💓 心跳正常 (PID: 27448)
[2026-05-26 23:36:36] 💓 心跳正常 (PID: 27448)
[2026-05-26 23:36:47] 💓 心跳正常 (PID: 27448)
[2026-05-26 23:36:57] 💓 心跳正常 (PID: 27448)
[2026-05-26 23:37:07] 💓 心跳正常 (PID: 27448)
[2026-05-26 23:37:17] 💓 心跳正常 (PID: 27448)
[2026-05-26 23:37:27] 💓 心跳正常 (PID: 27448)
[2026-05-26 23:37:38] 💓 心跳正常 (PID: 27448)
[2026-05-26 23:37:48] 💓 心跳正常 (PID: 27448)
[2026-05-26 23:37:58] 💓 心跳正常 (PID: 27448)
[2026-05-26 23:38:08] 💓 心跳正常 (PID: 27448)
[2026-05-26 23:38:18] 💓 心跳正常 (PID: 27448)
[2026-05-26 23:38:29] 💓 心跳正常 (PID: 27448)
[2026-05-26 23:38:39] 💓 心跳正常 (PID: 27448)
[2026-05-26 23:38:49] 💓 心跳正常 (PID: 27448)
[2026-05-26 23:38:59] 💓 心跳正常 (PID: 27448)
[2026-05-26 23:39:10] 💓 心跳正常 (PID: 27448)
[2026-05-26 23:39:20] 💓 心跳正常 (PID: 27448)
[2026-05-26 23:39:30] 💓 心跳正常 (PID: 27448)
[2026-05-26 23:39:40] 💓 心跳正常 (PID: 27448)
[2026-05-26 23:39:50] 💓 心跳正常 (PID: 27448)
[2026-05-26 23:40:01] 💓 心跳正常 (PID: 27448)
[2026-05-26 23:40:11] 💓 心跳正常 (PID: 27448)
[2026-05-26 23:40:21] 💓 心跳正常 (PID: 27448)
[2026-05-26 23:40:31] 💓 心跳正常 (PID: 27448)
[2026-05-26 23:40:41] 💓 心跳正常 (PID: 27448)
[2026-05-26 23:40:52] 💓 心跳正常 (PID: 27448)
[2026-05-26 23:41:02] 💓 心跳正常 (PID: 27448)
[2026-05-26 23:41:12] 💓 心跳正常 (PID: 27448)
[2026-05-26 23:41:22] 💓 心跳正常 (PID: 27448)
[2026-05-26 23:41:33] 💓 心跳正常 (PID: 27448)
[2026-05-26 23:41:43] 💓 心跳正常 (PID: 27448)
[2026-05-26 23:41:53] 💓 心跳正常 (PID: 27448)
[2026-05-26 23:42:03] 💓 心跳正常 (PID: 27448)
[2026-05-26 23:42:14] 💓 心跳正常 (PID: 27448)
[2026-05-26 23:42:24] 💓 心跳正常 (PID: 27448)
[2026-05-26 23:42:35] 💓 心跳正常 (PID: 27448)
[2026-05-26 23:42:45] 💓 心跳正常 (PID: 27448)
[2026-05-26 23:42:55] 💓 心跳正常 (PID: 27448)
[2026-05-26 23:43:06] 💓 心跳正常 (PID: 27448)
[2026-05-26 23:43:16] 💓 心跳正常 (PID: 27448)
[2026-05-26 23:43:26] 💓 心跳正常 (PID: 27448)
[2026-05-26 23:43:37] 💓 心跳正常 (PID: 27448)
[2026-05-26 23:43:47] 💓 心跳正常 (PID: 27448)
[2026-05-26 23:43:58] 💓 心跳正常 (PID: 27448)
[2026-05-26 23:44:08] 💓 心跳正常 (PID: 27448)
[2026-05-26 23:44:18] 💓 心跳正常 (PID: 27448)
[2026-05-26 23:44:28] 💓 心跳正常 (PID: 27448)
[2026-05-26 23:44:39] 💓 心跳正常 (PID: 27448)
[2026-05-26 23:44:49] 💓 心跳正常 (PID: 27448)
[2026-05-26 23:44:59] 💓 心跳正常 (PID: 27448)
[2026-05-26 23:45:10] 💓 心跳正常 (PID: 27448)
[2026-05-26 23:45:20] 💓 心跳正常 (PID: 27448)
[2026-05-26 23:45:31] 💓 心跳正常 (PID: 27448)
[2026-05-26 23:45:41] 💓 心跳正常 (PID: 27448)
[2026-05-26 23:45:51] 💓 心跳正常 (PID: 27448)
[2026-05-26 23:46:02] 💓 心跳正常 (PID: 27448)
[2026-05-26 23:46:12] 💓 心跳正常 (PID: 27448)
[2026-05-26 23:46:22] 💓 心跳正常 (PID: 27448)
[2026-05-26 23:46:32] 💓 心跳正常 (PID: 27448)
[2026-05-26 23:46:43] 💓 心跳正常 (PID: 27448)
[2026-05-26 23:46:53] 💓 心跳正常 (PID: 27448)
[2026-05-26 23:47:03] 💓 心跳正常 (PID: 27448)
[2026-05-26 23:47:14] 💓 心跳正常 (PID: 27448)
[2026-05-26 23:47:24] 💓 心跳正常 (PID: 27448)
[2026-05-26 23:47:34] 💓 心跳正常 (PID: 27448)
[2026-05-26 23:47:45] 💓 心跳正常 (PID: 27448)
[2026-05-26 23:47:55] 💓 心跳正常 (PID: 27448)
[2026-05-26 23:48:05] 💓 心跳正常 (PID: 27448)
[2026-05-26 23:48:16] 💓 心跳正常 (PID: 27448)
[2026-05-26 23:48:26] 💓 心跳正常 (PID: 27448)
[2026-05-26 23:48:37] 💓 心跳正常 (PID: 27448)
[2026-05-26 23:48:47] 💓 心跳正常 (PID: 27448)
[2026-05-26 23:48:57] 💓 心跳正常 (PID: 27448)
[2026-05-26 23:49:08] 💓 心跳正常 (PID: 27448)
[2026-05-26 23:49:18] 💓 心跳正常 (PID: 27448)
[2026-05-26 23:49:28] 💓 心跳正常 (PID: 27448)
[2026-05-26 23:49:38] 💓 心跳正常 (PID: 27448)
[2026-05-26 23:49:49] 💓 心跳正常 (PID: 27448)
[2026-05-26 23:49:59] 💓 心跳正常 (PID: 27448)
[2026-05-26 23:50:10] 💓 心跳正常 (PID: 27448)
[2026-05-26 23:50:20] 💓 心跳正常 (PID: 27448)
[2026-05-26 23:50:30] 💓 心跳正常 (PID: 27448)
[2026-05-26 23:50:40] 💓 心跳正常 (PID: 27448)
[2026-05-26 23:50:51] 💓 心跳正常 (PID: 27448)
[2026-05-26 23:51:01] 💓 心跳正常 (PID: 27448)
[2026-05-26 23:51:12] 💓 心跳正常 (PID: 27448)
[2026-05-26 23:51:22] 💓 心跳正常 (PID: 27448)
[2026-05-26 23:51:32] 💓 心跳正常 (PID: 27448)
[2026-05-26 23:51:43] 💓 心跳正常 (PID: 27448)
[2026-05-26 23:51:53] 💓 心跳正常 (PID: 27448)
[2026-05-26 23:52:04] 💓 心跳正常 (PID: 27448)
[2026-05-26 23:52:14] 💓 心跳正常 (PID: 27448)
[2026-05-26 23:52:24] 💓 心跳正常 (PID: 27448)
[2026-05-26 23:52:35] 💓 心跳正常 (PID: 27448)
[2026-05-26 23:52:45] 📁 交易日志 /root/.openclaw/logs/trading/monitor.log (4.3MB)，>10MB 时自动归档至 logs/trading/archive/
[2026-05-26 23:52:45] 💓 心跳正常 (PID: 27448)
[2026-05-26 23:52:55] 💓 心跳正常 (PID: 27448)
[2026-05-26 23:53:06] 💓 心跳正常 (PID: 27448)
[2026-05-26 23:53:16] 💓 心跳正常 (PID: 27448)
[2026-05-26 23:53:27] 💓 心跳正常 (PID: 27448)
[2026-05-26 23:53:37] 💓 心跳正常 (PID: 27448)
[2026-05-26 23:53:48] 💓 心跳正常 (PID: 27448)
[2026-05-26 23:53:58] 💓 心跳正常 (PID: 27448)
[2026-05-26 23:54:08] 💓 心跳正常 (PID: 27448)
[2026-05-26 23:54:18] 💓 心跳正常 (PID: 27448)
[2026-05-26 23:54:29] 💓 心跳正常 (PID: 27448)
[2026-05-26 23:54:39] 💓 心跳正常 (PID: 27448)
[2026-05-26 23:54:49] 💓 心跳正常 (PID: 27448)
[2026-05-26 23:54:59] 💓 心跳正常 (PID: 27448)
[2026-05-26 23:55:10] 💓 心跳正常 (PID: 27448)
[2026-05-26 23:55:20] 💓 心跳正常 (PID: 27448)
[2026-05-26 23:55:30] 💓 心跳正常 (PID: 27448)
[2026-05-26 23:55:40] 💓 心跳正常 (PID: 27448)
[2026-05-26 23:55:51] 💓 心跳正常 (PID: 27448)
[2026-05-26 23:56:01] 💓 心跳正常 (PID: 27448)
[2026-05-26 23:56:12] 💓 心跳正常 (PID: 27448)
[2026-05-26 23:56:22] 💓 心跳正常 (PID: 27448)
[2026-05-26 23:56:32] 💓 心跳正常 (PID: 27448)
[2026-05-26 23:56:42] 💓 心跳正常 (PID: 27448)
[2026-05-26 23:56:53] 💓 心跳正常 (PID: 27448)
[2026-05-26 23:57:03] 💓 心跳正常 (PID: 27448)
[2026-05-26 23:57:13] 💓 心跳正常 (PID: 27448)
[2026-05-26 23:57:23] 💓 心跳正常 (PID: 27448)
[2026-05-26 23:57:34] 💓 心跳正常 (PID: 27448)
[2026-05-26 23:57:44] 💓 心跳正常 (PID: 27448)
[2026-05-26 23:57:54] 💓 心跳正常 (PID: 27448)
[2026-05-26 23:58:05] 💓 心跳正常 (PID: 27448)
[2026-05-26 23:58:15] 💓 心跳正常 (PID: 27448)
[2026-05-26 23:58:25] 💓 心跳正常 (PID: 27448)
[2026-05-26 23:58:36] 💓 心跳正常 (PID: 27448)
[2026-05-26 23:58:46] 💓 心跳正常 (PID: 27448)
[2026-05-26 23:58:56] 💓 心跳正常 (PID: 27448)
[2026-05-26 23:59:06] 💓 心跳正常 (PID: 27448)
[2026-05-26 23:59:17] 💓 心跳正常 (PID: 27448)
[2026-05-26 23:59:27] 💓 心跳正常 (PID: 27448)
[2026-05-26 23:59:37] 💓 心跳正常 (PID: 27448)
[2026-05-26 23:59:48] 💓 心跳正常 (PID: 27448)
[2026-05-26 23:59:58] 💓 心跳正常 (PID: 27448)
[2026-05-27 00:00:08] 💓 心跳正常 (PID: 27448)
[2026-05-27 00:00:19] 💓 心跳正常 (PID: 27448)
[2026-05-27 00:00:29] 💓 心跳正常 (PID: 27448)
[2026-05-27 00:00:39] 💓 心跳正常 (PID: 27448)
[2026-05-27 00:00:50] 💓 心跳正常 (PID: 27448)
[2026-05-27 00:01:00] 💓 心跳正常 (PID: 27448)
[2026-05-27 00:01:10] 💓 心跳正常 (PID: 27448)
[2026-05-27 00:01:21] 💓 心跳正常 (PID: 27448)
[2026-05-27 00:01:31] 💓 心跳正常 (PID: 27448)
[2026-05-27 00:01:41] 💓 心跳正常 (PID: 27448)
[2026-05-27 00:01:52] 💓 心跳正常 (PID: 27448)
[2026-05-27 00:02:02] 💓 心跳正常 (PID: 27448)
[2026-05-27 00:02:12] 💓 心跳正常 (PID: 27448)
[2026-05-27 00:02:23] 💓 心跳正常 (PID: 27448)
[2026-05-27 00:02:33] 💓 心跳正常 (PID: 27448)
[2026-05-27 00:02:43] 💓 心跳正常 (PID: 27448)
[2026-05-27 00:02:53] 💓 心跳正常 (PID: 27448)
[2026-05-27 00:03:03] 💓 心跳正常 (PID: 27448)
[2026-05-27 00:03:13] 💓 心跳正常 (PID: 27448)
[2026-05-27 00:03:24] 💓 心跳正常 (PID: 27448)
[2026-05-27 00:03:34] 💓 心跳正常 (PID: 27448)
[2026-05-27 00:03:44] 💓 心跳正常 (PID: 27448)
[2026-05-27 00:03:55] 💓 心跳正常 (PID: 27448)
[2026-05-27 00:04:05] 💓 心跳正常 (PID: 27448)
[2026-05-27 00:04:15] 💓 心跳正常 (PID: 27448)
[2026-05-27 00:04:25] 💓 心跳正常 (PID: 27448)
[2026-05-27 00:04:36] 💓 心跳正常 (PID: 27448)
[2026-05-27 00:04:46] 💓 心跳正常 (PID: 27448)
[2026-05-27 00:04:56] 💓 心跳正常 (PID: 27448)
[2026-05-27 00:05:07] 💓 心跳正常 (PID: 27448)
[2026-05-27 00:05:17] 💓 心跳正常 (PID: 27448)
[2026-05-27 00:05:27] 💓 心跳正常 (PID: 27448)
[2026-05-27 00:05:37] 💓 心跳正常 (PID: 27448)
[2026-05-27 00:05:48] 💓 心跳正常 (PID: 27448)
[2026-05-27 00:05:58] 💓 心跳正常 (PID: 27448)
[2026-05-27 00:06:08] 💓 心跳正常 (PID: 27448)
[2026-05-27 00:06:19] 💓 心跳正常 (PID: 27448)
[2026-05-27 00:06:29] 💓 心跳正常 (PID: 27448)
[2026-05-27 00:06:39] 💓 心跳正常 (PID: 27448)
[2026-05-27 00:06:49] 💓 心跳正常 (PID: 27448)
[2026-05-27 00:07:00] 💓 心跳正常 (PID: 27448)
[2026-05-27 00:07:10] 💓 心跳正常 (PID: 27448)
[2026-05-27 00:07:20] 💓 心跳正常 (PID: 27448)
[2026-05-27 00:07:30] 💓 心跳正常 (PID: 27448)
[2026-05-27 00:07:41] 💓 心跳正常 (PID: 27448)
[2026-05-27 00:07:51] 💓 心跳正常 (PID: 27448)
[2026-05-27 00:08:01] 💓 心跳正常 (PID: 27448)
[2026-05-27 00:08:12] 💓 心跳正常 (PID: 27448)
[2026-05-27 00:08:22] 💓 心跳正常 (PID: 27448)
[2026-05-27 00:08:32] 💓 心跳正常 (PID: 27448)
[2026-05-27 00:08:43] 💓 心跳正常 (PID: 27448)
[2026-05-27 00:08:53] 💓 心跳正常 (PID: 27448)
[2026-05-27 00:09:03] 💓 心跳正常 (PID: 27448)
[2026-05-27 00:09:14] 💓 心跳正常 (PID: 27448)
[2026-05-27 00:09:24] 💓 心跳正常 (PID: 27448)
[2026-05-27 00:09:34] 💓 心跳正常 (PID: 27448)
[2026-05-27 00:09:45] 💓 心跳正常 (PID: 27448)
[2026-05-27 00:09:55] 💓 心跳正常 (PID: 27448)
[2026-05-27 00:10:05] 💓 心跳正常 (PID: 27448)
[2026-05-27 00:10:15] 💓 心跳正常 (PID: 27448)
[2026-05-27 00:10:26] 💓 心跳正常 (PID: 27448)
[2026-05-27 00:10:36] 💓 心跳正常 (PID: 27448)
[2026-05-27 00:10:46] 💓 心跳正常 (PID: 27448)
[2026-05-27 00:10:57] 💓 心跳正常 (PID: 27448)
[2026-05-27 00:11:07] 💓 心跳正常 (PID: 27448)
[2026-05-27 00:11:17] 💓 心跳正常 (PID: 27448)
[2026-05-27 00:11:28] 💓 心跳正常 (PID: 27448)
[2026-05-27 00:11:38] 💓 心跳正常 (PID: 27448)
[2026-05-27 00:11:48] 💓 心跳正常 (PID: 27448)
[2026-05-27 00:11:58] 💓 心跳正常 (PID: 27448)
[2026-05-27 00:12:09] 💓 心跳正常 (PID: 27448)
[2026-05-27 00:12:19] 💓 心跳正常 (PID: 27448)
[2026-05-27 00:12:30] 💓 心跳正常 (PID: 27448)
[2026-05-27 00:12:40] 💓 心跳正常 (PID: 27448)
[2026-05-27 00:12:50] 💓 心跳正常 (PID: 27448)
[2026-05-27 00:13:00] 💓 心跳正常 (PID: 27448)
[2026-05-27 00:13:11] 💓 心跳正常 (PID: 27448)
[2026-05-27 00:13:21] 💓 心跳正常 (PID: 27448)
[2026-05-27 00:13:31] 💓 心跳正常 (PID: 27448)
[2026-05-27 00:13:41] 💓 心跳正常 (PID: 27448)
[2026-05-27 00:13:51] 💓 心跳正常 (PID: 27448)
[2026-05-27 00:14:02] 💓 心跳正常 (PID: 27448)
[2026-05-27 00:14:12] 💓 心跳正常 (PID: 27448)
[2026-05-27 00:14:23] 💓 心跳正常 (PID: 27448)
[2026-05-27 00:14:33] 💓 心跳正常 (PID: 27448)
[2026-05-27 00:14:43] 💓 心跳正常 (PID: 27448)
[2026-05-27 00:14:53] 💓 心跳正常 (PID: 27448)
[2026-05-27 00:15:04] 💓 心跳正常 (PID: 27448)
[2026-05-27 00:15:14] 💓 心跳正常 (PID: 27448)
[2026-05-27 00:15:24] 💓 心跳正常 (PID: 27448)
[2026-05-27 00:15:34] 💓 心跳正常 (PID: 27448)
[2026-05-27 00:15:45] 💓 心跳正常 (PID: 27448)
[2026-05-27 00:15:55] 💓 心跳正常 (PID: 27448)
[2026-05-27 00:16:05] 💓 心跳正常 (PID: 27448)
[2026-05-27 00:16:15] 💓 心跳正常 (PID: 27448)
[2026-05-27 00:16:26] 💓 心跳正常 (PID: 27448)
[2026-05-27 00:16:36] 💓 心跳正常 (PID: 27448)
[2026-05-27 00:16:46] 💓 心跳正常 (PID: 27448)
[2026-05-27 00:16:56] 💓 心跳正常 (PID: 27448)
[2026-05-27 00:17:07] 💓 心跳正常 (PID: 27448)
[2026-05-27 00:17:17] 💓 心跳正常 (PID: 27448)
[2026-05-27 00:17:27] 💓 心跳正常 (PID: 27448)
[2026-05-27 00:17:38] 💓 心跳正常 (PID: 27448)
[2026-05-27 00:17:48] 💓 心跳正常 (PID: 27448)
[2026-05-27 00:17:58] 💓 心跳正常 (PID: 27448)
[2026-05-27 00:18:09] 💓 心跳正常 (PID: 27448)
[2026-05-27 00:18:19] 💓 心跳正常 (PID: 27448)
[2026-05-27 00:18:29] 💓 心跳正常 (PID: 27448)
[2026-05-27 00:18:40] 💓 心跳正常 (PID: 27448)
[2026-05-27 00:18:50] 💓 心跳正常 (PID: 27448)
[2026-05-27 00:19:00] 💓 心跳正常 (PID: 27448)
[2026-05-27 00:19:10] 💓 心跳正常 (PID: 27448)
[2026-05-27 00:19:21] 💓 心跳正常 (PID: 27448)
[2026-05-27 00:19:31] 💓 心跳正常 (PID: 27448)
[2026-05-27 00:19:41] 💓 心跳正常 (PID: 27448)
[2026-05-27 00:19:52] 💓 心跳正常 (PID: 27448)
[2026-05-27 00:20:02] 💓 心跳正常 (PID: 27448)
[2026-05-27 00:20:12] 💓 心跳正常 (PID: 27448)
[2026-05-27 00:20:22] 💓 心跳正常 (PID: 27448)
[2026-05-27 00:20:33] 💓 心跳正常 (PID: 27448)
[2026-05-27 00:20:43] 💓 心跳正常 (PID: 27448)
[2026-05-27 00:20:53] 💓 心跳正常 (PID: 27448)
[2026-05-27 00:21:03] 💓 心跳正常 (PID: 27448)
[2026-05-27 00:21:14] 💓 心跳正常 (PID: 27448)
[2026-05-27 00:21:24] 💓 心跳正常 (PID: 27448)
[2026-05-27 00:21:34] 💓 心跳正常 (PID: 27448)
[2026-05-27 00:21:44] 💓 心跳正常 (PID: 27448)
[2026-05-27 00:21:54] 💓 心跳正常 (PID: 27448)
[2026-05-27 00:22:05] 💓 心跳正常 (PID: 27448)
[2026-05-27 00:22:15] 💓 心跳正常 (PID: 27448)
[2026-05-27 00:22:25] 💓 心跳正常 (PID: 27448)
[2026-05-27 00:22:36] 💓 心跳正常 (PID: 27448)
[2026-05-27 00:22:46] 💓 心跳正常 (PID: 27448)
[2026-05-27 00:22:56] 💓 心跳正常 (PID: 27448)
[2026-05-27 00:23:07] 💓 心跳正常 (PID: 27448)
[2026-05-27 00:23:17] 💓 心跳正常 (PID: 27448)
[2026-05-27 00:23:27] 💓 心跳正常 (PID: 27448)
[2026-05-27 00:23:38] 💓 心跳正常 (PID: 27448)
[2026-05-27 00:23:48] 💓 心跳正常 (PID: 27448)
[2026-05-27 00:23:58] 💓 心跳正常 (PID: 27448)
[2026-05-27 00:24:08] 💓 心跳正常 (PID: 27448)
[2026-05-27 00:24:19] 💓 心跳正常 (PID: 27448)
[2026-05-27 00:24:29] 💓 心跳正常 (PID: 27448)
[2026-05-27 00:24:39] 💓 心跳正常 (PID: 27448)
[2026-05-27 00:24:50] 💓 心跳正常 (PID: 27448)
[2026-05-27 00:25:00] 💓 心跳正常 (PID: 27448)
[2026-05-27 00:25:10] 💓 心跳正常 (PID: 27448)
[2026-05-27 00:25:20] 💓 心跳正常 (PID: 27448)
[2026-05-27 00:25:31] 💓 心跳正常 (PID: 27448)
[2026-05-27 00:25:41] 💓 心跳正常 (PID: 27448)
[2026-05-27 00:25:52] 💓 心跳正常 (PID: 27448)
[2026-05-27 00:26:02] 💓 心跳正常 (PID: 27448)
[2026-05-27 00:26:12] 💓 心跳正常 (PID: 27448)
[2026-05-27 00:26:23] 💓 心跳正常 (PID: 27448)
[2026-05-27 00:26:33] 💓 心跳正常 (PID: 27448)
[2026-05-27 00:26:43] 💓 心跳正常 (PID: 27448)
[2026-05-27 00:26:53] 💓 心跳正常 (PID: 27448)
[2026-05-27 00:27:04] 💓 心跳正常 (PID: 27448)
[2026-05-27 00:27:14] 💓 心跳正常 (PID: 27448)
[2026-05-27 00:27:24] 💓 心跳正常 (PID: 27448)
[2026-05-27 00:27:34] 💓 心跳正常 (PID: 27448)
[2026-05-27 00:27:45] 💓 心跳正常 (PID: 27448)
[2026-05-27 00:27:55] 💓 心跳正常 (PID: 27448)
[2026-05-27 00:28:05] 💓 心跳正常 (PID: 27448)
[2026-05-27 00:28:16] 💓 心跳正常 (PID: 27448)
[2026-05-27 00:28:26] 💓 心跳正常 (PID: 27448)
[2026-05-27 00:28:36] 💓 心跳正常 (PID: 27448)
[2026-05-27 00:28:46] 💓 心跳正常 (PID: 27448)
[2026-05-27 00:28:57] 💓 心跳正常 (PID: 27448)
[2026-05-27 00:29:07] 💓 心跳正常 (PID: 27448)
[2026-05-27 00:29:17] 💓 心跳正常 (PID: 27448)
[2026-05-27 00:29:28] 💓 心跳正常 (PID: 27448)
[2026-05-27 00:29:38] 💓 心跳正常 (PID: 27448)
[2026-05-27 00:29:48] 💓 心跳正常 (PID: 27448)
[2026-05-27 00:29:59] 💓 心跳正常 (PID: 27448)
[2026-05-27 00:30:09] 💓 心跳正常 (PID: 27448)
[2026-05-27 00:30:19] 💓 心跳正常 (PID: 27448)
[2026-05-27 00:30:30] 💓 心跳正常 (PID: 27448)
[2026-05-27 00:30:40] 💓 心跳正常 (PID: 27448)
[2026-05-27 00:30:50] 💓 心跳正常 (PID: 27448)
[2026-05-27 00:31:00] 💓 心跳正常 (PID: 27448)
[2026-05-27 00:31:11] 💓 心跳正常 (PID: 27448)
[2026-05-27 00:31:21] 💓 心跳正常 (PID: 27448)
[2026-05-27 00:31:31] 💓 心跳正常 (PID: 27448)
[2026-05-27 00:31:41] 💓 心跳正常 (PID: 27448)
[2026-05-27 00:31:51] 💓 心跳正常 (PID: 27448)
[2026-05-27 00:32:02] 💓 心跳正常 (PID: 27448)
[2026-05-27 00:32:12] 💓 心跳正常 (PID: 27448)
[2026-05-27 00:32:22] 💓 心跳正常 (PID: 27448)
[2026-05-27 00:32:33] 💓 心跳正常 (PID: 27448)
[2026-05-27 00:32:43] 💓 心跳正常 (PID: 27448)
[2026-05-27 00:32:53] 💓 心跳正常 (PID: 27448)
[2026-05-27 00:33:03] 💓 心跳正常 (PID: 27448)
[2026-05-27 00:33:14] 💓 心跳正常 (PID: 27448)
[2026-05-27 00:33:24] 💓 心跳正常 (PID: 27448)
[2026-05-27 00:33:34] 💓 心跳正常 (PID: 27448)
[2026-05-27 00:33:45] 💓 心跳正常 (PID: 27448)
[2026-05-27 00:33:55] 💓 心跳正常 (PID: 27448)
[2026-05-27 00:34:05] 💓 心跳正常 (PID: 27448)
[2026-05-27 00:34:16] 💓 心跳正常 (PID: 27448)
[2026-05-27 00:34:26] 💓 心跳正常 (PID: 27448)
[2026-05-27 00:34:36] 💓 心跳正常 (PID: 27448)
[2026-05-27 00:34:46] 💓 心跳正常 (PID: 27448)
[2026-05-27 00:34:56] 💓 心跳正常 (PID: 27448)
[2026-05-27 00:35:07] 💓 心跳正常 (PID: 27448)
[2026-05-27 00:35:17] 💓 心跳正常 (PID: 27448)
[2026-05-27 00:35:27] 💓 心跳正常 (PID: 27448)
[2026-05-27 00:35:38] 💓 心跳正常 (PID: 27448)
[2026-05-27 00:35:48] 💓 心跳正常 (PID: 27448)
[2026-05-27 00:35:58] 💓 心跳正常 (PID: 27448)
[2026-05-27 00:36:08] 💓 心跳正常 (PID: 27448)
[2026-05-27 00:36:19] 💓 心跳正常 (PID: 27448)
[2026-05-27 00:36:29] 💓 心跳正常 (PID: 27448)
[2026-05-27 00:36:39] 💓 心跳正常 (PID: 27448)
[2026-05-27 00:36:50] 💓 心跳正常 (PID: 27448)
[2026-05-27 00:37:00] 💓 心跳正常 (PID: 27448)
[2026-05-27 00:37:10] 💓 心跳正常 (PID: 27448)
[2026-05-27 00:37:21] 💓 心跳正常 (PID: 27448)
[2026-05-27 00:37:31] 💓 心跳正常 (PID: 27448)
[2026-05-27 00:37:41] 💓 心跳正常 (PID: 27448)
[2026-05-27 00:37:52] 💓 心跳正常 (PID: 27448)
[2026-05-27 00:38:02] 💓 心跳正常 (PID: 27448)
[2026-05-27 00:38:12] 💓 心跳正常 (PID: 27448)
[2026-05-27 00:38:22] 💓 心跳正常 (PID: 27448)
[2026-05-27 00:38:33] 💓 心跳正常 (PID: 27448)
[2026-05-27 00:38:43] 💓 心跳正常 (PID: 27448)
[2026-05-27 00:38:53] 💓 心跳正常 (PID: 27448)
[2026-05-27 00:39:04] 💓 心跳正常 (PID: 27448)
[2026-05-27 00:39:14] 💓 心跳正常 (PID: 27448)
[2026-05-27 00:39:24] 💓 心跳正常 (PID: 27448)
[2026-05-27 00:39:34] 💓 心跳正常 (PID: 27448)
[2026-05-27 00:39:45] 💓 心跳正常 (PID: 27448)
[2026-05-27 00:39:55] 💓 心跳正常 (PID: 27448)
[2026-05-27 00:40:05] 💓 心跳正常 (PID: 27448)
[2026-05-27 00:40:15] 💓 心跳正常 (PID: 27448)
[2026-05-27 00:40:26] 💓 心跳正常 (PID: 27448)
[2026-05-27 00:40:36] 💓 心跳正常 (PID: 27448)
[2026-05-27 00:40:46] 💓 心跳正常 (PID: 27448)
[2026-05-27 00:40:57] 💓 心跳正常 (PID: 27448)
[2026-05-27 00:41:07] 💓 心跳正常 (PID: 27448)
[2026-05-27 00:41:17] 💓 心跳正常 (PID: 27448)
[2026-05-27 00:41:27] 💓 心跳正常 (PID: 27448)
[2026-05-27 00:41:38] 💓 心跳正常 (PID: 27448)
[2026-05-27 00:41:48] 💓 心跳正常 (PID: 27448)
[2026-05-27 00:41:58] 💓 心跳正常 (PID: 27448)
[2026-05-27 00:42:09] 💓 心跳正常 (PID: 27448)
[2026-05-27 00:42:19] 💓 心跳正常 (PID: 27448)
[2026-05-27 00:42:29] 💓 心跳正常 (PID: 27448)
[2026-05-27 00:42:40] 💓 心跳正常 (PID: 27448)
[2026-05-27 00:42:50] 💓 心跳正常 (PID: 27448)
[2026-05-27 00:43:00] 💓 心跳正常 (PID: 27448)
[2026-05-27 00:43:10] 💓 心跳正常 (PID: 27448)
[2026-05-27 00:43:21] 💓 心跳正常 (PID: 27448)
[2026-05-27 00:43:31] 💓 心跳正常 (PID: 27448)
[2026-05-27 00:43:41] 💓 心跳正常 (PID: 27448)
[2026-05-27 00:43:51] 💓 心跳正常 (PID: 27448)
[2026-05-27 00:44:02] 💓 心跳正常 (PID: 27448)
[2026-05-27 00:44:12] 💓 心跳正常 (PID: 27448)
[2026-05-27 00:44:22] 💓 心跳正常 (PID: 27448)
[2026-05-27 00:44:32] 💓 心跳正常 (PID: 27448)
[2026-05-27 00:44:43] 💓 心跳正常 (PID: 27448)
[2026-05-27 00:44:53] 💓 心跳正常 (PID: 27448)
[2026-05-27 00:45:03] 💓 心跳正常 (PID: 27448)
[2026-05-27 00:45:14] 💓 心跳正常 (PID: 27448)
[2026-05-27 00:45:24] 💓 心跳正常 (PID: 27448)
[2026-05-27 00:45:34] 💓 心跳正常 (PID: 27448)
[2026-05-27 00:45:45] 💓 心跳正常 (PID: 27448)
[2026-05-27 00:45:55] 💓 心跳正常 (PID: 27448)
[2026-05-27 00:46:05] 💓 心跳正常 (PID: 27448)
[2026-05-27 00:46:15] 💓 心跳正常 (PID: 27448)
[2026-05-27 00:46:26] 💓 心跳正常 (PID: 27448)
[2026-05-27 00:46:36] 💓 心跳正常 (PID: 27448)
[2026-05-27 00:46:46] 💓 心跳正常 (PID: 27448)
[2026-05-27 00:46:56] 💓 心跳正常 (PID: 27448)
[2026-05-27 00:47:06] 💓 心跳正常 (PID: 27448)
[2026-05-27 00:47:16] 💓 心跳正常 (PID: 27448)
[2026-05-27 00:47:27] 💓 心跳正常 (PID: 27448)
[2026-05-27 00:47:37] 💓 心跳正常 (PID: 27448)
[2026-05-27 00:47:47] 💓 心跳正常 (PID: 27448)
[2026-05-27 00:47:58] 💓 心跳正常 (PID: 27448)
[2026-05-27 00:48:08] 💓 心跳正常 (PID: 27448)
[2026-05-27 00:48:18] 💓 心跳正常 (PID: 27448)
[2026-05-27 00:48:28] 💓 心跳正常 (PID: 27448)
[2026-05-27 00:48:39] 💓 心跳正常 (PID: 27448)
[2026-05-27 00:48:49] 💓 心跳正常 (PID: 27448)
[2026-05-27 00:48:59] 💓 心跳正常 (PID: 27448)
[2026-05-27 00:49:09] 💓 心跳正常 (PID: 27448)
[2026-05-27 00:49:20] 💓 心跳正常 (PID: 27448)
[2026-05-27 00:49:30] 💓 心跳正常 (PID: 27448)
[2026-05-27 00:49:40] 💓 心跳正常 (PID: 27448)
[2026-05-27 00:49:51] 💓 心跳正常 (PID: 27448)
[2026-05-27 00:50:01] 💓 心跳正常 (PID: 27448)
[2026-05-27 00:50:11] 💓 心跳正常 (PID: 27448)
[2026-05-27 00:50:21] 💓 心跳正常 (PID: 27448)
[2026-05-27 00:50:32] 💓 心跳正常 (PID: 27448)
[2026-05-27 00:50:42] 💓 心跳正常 (PID: 27448)
[2026-05-27 00:50:52] 💓 心跳正常 (PID: 27448)
[2026-05-27 00:51:03] 💓 心跳正常 (PID: 27448)
[2026-05-27 00:51:13] 💓 心跳正常 (PID: 27448)
[2026-05-27 00:51:23] 💓 心跳正常 (PID: 27448)
[2026-05-27 00:51:33] 💓 心跳正常 (PID: 27448)
[2026-05-27 00:51:43] 💓 心跳正常 (PID: 27448)
[2026-05-27 00:51:54] 💓 心跳正常 (PID: 27448)
[2026-05-27 00:52:04] 💓 心跳正常 (PID: 27448)
[2026-05-27 00:52:14] 💓 心跳正常 (PID: 27448)
[2026-05-27 00:52:24] 💓 心跳正常 (PID: 27448)
[2026-05-27 00:52:35] 💓 心跳正常 (PID: 27448)
[2026-05-27 00:52:45] 💓 心跳正常 (PID: 27448)
[2026-05-27 00:52:55] 📁 交易日志 /root/.openclaw/logs/trading/monitor.log (4.3MB)，>10MB 时自动归档至 logs/trading/archive/
[2026-05-27 00:52:55] 💓 心跳正常 (PID: 27448)
[2026-05-27 00:53:05] 💓 心跳正常 (PID: 27448)
[2026-05-27 00:53:16] 💓 心跳正常 (PID: 27448)
[2026-05-27 00:53:26] 💓 心跳正常 (PID: 27448)
[2026-05-27 00:53:36] 💓 心跳正常 (PID: 27448)
[2026-05-27 00:53:46] 💓 心跳正常 (PID: 27448)
[2026-05-27 00:53:57] 💓 心跳正常 (PID: 27448)
[2026-05-27 00:54:07] 💓 心跳正常 (PID: 27448)
[2026-05-27 00:54:17] 💓 心跳正常 (PID: 27448)
[2026-05-27 00:54:27] 💓 心跳正常 (PID: 27448)
[2026-05-27 00:54:38] 💓 心跳正常 (PID: 27448)
[2026-05-27 00:54:48] 💓 心跳正常 (PID: 27448)
[2026-05-27 00:54:58] 💓 心跳正常 (PID: 27448)
[2026-05-27 00:55:08] 💓 心跳正常 (PID: 27448)
[2026-05-27 00:55:19] 💓 心跳正常 (PID: 27448)
[2026-05-27 00:55:29] 💓 心跳正常 (PID: 27448)
[2026-05-27 00:55:39] 💓 心跳正常 (PID: 27448)
[2026-05-27 00:55:50] 💓 心跳正常 (PID: 27448)
[2026-05-27 00:56:00] 💓 心跳正常 (PID: 27448)
[2026-05-27 00:56:10] 💓 心跳正常 (PID: 27448)
[2026-05-27 00:56:20] 💓 心跳正常 (PID: 27448)
[2026-05-27 00:56:31] 💓 心跳正常 (PID: 27448)
[2026-05-27 00:56:41] 💓 心跳正常 (PID: 27448)
[2026-05-27 00:56:51] 💓 心跳正常 (PID: 27448)
[2026-05-27 00:57:02] 💓 心跳正常 (PID: 27448)
[2026-05-27 00:57:12] 💓 心跳正常 (PID: 27448)
[2026-05-27 00:57:22] 💓 心跳正常 (PID: 27448)
[2026-05-27 00:57:32] 💓 心跳正常 (PID: 27448)
[2026-05-27 00:57:43] 💓 心跳正常 (PID: 27448)
[2026-05-27 00:57:53] 💓 心跳正常 (PID: 27448)
[2026-05-27 00:58:03] 💓 心跳正常 (PID: 27448)
[2026-05-27 00:58:13] 💓 心跳正常 (PID: 27448)
[2026-05-27 00:58:23] 💓 心跳正常 (PID: 27448)
[2026-05-27 00:58:34] 💓 心跳正常 (PID: 27448)
[2026-05-27 00:58:44] 💓 心跳正常 (PID: 27448)
[2026-05-27 00:58:54] 💓 心跳正常 (PID: 27448)
[2026-05-27 00:59:04] 💓 心跳正常 (PID: 27448)
[2026-05-27 00:59:14] 💓 心跳正常 (PID: 27448)
[2026-05-27 00:59:25] 💓 心跳正常 (PID: 27448)
[2026-05-27 00:59:35] 💓 心跳正常 (PID: 27448)
[2026-05-27 00:59:45] 💓 心跳正常 (PID: 27448)
[2026-05-27 00:59:56] 💓 心跳正常 (PID: 27448)
[2026-05-27 01:00:06] 💓 心跳正常 (PID: 27448)
[2026-05-27 01:00:17] 💓 心跳正常 (PID: 27448)
[2026-05-27 01:00:27] 💓 心跳正常 (PID: 27448)
[2026-05-27 01:00:37] 💓 心跳正常 (PID: 27448)
[2026-05-27 01:00:47] 💓 心跳正常 (PID: 27448)
[2026-05-27 01:00:57] 💓 心跳正常 (PID: 27448)
[2026-05-27 01:01:08] 💓 心跳正常 (PID: 27448)
[2026-05-27 01:01:18] 💓 心跳正常 (PID: 27448)
[2026-05-27 01:01:28] 💓 心跳正常 (PID: 27448)
[2026-05-27 01:01:38] 💓 心跳正常 (PID: 27448)
[2026-05-27 01:01:49] 💓 心跳正常 (PID: 27448)
[2026-05-27 01:01:59] 💓 心跳正常 (PID: 27448)
[2026-05-27 01:02:09] 💓 心跳正常 (PID: 27448)
[2026-05-27 01:02:20] 💓 心跳正常 (PID: 27448)
[2026-05-27 01:02:30] 💓 心跳正常 (PID: 27448)
[2026-05-27 01:02:40] 💓 心跳正常 (PID: 27448)
[2026-05-27 01:02:50] 💓 心跳正常 (PID: 27448)
[2026-05-27 01:03:01] 💓 心跳正常 (PID: 27448)
[2026-05-27 01:03:11] 💓 心跳正常 (PID: 27448)
[2026-05-27 01:03:21] 💓 心跳正常 (PID: 27448)
[2026-05-27 01:03:31] 💓 心跳正常 (PID: 27448)
[2026-05-27 01:03:42] 💓 心跳正常 (PID: 27448)
[2026-05-27 01:03:52] 💓 心跳正常 (PID: 27448)
[2026-05-27 01:04:02] 💓 心跳正常 (PID: 27448)
[2026-05-27 01:04:12] 💓 心跳正常 (PID: 27448)
[2026-05-27 01:04:22] 💓 心跳正常 (PID: 27448)
[2026-05-27 01:04:33] 💓 心跳正常 (PID: 27448)
[2026-05-27 01:04:43] 💓 心跳正常 (PID: 27448)
[2026-05-27 01:04:53] 💓 心跳正常 (PID: 27448)
[2026-05-27 01:05:04] 💓 心跳正常 (PID: 27448)
[2026-05-27 01:05:14] 💓 心跳正常 (PID: 27448)
[2026-05-27 01:05:24] 💓 心跳正常 (PID: 27448)
[2026-05-27 01:05:34] 💓 心跳正常 (PID: 27448)
[2026-05-27 01:05:44] 💓 心跳正常 (PID: 27448)
[2026-05-27 01:05:55] 💓 心跳正常 (PID: 27448)
[2026-05-27 01:06:05] 💓 心跳正常 (PID: 27448)
[2026-05-27 01:06:15] 💓 心跳正常 (PID: 27448)
[2026-05-27 01:06:25] 💓 心跳正常 (PID: 27448)
[2026-05-27 01:06:36] 💓 心跳正常 (PID: 27448)
[2026-05-27 01:06:46] 💓 心跳正常 (PID: 27448)
[2026-05-27 01:06:56] 💓 心跳正常 (PID: 27448)
[2026-05-27 01:07:06] 💓 心跳正常 (PID: 27448)
[2026-05-27 01:07:17] 💓 心跳正常 (PID: 27448)
[2026-05-27 01:07:27] 💓 心跳正常 (PID: 27448)
[2026-05-27 01:07:37] 💓 心跳正常 (PID: 27448)
[2026-05-27 01:07:48] 💓 心跳正常 (PID: 27448)
[2026-05-27 01:07:58] 💓 心跳正常 (PID: 27448)
[2026-05-27 01:08:08] 💓 心跳正常 (PID: 27448)
[2026-05-27 01:08:18] 💓 心跳正常 (PID: 27448)
[2026-05-27 01:08:28] 💓 心跳正常 (PID: 27448)
[2026-05-27 01:08:39] 💓 心跳正常 (PID: 27448)
[2026-05-27 01:08:49] 💓 心跳正常 (PID: 27448)
[2026-05-27 01:08:59] 💓 心跳正常 (PID: 27448)
[2026-05-27 01:09:09] 💓 心跳正常 (PID: 27448)
[2026-05-27 01:09:20] 💓 心跳正常 (PID: 27448)
[2026-05-27 01:09:30] 💓 心跳正常 (PID: 27448)
[2026-05-27 01:09:40] 💓 心跳正常 (PID: 27448)
[2026-05-27 01:09:50] 💓 心跳正常 (PID: 27448)
[2026-05-27 01:10:01] 💓 心跳正常 (PID: 27448)
[2026-05-27 01:10:11] 💓 心跳正常 (PID: 27448)
[2026-05-27 01:10:21] 💓 心跳正常 (PID: 27448)
[2026-05-27 01:10:32] 💓 心跳正常 (PID: 27448)
[2026-05-27 01:10:42] 💓 心跳正常 (PID: 27448)
[2026-05-27 01:10:52] 💓 心跳正常 (PID: 27448)
[2026-05-27 01:11:02] 💓 心跳正常 (PID: 27448)
[2026-05-27 01:11:12] 💓 心跳正常 (PID: 27448)
[2026-05-27 01:11:23] 💓 心跳正常 (PID: 27448)
[2026-05-27 01:11:33] 💓 心跳正常 (PID: 27448)
[2026-05-27 01:11:43] 💓 心跳正常 (PID: 27448)
[2026-05-27 01:11:54] 💓 心跳正常 (PID: 27448)
[2026-05-27 01:12:04] 💓 心跳正常 (PID: 27448)
[2026-05-27 01:12:14] 💓 心跳正常 (PID: 27448)
[2026-05-27 01:12:25] 💓 心跳正常 (PID: 27448)
[2026-05-27 01:12:35] 💓 心跳正常 (PID: 27448)
[2026-05-27 01:12:45] 💓 心跳正常 (PID: 27448)
[2026-05-27 01:12:55] 💓 心跳正常 (PID: 27448)
[2026-05-27 01:13:06] 💓 心跳正常 (PID: 27448)
[2026-05-27 01:13:16] 💓 心跳正常 (PID: 27448)
[2026-05-27 01:13:26] 💓 心跳正常 (PID: 27448)
[2026-05-27 01:13:36] 💓 心跳正常 (PID: 27448)
[2026-05-27 01:13:47] 💓 心跳正常 (PID: 27448)
[2026-05-27 01:13:57] 💓 心跳正常 (PID: 27448)
[2026-05-27 01:14:07] 💓 心跳正常 (PID: 27448)
[2026-05-27 01:14:18] 💓 心跳正常 (PID: 27448)
[2026-05-27 01:14:28] 💓 心跳正常 (PID: 27448)
[2026-05-27 01:14:38] 💓 心跳正常 (PID: 27448)
[2026-05-27 01:14:49] 💓 心跳正常 (PID: 27448)
[2026-05-27 01:14:59] 💓 心跳正常 (PID: 27448)
[2026-05-27 01:15:09] 💓 心跳正常 (PID: 27448)
[2026-05-27 01:15:20] 💓 心跳正常 (PID: 27448)
[2026-05-27 01:15:30] 💓 心跳正常 (PID: 27448)
[2026-05-27 01:15:40] 💓 心跳正常 (PID: 27448)
[2026-05-27 01:15:50] 💓 心跳正常 (PID: 27448)
[2026-05-27 01:16:00] 💓 心跳正常 (PID: 27448)
[2026-05-27 01:16:11] 💓 心跳正常 (PID: 27448)
[2026-05-27 01:16:21] 💓 心跳正常 (PID: 27448)
[2026-05-27 01:16:31] 💓 心跳正常 (PID: 27448)
[2026-05-27 01:16:41] 💓 心跳正常 (PID: 27448)
[2026-05-27 01:16:52] 💓 心跳正常 (PID: 27448)
[2026-05-27 01:17:02] 💓 心跳正常 (PID: 27448)
[2026-05-27 01:17:12] 💓 心跳正常 (PID: 27448)
[2026-05-27 01:17:23] 💓 心跳正常 (PID: 27448)
[2026-05-27 01:17:33] 💓 心跳正常 (PID: 27448)
[2026-05-27 01:17:43] 💓 心跳正常 (PID: 27448)
[2026-05-27 01:17:53] 💓 心跳正常 (PID: 27448)
[2026-05-27 01:18:03] 💓 心跳正常 (PID: 27448)
[2026-05-27 01:18:14] 💓 心跳正常 (PID: 27448)
[2026-05-27 01:18:24] 💓 心跳正常 (PID: 27448)
[2026-05-27 01:18:34] 💓 心跳正常 (PID: 27448)
[2026-05-27 01:18:44] 💓 心跳正常 (PID: 27448)
[2026-05-27 01:18:55] 💓 心跳正常 (PID: 27448)
[2026-05-27 01:19:05] 💓 心跳正常 (PID: 27448)
[2026-05-27 01:19:15] 💓 心跳正常 (PID: 27448)
[2026-05-27 01:19:25] 💓 心跳正常 (PID: 27448)
[2026-05-27 01:19:35] 💓 心跳正常 (PID: 27448)
[2026-05-27 01:19:46] 💓 心跳正常 (PID: 27448)
[2026-05-27 01:19:56] 💓 心跳正常 (PID: 27448)
[2026-05-27 01:20:06] 💓 心跳正常 (PID: 27448)
[2026-05-27 01:20:16] 💓 心跳正常 (PID: 27448)
[2026-05-27 01:20:27] 💓 心跳正常 (PID: 27448)
[2026-05-27 01:20:37] 💓 心跳正常 (PID: 27448)
[2026-05-27 01:20:47] 💓 心跳正常 (PID: 27448)
[2026-05-27 01:20:57] 💓 心跳正常 (PID: 27448)
[2026-05-27 01:21:07] 💓 心跳正常 (PID: 27448)
[2026-05-27 01:21:18] 💓 心跳正常 (PID: 27448)
[2026-05-27 01:21:28] 💓 心跳正常 (PID: 27448)
[2026-05-27 01:21:38] 💓 心跳正常 (PID: 27448)
[2026-05-27 01:21:48] 💓 心跳正常 (PID: 27448)
[2026-05-27 01:21:58] 💓 心跳正常 (PID: 27448)
[2026-05-27 01:22:09] 💓 心跳正常 (PID: 27448)
[2026-05-27 01:22:19] 💓 心跳正常 (PID: 27448)
[2026-05-27 01:22:29] 💓 心跳正常 (PID: 27448)
[2026-05-27 01:22:39] 💓 心跳正常 (PID: 27448)
[2026-05-27 01:22:50] 💓 心跳正常 (PID: 27448)
[2026-05-27 01:23:00] 💓 心跳正常 (PID: 27448)
[2026-05-27 01:23:10] 💓 心跳正常 (PID: 27448)
[2026-05-27 01:23:21] 💓 心跳正常 (PID: 27448)
[2026-05-27 01:23:31] 💓 心跳正常 (PID: 27448)
[2026-05-27 01:23:41] 💓 心跳正常 (PID: 27448)
[2026-05-27 01:23:52] 💓 心跳正常 (PID: 27448)
[2026-05-27 01:24:02] 💓 心跳正常 (PID: 27448)
[2026-05-27 01:24:12] 💓 心跳正常 (PID: 27448)
[2026-05-27 01:24:22] 💓 心跳正常 (PID: 27448)
[2026-05-27 01:24:33] 💓 心跳正常 (PID: 27448)
[2026-05-27 01:24:43] 💓 心跳正常 (PID: 27448)
[2026-05-27 01:24:53] 💓 心跳正常 (PID: 27448)
[2026-05-27 01:25:03] 💓 心跳正常 (PID: 27448)
[2026-05-27 01:25:14] 💓 心跳正常 (PID: 27448)
[2026-05-27 01:25:24] 💓 心跳正常 (PID: 27448)
[2026-05-27 01:25:34] 💓 心跳正常 (PID: 27448)
[2026-05-27 01:25:45] 💓 心跳正常 (PID: 27448)
[2026-05-27 01:25:55] 💓 心跳正常 (PID: 27448)
[2026-05-27 01:26:05] 💓 心跳正常 (PID: 27448)
[2026-05-27 01:26:15] 💓 心跳正常 (PID: 27448)
[2026-05-27 01:26:26] 💓 心跳正常 (PID: 27448)
[2026-05-27 01:26:36] 💓 心跳正常 (PID: 27448)
[2026-05-27 01:26:46] 💓 心跳正常 (PID: 27448)
[2026-05-27 01:26:56] 💓 心跳正常 (PID: 27448)
[2026-05-27 01:27:07] 💓 心跳正常 (PID: 27448)
[2026-05-27 01:27:17] 💓 心跳正常 (PID: 27448)
[2026-05-27 01:27:27] 💓 心跳正常 (PID: 27448)
[2026-05-27 01:27:37] 💓 心跳正常 (PID: 27448)
[2026-05-27 01:27:48] 💓 心跳正常 (PID: 27448)
[2026-05-27 01:27:58] 💓 心跳正常 (PID: 27448)
[2026-05-27 01:28:08] 💓 心跳正常 (PID: 27448)
[2026-05-27 01:28:18] 💓 心跳正常 (PID: 27448)
[2026-05-27 01:28:28] 💓 心跳正常 (PID: 27448)
[2026-05-27 01:28:39] 💓 心跳正常 (PID: 27448)
[2026-05-27 01:28:49] 💓 心跳正常 (PID: 27448)
[2026-05-27 01:28:59] 💓 心跳正常 (PID: 27448)
[2026-05-27 01:29:09] 💓 心跳正常 (PID: 27448)
[2026-05-27 01:29:20] 💓 心跳正常 (PID: 27448)
[2026-05-27 01:29:30] 💓 心跳正常 (PID: 27448)
[2026-05-27 01:29:40] 💓 心跳正常 (PID: 27448)
[2026-05-27 01:29:50] 💓 心跳正常 (PID: 27448)
[2026-05-27 01:30:01] 💓 心跳正常 (PID: 27448)
[2026-05-27 01:30:11] 💓 心跳正常 (PID: 27448)
[2026-05-27 01:30:21] 💓 心跳正常 (PID: 27448)
[2026-05-27 01:30:32] 💓 心跳正常 (PID: 27448)
[2026-05-27 01:30:42] 💓 心跳正常 (PID: 27448)
[2026-05-27 01:30:52] 💓 心跳正常 (PID: 27448)
[2026-05-27 01:31:02] 💓 心跳正常 (PID: 27448)
[2026-05-27 01:31:13] 💓 心跳正常 (PID: 27448)
[2026-05-27 01:31:23] 💓 心跳正常 (PID: 27448)
[2026-05-27 01:31:33] 💓 心跳正常 (PID: 27448)
[2026-05-27 01:31:43] 💓 心跳正常 (PID: 27448)
[2026-05-27 01:31:54] 💓 心跳正常 (PID: 27448)
[2026-05-27 01:32:04] 💓 心跳正常 (PID: 27448)
[2026-05-27 01:32:15] 💓 心跳正常 (PID: 27448)
[2026-05-27 01:32:25] 💓 心跳正常 (PID: 27448)
[2026-05-27 01:32:35] 💓 心跳正常 (PID: 27448)
[2026-05-27 01:32:45] 💓 心跳正常 (PID: 27448)
[2026-05-27 01:32:56] 💓 心跳正常 (PID: 27448)
[2026-05-27 01:33:06] 💓 心跳正常 (PID: 27448)
[2026-05-27 01:33:16] 💓 心跳正常 (PID: 27448)
[2026-05-27 01:33:27] 💓 心跳正常 (PID: 27448)
[2026-05-27 01:33:37] 💓 心跳正常 (PID: 27448)
[2026-05-27 01:33:47] 💓 心跳正常 (PID: 27448)
[2026-05-27 01:33:58] 💓 心跳正常 (PID: 27448)
[2026-05-27 01:34:08] 💓 心跳正常 (PID: 27448)
[2026-05-27 01:34:18] 💓 心跳正常 (PID: 27448)
[2026-05-27 01:34:29] 💓 心跳正常 (PID: 27448)
[2026-05-27 01:34:39] 💓 心跳正常 (PID: 27448)
[2026-05-27 01:34:50] 💓 心跳正常 (PID: 27448)
[2026-05-27 01:35:00] 💓 心跳正常 (PID: 27448)
[2026-05-27 01:35:10] 💓 心跳正常 (PID: 27448)
[2026-05-27 01:35:20] 💓 心跳正常 (PID: 27448)
[2026-05-27 01:35:31] 💓 心跳正常 (PID: 27448)
[2026-05-27 01:35:41] 💓 心跳正常 (PID: 27448)
[2026-05-27 01:35:51] 💓 心跳正常 (PID: 27448)
[2026-05-27 01:36:01] 💓 心跳正常 (PID: 27448)
[2026-05-27 01:36:12] 💓 心跳正常 (PID: 27448)
[2026-05-27 01:36:22] 💓 心跳正常 (PID: 27448)
[2026-05-27 01:36:32] 💓 心跳正常 (PID: 27448)
[2026-05-27 01:36:42] 💓 心跳正常 (PID: 27448)
[2026-05-27 01:36:53] 💓 心跳正常 (PID: 27448)
[2026-05-27 01:37:03] 💓 心跳正常 (PID: 27448)
[2026-05-27 01:37:13] 💓 心跳正常 (PID: 27448)
[2026-05-27 01:37:24] 💓 心跳正常 (PID: 27448)
[2026-05-27 01:37:34] 💓 心跳正常 (PID: 27448)
[2026-05-27 01:37:45] 💓 心跳正常 (PID: 27448)
[2026-05-27 01:37:55] 💓 心跳正常 (PID: 27448)
[2026-05-27 01:38:05] 💓 心跳正常 (PID: 27448)
[2026-05-27 01:38:15] 💓 心跳正常 (PID: 27448)
[2026-05-27 01:38:25] 💓 心跳正常 (PID: 27448)
[2026-05-27 01:38:35] 💓 心跳正常 (PID: 27448)
[2026-05-27 01:38:46] 💓 心跳正常 (PID: 27448)
[2026-05-27 01:38:56] 💓 心跳正常 (PID: 27448)
[2026-05-27 01:39:07] 💓 心跳正常 (PID: 27448)
[2026-05-27 01:39:17] 💓 心跳正常 (PID: 27448)
[2026-05-27 01:39:27] 💓 心跳正常 (PID: 27448)
[2026-05-27 01:39:37] 💓 心跳正常 (PID: 27448)
[2026-05-27 01:39:47] 💓 心跳正常 (PID: 27448)
[2026-05-27 01:39:58] 💓 心跳正常 (PID: 27448)
[2026-05-27 01:40:08] 💓 心跳正常 (PID: 27448)
[2026-05-27 01:40:18] 💓 心跳正常 (PID: 27448)
[2026-05-27 01:40:29] 💓 心跳正常 (PID: 27448)
[2026-05-27 01:40:39] 💓 心跳正常 (PID: 27448)
[2026-05-27 01:40:49] 💓 心跳正常 (PID: 27448)
[2026-05-27 01:41:00] 💓 心跳正常 (PID: 27448)
[2026-05-27 01:41:10] 💓 心跳正常 (PID: 27448)
[2026-05-27 01:41:20] 💓 心跳正常 (PID: 27448)
[2026-05-27 01:41:31] 💓 心跳正常 (PID: 27448)
[2026-05-27 01:41:41] 💓 心跳正常 (PID: 27448)
[2026-05-27 01:41:51] 💓 心跳正常 (PID: 27448)
[2026-05-27 01:42:01] 💓 心跳正常 (PID: 27448)
[2026-05-27 01:42:12] 💓 心跳正常 (PID: 27448)
[2026-05-27 01:42:22] 💓 心跳正常 (PID: 27448)
[2026-05-27 01:42:32] 💓 心跳正常 (PID: 27448)
[2026-05-27 01:42:43] 💓 心跳正常 (PID: 27448)
[2026-05-27 01:42:53] 💓 心跳正常 (PID: 27448)
[2026-05-27 01:43:03] 💓 心跳正常 (PID: 27448)
[2026-05-27 01:43:14] 💓 心跳正常 (PID: 27448)
[2026-05-27 01:43:24] 💓 心跳正常 (PID: 27448)
[2026-05-27 01:43:34] 💓 心跳正常 (PID: 27448)
[2026-05-27 01:43:45] 💓 心跳正常 (PID: 27448)
[2026-05-27 01:43:55] 💓 心跳正常 (PID: 27448)
[2026-05-27 01:44:05] 💓 心跳正常 (PID: 27448)
[2026-05-27 01:44:16] 💓 心跳正常 (PID: 27448)
[2026-05-27 01:44:26] 💓 心跳正常 (PID: 27448)
[2026-05-27 01:44:36] 💓 心跳正常 (PID: 27448)
[2026-05-27 01:44:47] 💓 心跳正常 (PID: 27448)
[2026-05-27 01:44:57] 💓 心跳正常 (PID: 27448)
[2026-05-27 01:45:07] 💓 心跳正常 (PID: 27448)
[2026-05-27 01:45:18] 💓 心跳正常 (PID: 27448)
[2026-05-27 01:45:28] 💓 心跳正常 (PID: 27448)
[2026-05-27 01:45:38] 💓 心跳正常 (PID: 27448)
[2026-05-27 01:45:48] 💓 心跳正常 (PID: 27448)
[2026-05-27 01:45:59] 💓 心跳正常 (PID: 27448)
[2026-05-27 01:46:09] 💓 心跳正常 (PID: 27448)
[2026-05-27 01:46:19] 💓 心跳正常 (PID: 27448)
[2026-05-27 01:46:29] 💓 心跳正常 (PID: 27448)
[2026-05-27 01:46:40] 💓 心跳正常 (PID: 27448)
[2026-05-27 01:46:50] 💓 心跳正常 (PID: 27448)
[2026-05-27 01:47:00] 💓 心跳正常 (PID: 27448)
[2026-05-27 01:47:10] 💓 心跳正常 (PID: 27448)
[2026-05-27 01:47:21] 💓 心跳正常 (PID: 27448)
[2026-05-27 01:47:31] 💓 心跳正常 (PID: 27448)
[2026-05-27 01:47:41] 💓 心跳正常 (PID: 27448)
[2026-05-27 01:47:52] 💓 心跳正常 (PID: 27448)
[2026-05-27 01:48:02] 💓 心跳正常 (PID: 27448)
[2026-05-27 01:48:13] 💓 心跳正常 (PID: 27448)
[2026-05-27 01:48:23] 💓 心跳正常 (PID: 27448)
[2026-05-27 01:48:33] 💓 心跳正常 (PID: 27448)
[2026-05-27 01:48:44] 💓 心跳正常 (PID: 27448)
[2026-05-27 01:48:54] 💓 心跳正常 (PID: 27448)
[2026-05-27 01:49:04] 💓 心跳正常 (PID: 27448)
[2026-05-27 01:49:15] 💓 心跳正常 (PID: 27448)
[2026-05-27 01:49:25] 💓 心跳正常 (PID: 27448)
[2026-05-27 01:49:35] 💓 心跳正常 (PID: 27448)
[2026-05-27 01:49:46] 💓 心跳正常 (PID: 27448)
[2026-05-27 01:49:56] 💓 心跳正常 (PID: 27448)
[2026-05-27 01:50:06] 💓 心跳正常 (PID: 27448)
[2026-05-27 01:50:16] 💓 心跳正常 (PID: 27448)
[2026-05-27 01:50:27] 💓 心跳正常 (PID: 27448)
[2026-05-27 01:50:37] 💓 心跳正常 (PID: 27448)
[2026-05-27 01:50:47] 💓 心跳正常 (PID: 27448)
[2026-05-27 01:50:58] 💓 心跳正常 (PID: 27448)
[2026-05-27 01:51:08] 💓 心跳正常 (PID: 27448)
[2026-05-27 01:51:18] 💓 心跳正常 (PID: 27448)
[2026-05-27 01:51:29] 💓 心跳正常 (PID: 27448)
[2026-05-27 01:51:39] 💓 心跳正常 (PID: 27448)
[2026-05-27 01:51:49] 💓 心跳正常 (PID: 27448)
[2026-05-27 01:52:00] 💓 心跳正常 (PID: 27448)
[2026-05-27 01:52:10] 💓 心跳正常 (PID: 27448)
[2026-05-27 01:52:20] 💓 心跳正常 (PID: 27448)
[2026-05-27 01:52:30] 💓 心跳正常 (PID: 27448)
[2026-05-27 01:52:40] 💓 心跳正常 (PID: 27448)
[2026-05-27 01:52:51] 💓 心跳正常 (PID: 27448)
[2026-05-27 01:53:01] 📁 交易日志 /root/.openclaw/logs/trading/monitor.log (4.5MB)，>10MB 时自动归档至 logs/trading/archive/
[2026-05-27 01:53:01] 💓 心跳正常 (PID: 27448)
[2026-05-27 01:53:11] 💓 心跳正常 (PID: 27448)
[2026-05-27 01:53:22] 💓 心跳正常 (PID: 27448)
[2026-05-27 01:53:32] 💓 心跳正常 (PID: 27448)
[2026-05-27 01:53:42] 💓 心跳正常 (PID: 27448)
[2026-05-27 01:53:52] 💓 心跳正常 (PID: 27448)
[2026-05-27 01:54:03] 💓 心跳正常 (PID: 27448)
[2026-05-27 01:54:13] 💓 心跳正常 (PID: 27448)
[2026-05-27 01:54:24] 💓 心跳正常 (PID: 27448)
[2026-05-27 01:54:34] 💓 心跳正常 (PID: 27448)
[2026-05-27 01:54:44] 💓 心跳正常 (PID: 27448)
[2026-05-27 01:54:54] 💓 心跳正常 (PID: 27448)
[2026-05-27 01:55:05] 💓 心跳正常 (PID: 27448)
[2026-05-27 01:55:15] 💓 心跳正常 (PID: 27448)
[2026-05-27 01:55:25] 💓 心跳正常 (PID: 27448)
[2026-05-27 01:55:35] 💓 心跳正常 (PID: 27448)
[2026-05-27 01:55:46] 💓 心跳正常 (PID: 27448)
[2026-05-27 01:55:56] 💓 心跳正常 (PID: 27448)
[2026-05-27 01:56:06] 💓 心跳正常 (PID: 27448)
[2026-05-27 01:56:16] 💓 心跳正常 (PID: 27448)
[2026-05-27 01:56:27] 💓 心跳正常 (PID: 27448)
[2026-05-27 01:56:37] 💓 心跳正常 (PID: 27448)
[2026-05-27 01:56:47] 💓 心跳正常 (PID: 27448)
[2026-05-27 01:56:57] 💓 心跳正常 (PID: 27448)
[2026-05-27 01:57:08] 💓 心跳正常 (PID: 27448)
[2026-05-27 01:57:18] 💓 心跳正常 (PID: 27448)
[2026-05-27 01:57:28] 💓 心跳正常 (PID: 27448)
[2026-05-27 01:57:39] 💓 心跳正常 (PID: 27448)
[2026-05-27 01:57:49] 💓 心跳正常 (PID: 27448)
[2026-05-27 01:57:59] 💓 心跳正常 (PID: 27448)
[2026-05-27 01:58:10] 💓 心跳正常 (PID: 27448)
[2026-05-27 01:58:20] 💓 心跳正常 (PID: 27448)
[2026-05-27 01:58:30] 💓 心跳正常 (PID: 27448)
[2026-05-27 01:58:40] 💓 心跳正常 (PID: 27448)
[2026-05-27 01:58:51] 💓 心跳正常 (PID: 27448)
[2026-05-27 01:59:01] 💓 心跳正常 (PID: 27448)
[2026-05-27 01:59:11] 💓 心跳正常 (PID: 27448)
[2026-05-27 01:59:22] 💓 心跳正常 (PID: 27448)
[2026-05-27 01:59:32] 💓 心跳正常 (PID: 27448)
[2026-05-27 01:59:42] 💓 心跳正常 (PID: 27448)
[2026-05-27 01:59:53] 💓 心跳正常 (PID: 27448)
[2026-05-27 02:00:03] 💓 心跳正常 (PID: 27448)
[2026-05-27 02:00:13] 💓 心跳正常 (PID: 27448)
[2026-05-27 02:00:24] 💓 心跳正常 (PID: 27448)
[2026-05-27 02:00:34] 💓 心跳正常 (PID: 27448)
[2026-05-27 02:00:44] 💓 心跳正常 (PID: 27448)
[2026-05-27 02:00:55] 💓 心跳正常 (PID: 27448)
[2026-05-27 02:01:05] 💓 心跳正常 (PID: 27448)
[2026-05-27 02:01:15] 💓 心跳正常 (PID: 27448)
[2026-05-27 02:01:26] 💓 心跳正常 (PID: 27448)
[2026-05-27 02:01:36] 💓 心跳正常 (PID: 27448)
[2026-05-27 02:01:47] 💓 心跳正常 (PID: 27448)
[2026-05-27 02:01:57] 💓 心跳正常 (PID: 27448)
[2026-05-27 02:02:07] 💓 心跳正常 (PID: 27448)
[2026-05-27 02:02:17] 💓 心跳正常 (PID: 27448)
[2026-05-27 02:02:28] 💓 心跳正常 (PID: 27448)
[2026-05-27 02:02:38] 💓 心跳正常 (PID: 27448)
[2026-05-27 02:02:48] 💓 心跳正常 (PID: 27448)
[2026-05-27 02:02:59] 💓 心跳正常 (PID: 27448)
[2026-05-27 02:03:09] 💓 心跳正常 (PID: 27448)
[2026-05-27 02:03:19] 💓 心跳正常 (PID: 27448)
[2026-05-27 02:03:29] 💓 心跳正常 (PID: 27448)
[2026-05-27 02:03:40] 💓 心跳正常 (PID: 27448)
[2026-05-27 02:03:50] 💓 心跳正常 (PID: 27448)
[2026-05-27 02:04:00] 💓 心跳正常 (PID: 27448)
[2026-05-27 02:04:11] 💓 心跳正常 (PID: 27448)
[2026-05-27 02:04:21] 💓 心跳正常 (PID: 27448)
[2026-05-27 02:04:31] 💓 心跳正常 (PID: 27448)
[2026-05-27 02:04:42] 💓 心跳正常 (PID: 27448)
[2026-05-27 02:04:52] 💓 心跳正常 (PID: 27448)
[2026-05-27 02:05:02] 💓 心跳正常 (PID: 27448)
[2026-05-27 02:05:13] 💓 心跳正常 (PID: 27448)
[2026-05-27 02:05:23] 💓 心跳正常 (PID: 27448)
[2026-05-27 02:05:33] 💓 心跳正常 (PID: 27448)
[2026-05-27 02:05:43] 💓 心跳正常 (PID: 27448)
[2026-05-27 02:05:54] 💓 心跳正常 (PID: 27448)
[2026-05-27 02:06:04] 💓 心跳正常 (PID: 27448)
[2026-05-27 02:06:14] 💓 心跳正常 (PID: 27448)
[2026-05-27 02:06:25] 💓 心跳正常 (PID: 27448)
[2026-05-27 02:06:35] 💓 心跳正常 (PID: 27448)
[2026-05-27 02:06:45] 💓 心跳正常 (PID: 27448)
[2026-05-27 02:06:56] 💓 心跳正常 (PID: 27448)
[2026-05-27 02:07:06] 💓 心跳正常 (PID: 27448)
[2026-05-27 02:07:16] 💓 心跳正常 (PID: 27448)
[2026-05-27 02:07:27] 💓 心跳正常 (PID: 27448)
[2026-05-27 02:07:37] 💓 心跳正常 (PID: 27448)
[2026-05-27 02:07:47] 💓 心跳正常 (PID: 27448)
[2026-05-27 02:07:57] 💓 心跳正常 (PID: 27448)
[2026-05-27 02:08:08] 💓 心跳正常 (PID: 27448)
[2026-05-27 02:08:18] 💓 心跳正常 (PID: 27448)
[2026-05-27 02:08:28] 💓 心跳正常 (PID: 27448)
[2026-05-27 02:08:39] 💓 心跳正常 (PID: 27448)
[2026-05-27 02:08:49] 💓 心跳正常 (PID: 27448)
[2026-05-27 02:09:00] 💓 心跳正常 (PID: 27448)
[2026-05-27 02:09:10] 💓 心跳正常 (PID: 27448)
[2026-05-27 02:09:20] 💓 心跳正常 (PID: 27448)
[2026-05-27 02:09:30] 💓 心跳正常 (PID: 27448)
[2026-05-27 02:09:41] 💓 心跳正常 (PID: 27448)
[2026-05-27 02:09:51] 💓 心跳正常 (PID: 27448)
[2026-05-27 02:10:01] 💓 心跳正常 (PID: 27448)
[2026-05-27 02:10:12] 💓 心跳正常 (PID: 27448)
[2026-05-27 02:10:22] 💓 心跳正常 (PID: 27448)
[2026-05-27 02:10:33] 💓 心跳正常 (PID: 27448)
[2026-05-27 02:10:43] 💓 心跳正常 (PID: 27448)
[2026-05-27 02:10:53] 💓 心跳正常 (PID: 27448)
[2026-05-27 02:11:04] 💓 心跳正常 (PID: 27448)
[2026-05-27 02:11:14] 💓 心跳正常 (PID: 27448)
[2026-05-27 02:11:25] 💓 心跳正常 (PID: 27448)
[2026-05-27 02:11:35] 💓 心跳正常 (PID: 27448)
[2026-05-27 02:11:46] 💓 心跳正常 (PID: 27448)
[2026-05-27 02:11:56] 💓 心跳正常 (PID: 27448)
[2026-05-27 02:12:06] 💓 心跳正常 (PID: 27448)
[2026-05-27 02:12:16] 💓 心跳正常 (PID: 27448)
[2026-05-27 02:12:27] 💓 心跳正常 (PID: 27448)
[2026-05-27 02:12:37] 💓 心跳正常 (PID: 27448)
[2026-05-27 02:12:47] 💓 心跳正常 (PID: 27448)
[2026-05-27 02:12:57] 💓 心跳正常 (PID: 27448)
[2026-05-27 02:13:07] 💓 心跳正常 (PID: 27448)
[2026-05-27 02:13:18] 💓 心跳正常 (PID: 27448)
[2026-05-27 02:13:28] 💓 心跳正常 (PID: 27448)
[2026-05-27 02:13:39] 💓 心跳正常 (PID: 27448)
[2026-05-27 02:13:49] 💓 心跳正常 (PID: 27448)
[2026-05-27 02:13:59] 💓 心跳正常 (PID: 27448)
[2026-05-27 02:14:09] 💓 心跳正常 (PID: 27448)
[2026-05-27 02:14:20] 💓 心跳正常 (PID: 27448)
[2026-05-27 02:14:30] 💓 心跳正常 (PID: 27448)
[2026-05-27 02:14:40] 💓 心跳正常 (PID: 27448)
[2026-05-27 02:14:51] 💓 心跳正常 (PID: 27448)
[2026-05-27 02:15:01] 💓 心跳正常 (PID: 27448)
[2026-05-27 02:15:11] 💓 心跳正常 (PID: 27448)
[2026-05-27 02:15:22] 💓 心跳正常 (PID: 27448)
[2026-05-27 02:15:32] 💓 心跳正常 (PID: 27448)
[2026-05-27 02:15:43] 💓 心跳正常 (PID: 27448)
[2026-05-27 02:15:53] 💓 心跳正常 (PID: 27448)
[2026-05-27 02:16:03] 💓 心跳正常 (PID: 27448)
[2026-05-27 02:16:14] 💓 心跳正常 (PID: 27448)
[2026-05-27 02:16:24] 💓 心跳正常 (PID: 27448)
[2026-05-27 02:16:34] 💓 心跳正常 (PID: 27448)
[2026-05-27 02:16:45] 💓 心跳正常 (PID: 27448)
[2026-05-27 02:16:55] 💓 心跳正常 (PID: 27448)
[2026-05-27 02:17:05] 💓 心跳正常 (PID: 27448)
[2026-05-27 02:17:16] 💓 心跳正常 (PID: 27448)
[2026-05-27 02:17:26] 💓 心跳正常 (PID: 27448)
[2026-05-27 02:17:36] 💓 心跳正常 (PID: 27448)
[2026-05-27 02:17:47] 💓 心跳正常 (PID: 27448)
[2026-05-27 02:17:57] 💓 心跳正常 (PID: 27448)
[2026-05-27 02:18:07] 💓 心跳正常 (PID: 27448)
[2026-05-27 02:18:18] 💓 心跳正常 (PID: 27448)
[2026-05-27 02:18:28] 💓 心跳正常 (PID: 27448)
[2026-05-27 02:18:38] 💓 心跳正常 (PID: 27448)
[2026-05-27 02:18:49] 💓 心跳正常 (PID: 27448)
[2026-05-27 02:18:59] 💓 心跳正常 (PID: 27448)
[2026-05-27 02:19:09] 💓 心跳正常 (PID: 27448)
[2026-05-27 02:19:20] 💓 心跳正常 (PID: 27448)
[2026-05-27 02:19:30] 💓 心跳正常 (PID: 27448)
[2026-05-27 02:19:41] 💓 心跳正常 (PID: 27448)
[2026-05-27 02:19:51] 💓 心跳正常 (PID: 27448)
[2026-05-27 02:20:01] 💓 心跳正常 (PID: 27448)
[2026-05-27 02:20:12] 💓 心跳正常 (PID: 27448)
[2026-05-27 02:20:22] 💓 心跳正常 (PID: 27448)
[2026-05-27 02:20:32] 💓 心跳正常 (PID: 27448)
[2026-05-27 02:20:42] 💓 心跳正常 (PID: 27448)
[2026-05-27 02:20:53] 💓 心跳正常 (PID: 27448)
[2026-05-27 02:21:03] 💓 心跳正常 (PID: 27448)
[2026-05-27 02:21:13] 💓 心跳正常 (PID: 27448)
[2026-05-27 02:21:24] 💓 心跳正常 (PID: 27448)
[2026-05-27 02:21:34] 💓 心跳正常 (PID: 27448)
[2026-05-27 02:21:44] 💓 心跳正常 (PID: 27448)
[2026-05-27 02:21:55] 💓 心跳正常 (PID: 27448)
[2026-05-27 02:22:05] 💓 心跳正常 (PID: 27448)
[2026-05-27 02:22:15] 💓 心跳正常 (PID: 27448)
[2026-05-27 02:22:25] 💓 心跳正常 (PID: 27448)
[2026-05-27 02:22:35] 💓 心跳正常 (PID: 27448)
[2026-05-27 02:22:46] 💓 心跳正常 (PID: 27448)
[2026-05-27 02:22:56] 💓 心跳正常 (PID: 27448)
[2026-05-27 02:23:06] 💓 心跳正常 (PID: 27448)
[2026-05-27 02:23:17] 💓 心跳正常 (PID: 27448)
[2026-05-27 02:23:27] 💓 心跳正常 (PID: 27448)
[2026-05-27 02:23:37] 💓 心跳正常 (PID: 27448)
[2026-05-27 02:23:48] 💓 心跳正常 (PID: 27448)
[2026-05-27 02:23:58] 💓 心跳正常 (PID: 27448)
[2026-05-27 02:24:08] 💓 心跳正常 (PID: 27448)
[2026-05-27 02:24:18] 💓 心跳正常 (PID: 27448)
[2026-05-27 02:24:29] 💓 心跳正常 (PID: 27448)
[2026-05-27 02:24:39] 💓 心跳正常 (PID: 27448)
[2026-05-27 02:24:49] 💓 心跳正常 (PID: 27448)
[2026-05-27 02:24:59] 💓 心跳正常 (PID: 27448)
[2026-05-27 02:25:09] 💓 心跳正常 (PID: 27448)
[2026-05-27 02:25:20] 💓 心跳正常 (PID: 27448)
[2026-05-27 02:25:30] 💓 心跳正常 (PID: 27448)
[2026-05-27 02:25:40] 💓 心跳正常 (PID: 27448)
[2026-05-27 02:25:51] 💓 心跳正常 (PID: 27448)
[2026-05-27 02:26:01] 💓 心跳正常 (PID: 27448)
[2026-05-27 02:26:11] 💓 心跳正常 (PID: 27448)
[2026-05-27 02:26:21] 💓 心跳正常 (PID: 27448)
[2026-05-27 02:26:31] 💓 心跳正常 (PID: 27448)
[2026-05-27 02:26:42] 💓 心跳正常 (PID: 27448)
[2026-05-27 02:26:52] 💓 心跳正常 (PID: 27448)
[2026-05-27 02:27:02] 💓 心跳正常 (PID: 27448)
[2026-05-27 02:27:13] 💓 心跳正常 (PID: 27448)
[2026-05-27 02:27:23] 💓 心跳正常 (PID: 27448)
[2026-05-27 02:27:33] 💓 心跳正常 (PID: 27448)
[2026-05-27 02:27:43] 💓 心跳正常 (PID: 27448)
[2026-05-27 02:27:54] 💓 心跳正常 (PID: 27448)
[2026-05-27 02:28:04] 💓 心跳正常 (PID: 27448)
[2026-05-27 02:28:14] 💓 心跳正常 (PID: 27448)
[2026-05-27 02:28:25] 💓 心跳正常 (PID: 27448)
[2026-05-27 02:28:35] 💓 心跳正常 (PID: 27448)
[2026-05-27 02:28:45] 💓 心跳正常 (PID: 27448)
[2026-05-27 02:28:56] 💓 心跳正常 (PID: 27448)
[2026-05-27 02:29:06] 💓 心跳正常 (PID: 27448)
[2026-05-27 02:29:16] 💓 心跳正常 (PID: 27448)
[2026-05-27 02:29:27] 💓 心跳正常 (PID: 27448)
[2026-05-27 02:29:37] 💓 心跳正常 (PID: 27448)
[2026-05-27 02:29:47] 💓 心跳正常 (PID: 27448)
[2026-05-27 02:29:58] 💓 心跳正常 (PID: 27448)
[2026-05-27 02:30:08] 💓 心跳正常 (PID: 27448)
[2026-05-27 02:30:18] 💓 心跳正常 (PID: 27448)
[2026-05-27 02:30:29] 💓 心跳正常 (PID: 27448)
[2026-05-27 02:30:39] 💓 心跳正常 (PID: 27448)
[2026-05-27 02:30:50] 💓 心跳正常 (PID: 27448)
[2026-05-27 02:31:00] 💓 心跳正常 (PID: 27448)
[2026-05-27 02:31:10] 💓 心跳正常 (PID: 27448)
[2026-05-27 02:31:21] 💓 心跳正常 (PID: 27448)
[2026-05-27 02:31:31] 💓 心跳正常 (PID: 27448)
[2026-05-27 02:31:42] 💓 心跳正常 (PID: 27448)
[2026-05-27 02:31:52] 💓 心跳正常 (PID: 27448)
[2026-05-27 02:32:02] 💓 心跳正常 (PID: 27448)
[2026-05-27 02:32:13] 💓 心跳正常 (PID: 27448)
[2026-05-27 02:32:23] 💓 心跳正常 (PID: 27448)
[2026-05-27 02:32:33] 💓 心跳正常 (PID: 27448)
[2026-05-27 02:32:43] 💓 心跳正常 (PID: 27448)
[2026-05-27 02:32:54] 💓 心跳正常 (PID: 27448)
[2026-05-27 02:33:04] 💓 心跳正常 (PID: 27448)
[2026-05-27 02:33:14] 💓 心跳正常 (PID: 27448)
[2026-05-27 02:33:24] 💓 心跳正常 (PID: 27448)
[2026-05-27 02:33:35] 💓 心跳正常 (PID: 27448)
[2026-05-27 02:33:45] 💓 心跳正常 (PID: 27448)
[2026-05-27 02:33:56] 💓 心跳正常 (PID: 27448)
[2026-05-27 02:34:06] 💓 心跳正常 (PID: 27448)
[2026-05-27 02:34:16] 💓 心跳正常 (PID: 27448)
[2026-05-27 02:34:27] 💓 心跳正常 (PID: 27448)
[2026-05-27 02:34:37] 💓 心跳正常 (PID: 27448)
[2026-05-27 02:34:48] 💓 心跳正常 (PID: 27448)
[2026-05-27 02:34:58] 💓 心跳正常 (PID: 27448)
[2026-05-27 02:35:08] 💓 心跳正常 (PID: 27448)
[2026-05-27 02:35:18] 💓 心跳正常 (PID: 27448)
[2026-05-27 02:35:29] 💓 心跳正常 (PID: 27448)
[2026-05-27 02:35:39] 💓 心跳正常 (PID: 27448)
[2026-05-27 02:35:49] 💓 心跳正常 (PID: 27448)
[2026-05-27 02:36:00] 💓 心跳正常 (PID: 27448)
[2026-05-27 02:36:10] 💓 心跳正常 (PID: 27448)
[2026-05-27 02:36:20] 💓 心跳正常 (PID: 27448)
[2026-05-27 02:36:30] 💓 心跳正常 (PID: 27448)
[2026-05-27 02:36:40] 💓 心跳正常 (PID: 27448)
[2026-05-27 02:36:51] 💓 心跳正常 (PID: 27448)
[2026-05-27 02:37:01] 💓 心跳正常 (PID: 27448)
[2026-05-27 02:37:11] 💓 心跳正常 (PID: 27448)
[2026-05-27 02:37:21] 💓 心跳正常 (PID: 27448)
[2026-05-27 02:37:31] 💓 心跳正常 (PID: 27448)
[2026-05-27 02:37:42] 💓 心跳正常 (PID: 27448)
[2026-05-27 02:37:52] 💓 心跳正常 (PID: 27448)
[2026-05-27 02:38:02] 💓 心跳正常 (PID: 27448)
[2026-05-27 02:38:12] 💓 心跳正常 (PID: 27448)
[2026-05-27 02:38:23] 💓 心跳正常 (PID: 27448)
[2026-05-27 02:38:33] 💓 心跳正常 (PID: 27448)
[2026-05-27 02:38:43] 💓 心跳正常 (PID: 27448)
[2026-05-27 02:38:53] 💓 心跳正常 (PID: 27448)
[2026-05-27 02:39:04] 💓 心跳正常 (PID: 27448)
[2026-05-27 02:39:14] 💓 心跳正常 (PID: 27448)
[2026-05-27 02:39:24] 💓 心跳正常 (PID: 27448)
[2026-05-27 02:39:35] 💓 心跳正常 (PID: 27448)
[2026-05-27 02:39:45] 💓 心跳正常 (PID: 27448)
[2026-05-27 02:39:55] 💓 心跳正常 (PID: 27448)
[2026-05-27 02:40:06] 💓 心跳正常 (PID: 27448)
[2026-05-27 02:40:16] 💓 心跳正常 (PID: 27448)
[2026-05-27 02:40:26] 💓 心跳正常 (PID: 27448)
[2026-05-27 02:40:37] 💓 心跳正常 (PID: 27448)
[2026-05-27 02:40:47] 💓 心跳正常 (PID: 27448)
[2026-05-27 02:40:57] 💓 心跳正常 (PID: 27448)
[2026-05-27 02:41:07] 💓 心跳正常 (PID: 27448)
[2026-05-27 02:41:18] 💓 心跳正常 (PID: 27448)
[2026-05-27 02:41:28] 💓 心跳正常 (PID: 27448)
[2026-05-27 02:41:38] 💓 心跳正常 (PID: 27448)
[2026-05-27 02:41:49] 💓 心跳正常 (PID: 27448)
[2026-05-27 02:41:59] 💓 心跳正常 (PID: 27448)
[2026-05-27 02:42:10] 💓 心跳正常 (PID: 27448)
[2026-05-27 02:42:20] 💓 心跳正常 (PID: 27448)
[2026-05-27 02:42:30] 💓 心跳正常 (PID: 27448)
[2026-05-27 02:42:41] 💓 心跳正常 (PID: 27448)
[2026-05-27 02:42:51] 💓 心跳正常 (PID: 27448)
[2026-05-27 02:43:02] 💓 心跳正常 (PID: 27448)
[2026-05-27 02:43:12] 💓 心跳正常 (PID: 27448)
[2026-05-27 02:43:22] 💓 心跳正常 (PID: 27448)
[2026-05-27 02:43:32] 💓 心跳正常 (PID: 27448)
[2026-05-27 02:43:43] 💓 心跳正常 (PID: 27448)
[2026-05-27 02:43:53] 💓 心跳正常 (PID: 27448)
[2026-05-27 02:44:03] 💓 心跳正常 (PID: 27448)
[2026-05-27 02:44:14] 💓 心跳正常 (PID: 27448)
[2026-05-27 02:44:24] 💓 心跳正常 (PID: 27448)
[2026-05-27 02:44:35] 💓 心跳正常 (PID: 27448)
[2026-05-27 02:44:45] 💓 心跳正常 (PID: 27448)
[2026-05-27 02:44:56] 💓 心跳正常 (PID: 27448)
[2026-05-27 02:45:06] 💓 心跳正常 (PID: 27448)
[2026-05-27 02:45:16] 💓 心跳正常 (PID: 27448)
[2026-05-27 02:45:27] 💓 心跳正常 (PID: 27448)
[2026-05-27 02:45:37] 💓 心跳正常 (PID: 27448)
[2026-05-27 02:45:47] 💓 心跳正常 (PID: 27448)
[2026-05-27 02:45:58] 💓 心跳正常 (PID: 27448)
[2026-05-27 02:46:08] 💓 心跳正常 (PID: 27448)
[2026-05-27 02:46:18] 💓 心跳正常 (PID: 27448)
[2026-05-27 02:46:28] 💓 心跳正常 (PID: 27448)
[2026-05-27 02:46:39] 💓 心跳正常 (PID: 27448)
[2026-05-27 02:46:49] 💓 心跳正常 (PID: 27448)
[2026-05-27 02:47:00] 💓 心跳正常 (PID: 27448)
[2026-05-27 02:47:10] 💓 心跳正常 (PID: 27448)
[2026-05-27 02:47:20] 💓 心跳正常 (PID: 27448)
[2026-05-27 02:47:30] 💓 心跳正常 (PID: 27448)
[2026-05-27 02:47:41] 💓 心跳正常 (PID: 27448)
[2026-05-27 02:47:51] 💓 心跳正常 (PID: 27448)
[2026-05-27 02:48:01] 💓 心跳正常 (PID: 27448)
[2026-05-27 02:48:11] 💓 心跳正常 (PID: 27448)
[2026-05-27 02:48:22] 💓 心跳正常 (PID: 27448)
[2026-05-27 02:48:32] 💓 心跳正常 (PID: 27448)
[2026-05-27 02:48:42] 💓 心跳正常 (PID: 27448)
[2026-05-27 02:48:53] 💓 心跳正常 (PID: 27448)
[2026-05-27 02:49:03] 💓 心跳正常 (PID: 27448)
[2026-05-27 02:49:13] 💓 心跳正常 (PID: 27448)
[2026-05-27 02:49:24] 💓 心跳正常 (PID: 27448)
[2026-05-27 02:49:34] 💓 心跳正常 (PID: 27448)
[2026-05-27 02:49:44] 💓 心跳正常 (PID: 27448)
[2026-05-27 02:49:55] 💓 心跳正常 (PID: 27448)
[2026-05-27 02:50:05] 💓 心跳正常 (PID: 27448)
[2026-05-27 02:50:15] 💓 心跳正常 (PID: 27448)
[2026-05-27 02:50:26] 💓 心跳正常 (PID: 27448)
[2026-05-27 02:50:36] 💓 心跳正常 (PID: 27448)
[2026-05-27 02:50:46] 💓 心跳正常 (PID: 27448)
[2026-05-27 02:50:56] 💓 心跳正常 (PID: 27448)
[2026-05-27 02:51:06] 💓 心跳正常 (PID: 27448)
[2026-05-27 02:51:17] 💓 心跳正常 (PID: 27448)
[2026-05-27 02:51:27] 💓 心跳正常 (PID: 27448)
[2026-05-27 02:51:38] 💓 心跳正常 (PID: 27448)
[2026-05-27 02:51:48] 💓 心跳正常 (PID: 27448)
[2026-05-27 02:51:58] 💓 心跳正常 (PID: 27448)
[2026-05-27 02:52:08] 💓 心跳正常 (PID: 27448)
[2026-05-27 02:52:19] 💓 心跳正常 (PID: 27448)
[2026-05-27 02:52:29] 💓 心跳正常 (PID: 27448)
[2026-05-27 02:52:39] 💓 心跳正常 (PID: 27448)
[2026-05-27 02:52:49] 💓 心跳正常 (PID: 27448)
[2026-05-27 02:53:00] 💓 心跳正常 (PID: 27448)
[2026-05-27 02:53:10] 📁 交易日志 /root/.openclaw/logs/trading/monitor.log (4.8MB)，>10MB 时自动归档至 logs/trading/archive/
[2026-05-27 02:53:10] 💓 心跳正常 (PID: 27448)
[2026-05-27 02:53:20] 💓 心跳正常 (PID: 27448)
[2026-05-27 02:53:30] 💓 心跳正常 (PID: 27448)
[2026-05-27 02:53:41] 💓 心跳正常 (PID: 27448)
[2026-05-27 02:53:51] 💓 心跳正常 (PID: 27448)
[2026-05-27 02:54:02] 💓 心跳正常 (PID: 27448)
[2026-05-27 02:54:12] 💓 心跳正常 (PID: 27448)
[2026-05-27 02:54:22] 💓 心跳正常 (PID: 27448)
[2026-05-27 02:54:33] 💓 心跳正常 (PID: 27448)
[2026-05-27 02:54:43] 💓 心跳正常 (PID: 27448)
[2026-05-27 02:54:53] 💓 心跳正常 (PID: 27448)
[2026-05-27 02:55:04] 💓 心跳正常 (PID: 27448)
[2026-05-27 02:55:14] 💓 心跳正常 (PID: 27448)
[2026-05-27 02:55:24] 💓 心跳正常 (PID: 27448)
[2026-05-27 02:55:35] 💓 心跳正常 (PID: 27448)
[2026-05-27 02:55:45] 💓 心跳正常 (PID: 27448)
[2026-05-27 02:55:55] 💓 心跳正常 (PID: 27448)
[2026-05-27 02:56:05] 💓 心跳正常 (PID: 27448)
[2026-05-27 02:56:16] 💓 心跳正常 (PID: 27448)
[2026-05-27 02:56:26] 💓 心跳正常 (PID: 27448)
[2026-05-27 02:56:36] 💓 心跳正常 (PID: 27448)
[2026-05-27 02:56:47] 💓 心跳正常 (PID: 27448)
[2026-05-27 02:56:57] 💓 心跳正常 (PID: 27448)
[2026-05-27 02:57:07] 💓 心跳正常 (PID: 27448)
[2026-05-27 02:57:18] 💓 心跳正常 (PID: 27448)
[2026-05-27 02:57:28] 💓 心跳正常 (PID: 27448)
[2026-05-27 02:57:38] 💓 心跳正常 (PID: 27448)
[2026-05-27 02:57:49] 💓 心跳正常 (PID: 27448)
[2026-05-27 02:57:59] 💓 心跳正常 (PID: 27448)
[2026-05-27 02:58:09] 💓 心跳正常 (PID: 27448)
[2026-05-27 02:58:20] 💓 心跳正常 (PID: 27448)
[2026-05-27 02:58:30] 💓 心跳正常 (PID: 27448)
[2026-05-27 02:58:41] 💓 心跳正常 (PID: 27448)
[2026-05-27 02:58:51] 💓 心跳正常 (PID: 27448)
[2026-05-27 02:59:01] 💓 心跳正常 (PID: 27448)
[2026-05-27 02:59:12] 💓 心跳正常 (PID: 27448)
[2026-05-27 02:59:22] 💓 心跳正常 (PID: 27448)
[2026-05-27 02:59:32] 💓 心跳正常 (PID: 27448)
[2026-05-27 02:59:43] 💓 心跳正常 (PID: 27448)
[2026-05-27 02:59:53] 💓 心跳正常 (PID: 27448)
[2026-05-27 03:00:03] 💓 心跳正常 (PID: 27448)
[2026-05-27 03:00:14] 💓 心跳正常 (PID: 27448)
[2026-05-27 03:00:24] 💓 心跳正常 (PID: 27448)
[2026-05-27 03:00:34] 💓 心跳正常 (PID: 27448)
[2026-05-27 03:00:45] 💓 心跳正常 (PID: 27448)
[2026-05-27 03:00:55] 💓 心跳正常 (PID: 27448)
[2026-05-27 03:01:05] 💓 心跳正常 (PID: 27448)
[2026-05-27 03:01:16] 💓 心跳正常 (PID: 27448)
[2026-05-27 03:01:26] 💓 心跳正常 (PID: 27448)
[2026-05-27 03:01:36] 💓 心跳正常 (PID: 27448)
[2026-05-27 03:01:46] 💓 心跳正常 (PID: 27448)
[2026-05-27 03:01:57] 💓 心跳正常 (PID: 27448)
[2026-05-27 03:02:07] 💓 心跳正常 (PID: 27448)
[2026-05-27 03:02:18] 💓 心跳正常 (PID: 27448)
[2026-05-27 03:02:28] 💓 心跳正常 (PID: 27448)
[2026-05-27 03:02:38] 💓 心跳正常 (PID: 27448)
[2026-05-27 03:02:49] 💓 心跳正常 (PID: 27448)
[2026-05-27 03:02:59] 💓 心跳正常 (PID: 27448)
[2026-05-27 03:03:09] 💓 心跳正常 (PID: 27448)
[2026-05-27 03:03:20] 💓 心跳正常 (PID: 27448)
[2026-05-27 03:03:30] 💓 心跳正常 (PID: 27448)
[2026-05-27 03:03:40] 💓 心跳正常 (PID: 27448)
[2026-05-27 03:03:50] 💓 心跳正常 (PID: 27448)
[2026-05-27 03:04:01] 💓 心跳正常 (PID: 27448)
[2026-05-27 03:04:11] 💓 心跳正常 (PID: 27448)
[2026-05-27 03:04:21] 💓 心跳正常 (PID: 27448)
[2026-05-27 03:04:32] 💓 心跳正常 (PID: 27448)
[2026-05-27 03:04:42] 💓 心跳正常 (PID: 27448)
[2026-05-27 03:04:52] 💓 心跳正常 (PID: 27448)
[2026-05-27 03:05:02] 💓 心跳正常 (PID: 27448)
[2026-05-27 03:05:13] 💓 心跳正常 (PID: 27448)
[2026-05-27 03:05:23] 💓 心跳正常 (PID: 27448)
[2026-05-27 03:05:34] 💓 心跳正常 (PID: 27448)
[2026-05-27 03:05:44] 💓 心跳正常 (PID: 27448)
[2026-05-27 03:05:54] 💓 心跳正常 (PID: 27448)
[2026-05-27 03:06:05] 💓 心跳正常 (PID: 27448)
[2026-05-27 03:06:15] 💓 心跳正常 (PID: 27448)
[2026-05-27 03:06:25] 💓 心跳正常 (PID: 27448)
[2026-05-27 03:06:35] 💓 心跳正常 (PID: 27448)
[2026-05-27 03:06:46] 💓 心跳正常 (PID: 27448)
[2026-05-27 03:06:56] 💓 心跳正常 (PID: 27448)
[2026-05-27 03:07:07] 💓 心跳正常 (PID: 27448)
[2026-05-27 03:07:17] 💓 心跳正常 (PID: 27448)
[2026-05-27 03:07:27] 💓 心跳正常 (PID: 27448)
[2026-05-27 03:07:38] 💓 心跳正常 (PID: 27448)
[2026-05-27 03:07:48] 💓 心跳正常 (PID: 27448)
[2026-05-27 03:07:58] 💓 心跳正常 (PID: 27448)
[2026-05-27 03:08:08] 💓 心跳正常 (PID: 27448)
[2026-05-27 03:08:19] 💓 心跳正常 (PID: 27448)
[2026-05-27 03:08:29] 💓 心跳正常 (PID: 27448)
[2026-05-27 03:08:39] 💓 心跳正常 (PID: 27448)
[2026-05-27 03:08:50] 💓 心跳正常 (PID: 27448)
[2026-05-27 03:09:00] 💓 心跳正常 (PID: 27448)
[2026-05-27 03:09:10] 💓 心跳正常 (PID: 27448)
[2026-05-27 03:09:20] 💓 心跳正常 (PID: 27448)
[2026-05-27 03:09:31] 💓 心跳正常 (PID: 27448)
[2026-05-27 03:09:41] 💓 心跳正常 (PID: 27448)
[2026-05-27 03:09:52] 💓 心跳正常 (PID: 27448)
[2026-05-27 03:10:02] 💓 心跳正常 (PID: 27448)
[2026-05-27 03:10:12] 💓 心跳正常 (PID: 27448)
[2026-05-27 03:10:22] 💓 心跳正常 (PID: 27448)
[2026-05-27 03:10:33] 💓 心跳正常 (PID: 27448)
[2026-05-27 03:10:43] 💓 心跳正常 (PID: 27448)
[2026-05-27 03:10:53] 💓 心跳正常 (PID: 27448)
[2026-05-27 03:11:03] 💓 心跳正常 (PID: 27448)
[2026-05-27 03:11:14] 💓 心跳正常 (PID: 27448)
[2026-05-27 03:11:24] 💓 心跳正常 (PID: 27448)
[2026-05-27 03:11:34] 💓 心跳正常 (PID: 27448)
[2026-05-27 03:11:45] 💓 心跳正常 (PID: 27448)
[2026-05-27 03:11:55] 💓 心跳正常 (PID: 27448)
[2026-05-27 03:12:05] 💓 心跳正常 (PID: 27448)
[2026-05-27 03:12:16] 💓 心跳正常 (PID: 27448)
[2026-05-27 03:12:26] 💓 心跳正常 (PID: 27448)
[2026-05-27 03:12:36] 💓 心跳正常 (PID: 27448)
[2026-05-27 03:12:47] 💓 心跳正常 (PID: 27448)
[2026-05-27 03:12:57] 💓 心跳正常 (PID: 27448)
[2026-05-27 03:13:08] 💓 心跳正常 (PID: 27448)
[2026-05-27 03:13:18] 💓 心跳正常 (PID: 27448)
[2026-05-27 03:13:28] 💓 心跳正常 (PID: 27448)
[2026-05-27 03:13:38] 💓 心跳正常 (PID: 27448)
[2026-05-27 03:13:49] 💓 心跳正常 (PID: 27448)
[2026-05-27 03:13:59] 💓 心跳正常 (PID: 27448)
[2026-05-27 03:14:09] 💓 心跳正常 (PID: 27448)
[2026-05-27 03:14:20] 💓 心跳正常 (PID: 27448)
[2026-05-27 03:14:30] 💓 心跳正常 (PID: 27448)
[2026-05-27 03:14:40] 💓 心跳正常 (PID: 27448)
[2026-05-27 03:14:51] 💓 心跳正常 (PID: 27448)
[2026-05-27 03:15:01] 💓 心跳正常 (PID: 27448)
[2026-05-27 03:15:11] 💓 心跳正常 (PID: 27448)
[2026-05-27 03:15:22] 💓 心跳正常 (PID: 27448)
[2026-05-27 03:15:32] 💓 心跳正常 (PID: 27448)
[2026-05-27 03:15:42] 💓 心跳正常 (PID: 27448)
[2026-05-27 03:15:52] 💓 心跳正常 (PID: 27448)
[2026-05-27 03:16:03] 💓 心跳正常 (PID: 27448)
[2026-05-27 03:16:13] 💓 心跳正常 (PID: 27448)
[2026-05-27 03:16:23] 💓 心跳正常 (PID: 27448)
[2026-05-27 03:16:34] 💓 心跳正常 (PID: 27448)
[2026-05-27 03:16:44] 💓 心跳正常 (PID: 27448)
[2026-05-27 03:16:55] 💓 心跳正常 (PID: 27448)
[2026-05-27 03:17:05] 💓 心跳正常 (PID: 27448)
[2026-05-27 03:17:15] 💓 心跳正常 (PID: 27448)
[2026-05-27 03:17:25] 💓 心跳正常 (PID: 27448)
[2026-05-27 03:17:35] 💓 心跳正常 (PID: 27448)
[2026-05-27 03:17:46] 💓 心跳正常 (PID: 27448)
[2026-05-27 03:17:56] 💓 心跳正常 (PID: 27448)
[2026-05-27 03:18:06] 💓 心跳正常 (PID: 27448)
[2026-05-27 03:18:17] 💓 心跳正常 (PID: 27448)
[2026-05-27 03:18:27] 💓 心跳正常 (PID: 27448)
[2026-05-27 03:18:37] 💓 心跳正常 (PID: 27448)
[2026-05-27 03:18:47] 💓 心跳正常 (PID: 27448)
[2026-05-27 03:18:58] 💓 心跳正常 (PID: 27448)
[2026-05-27 03:19:08] 💓 心跳正常 (PID: 27448)
[2026-05-27 03:19:19] 💓 心跳正常 (PID: 27448)
[2026-05-27 03:19:29] 💓 心跳正常 (PID: 27448)
[2026-05-27 03:19:39] 💓 心跳正常 (PID: 27448)
[2026-05-27 03:19:50] 💓 心跳正常 (PID: 27448)
[2026-05-27 03:20:00] 💓 心跳正常 (PID: 27448)
[2026-05-27 03:20:10] 💓 心跳正常 (PID: 27448)
[2026-05-27 03:20:21] 💓 心跳正常 (PID: 27448)
[2026-05-27 03:20:31] 💓 心跳正常 (PID: 27448)
[2026-05-27 03:20:41] 💓 心跳正常 (PID: 27448)
[2026-05-27 03:20:52] 💓 心跳正常 (PID: 27448)
[2026-05-27 03:21:02] 💓 心跳正常 (PID: 27448)
[2026-05-27 03:21:12] 💓 心跳正常 (PID: 27448)
[2026-05-27 03:21:22] 💓 心跳正常 (PID: 27448)
[2026-05-27 03:21:32] 💓 心跳正常 (PID: 27448)
[2026-05-27 03:21:43] 💓 心跳正常 (PID: 27448)
[2026-05-27 03:21:53] 💓 心跳正常 (PID: 27448)
[2026-05-27 03:22:04] 💓 心跳正常 (PID: 27448)
[2026-05-27 03:22:14] 💓 心跳正常 (PID: 27448)
[2026-05-27 03:22:24] 💓 心跳正常 (PID: 27448)
[2026-05-27 03:22:35] 💓 心跳正常 (PID: 27448)
[2026-05-27 03:22:45] 💓 心跳正常 (PID: 27448)
[2026-05-27 03:22:55] 💓 心跳正常 (PID: 27448)
[2026-05-27 03:23:05] 💓 心跳正常 (PID: 27448)
[2026-05-27 03:23:16] 💓 心跳正常 (PID: 27448)
[2026-05-27 03:23:26] 💓 心跳正常 (PID: 27448)
[2026-05-27 03:23:36] 💓 心跳正常 (PID: 27448)
[2026-05-27 03:23:46] 💓 心跳正常 (PID: 27448)
[2026-05-27 03:23:57] 💓 心跳正常 (PID: 27448)
[2026-05-27 03:24:07] 💓 心跳正常 (PID: 27448)
[2026-05-27 03:24:18] 💓 心跳正常 (PID: 27448)
[2026-05-27 03:24:28] 💓 心跳正常 (PID: 27448)
[2026-05-27 03:24:38] 💓 心跳正常 (PID: 27448)
[2026-05-27 03:24:49] 💓 心跳正常 (PID: 27448)
[2026-05-27 03:24:59] 💓 心跳正常 (PID: 27448)
[2026-05-27 03:25:09] 💓 心跳正常 (PID: 27448)
[2026-05-27 03:25:20] 💓 心跳正常 (PID: 27448)
[2026-05-27 03:25:30] 💓 心跳正常 (PID: 27448)
[2026-05-27 03:25:40] 💓 心跳正常 (PID: 27448)
[2026-05-27 03:25:51] 💓 心跳正常 (PID: 27448)
[2026-05-27 03:26:01] 💓 心跳正常 (PID: 27448)
[2026-05-27 03:26:11] 💓 心跳正常 (PID: 27448)
[2026-05-27 03:26:21] 💓 心跳正常 (PID: 27448)
[2026-05-27 03:26:32] 💓 心跳正常 (PID: 27448)
[2026-05-27 03:26:42] 💓 心跳正常 (PID: 27448)
[2026-05-27 03:26:52] 💓 心跳正常 (PID: 27448)
[2026-05-27 03:27:02] 💓 心跳正常 (PID: 27448)
[2026-05-27 03:27:13] 💓 心跳正常 (PID: 27448)
[2026-05-27 03:27:23] 💓 心跳正常 (PID: 27448)
[2026-05-27 03:27:33] 💓 心跳正常 (PID: 27448)
[2026-05-27 03:27:43] 💓 心跳正常 (PID: 27448)
[2026-05-27 03:27:54] 💓 心跳正常 (PID: 27448)
[2026-05-27 03:28:04] 💓 心跳正常 (PID: 27448)
[2026-05-27 03:28:14] 💓 心跳正常 (PID: 27448)
[2026-05-27 03:28:24] 💓 心跳正常 (PID: 27448)
[2026-05-27 03:28:35] 💓 心跳正常 (PID: 27448)
[2026-05-27 03:28:45] 💓 心跳正常 (PID: 27448)
[2026-05-27 03:28:55] 💓 心跳正常 (PID: 27448)
[2026-05-27 03:29:05] 💓 心跳正常 (PID: 27448)
[2026-05-27 03:29:16] 💓 心跳正常 (PID: 27448)
[2026-05-27 03:29:26] 💓 心跳正常 (PID: 27448)
[2026-05-27 03:29:36] 💓 心跳正常 (PID: 27448)
[2026-05-27 03:29:47] 💓 心跳正常 (PID: 27448)
[2026-05-27 03:29:57] 💓 心跳正常 (PID: 27448)
[2026-05-27 03:30:08] 💓 心跳正常 (PID: 27448)
[2026-05-27 03:30:18] 💓 心跳正常 (PID: 27448)
[2026-05-27 03:30:28] 💓 心跳正常 (PID: 27448)
[2026-05-27 03:30:38] 💓 心跳正常 (PID: 27448)
[2026-05-27 03:30:49] 💓 心跳正常 (PID: 27448)
[2026-05-27 03:30:59] 💓 心跳正常 (PID: 27448)
[2026-05-27 03:31:10] 💓 心跳正常 (PID: 27448)
[2026-05-27 03:31:20] 💓 心跳正常 (PID: 27448)
[2026-05-27 03:31:30] 💓 心跳正常 (PID: 27448)
[2026-05-27 03:31:40] 💓 心跳正常 (PID: 27448)
[2026-05-27 03:31:51] 💓 心跳正常 (PID: 27448)
[2026-05-27 03:32:01] 💓 心跳正常 (PID: 27448)
[2026-05-27 03:32:11] 💓 心跳正常 (PID: 27448)
[2026-05-27 03:32:22] 💓 心跳正常 (PID: 27448)
[2026-05-27 03:32:32] 💓 心跳正常 (PID: 27448)
[2026-05-27 03:32:42] 💓 心跳正常 (PID: 27448)
[2026-05-27 03:32:53] 💓 心跳正常 (PID: 27448)
[2026-05-27 03:33:03] 💓 心跳正常 (PID: 27448)
[2026-05-27 03:33:13] 💓 心跳正常 (PID: 27448)
[2026-05-27 03:33:23] 💓 心跳正常 (PID: 27448)
[2026-05-27 03:33:34] 💓 心跳正常 (PID: 27448)
[2026-05-27 03:33:44] 💓 心跳正常 (PID: 27448)
[2026-05-27 03:33:54] 💓 心跳正常 (PID: 27448)
[2026-05-27 03:34:05] 💓 心跳正常 (PID: 27448)
[2026-05-27 03:34:15] 💓 心跳正常 (PID: 27448)
[2026-05-27 03:34:25] 💓 心跳正常 (PID: 27448)
[2026-05-27 03:34:35] 💓 心跳正常 (PID: 27448)
[2026-05-27 03:34:46] 💓 心跳正常 (PID: 27448)
[2026-05-27 03:34:56] 💓 心跳正常 (PID: 27448)
[2026-05-27 03:35:06] 💓 心跳正常 (PID: 27448)
[2026-05-27 03:35:17] 💓 心跳正常 (PID: 27448)
[2026-05-27 03:35:27] 💓 心跳正常 (PID: 27448)
[2026-05-27 03:35:37] 💓 心跳正常 (PID: 27448)
[2026-05-27 03:35:48] 💓 心跳正常 (PID: 27448)
[2026-05-27 03:35:58] 💓 心跳正常 (PID: 27448)
[2026-05-27 03:36:08] 💓 心跳正常 (PID: 27448)
[2026-05-27 03:36:19] 💓 心跳正常 (PID: 27448)
[2026-05-27 03:36:29] 💓 心跳正常 (PID: 27448)
[2026-05-27 03:36:39] 💓 心跳正常 (PID: 27448)
[2026-05-27 03:36:50] 💓 心跳正常 (PID: 27448)
[2026-05-27 03:37:00] 💓 心跳正常 (PID: 27448)
[2026-05-27 03:37:11] 💓 心跳正常 (PID: 27448)
[2026-05-27 03:37:21] 💓 心跳正常 (PID: 27448)
[2026-05-27 03:37:31] 💓 心跳正常 (PID: 27448)
[2026-05-27 03:37:42] 💓 心跳正常 (PID: 27448)
[2026-05-27 03:37:52] 💓 心跳正常 (PID: 27448)
[2026-05-27 03:38:02] 💓 心跳正常 (PID: 27448)
[2026-05-27 03:38:13] 💓 心跳正常 (PID: 27448)
[2026-05-27 03:38:23] 💓 心跳正常 (PID: 27448)
[2026-05-27 03:38:34] 💓 心跳正常 (PID: 27448)
[2026-05-27 03:38:44] 💓 心跳正常 (PID: 27448)
[2026-05-27 03:38:54] 💓 心跳正常 (PID: 27448)
[2026-05-27 03:39:04] 💓 心跳正常 (PID: 27448)
[2026-05-27 03:39:15] 💓 心跳正常 (PID: 27448)
[2026-05-27 03:39:25] 💓 心跳正常 (PID: 27448)
[2026-05-27 03:39:35] 💓 心跳正常 (PID: 27448)
[2026-05-27 03:39:46] 💓 心跳正常 (PID: 27448)
[2026-05-27 03:39:56] 💓 心跳正常 (PID: 27448)
[2026-05-27 03:40:06] 💓 心跳正常 (PID: 27448)
[2026-05-27 03:40:17] 💓 心跳正常 (PID: 27448)
[2026-05-27 03:40:27] 💓 心跳正常 (PID: 27448)
[2026-05-27 03:40:37] 💓 心跳正常 (PID: 27448)
[2026-05-27 03:40:48] 💓 心跳正常 (PID: 27448)
[2026-05-27 03:40:58] 💓 心跳正常 (PID: 27448)
[2026-05-27 03:41:08] 💓 心跳正常 (PID: 27448)
[2026-05-27 03:41:19] 💓 心跳正常 (PID: 27448)
[2026-05-27 03:41:29] 💓 心跳正常 (PID: 27448)
[2026-05-27 03:41:39] 💓 心跳正常 (PID: 27448)
[2026-05-27 03:41:50] 💓 心跳正常 (PID: 27448)
[2026-05-27 03:42:00] 💓 心跳正常 (PID: 27448)
[2026-05-27 03:42:11] 💓 心跳正常 (PID: 27448)
[2026-05-27 03:42:21] 💓 心跳正常 (PID: 27448)
[2026-05-27 03:42:31] 💓 心跳正常 (PID: 27448)
[2026-05-27 03:42:41] 💓 心跳正常 (PID: 27448)
[2026-05-27 03:42:52] 💓 心跳正常 (PID: 27448)
[2026-05-27 03:43:02] 💓 心跳正常 (PID: 27448)
[2026-05-27 03:43:12] 💓 心跳正常 (PID: 27448)
[2026-05-27 03:43:23] 💓 心跳正常 (PID: 27448)
[2026-05-27 03:43:33] 💓 心跳正常 (PID: 27448)
[2026-05-27 03:43:43] 💓 心跳正常 (PID: 27448)
[2026-05-27 03:43:53] 💓 心跳正常 (PID: 27448)
[2026-05-27 03:44:04] 💓 心跳正常 (PID: 27448)
[2026-05-27 03:44:14] 💓 心跳正常 (PID: 27448)
[2026-05-27 03:44:24] 💓 心跳正常 (PID: 27448)
[2026-05-27 03:44:34] 💓 心跳正常 (PID: 27448)
[2026-05-27 03:44:45] 💓 心跳正常 (PID: 27448)
[2026-05-27 03:44:55] 💓 心跳正常 (PID: 27448)
[2026-05-27 03:45:06] 💓 心跳正常 (PID: 27448)
[2026-05-27 03:45:16] 💓 心跳正常 (PID: 27448)
[2026-05-27 03:45:26] 💓 心跳正常 (PID: 27448)
[2026-05-27 03:45:36] 💓 心跳正常 (PID: 27448)
[2026-05-27 03:45:47] 💓 心跳正常 (PID: 27448)
[2026-05-27 03:45:57] 💓 心跳正常 (PID: 27448)
[2026-05-27 03:46:07] 💓 心跳正常 (PID: 27448)
[2026-05-27 03:46:18] 💓 心跳正常 (PID: 27448)
[2026-05-27 03:46:28] 💓 心跳正常 (PID: 27448)
[2026-05-27 03:46:38] 💓 心跳正常 (PID: 27448)
[2026-05-27 03:46:49] 💓 心跳正常 (PID: 27448)
[2026-05-27 03:46:59] 💓 心跳正常 (PID: 27448)
[2026-05-27 03:47:09] 💓 心跳正常 (PID: 27448)
[2026-05-27 03:47:19] 💓 心跳正常 (PID: 27448)
[2026-05-27 03:47:30] 💓 心跳正常 (PID: 27448)
[2026-05-27 03:47:40] 💓 心跳正常 (PID: 27448)
[2026-05-27 03:47:50] 💓 心跳正常 (PID: 27448)
[2026-05-27 03:48:01] 💓 心跳正常 (PID: 27448)
[2026-05-27 03:48:11] 💓 心跳正常 (PID: 27448)
[2026-05-27 03:48:21] 💓 心跳正常 (PID: 27448)
[2026-05-27 03:48:32] 💓 心跳正常 (PID: 27448)
[2026-05-27 03:48:42] 💓 心跳正常 (PID: 27448)
[2026-05-27 03:48:52] 💓 心跳正常 (PID: 27448)
[2026-05-27 03:49:03] 💓 心跳正常 (PID: 27448)
[2026-05-27 03:49:13] 💓 心跳正常 (PID: 27448)
[2026-05-27 03:49:23] 💓 心跳正常 (PID: 27448)
[2026-05-27 03:49:33] 💓 心跳正常 (PID: 27448)
[2026-05-27 03:49:44] 💓 心跳正常 (PID: 27448)
[2026-05-27 03:49:54] 💓 心跳正常 (PID: 27448)
[2026-05-27 03:50:05] 💓 心跳正常 (PID: 27448)
[2026-05-27 03:50:15] 💓 心跳正常 (PID: 27448)
[2026-05-27 03:50:25] 💓 心跳正常 (PID: 27448)
[2026-05-27 03:50:35] 💓 心跳正常 (PID: 27448)
[2026-05-27 03:50:46] 💓 心跳正常 (PID: 27448)
[2026-05-27 03:50:56] 💓 心跳正常 (PID: 27448)
[2026-05-27 03:51:07] 💓 心跳正常 (PID: 27448)
[2026-05-27 03:51:17] 💓 心跳正常 (PID: 27448)
[2026-05-27 03:51:27] 💓 心跳正常 (PID: 27448)
[2026-05-27 03:51:37] 💓 心跳正常 (PID: 27448)
[2026-05-27 03:51:48] 💓 心跳正常 (PID: 27448)
[2026-05-27 03:51:58] 💓 心跳正常 (PID: 27448)
[2026-05-27 03:52:08] 💓 心跳正常 (PID: 27448)
[2026-05-27 03:52:19] 💓 心跳正常 (PID: 27448)
[2026-05-27 03:52:29] 💓 心跳正常 (PID: 27448)
[2026-05-27 03:52:39] 💓 心跳正常 (PID: 27448)
[2026-05-27 03:52:50] 💓 心跳正常 (PID: 27448)
[2026-05-27 03:53:00] 💓 心跳正常 (PID: 27448)
[2026-05-27 03:53:10] 📁 交易日志 /root/.openclaw/logs/trading/monitor.log (5.1MB)，>10MB 时自动归档至 logs/trading/archive/
[2026-05-27 03:53:11] 💓 心跳正常 (PID: 27448)
[2026-05-27 03:53:21] 💓 心跳正常 (PID: 27448)
[2026-05-27 03:53:31] 💓 心跳正常 (PID: 27448)
[2026-05-27 03:53:42] 💓 心跳正常 (PID: 27448)
[2026-05-27 03:53:52] 💓 心跳正常 (PID: 27448)
[2026-05-27 03:54:02] 💓 心跳正常 (PID: 27448)
[2026-05-27 03:54:12] 💓 心跳正常 (PID: 27448)
[2026-05-27 03:54:23] 💓 心跳正常 (PID: 27448)
[2026-05-27 03:54:33] 💓 心跳正常 (PID: 27448)
[2026-05-27 03:54:43] 💓 心跳正常 (PID: 27448)
[2026-05-27 03:54:53] 💓 心跳正常 (PID: 27448)
[2026-05-27 03:55:04] 💓 心跳正常 (PID: 27448)
[2026-05-27 03:55:14] 💓 心跳正常 (PID: 27448)
[2026-05-27 03:55:24] 💓 心跳正常 (PID: 27448)
[2026-05-27 03:55:34] 💓 心跳正常 (PID: 27448)
[2026-05-27 03:55:44] 💓 心跳正常 (PID: 27448)
[2026-05-27 03:55:55] 💓 心跳正常 (PID: 27448)
[2026-05-27 03:56:05] 💓 心跳正常 (PID: 27448)
[2026-05-27 03:56:15] 💓 心跳正常 (PID: 27448)
[2026-05-27 03:56:25] 💓 心跳正常 (PID: 27448)
[2026-05-27 03:56:36] 💓 心跳正常 (PID: 27448)
[2026-05-27 03:56:46] 💓 心跳正常 (PID: 27448)
[2026-05-27 03:56:56] 💓 心跳正常 (PID: 27448)
[2026-05-27 03:57:06] 💓 心跳正常 (PID: 27448)
[2026-05-27 03:57:17] 💓 心跳正常 (PID: 27448)
[2026-05-27 03:57:27] 💓 心跳正常 (PID: 27448)
[2026-05-27 03:57:37] 💓 心跳正常 (PID: 27448)
[2026-05-27 03:57:48] 💓 心跳正常 (PID: 27448)
[2026-05-27 03:57:58] 💓 心跳正常 (PID: 27448)
[2026-05-27 03:58:08] 💓 心跳正常 (PID: 27448)
[2026-05-27 03:58:19] 💓 心跳正常 (PID: 27448)
[2026-05-27 03:58:29] 💓 心跳正常 (PID: 27448)
[2026-05-27 03:58:40] 💓 心跳正常 (PID: 27448)
[2026-05-27 03:58:50] 💓 心跳正常 (PID: 27448)
[2026-05-27 03:59:00] 💓 心跳正常 (PID: 27448)
[2026-05-27 03:59:11] 💓 心跳正常 (PID: 27448)
[2026-05-27 03:59:21] 💓 心跳正常 (PID: 27448)
[2026-05-27 03:59:31] 💓 心跳正常 (PID: 27448)
[2026-05-27 03:59:42] 💓 心跳正常 (PID: 27448)
[2026-05-27 03:59:52] 💓 心跳正常 (PID: 27448)
[2026-05-27 04:00:02] 💓 心跳正常 (PID: 27448)
[2026-05-27 04:00:12] 💓 心跳正常 (PID: 27448)
[2026-05-27 04:00:23] 💓 心跳正常 (PID: 27448)
[2026-05-27 04:00:33] 💓 心跳正常 (PID: 27448)
[2026-05-27 04:00:44] 💓 心跳正常 (PID: 27448)
[2026-05-27 04:00:54] 💓 心跳正常 (PID: 27448)
[2026-05-27 04:01:04] 💓 心跳正常 (PID: 27448)
[2026-05-27 04:01:14] 💓 心跳正常 (PID: 27448)
[2026-05-27 04:01:25] 💓 心跳正常 (PID: 27448)
[2026-05-27 04:01:35] 💓 心跳正常 (PID: 27448)
[2026-05-27 04:01:45] 💓 心跳正常 (PID: 27448)
[2026-05-27 04:01:56] 💓 心跳正常 (PID: 27448)
[2026-05-27 04:02:06] 💓 心跳正常 (PID: 27448)
[2026-05-27 04:02:16] 💓 心跳正常 (PID: 27448)
[2026-05-27 04:02:26] 💓 心跳正常 (PID: 27448)
[2026-05-27 04:02:37] 💓 心跳正常 (PID: 27448)
[2026-05-27 04:02:47] 💓 心跳正常 (PID: 27448)
[2026-05-27 04:02:57] 💓 心跳正常 (PID: 27448)
[2026-05-27 04:03:08] 💓 心跳正常 (PID: 27448)
[2026-05-27 04:03:18] 💓 心跳正常 (PID: 27448)
[2026-05-27 04:03:28] 💓 心跳正常 (PID: 27448)
[2026-05-27 04:03:38] 💓 心跳正常 (PID: 27448)
[2026-05-27 04:03:48] 💓 心跳正常 (PID: 27448)
[2026-05-27 04:03:59] 💓 心跳正常 (PID: 27448)
[2026-05-27 04:04:09] 💓 心跳正常 (PID: 27448)
[2026-05-27 04:04:20] 💓 心跳正常 (PID: 27448)
[2026-05-27 04:04:30] 💓 心跳正常 (PID: 27448)
[2026-05-27 04:04:40] 💓 心跳正常 (PID: 27448)
[2026-05-27 04:04:51] 💓 心跳正常 (PID: 27448)
[2026-05-27 04:05:01] 💓 心跳正常 (PID: 27448)
[2026-05-27 04:05:11] 💓 心跳正常 (PID: 27448)
[2026-05-27 04:05:22] 💓 心跳正常 (PID: 27448)
[2026-05-27 04:05:32] 💓 心跳正常 (PID: 27448)
[2026-05-27 04:05:43] 💓 心跳正常 (PID: 27448)
[2026-05-27 04:05:53] 💓 心跳正常 (PID: 27448)
[2026-05-27 04:06:03] 💓 心跳正常 (PID: 27448)
[2026-05-27 04:06:13] 💓 心跳正常 (PID: 27448)
[2026-05-27 04:06:23] 💓 心跳正常 (PID: 27448)
[2026-05-27 04:06:34] 💓 心跳正常 (PID: 27448)
[2026-05-27 04:06:44] 💓 心跳正常 (PID: 27448)
[2026-05-27 04:06:54] 💓 心跳正常 (PID: 27448)
[2026-05-27 04:07:05] 💓 心跳正常 (PID: 27448)
[2026-05-27 04:07:15] 💓 心跳正常 (PID: 27448)
[2026-05-27 04:07:25] 💓 心跳正常 (PID: 27448)
[2026-05-27 04:07:36] 💓 心跳正常 (PID: 27448)
[2026-05-27 04:07:46] 💓 心跳正常 (PID: 27448)
[2026-05-27 04:07:56] 💓 心跳正常 (PID: 27448)
[2026-05-27 04:08:07] 💓 心跳正常 (PID: 27448)
[2026-05-27 04:08:17] 💓 心跳正常 (PID: 27448)
[2026-05-27 04:08:27] 💓 心跳正常 (PID: 27448)
[2026-05-27 04:08:38] 💓 心跳正常 (PID: 27448)
[2026-05-27 04:08:48] 💓 心跳正常 (PID: 27448)
[2026-05-27 04:08:58] 💓 心跳正常 (PID: 27448)
[2026-05-27 04:09:08] 💓 心跳正常 (PID: 27448)
[2026-05-27 04:09:18] 💓 心跳正常 (PID: 27448)
[2026-05-27 04:09:29] 💓 心跳正常 (PID: 27448)
[2026-05-27 04:09:39] 💓 心跳正常 (PID: 27448)
[2026-05-27 04:09:49] 💓 心跳正常 (PID: 27448)
[2026-05-27 04:10:00] 💓 心跳正常 (PID: 27448)
[2026-05-27 04:10:10] 💓 心跳正常 (PID: 27448)
[2026-05-27 04:10:20] 💓 心跳正常 (PID: 27448)
[2026-05-27 04:10:31] 💓 心跳正常 (PID: 27448)
[2026-05-27 04:10:41] 💓 心跳正常 (PID: 27448)
[2026-05-27 04:10:51] 💓 心跳正常 (PID: 27448)
[2026-05-27 04:11:02] 💓 心跳正常 (PID: 27448)
[2026-05-27 04:11:12] 💓 心跳正常 (PID: 27448)
[2026-05-27 04:11:22] 💓 心跳正常 (PID: 27448)
[2026-05-27 04:11:33] 💓 心跳正常 (PID: 27448)
[2026-05-27 04:11:43] 💓 心跳正常 (PID: 27448)
[2026-05-27 04:11:53] 💓 心跳正常 (PID: 27448)
[2026-05-27 04:12:04] 💓 心跳正常 (PID: 27448)
[2026-05-27 04:12:14] 💓 心跳正常 (PID: 27448)
[2026-05-27 04:12:25] 💓 心跳正常 (PID: 27448)
[2026-05-27 04:12:35] 💓 心跳正常 (PID: 27448)
[2026-05-27 04:12:46] 💓 心跳正常 (PID: 27448)
[2026-05-27 04:12:56] 💓 心跳正常 (PID: 27448)
[2026-05-27 04:13:06] 💓 心跳正常 (PID: 27448)
[2026-05-27 04:13:17] 💓 心跳正常 (PID: 27448)
[2026-05-27 04:13:27] 💓 心跳正常 (PID: 27448)
[2026-05-27 04:13:37] 💓 心跳正常 (PID: 27448)
[2026-05-27 04:13:48] 💓 心跳正常 (PID: 27448)
[2026-05-27 04:13:58] 💓 心跳正常 (PID: 27448)
[2026-05-27 04:14:08] 💓 心跳正常 (PID: 27448)
[2026-05-27 04:14:18] 💓 心跳正常 (PID: 27448)
[2026-05-27 04:14:29] 💓 心跳正常 (PID: 27448)
[2026-05-27 04:14:39] 💓 心跳正常 (PID: 27448)
[2026-05-27 04:14:49] 💓 心跳正常 (PID: 27448)
[2026-05-27 04:15:00] 💓 心跳正常 (PID: 27448)
[2026-05-27 04:15:10] 💓 心跳正常 (PID: 27448)
[2026-05-27 04:15:20] 💓 心跳正常 (PID: 27448)
[2026-05-27 04:15:31] 💓 心跳正常 (PID: 27448)
[2026-05-27 04:15:41] 💓 心跳正常 (PID: 27448)
[2026-05-27 04:15:51] 💓 心跳正常 (PID: 27448)
[2026-05-27 04:16:02] 💓 心跳正常 (PID: 27448)
[2026-05-27 04:16:12] 💓 心跳正常 (PID: 27448)
[2026-05-27 04:16:23] 💓 心跳正常 (PID: 27448)
[2026-05-27 04:16:33] 💓 心跳正常 (PID: 27448)
[2026-05-27 04:16:43] 💓 心跳正常 (PID: 27448)
[2026-05-27 04:16:54] 💓 心跳正常 (PID: 27448)
[2026-05-27 04:17:04] 💓 心跳正常 (PID: 27448)
[2026-05-27 04:17:15] 💓 心跳正常 (PID: 27448)
[2026-05-27 04:17:25] 💓 心跳正常 (PID: 27448)
[2026-05-27 04:17:35] 💓 心跳正常 (PID: 27448)
[2026-05-27 04:17:45] 💓 心跳正常 (PID: 27448)
[2026-05-27 04:17:56] 💓 心跳正常 (PID: 27448)
[2026-05-27 04:18:06] 💓 心跳正常 (PID: 27448)
[2026-05-27 04:18:16] 💓 心跳正常 (PID: 27448)
[2026-05-27 04:18:26] 💓 心跳正常 (PID: 27448)
[2026-05-27 04:18:37] 💓 心跳正常 (PID: 27448)
[2026-05-27 04:18:47] 💓 心跳正常 (PID: 27448)
[2026-05-27 04:18:57] 💓 心跳正常 (PID: 27448)
[2026-05-27 04:19:08] 💓 心跳正常 (PID: 27448)
[2026-05-27 04:19:18] 💓 心跳正常 (PID: 27448)
[2026-05-27 04:19:28] 💓 心跳正常 (PID: 27448)
[2026-05-27 04:19:39] 💓 心跳正常 (PID: 27448)
[2026-05-27 04:19:49] 💓 心跳正常 (PID: 27448)
[2026-05-27 04:19:59] 💓 心跳正常 (PID: 27448)
[2026-05-27 04:20:10] 💓 心跳正常 (PID: 27448)
[2026-05-27 04:20:20] 💓 心跳正常 (PID: 27448)
[2026-05-27 04:20:30] 💓 心跳正常 (PID: 27448)
[2026-05-27 04:20:40] 💓 心跳正常 (PID: 27448)
[2026-05-27 04:20:51] 💓 心跳正常 (PID: 27448)
[2026-05-27 04:21:01] 💓 心跳正常 (PID: 27448)
[2026-05-27 04:21:11] 💓 心跳正常 (PID: 27448)
[2026-05-27 04:21:22] 💓 心跳正常 (PID: 27448)
[2026-05-27 04:21:32] 💓 心跳正常 (PID: 27448)
[2026-05-27 04:21:42] 💓 心跳正常 (PID: 27448)
[2026-05-27 04:21:52] 💓 心跳正常 (PID: 27448)
[2026-05-27 04:22:03] 💓 心跳正常 (PID: 27448)
[2026-05-27 04:22:13] 💓 心跳正常 (PID: 27448)
[2026-05-27 04:22:23] 💓 心跳正常 (PID: 27448)
[2026-05-27 04:22:33] 💓 心跳正常 (PID: 27448)
[2026-05-27 04:22:44] 💓 心跳正常 (PID: 27448)
[2026-05-27 04:22:54] 💓 心跳正常 (PID: 27448)
[2026-05-27 04:23:05] 💓 心跳正常 (PID: 27448)
[2026-05-27 04:23:15] 💓 心跳正常 (PID: 27448)
[2026-05-27 04:23:26] 💓 心跳正常 (PID: 27448)
[2026-05-27 04:23:36] 💓 心跳正常 (PID: 27448)
[2026-05-27 04:23:46] 💓 心跳正常 (PID: 27448)
[2026-05-27 04:23:57] 💓 心跳正常 (PID: 27448)
[2026-05-27 04:24:07] 💓 心跳正常 (PID: 27448)
[2026-05-27 04:24:17] 💓 心跳正常 (PID: 27448)
[2026-05-27 04:24:28] 💓 心跳正常 (PID: 27448)
[2026-05-27 04:24:38] 💓 心跳正常 (PID: 27448)
[2026-05-27 04:24:49] 💓 心跳正常 (PID: 27448)
[2026-05-27 04:24:59] 💓 心跳正常 (PID: 27448)
[2026-05-27 04:25:09] 💓 心跳正常 (PID: 27448)
[2026-05-27 04:25:19] 💓 心跳正常 (PID: 27448)
[2026-05-27 04:25:29] 💓 心跳正常 (PID: 27448)
[2026-05-27 04:25:40] 💓 心跳正常 (PID: 27448)
[2026-05-27 04:25:50] 💓 心跳正常 (PID: 27448)
[2026-05-27 04:26:00] 💓 心跳正常 (PID: 27448)
[2026-05-27 04:26:10] 💓 心跳正常 (PID: 27448)
[2026-05-27 04:26:21] 💓 心跳正常 (PID: 27448)
[2026-05-27 04:26:31] 💓 心跳正常 (PID: 27448)
[2026-05-27 04:26:42] 💓 心跳正常 (PID: 27448)
[2026-05-27 04:26:52] 💓 心跳正常 (PID: 27448)
[2026-05-27 04:27:02] 💓 心跳正常 (PID: 27448)
[2026-05-27 04:27:12] 💓 心跳正常 (PID: 27448)
[2026-05-27 04:27:23] 💓 心跳正常 (PID: 27448)
[2026-05-27 04:27:33] 💓 心跳正常 (PID: 27448)
[2026-05-27 04:27:43] 💓 心跳正常 (PID: 27448)
[2026-05-27 04:27:53] 💓 心跳正常 (PID: 27448)
[2026-05-27 04:28:04] 💓 心跳正常 (PID: 27448)
[2026-05-27 04:28:14] 💓 心跳正常 (PID: 27448)
[2026-05-27 04:28:24] 💓 心跳正常 (PID: 27448)
[2026-05-27 04:28:35] 💓 心跳正常 (PID: 27448)
[2026-05-27 04:28:45] 💓 心跳正常 (PID: 27448)
[2026-05-27 04:28:55] 💓 心跳正常 (PID: 27448)
[2026-05-27 04:29:06] 💓 心跳正常 (PID: 27448)
[2026-05-27 04:29:16] 💓 心跳正常 (PID: 27448)
[2026-05-27 04:29:26] 💓 心跳正常 (PID: 27448)
[2026-05-27 04:29:37] 💓 心跳正常 (PID: 27448)
[2026-05-27 04:29:47] 💓 心跳正常 (PID: 27448)
[2026-05-27 04:29:57] 💓 心跳正常 (PID: 27448)
[2026-05-27 04:30:07] 💓 心跳正常 (PID: 27448)
[2026-05-27 04:30:18] 💓 心跳正常 (PID: 27448)
[2026-05-27 04:30:28] 💓 心跳正常 (PID: 27448)
[2026-05-27 04:30:38] 💓 心跳正常 (PID: 27448)
[2026-05-27 04:30:49] 💓 心跳正常 (PID: 27448)
[2026-05-27 04:30:59] 💓 心跳正常 (PID: 27448)
[2026-05-27 04:31:09] 💓 心跳正常 (PID: 27448)
[2026-05-27 04:31:20] 💓 心跳正常 (PID: 27448)
[2026-05-27 04:31:30] 💓 心跳正常 (PID: 27448)
[2026-05-27 04:31:40] 💓 心跳正常 (PID: 27448)
[2026-05-27 04:31:50] 💓 心跳正常 (PID: 27448)
[2026-05-27 04:32:01] 💓 心跳正常 (PID: 27448)
[2026-05-27 04:32:11] 💓 心跳正常 (PID: 27448)
[2026-05-27 04:32:21] 💓 心跳正常 (PID: 27448)
[2026-05-27 04:32:32] 💓 心跳正常 (PID: 27448)
[2026-05-27 04:32:42] 💓 心跳正常 (PID: 27448)
[2026-05-27 04:32:52] 💓 心跳正常 (PID: 27448)
[2026-05-27 04:33:03] 💓 心跳正常 (PID: 27448)
[2026-05-27 04:33:13] 💓 心跳正常 (PID: 27448)
[2026-05-27 04:33:23] 💓 心跳正常 (PID: 27448)
[2026-05-27 04:33:33] 💓 心跳正常 (PID: 27448)
[2026-05-27 04:33:43] 💓 心跳正常 (PID: 27448)
[2026-05-27 04:33:54] 💓 心跳正常 (PID: 27448)
[2026-05-27 04:34:04] 💓 心跳正常 (PID: 27448)
[2026-05-27 04:34:14] 💓 心跳正常 (PID: 27448)
[2026-05-27 04:34:24] 💓 心跳正常 (PID: 27448)
[2026-05-27 04:34:35] 💓 心跳正常 (PID: 27448)
[2026-05-27 04:34:45] 💓 心跳正常 (PID: 27448)
[2026-05-27 04:34:55] 💓 心跳正常 (PID: 27448)
[2026-05-27 04:35:06] 💓 心跳正常 (PID: 27448)
[2026-05-27 04:35:16] 💓 心跳正常 (PID: 27448)
[2026-05-27 04:35:27] 💓 心跳正常 (PID: 27448)
[2026-05-27 04:35:37] 💓 心跳正常 (PID: 27448)
[2026-05-27 04:35:48] 💓 心跳正常 (PID: 27448)
[2026-05-27 04:35:58] 💓 心跳正常 (PID: 27448)
[2026-05-27 04:36:08] 💓 心跳正常 (PID: 27448)
[2026-05-27 04:36:19] 💓 心跳正常 (PID: 27448)
[2026-05-27 04:36:29] 💓 心跳正常 (PID: 27448)
[2026-05-27 04:36:40] 💓 心跳正常 (PID: 27448)
[2026-05-27 04:36:50] 💓 心跳正常 (PID: 27448)
[2026-05-27 04:37:00] 💓 心跳正常 (PID: 27448)
[2026-05-27 04:37:10] 💓 心跳正常 (PID: 27448)
[2026-05-27 04:37:21] 💓 心跳正常 (PID: 27448)
[2026-05-27 04:37:31] 💓 心跳正常 (PID: 27448)
[2026-05-27 04:37:41] 💓 心跳正常 (PID: 27448)
[2026-05-27 04:37:52] 💓 心跳正常 (PID: 27448)
[2026-05-27 04:38:02] 💓 心跳正常 (PID: 27448)
[2026-05-27 04:38:12] 💓 心跳正常 (PID: 27448)
[2026-05-27 04:38:23] 💓 心跳正常 (PID: 27448)
[2026-05-27 04:38:33] 💓 心跳正常 (PID: 27448)
[2026-05-27 04:38:43] 💓 心跳正常 (PID: 27448)
[2026-05-27 04:38:54] 💓 心跳正常 (PID: 27448)
[2026-05-27 04:39:04] 💓 心跳正常 (PID: 27448)
[2026-05-27 04:39:14] 💓 心跳正常 (PID: 27448)
[2026-05-27 04:39:24] 💓 心跳正常 (PID: 27448)
[2026-05-27 04:39:35] 💓 心跳正常 (PID: 27448)
[2026-05-27 04:39:45] 💓 心跳正常 (PID: 27448)
[2026-05-27 04:39:55] 💓 心跳正常 (PID: 27448)
[2026-05-27 04:40:06] 💓 心跳正常 (PID: 27448)
[2026-05-27 04:40:16] 💓 心跳正常 (PID: 27448)
[2026-05-27 04:40:26] 💓 心跳正常 (PID: 27448)
[2026-05-27 04:40:36] 💓 心跳正常 (PID: 27448)
[2026-05-27 04:40:46] 💓 心跳正常 (PID: 27448)
[2026-05-27 04:40:57] 💓 心跳正常 (PID: 27448)
[2026-05-27 04:41:07] 💓 心跳正常 (PID: 27448)
[2026-05-27 04:41:18] 💓 心跳正常 (PID: 27448)
[2026-05-27 04:41:28] 💓 心跳正常 (PID: 27448)
[2026-05-27 04:41:38] 💓 心跳正常 (PID: 27448)
[2026-05-27 04:41:49] 💓 心跳正常 (PID: 27448)
[2026-05-27 04:41:59] 💓 心跳正常 (PID: 27448)
[2026-05-27 04:42:10] 💓 心跳正常 (PID: 27448)
[2026-05-27 04:42:20] 💓 心跳正常 (PID: 27448)
[2026-05-27 04:42:30] 💓 心跳正常 (PID: 27448)
[2026-05-27 04:42:41] 💓 心跳正常 (PID: 27448)
[2026-05-27 04:42:51] 💓 心跳正常 (PID: 27448)
[2026-05-27 04:43:01] 💓 心跳正常 (PID: 27448)
[2026-05-27 04:43:12] 💓 心跳正常 (PID: 27448)
[2026-05-27 04:43:22] 💓 心跳正常 (PID: 27448)
[2026-05-27 04:43:32] 💓 心跳正常 (PID: 27448)
[2026-05-27 04:43:42] 💓 心跳正常 (PID: 27448)
[2026-05-27 04:43:53] 💓 心跳正常 (PID: 27448)
[2026-05-27 04:44:03] 💓 心跳正常 (PID: 27448)
[2026-05-27 04:44:13] 💓 心跳正常 (PID: 27448)
[2026-05-27 04:44:24] 💓 心跳正常 (PID: 27448)
[2026-05-27 04:44:34] 💓 心跳正常 (PID: 27448)
[2026-05-27 04:44:44] 💓 心跳正常 (PID: 27448)
[2026-05-27 04:44:55] 💓 心跳正常 (PID: 27448)
[2026-05-27 04:45:05] 💓 心跳正常 (PID: 27448)
[2026-05-27 04:45:15] 💓 心跳正常 (PID: 27448)
[2026-05-27 04:45:26] 💓 心跳正常 (PID: 27448)
[2026-05-27 04:45:36] 💓 心跳正常 (PID: 27448)
[2026-05-27 04:45:46] 💓 心跳正常 (PID: 27448)
[2026-05-27 04:45:56] 💓 心跳正常 (PID: 27448)
[2026-05-27 04:46:07] 💓 心跳正常 (PID: 27448)
[2026-05-27 04:46:17] 💓 心跳正常 (PID: 27448)
[2026-05-27 04:46:27] 💓 心跳正常 (PID: 27448)
[2026-05-27 04:46:37] 💓 心跳正常 (PID: 27448)
[2026-05-27 04:46:48] 💓 心跳正常 (PID: 27448)
[2026-05-27 04:46:58] 💓 心跳正常 (PID: 27448)
[2026-05-27 04:47:09] 💓 心跳正常 (PID: 27448)
[2026-05-27 04:47:19] 💓 心跳正常 (PID: 27448)
[2026-05-27 04:47:29] 💓 心跳正常 (PID: 27448)
[2026-05-27 04:47:40] 💓 心跳正常 (PID: 27448)
[2026-05-27 04:47:50] 💓 心跳正常 (PID: 27448)
[2026-05-27 04:48:00] 💓 心跳正常 (PID: 27448)
[2026-05-27 04:48:11] 💓 心跳正常 (PID: 27448)
[2026-05-27 04:48:21] 💓 心跳正常 (PID: 27448)
[2026-05-27 04:48:31] 💓 心跳正常 (PID: 27448)
[2026-05-27 04:48:42] 💓 心跳正常 (PID: 27448)
[2026-05-27 04:48:52] 💓 心跳正常 (PID: 27448)
[2026-05-27 04:49:02] 💓 心跳正常 (PID: 27448)
[2026-05-27 04:49:13] 💓 心跳正常 (PID: 27448)
[2026-05-27 04:49:23] 💓 心跳正常 (PID: 27448)
[2026-05-27 04:49:33] 💓 心跳正常 (PID: 27448)
[2026-05-27 04:49:43] 💓 心跳正常 (PID: 27448)
[2026-05-27 04:49:54] 💓 心跳正常 (PID: 27448)
[2026-05-27 04:50:04] 💓 心跳正常 (PID: 27448)
[2026-05-27 04:50:14] 💓 心跳正常 (PID: 27448)
[2026-05-27 04:50:24] 💓 心跳正常 (PID: 27448)
[2026-05-27 04:50:35] 💓 心跳正常 (PID: 27448)
[2026-05-27 04:50:45] 💓 心跳正常 (PID: 27448)
[2026-05-27 04:50:55] 💓 心跳正常 (PID: 27448)
[2026-05-27 04:51:05] 💓 心跳正常 (PID: 27448)
[2026-05-27 04:51:16] 💓 心跳正常 (PID: 27448)
[2026-05-27 04:51:26] 💓 心跳正常 (PID: 27448)
[2026-05-27 04:51:36] 💓 心跳正常 (PID: 27448)
[2026-05-27 04:51:47] 💓 心跳正常 (PID: 27448)
[2026-05-27 04:51:57] 💓 心跳正常 (PID: 27448)
[2026-05-27 04:52:07] 💓 心跳正常 (PID: 27448)
[2026-05-27 04:52:17] 💓 心跳正常 (PID: 27448)
[2026-05-27 04:52:28] 💓 心跳正常 (PID: 27448)
[2026-05-27 04:52:38] 💓 心跳正常 (PID: 27448)
[2026-05-27 04:52:49] 💓 心跳正常 (PID: 27448)
[2026-05-27 04:52:59] 💓 心跳正常 (PID: 27448)
[2026-05-27 04:53:09] 💓 心跳正常 (PID: 27448)
[2026-05-27 04:53:19] 📁 交易日志 /root/.openclaw/logs/trading/monitor.log (5.4MB)，>10MB 时自动归档至 logs/trading/archive/
[2026-05-27 04:53:20] 💓 心跳正常 (PID: 27448)
[2026-05-27 04:53:30] 💓 心跳正常 (PID: 27448)
[2026-05-27 04:53:41] 💓 心跳正常 (PID: 27448)
[2026-05-27 04:53:51] 💓 心跳正常 (PID: 27448)
[2026-05-27 04:54:01] 💓 心跳正常 (PID: 27448)
[2026-05-27 04:54:11] 💓 心跳正常 (PID: 27448)
[2026-05-27 04:54:22] 💓 心跳正常 (PID: 27448)
[2026-05-27 04:54:32] 💓 心跳正常 (PID: 27448)
[2026-05-27 04:54:42] 💓 心跳正常 (PID: 27448)
[2026-05-27 04:54:52] 💓 心跳正常 (PID: 27448)
[2026-05-27 04:55:03] 💓 心跳正常 (PID: 27448)
[2026-05-27 04:55:13] 💓 心跳正常 (PID: 27448)
[2026-05-27 04:55:23] 💓 心跳正常 (PID: 27448)
[2026-05-27 04:55:33] 💓 心跳正常 (PID: 27448)
[2026-05-27 04:55:44] 💓 心跳正常 (PID: 27448)
[2026-05-27 04:55:54] 💓 心跳正常 (PID: 27448)
[2026-05-27 04:56:05] 💓 心跳正常 (PID: 27448)
[2026-05-27 04:56:15] 💓 心跳正常 (PID: 27448)
[2026-05-27 04:56:25] 💓 心跳正常 (PID: 27448)
[2026-05-27 04:56:35] 💓 心跳正常 (PID: 27448)
[2026-05-27 04:56:46] 💓 心跳正常 (PID: 27448)
[2026-05-27 04:56:56] 💓 心跳正常 (PID: 27448)
[2026-05-27 04:57:07] 💓 心跳正常 (PID: 27448)
[2026-05-27 04:57:17] 💓 心跳正常 (PID: 27448)
[2026-05-27 04:57:27] 💓 心跳正常 (PID: 27448)
[2026-05-27 04:57:38] 💓 心跳正常 (PID: 27448)
[2026-05-27 04:57:48] 💓 心跳正常 (PID: 27448)
[2026-05-27 04:57:58] 💓 心跳正常 (PID: 27448)
[2026-05-27 04:58:08] 💓 心跳正常 (PID: 27448)
[2026-05-27 04:58:19] 💓 心跳正常 (PID: 27448)
[2026-05-27 04:58:29] 💓 心跳正常 (PID: 27448)
[2026-05-27 04:58:39] 💓 心跳正常 (PID: 27448)
[2026-05-27 04:58:50] 💓 心跳正常 (PID: 27448)
[2026-05-27 04:59:00] 💓 心跳正常 (PID: 27448)
[2026-05-27 04:59:10] 💓 心跳正常 (PID: 27448)
[2026-05-27 04:59:20] 💓 心跳正常 (PID: 27448)
[2026-05-27 04:59:31] 💓 心跳正常 (PID: 27448)
[2026-05-27 04:59:41] 💓 心跳正常 (PID: 27448)
[2026-05-27 04:59:51] 💓 心跳正常 (PID: 27448)
[2026-05-27 05:00:01] 💓 心跳正常 (PID: 27448)
[2026-05-27 05:00:12] 💓 心跳正常 (PID: 27448)
[2026-05-27 05:00:22] 💓 心跳正常 (PID: 27448)
[2026-05-27 05:00:32] 💓 心跳正常 (PID: 27448)
[2026-05-27 05:00:42] 💓 心跳正常 (PID: 27448)
[2026-05-27 05:00:53] 💓 心跳正常 (PID: 27448)
[2026-05-27 05:01:03] 💓 心跳正常 (PID: 27448)
[2026-05-27 05:01:13] 💓 心跳正常 (PID: 27448)
[2026-05-27 05:01:23] 💓 心跳正常 (PID: 27448)
[2026-05-27 05:01:34] 💓 心跳正常 (PID: 27448)
[2026-05-27 05:01:44] 💓 心跳正常 (PID: 27448)
[2026-05-27 05:01:54] 💓 心跳正常 (PID: 27448)
[2026-05-27 05:02:05] 💓 心跳正常 (PID: 27448)
[2026-05-27 05:02:15] 💓 心跳正常 (PID: 27448)
[2026-05-27 05:02:25] 💓 心跳正常 (PID: 27448)
[2026-05-27 05:02:35] 💓 心跳正常 (PID: 27448)
[2026-05-27 05:02:46] 💓 心跳正常 (PID: 27448)
[2026-05-27 05:02:56] 💓 心跳正常 (PID: 27448)
[2026-05-27 05:03:06] 💓 心跳正常 (PID: 27448)
[2026-05-27 05:03:16] 💓 心跳正常 (PID: 27448)
[2026-05-27 05:03:27] 💓 心跳正常 (PID: 27448)
[2026-05-27 05:03:37] 💓 心跳正常 (PID: 27448)
[2026-05-27 05:03:47] 💓 心跳正常 (PID: 27448)
[2026-05-27 05:03:57] 💓 心跳正常 (PID: 27448)
[2026-05-27 05:04:08] 💓 心跳正常 (PID: 27448)
[2026-05-27 05:04:18] 💓 心跳正常 (PID: 27448)
[2026-05-27 05:04:28] 💓 心跳正常 (PID: 27448)
[2026-05-27 05:04:39] 💓 心跳正常 (PID: 27448)
[2026-05-27 05:04:49] 💓 心跳正常 (PID: 27448)
[2026-05-27 05:04:59] 💓 心跳正常 (PID: 27448)
[2026-05-27 05:05:09] 💓 心跳正常 (PID: 27448)
[2026-05-27 05:05:20] 💓 心跳正常 (PID: 27448)
[2026-05-27 05:05:30] 💓 心跳正常 (PID: 27448)
[2026-05-27 05:05:40] 💓 心跳正常 (PID: 27448)
[2026-05-27 05:05:51] 💓 心跳正常 (PID: 27448)
[2026-05-27 05:06:01] 💓 心跳正常 (PID: 27448)
[2026-05-27 05:06:11] 💓 心跳正常 (PID: 27448)
[2026-05-27 05:06:22] 💓 心跳正常 (PID: 27448)
[2026-05-27 05:06:32] 💓 心跳正常 (PID: 27448)
[2026-05-27 05:06:42] 💓 心跳正常 (PID: 27448)
[2026-05-27 05:06:52] 💓 心跳正常 (PID: 27448)
[2026-05-27 05:07:03] 💓 心跳正常 (PID: 27448)
[2026-05-27 05:07:13] 💓 心跳正常 (PID: 27448)
[2026-05-27 05:07:23] 💓 心跳正常 (PID: 27448)
[2026-05-27 05:07:33] 💓 心跳正常 (PID: 27448)
[2026-05-27 05:07:44] 💓 心跳正常 (PID: 27448)
[2026-05-27 05:07:54] 💓 心跳正常 (PID: 27448)
[2026-05-27 05:08:05] 💓 心跳正常 (PID: 27448)
[2026-05-27 05:08:15] 💓 心跳正常 (PID: 27448)
[2026-05-27 05:08:25] 💓 心跳正常 (PID: 27448)
[2026-05-27 05:08:36] 💓 心跳正常 (PID: 27448)
[2026-05-27 05:08:46] 💓 心跳正常 (PID: 27448)
[2026-05-27 05:08:56] 💓 心跳正常 (PID: 27448)
[2026-05-27 05:09:07] 💓 心跳正常 (PID: 27448)
[2026-05-27 05:09:17] 💓 心跳正常 (PID: 27448)
[2026-05-27 05:09:27] 💓 心跳正常 (PID: 27448)
[2026-05-27 05:09:37] 💓 心跳正常 (PID: 27448)
[2026-05-27 05:09:48] 💓 心跳正常 (PID: 27448)
[2026-05-27 05:09:58] 💓 心跳正常 (PID: 27448)
[2026-05-27 05:10:09] 💓 心跳正常 (PID: 27448)
[2026-05-27 05:10:19] 💓 心跳正常 (PID: 27448)
[2026-05-27 05:10:29] 💓 心跳正常 (PID: 27448)
[2026-05-27 05:10:39] 💓 心跳正常 (PID: 27448)
[2026-05-27 05:10:50] 💓 心跳正常 (PID: 27448)
[2026-05-27 05:11:00] 💓 心跳正常 (PID: 27448)
[2026-05-27 05:11:10] 💓 心跳正常 (PID: 27448)
[2026-05-27 05:11:20] 💓 心跳正常 (PID: 27448)
[2026-05-27 05:11:30] 💓 心跳正常 (PID: 27448)
[2026-05-27 05:11:41] 💓 心跳正常 (PID: 27448)
[2026-05-27 05:11:51] 💓 心跳正常 (PID: 27448)
[2026-05-27 05:12:02] 💓 心跳正常 (PID: 27448)
[2026-05-27 05:12:12] 💓 心跳正常 (PID: 27448)
[2026-05-27 05:12:22] 💓 心跳正常 (PID: 27448)
[2026-05-27 05:12:33] 💓 心跳正常 (PID: 27448)
[2026-05-27 05:12:43] 💓 心跳正常 (PID: 27448)
[2026-05-27 05:12:53] 💓 心跳正常 (PID: 27448)
[2026-05-27 05:13:04] 💓 心跳正常 (PID: 27448)
[2026-05-27 05:13:14] 💓 心跳正常 (PID: 27448)
[2026-05-27 05:13:24] 💓 心跳正常 (PID: 27448)
[2026-05-27 05:13:35] 💓 心跳正常 (PID: 27448)
[2026-05-27 05:13:45] 💓 心跳正常 (PID: 27448)
[2026-05-27 05:13:55] 💓 心跳正常 (PID: 27448)
[2026-05-27 05:14:06] 💓 心跳正常 (PID: 27448)
[2026-05-27 05:14:16] 💓 心跳正常 (PID: 27448)
[2026-05-27 05:14:26] 💓 心跳正常 (PID: 27448)
[2026-05-27 05:14:37] 💓 心跳正常 (PID: 27448)
[2026-05-27 05:14:47] 💓 心跳正常 (PID: 27448)
[2026-05-27 05:14:57] 💓 心跳正常 (PID: 27448)
[2026-05-27 05:15:07] 💓 心跳正常 (PID: 27448)
[2026-05-27 05:15:18] 💓 心跳正常 (PID: 27448)
[2026-05-27 05:15:28] 💓 心跳正常 (PID: 27448)
[2026-05-27 05:15:38] 💓 心跳正常 (PID: 27448)
[2026-05-27 05:15:49] 💓 心跳正常 (PID: 27448)
[2026-05-27 05:15:59] 💓 心跳正常 (PID: 27448)
[2026-05-27 05:16:09] 💓 心跳正常 (PID: 27448)
[2026-05-27 05:16:19] 💓 心跳正常 (PID: 27448)
[2026-05-27 05:16:30] 💓 心跳正常 (PID: 27448)
[2026-05-27 05:16:40] 💓 心跳正常 (PID: 27448)
[2026-05-27 05:16:50] 💓 心跳正常 (PID: 27448)
[2026-05-27 05:17:01] 💓 心跳正常 (PID: 27448)
[2026-05-27 05:17:11] 💓 心跳正常 (PID: 27448)
[2026-05-27 05:17:21] 💓 心跳正常 (PID: 27448)
[2026-05-27 05:17:31] 💓 心跳正常 (PID: 27448)
[2026-05-27 05:17:42] 💓 心跳正常 (PID: 27448)
[2026-05-27 05:17:52] 💓 心跳正常 (PID: 27448)
[2026-05-27 05:18:02] 💓 心跳正常 (PID: 27448)
[2026-05-27 05:18:12] 💓 心跳正常 (PID: 27448)
[2026-05-27 05:18:23] 💓 心跳正常 (PID: 27448)
[2026-05-27 05:18:33] 💓 心跳正常 (PID: 27448)
[2026-05-27 05:18:43] 💓 心跳正常 (PID: 27448)
[2026-05-27 05:18:54] 💓 心跳正常 (PID: 27448)
[2026-05-27 05:19:04] 💓 心跳正常 (PID: 27448)
[2026-05-27 05:19:14] 💓 心跳正常 (PID: 27448)
[2026-05-27 05:19:24] 💓 心跳正常 (PID: 27448)
[2026-05-27 05:19:35] 💓 心跳正常 (PID: 27448)
[2026-05-27 05:19:45] 💓 心跳正常 (PID: 27448)
[2026-05-27 05:19:55] 💓 心跳正常 (PID: 27448)
[2026-05-27 05:20:06] 💓 心跳正常 (PID: 27448)
[2026-05-27 05:20:16] 💓 心跳正常 (PID: 27448)
[2026-05-27 05:20:27] 💓 心跳正常 (PID: 27448)
[2026-05-27 05:20:37] 💓 心跳正常 (PID: 27448)
[2026-05-27 05:20:47] 💓 心跳正常 (PID: 27448)
[2026-05-27 05:20:58] 💓 心跳正常 (PID: 27448)
[2026-05-27 05:21:08] 💓 心跳正常 (PID: 27448)
[2026-05-27 05:21:18] 💓 心跳正常 (PID: 27448)
[2026-05-27 05:21:28] 💓 心跳正常 (PID: 27448)
[2026-05-27 05:21:39] 💓 心跳正常 (PID: 27448)
[2026-05-27 05:21:49] 💓 心跳正常 (PID: 27448)
[2026-05-27 05:21:59] 💓 心跳正常 (PID: 27448)
[2026-05-27 05:22:09] 💓 心跳正常 (PID: 27448)
[2026-05-27 05:22:20] 💓 心跳正常 (PID: 27448)
[2026-05-27 05:22:30] 💓 心跳正常 (PID: 27448)
[2026-05-27 05:22:41] 💓 心跳正常 (PID: 27448)
[2026-05-27 05:22:51] 💓 心跳正常 (PID: 27448)
[2026-05-27 05:23:01] 💓 心跳正常 (PID: 27448)
[2026-05-27 05:23:11] 💓 心跳正常 (PID: 27448)
[2026-05-27 05:23:22] 💓 心跳正常 (PID: 27448)
[2026-05-27 05:23:32] 💓 心跳正常 (PID: 27448)
[2026-05-27 05:23:42] 💓 心跳正常 (PID: 27448)
[2026-05-27 05:23:53] 💓 心跳正常 (PID: 27448)
[2026-05-27 05:24:03] 💓 心跳正常 (PID: 27448)
[2026-05-27 05:24:13] 💓 心跳正常 (PID: 27448)
[2026-05-27 05:24:24] 💓 心跳正常 (PID: 27448)
[2026-05-27 05:24:34] 💓 心跳正常 (PID: 27448)
[2026-05-27 05:24:44] 💓 心跳正常 (PID: 27448)
[2026-05-27 05:24:55] 💓 心跳正常 (PID: 27448)
[2026-05-27 05:25:05] 💓 心跳正常 (PID: 27448)
[2026-05-27 05:25:15] 💓 心跳正常 (PID: 27448)
[2026-05-27 05:25:26] 💓 心跳正常 (PID: 27448)
[2026-05-27 05:25:36] 💓 心跳正常 (PID: 27448)
[2026-05-27 05:25:46] 💓 心跳正常 (PID: 27448)
[2026-05-27 05:25:57] 💓 心跳正常 (PID: 27448)
[2026-05-27 05:26:07] 💓 心跳正常 (PID: 27448)
[2026-05-27 05:26:17] 💓 心跳正常 (PID: 27448)
[2026-05-27 05:26:28] 💓 心跳正常 (PID: 27448)
[2026-05-27 05:26:38] 💓 心跳正常 (PID: 27448)
[2026-05-27 05:26:48] 💓 心跳正常 (PID: 27448)
[2026-05-27 05:26:58] 💓 心跳正常 (PID: 27448)
[2026-05-27 05:27:09] 💓 心跳正常 (PID: 27448)
[2026-05-27 05:27:19] 💓 心跳正常 (PID: 27448)
[2026-05-27 05:27:29] 💓 心跳正常 (PID: 27448)
[2026-05-27 05:27:40] 💓 心跳正常 (PID: 27448)
[2026-05-27 05:27:50] 💓 心跳正常 (PID: 27448)
[2026-05-27 05:28:00] 💓 心跳正常 (PID: 27448)
[2026-05-27 05:28:11] 💓 心跳正常 (PID: 27448)
[2026-05-27 05:28:21] 💓 心跳正常 (PID: 27448)
[2026-05-27 05:28:31] 💓 心跳正常 (PID: 27448)
[2026-05-27 05:28:42] 💓 心跳正常 (PID: 27448)
[2026-05-27 05:28:52] 💓 心跳正常 (PID: 27448)
[2026-05-27 05:29:02] 💓 心跳正常 (PID: 27448)
[2026-05-27 05:29:12] 💓 心跳正常 (PID: 27448)
[2026-05-27 05:29:23] 💓 心跳正常 (PID: 27448)
[2026-05-27 05:29:33] 💓 心跳正常 (PID: 27448)
[2026-05-27 05:29:44] 💓 心跳正常 (PID: 27448)
[2026-05-27 05:29:54] 💓 心跳正常 (PID: 27448)
[2026-05-27 05:30:04] 💓 心跳正常 (PID: 27448)
[2026-05-27 05:30:14] 💓 心跳正常 (PID: 27448)
[2026-05-27 05:30:24] 💓 心跳正常 (PID: 27448)
[2026-05-27 05:30:35] 💓 心跳正常 (PID: 27448)
[2026-05-27 05:30:45] 💓 心跳正常 (PID: 27448)
[2026-05-27 05:30:55] 💓 心跳正常 (PID: 27448)
[2026-05-27 05:31:06] 💓 心跳正常 (PID: 27448)
[2026-05-27 05:31:16] 💓 心跳正常 (PID: 27448)
[2026-05-27 05:31:26] 💓 心跳正常 (PID: 27448)
[2026-05-27 05:31:37] 💓 心跳正常 (PID: 27448)
[2026-05-27 05:31:47] 💓 心跳正常 (PID: 27448)
[2026-05-27 05:31:58] 💓 心跳正常 (PID: 27448)
[2026-05-27 05:32:08] 💓 心跳正常 (PID: 27448)
[2026-05-27 05:32:18] 💓 心跳正常 (PID: 27448)
[2026-05-27 05:32:28] 💓 心跳正常 (PID: 27448)
[2026-05-27 05:32:39] 💓 心跳正常 (PID: 27448)
[2026-05-27 05:32:49] 💓 心跳正常 (PID: 27448)
[2026-05-27 05:32:59] 💓 心跳正常 (PID: 27448)
[2026-05-27 05:33:10] 💓 心跳正常 (PID: 27448)
[2026-05-27 05:33:20] 💓 心跳正常 (PID: 27448)
[2026-05-27 05:33:30] 💓 心跳正常 (PID: 27448)
[2026-05-27 05:33:40] 💓 心跳正常 (PID: 27448)
[2026-05-27 05:33:51] 💓 心跳正常 (PID: 27448)
[2026-05-27 05:34:01] 💓 心跳正常 (PID: 27448)
[2026-05-27 05:34:11] 💓 心跳正常 (PID: 27448)
[2026-05-27 05:34:21] 💓 心跳正常 (PID: 27448)
[2026-05-27 05:34:32] 💓 心跳正常 (PID: 27448)
[2026-05-27 05:34:42] 💓 心跳正常 (PID: 27448)
[2026-05-27 05:34:52] 💓 心跳正常 (PID: 27448)
[2026-05-27 05:35:03] 💓 心跳正常 (PID: 27448)
[2026-05-27 05:35:13] 💓 心跳正常 (PID: 27448)
[2026-05-27 05:35:24] 💓 心跳正常 (PID: 27448)
[2026-05-27 05:35:34] 💓 心跳正常 (PID: 27448)
[2026-05-27 05:35:44] 💓 心跳正常 (PID: 27448)
[2026-05-27 05:35:55] 💓 心跳正常 (PID: 27448)
[2026-05-27 05:36:05] 💓 心跳正常 (PID: 27448)
[2026-05-27 05:36:15] 💓 心跳正常 (PID: 27448)
[2026-05-27 05:36:25] 💓 心跳正常 (PID: 27448)
[2026-05-27 05:36:36] 💓 心跳正常 (PID: 27448)
[2026-05-27 05:36:46] 💓 心跳正常 (PID: 27448)
[2026-05-27 05:36:56] 💓 心跳正常 (PID: 27448)
[2026-05-27 05:37:07] 💓 心跳正常 (PID: 27448)
[2026-05-27 05:37:17] 💓 心跳正常 (PID: 27448)
[2026-05-27 05:37:27] 💓 心跳正常 (PID: 27448)
[2026-05-27 05:37:37] 💓 心跳正常 (PID: 27448)
[2026-05-27 05:37:48] 💓 心跳正常 (PID: 27448)
[2026-05-27 05:37:58] 💓 心跳正常 (PID: 27448)
[2026-05-27 05:38:09] 💓 心跳正常 (PID: 27448)
[2026-05-27 05:38:19] 💓 心跳正常 (PID: 27448)
[2026-05-27 05:38:29] 💓 心跳正常 (PID: 27448)
[2026-05-27 05:38:39] 💓 心跳正常 (PID: 27448)
[2026-05-27 05:38:50] 💓 心跳正常 (PID: 27448)
[2026-05-27 05:39:00] 💓 心跳正常 (PID: 27448)
[2026-05-27 05:39:10] 💓 心跳正常 (PID: 27448)
[2026-05-27 05:39:21] 💓 心跳正常 (PID: 27448)
[2026-05-27 05:39:31] 💓 心跳正常 (PID: 27448)
[2026-05-27 05:39:41] 💓 心跳正常 (PID: 27448)
[2026-05-27 05:39:52] 💓 心跳正常 (PID: 27448)
[2026-05-27 05:40:02] 💓 心跳正常 (PID: 27448)
[2026-05-27 05:40:12] 💓 心跳正常 (PID: 27448)
[2026-05-27 05:40:23] 💓 心跳正常 (PID: 27448)
[2026-05-27 05:40:33] 💓 心跳正常 (PID: 27448)
[2026-05-27 05:40:43] 💓 心跳正常 (PID: 27448)
[2026-05-27 05:40:54] 💓 心跳正常 (PID: 27448)
[2026-05-27 05:41:04] 💓 心跳正常 (PID: 27448)
[2026-05-27 05:41:14] 💓 心跳正常 (PID: 27448)
[2026-05-27 05:41:25] 💓 心跳正常 (PID: 27448)
[2026-05-27 05:41:35] 💓 心跳正常 (PID: 27448)
[2026-05-27 05:41:45] 💓 心跳正常 (PID: 27448)
[2026-05-27 05:41:55] 💓 心跳正常 (PID: 27448)
[2026-05-27 05:42:06] 💓 心跳正常 (PID: 27448)
[2026-05-27 05:42:16] 💓 心跳正常 (PID: 27448)
[2026-05-27 05:42:26] 💓 心跳正常 (PID: 27448)
[2026-05-27 05:42:36] 💓 心跳正常 (PID: 27448)
[2026-05-27 05:42:46] 💓 心跳正常 (PID: 27448)
[2026-05-27 05:42:57] 💓 心跳正常 (PID: 27448)
[2026-05-27 05:43:07] 💓 心跳正常 (PID: 27448)
[2026-05-27 05:43:18] 💓 心跳正常 (PID: 27448)
[2026-05-27 05:43:28] 💓 心跳正常 (PID: 27448)
[2026-05-27 05:43:38] 💓 心跳正常 (PID: 27448)
[2026-05-27 05:43:49] 💓 心跳正常 (PID: 27448)
[2026-05-27 05:43:59] 💓 心跳正常 (PID: 27448)
[2026-05-27 05:44:09] 💓 心跳正常 (PID: 27448)
[2026-05-27 05:44:20] 💓 心跳正常 (PID: 27448)
[2026-05-27 05:44:30] 💓 心跳正常 (PID: 27448)
[2026-05-27 05:44:40] 💓 心跳正常 (PID: 27448)
[2026-05-27 05:44:51] 💓 心跳正常 (PID: 27448)
[2026-05-27 05:45:01] 💓 心跳正常 (PID: 27448)
[2026-05-27 05:45:11] 💓 心跳正常 (PID: 27448)
[2026-05-27 05:45:21] 💓 心跳正常 (PID: 27448)
[2026-05-27 05:45:31] 💓 心跳正常 (PID: 27448)
[2026-05-27 05:45:42] 💓 心跳正常 (PID: 27448)
[2026-05-27 05:45:52] 💓 心跳正常 (PID: 27448)
[2026-05-27 05:46:03] 💓 心跳正常 (PID: 27448)
[2026-05-27 05:46:13] 💓 心跳正常 (PID: 27448)
[2026-05-27 05:46:23] 💓 心跳正常 (PID: 27448)
[2026-05-27 05:46:33] 💓 心跳正常 (PID: 27448)
[2026-05-27 05:46:44] 💓 心跳正常 (PID: 27448)
[2026-05-27 05:46:54] 💓 心跳正常 (PID: 27448)
[2026-05-27 05:47:04] 💓 心跳正常 (PID: 27448)
[2026-05-27 05:47:15] 💓 心跳正常 (PID: 27448)
[2026-05-27 05:47:25] 💓 心跳正常 (PID: 27448)
[2026-05-27 05:47:35] 💓 心跳正常 (PID: 27448)
[2026-05-27 05:47:46] 💓 心跳正常 (PID: 27448)
[2026-05-27 05:47:56] 💓 心跳正常 (PID: 27448)
[2026-05-27 05:48:06] 💓 心跳正常 (PID: 27448)
[2026-05-27 05:48:17] 💓 心跳正常 (PID: 27448)
[2026-05-27 05:48:27] 💓 心跳正常 (PID: 27448)
[2026-05-27 05:48:37] 💓 心跳正常 (PID: 27448)
[2026-05-27 05:48:48] 💓 心跳正常 (PID: 27448)
[2026-05-27 05:48:58] 💓 心跳正常 (PID: 27448)
[2026-05-27 05:49:08] 💓 心跳正常 (PID: 27448)
[2026-05-27 05:49:18] 💓 心跳正常 (PID: 27448)
[2026-05-27 05:49:29] 💓 心跳正常 (PID: 27448)
[2026-05-27 05:49:39] 💓 心跳正常 (PID: 27448)
[2026-05-27 05:49:49] 💓 心跳正常 (PID: 27448)
[2026-05-27 05:50:00] 💓 心跳正常 (PID: 27448)
[2026-05-27 05:50:10] 💓 心跳正常 (PID: 27448)
[2026-05-27 05:50:20] 💓 心跳正常 (PID: 27448)
[2026-05-27 05:50:31] 💓 心跳正常 (PID: 27448)
[2026-05-27 05:50:41] 💓 心跳正常 (PID: 27448)
[2026-05-27 05:50:51] 💓 心跳正常 (PID: 27448)
[2026-05-27 05:51:02] 💓 心跳正常 (PID: 27448)
[2026-05-27 05:51:12] 💓 心跳正常 (PID: 27448)
[2026-05-27 05:51:22] 💓 心跳正常 (PID: 27448)
[2026-05-27 05:51:33] 💓 心跳正常 (PID: 27448)
[2026-05-27 05:51:43] 💓 心跳正常 (PID: 27448)
[2026-05-27 05:51:53] 💓 心跳正常 (PID: 27448)
[2026-05-27 05:52:04] 💓 心跳正常 (PID: 27448)
[2026-05-27 05:52:14] 💓 心跳正常 (PID: 27448)
[2026-05-27 05:52:24] 💓 心跳正常 (PID: 27448)
[2026-05-27 05:52:35] 💓 心跳正常 (PID: 27448)
[2026-05-27 05:52:45] 💓 心跳正常 (PID: 27448)
[2026-05-27 05:52:55] 💓 心跳正常 (PID: 27448)
[2026-05-27 05:53:06] 💓 心跳正常 (PID: 27448)
[2026-05-27 05:53:16] 💓 心跳正常 (PID: 27448)
[2026-05-27 05:53:26] 📁 交易日志 /root/.openclaw/logs/trading/monitor.log (5.8MB)，>10MB 时自动归档至 logs/trading/archive/
[2026-05-27 05:53:27] 💓 心跳正常 (PID: 27448)
[2026-05-27 05:53:37] 💓 心跳正常 (PID: 27448)
[2026-05-27 05:53:47] 💓 心跳正常 (PID: 27448)
[2026-05-27 05:53:58] 💓 心跳正常 (PID: 27448)
[2026-05-27 05:54:08] 💓 心跳正常 (PID: 27448)
[2026-05-27 05:54:18] 💓 心跳正常 (PID: 27448)
[2026-05-27 05:54:28] 💓 心跳正常 (PID: 27448)
[2026-05-27 05:54:39] 💓 心跳正常 (PID: 27448)
[2026-05-27 05:54:49] 💓 心跳正常 (PID: 27448)
[2026-05-27 05:54:59] 💓 心跳正常 (PID: 27448)
[2026-05-27 05:55:09] 💓 心跳正常 (PID: 27448)
[2026-05-27 05:55:20] 💓 心跳正常 (PID: 27448)
[2026-05-27 05:55:30] 💓 心跳正常 (PID: 27448)
[2026-05-27 05:55:40] 💓 心跳正常 (PID: 27448)
[2026-05-27 05:55:50] 💓 心跳正常 (PID: 27448)
[2026-05-27 05:56:01] 💓 心跳正常 (PID: 27448)
[2026-05-27 05:56:11] 💓 心跳正常 (PID: 27448)
[2026-05-27 05:56:21] 💓 心跳正常 (PID: 27448)
[2026-05-27 05:56:31] 💓 心跳正常 (PID: 27448)
[2026-05-27 05:56:42] 💓 心跳正常 (PID: 27448)
[2026-05-27 05:56:52] 💓 心跳正常 (PID: 27448)
[2026-05-27 05:57:02] 💓 心跳正常 (PID: 27448)
[2026-05-27 05:57:12] 💓 心跳正常 (PID: 27448)
[2026-05-27 05:57:23] 💓 心跳正常 (PID: 27448)
[2026-05-27 05:57:33] 💓 心跳正常 (PID: 27448)
[2026-05-27 05:57:43] 💓 心跳正常 (PID: 27448)
[2026-05-27 05:57:53] 💓 心跳正常 (PID: 27448)
[2026-05-27 05:58:04] 💓 心跳正常 (PID: 27448)
[2026-05-27 05:58:14] 💓 心跳正常 (PID: 27448)
[2026-05-27 05:58:24] 💓 心跳正常 (PID: 27448)
[2026-05-27 05:58:35] 💓 心跳正常 (PID: 27448)
[2026-05-27 05:58:45] 💓 心跳正常 (PID: 27448)
[2026-05-27 05:58:55] 💓 心跳正常 (PID: 27448)
[2026-05-27 05:59:05] 💓 心跳正常 (PID: 27448)
[2026-05-27 05:59:16] 💓 心跳正常 (PID: 27448)
[2026-05-27 05:59:26] 💓 心跳正常 (PID: 27448)
[2026-05-27 05:59:37] 💓 心跳正常 (PID: 27448)
[2026-05-27 05:59:47] 💓 心跳正常 (PID: 27448)
[2026-05-27 05:59:57] 💓 心跳正常 (PID: 27448)
[2026-05-27 06:00:07] 💓 心跳正常 (PID: 27448)
[2026-05-27 06:00:17] 💓 心跳正常 (PID: 27448)
[2026-05-27 06:00:28] 💓 心跳正常 (PID: 27448)
[2026-05-27 06:00:38] 💓 心跳正常 (PID: 27448)
[2026-05-27 06:00:48] 💓 心跳正常 (PID: 27448)
[2026-05-27 06:00:58] 💓 心跳正常 (PID: 27448)
[2026-05-27 06:01:09] 💓 心跳正常 (PID: 27448)
[2026-05-27 06:01:19] 💓 心跳正常 (PID: 27448)
[2026-05-27 06:01:29] 💓 心跳正常 (PID: 27448)
[2026-05-27 06:01:40] 💓 心跳正常 (PID: 27448)
[2026-05-27 06:01:50] 💓 心跳正常 (PID: 27448)
[2026-05-27 06:02:00] 💓 心跳正常 (PID: 27448)
[2026-05-27 06:02:11] 💓 心跳正常 (PID: 27448)
[2026-05-27 06:02:21] 💓 心跳正常 (PID: 27448)
[2026-05-27 06:02:31] 💓 心跳正常 (PID: 27448)
[2026-05-27 06:02:41] 💓 心跳正常 (PID: 27448)
[2026-05-27 06:02:52] 💓 心跳正常 (PID: 27448)
[2026-05-27 06:03:02] 💓 心跳正常 (PID: 27448)
[2026-05-27 06:03:12] 💓 心跳正常 (PID: 27448)
[2026-05-27 06:03:23] 💓 心跳正常 (PID: 27448)
[2026-05-27 06:03:33] 💓 心跳正常 (PID: 27448)
[2026-05-27 06:03:44] 💓 心跳正常 (PID: 27448)
[2026-05-27 06:03:54] 💓 心跳正常 (PID: 27448)
[2026-05-27 06:04:04] 💓 心跳正常 (PID: 27448)
[2026-05-27 06:04:15] 💓 心跳正常 (PID: 27448)
[2026-05-27 06:04:25] 💓 心跳正常 (PID: 27448)
[2026-05-27 06:04:36] 💓 心跳正常 (PID: 27448)
[2026-05-27 06:04:46] 💓 心跳正常 (PID: 27448)
[2026-05-27 06:04:56] 💓 心跳正常 (PID: 27448)
[2026-05-27 06:05:06] 💓 心跳正常 (PID: 27448)
[2026-05-27 06:05:17] 💓 心跳正常 (PID: 27448)
[2026-05-27 06:05:27] 💓 心跳正常 (PID: 27448)
[2026-05-27 06:05:37] 💓 心跳正常 (PID: 27448)
[2026-05-27 06:05:47] 💓 心跳正常 (PID: 27448)
[2026-05-27 06:05:58] 💓 心跳正常 (PID: 27448)
[2026-05-27 06:06:08] 💓 心跳正常 (PID: 27448)
[2026-05-27 06:06:18] 💓 心跳正常 (PID: 27448)
[2026-05-27 06:06:29] 💓 心跳正常 (PID: 27448)
[2026-05-27 06:06:39] 💓 心跳正常 (PID: 27448)
[2026-05-27 06:06:49] 💓 心跳正常 (PID: 27448)
[2026-05-27 06:06:59] 💓 心跳正常 (PID: 27448)
[2026-05-27 06:07:10] 💓 心跳正常 (PID: 27448)
[2026-05-27 06:07:20] 💓 心跳正常 (PID: 27448)
[2026-05-27 06:07:31] 💓 心跳正常 (PID: 27448)
[2026-05-27 06:07:41] 💓 心跳正常 (PID: 27448)
[2026-05-27 06:07:51] 💓 心跳正常 (PID: 27448)
[2026-05-27 06:08:01] 💓 心跳正常 (PID: 27448)
[2026-05-27 06:08:12] 💓 心跳正常 (PID: 27448)
[2026-05-27 06:08:22] 💓 心跳正常 (PID: 27448)
[2026-05-27 06:08:32] 💓 心跳正常 (PID: 27448)
[2026-05-27 06:08:43] 💓 心跳正常 (PID: 27448)
[2026-05-27 06:08:53] 💓 心跳正常 (PID: 27448)
[2026-05-27 06:09:03] 💓 心跳正常 (PID: 27448)
[2026-05-27 06:09:14] 💓 心跳正常 (PID: 27448)
[2026-05-27 06:09:24] 💓 心跳正常 (PID: 27448)
[2026-05-27 06:09:34] 💓 心跳正常 (PID: 27448)
[2026-05-27 06:09:44] 💓 心跳正常 (PID: 27448)
[2026-05-27 06:09:54] 💓 心跳正常 (PID: 27448)
[2026-05-27 06:10:05] 💓 心跳正常 (PID: 27448)
[2026-05-27 06:10:15] 💓 心跳正常 (PID: 27448)
[2026-05-27 06:10:26] 💓 心跳正常 (PID: 27448)
[2026-05-27 06:10:36] 💓 心跳正常 (PID: 27448)
[2026-05-27 06:10:46] 💓 心跳正常 (PID: 27448)
[2026-05-27 06:10:57] 💓 心跳正常 (PID: 27448)
[2026-05-27 06:11:07] 💓 心跳正常 (PID: 27448)
[2026-05-27 06:11:17] 💓 心跳正常 (PID: 27448)
[2026-05-27 06:11:27] 💓 心跳正常 (PID: 27448)
[2026-05-27 06:11:38] 💓 心跳正常 (PID: 27448)
[2026-05-27 06:11:48] 💓 心跳正常 (PID: 27448)
[2026-05-27 06:11:58] 💓 心跳正常 (PID: 27448)
[2026-05-27 06:12:09] 💓 心跳正常 (PID: 27448)
[2026-05-27 06:12:19] 💓 心跳正常 (PID: 27448)
[2026-05-27 06:12:29] 💓 心跳正常 (PID: 27448)
[2026-05-27 06:12:39] 💓 心跳正常 (PID: 27448)
[2026-05-27 06:12:50] 💓 心跳正常 (PID: 27448)
[2026-05-27 06:13:00] 💓 心跳正常 (PID: 27448)
[2026-05-27 06:13:10] 💓 心跳正常 (PID: 27448)
[2026-05-27 06:13:21] 💓 心跳正常 (PID: 27448)
[2026-05-27 06:13:31] 💓 心跳正常 (PID: 27448)
[2026-05-27 06:13:41] 💓 心跳正常 (PID: 27448)
[2026-05-27 06:13:52] 💓 心跳正常 (PID: 27448)
[2026-05-27 06:14:02] 💓 心跳正常 (PID: 27448)
[2026-05-27 06:14:12] 💓 心跳正常 (PID: 27448)
[2026-05-27 06:14:23] 💓 心跳正常 (PID: 27448)
[2026-05-27 06:14:33] 💓 心跳正常 (PID: 27448)
[2026-05-27 06:14:43] 💓 心跳正常 (PID: 27448)
[2026-05-27 06:14:53] 💓 心跳正常 (PID: 27448)
[2026-05-27 06:15:04] 💓 心跳正常 (PID: 27448)
[2026-05-27 06:15:14] 💓 心跳正常 (PID: 27448)
[2026-05-27 06:15:25] 💓 心跳正常 (PID: 27448)
[2026-05-27 06:15:35] 💓 心跳正常 (PID: 27448)
[2026-05-27 06:15:45] 💓 心跳正常 (PID: 27448)
[2026-05-27 06:15:56] 💓 心跳正常 (PID: 27448)
[2026-05-27 06:16:06] 💓 心跳正常 (PID: 27448)
[2026-05-27 06:16:16] 💓 心跳正常 (PID: 27448)
[2026-05-27 06:16:27] 💓 心跳正常 (PID: 27448)
[2026-05-27 06:16:37] 💓 心跳正常 (PID: 27448)
[2026-05-27 06:16:47] 💓 心跳正常 (PID: 27448)
[2026-05-27 06:16:58] 💓 心跳正常 (PID: 27448)
[2026-05-27 06:17:08] 💓 心跳正常 (PID: 27448)
[2026-05-27 06:17:18] 💓 心跳正常 (PID: 27448)
[2026-05-27 06:17:28] 💓 心跳正常 (PID: 27448)
[2026-05-27 06:17:39] 💓 心跳正常 (PID: 27448)
[2026-05-27 06:17:49] 💓 心跳正常 (PID: 27448)
[2026-05-27 06:17:59] 💓 心跳正常 (PID: 27448)
[2026-05-27 06:18:10] 💓 心跳正常 (PID: 27448)
[2026-05-27 06:18:20] 💓 心跳正常 (PID: 27448)
[2026-05-27 06:18:31] 💓 心跳正常 (PID: 27448)
[2026-05-27 06:18:41] 💓 心跳正常 (PID: 27448)
[2026-05-27 06:18:51] 💓 心跳正常 (PID: 27448)
[2026-05-27 06:19:02] 💓 心跳正常 (PID: 27448)
[2026-05-27 06:19:12] 💓 心跳正常 (PID: 27448)
[2026-05-27 06:19:22] 💓 心跳正常 (PID: 27448)
[2026-05-27 06:19:33] 💓 心跳正常 (PID: 27448)
[2026-05-27 06:19:43] 💓 心跳正常 (PID: 27448)
[2026-05-27 06:19:53] 💓 心跳正常 (PID: 27448)
[2026-05-27 06:20:03] 💓 心跳正常 (PID: 27448)
[2026-05-27 06:20:14] 💓 心跳正常 (PID: 27448)
[2026-05-27 06:20:24] 💓 心跳正常 (PID: 27448)
[2026-05-27 06:20:35] 💓 心跳正常 (PID: 27448)
[2026-05-27 06:20:45] 💓 心跳正常 (PID: 27448)
[2026-05-27 06:20:55] 💓 心跳正常 (PID: 27448)
[2026-05-27 06:21:06] 💓 心跳正常 (PID: 27448)
[2026-05-27 06:21:16] 💓 心跳正常 (PID: 27448)
[2026-05-27 06:21:26] 💓 心跳正常 (PID: 27448)
[2026-05-27 06:21:37] 💓 心跳正常 (PID: 27448)
[2026-05-27 06:21:47] 💓 心跳正常 (PID: 27448)
[2026-05-27 06:21:57] 💓 心跳正常 (PID: 27448)
[2026-05-27 06:22:08] 💓 心跳正常 (PID: 27448)
[2026-05-27 06:22:18] 💓 心跳正常 (PID: 27448)
[2026-05-27 06:22:28] 💓 心跳正常 (PID: 27448)
[2026-05-27 06:22:39] 💓 心跳正常 (PID: 27448)
[2026-05-27 06:22:49] 💓 心跳正常 (PID: 27448)
[2026-05-27 06:22:59] 💓 心跳正常 (PID: 27448)
[2026-05-27 06:23:09] 💓 心跳正常 (PID: 27448)
[2026-05-27 06:23:20] 💓 心跳正常 (PID: 27448)
[2026-05-27 06:23:30] 💓 心跳正常 (PID: 27448)
[2026-05-27 06:23:40] 💓 心跳正常 (PID: 27448)
[2026-05-27 06:23:51] 💓 心跳正常 (PID: 27448)
[2026-05-27 06:24:01] 💓 心跳正常 (PID: 27448)
[2026-05-27 06:24:11] 💓 心跳正常 (PID: 27448)
[2026-05-27 06:24:21] 💓 心跳正常 (PID: 27448)
[2026-05-27 06:24:31] 💓 心跳正常 (PID: 27448)
[2026-05-27 06:24:42] 💓 心跳正常 (PID: 27448)
[2026-05-27 06:24:52] 💓 心跳正常 (PID: 27448)
[2026-05-27 06:25:02] 💓 心跳正常 (PID: 27448)
[2026-05-27 06:25:12] 💓 心跳正常 (PID: 27448)
[2026-05-27 06:25:23] 💓 心跳正常 (PID: 27448)
[2026-05-27 06:25:33] 💓 心跳正常 (PID: 27448)
[2026-05-27 06:25:43] 💓 心跳正常 (PID: 27448)
[2026-05-27 06:25:54] 💓 心跳正常 (PID: 27448)
[2026-05-27 06:26:04] 💓 心跳正常 (PID: 27448)
[2026-05-27 06:26:15] 💓 心跳正常 (PID: 27448)
[2026-05-27 06:26:25] 💓 心跳正常 (PID: 27448)
[2026-05-27 06:26:35] 💓 心跳正常 (PID: 27448)
[2026-05-27 06:26:46] 💓 心跳正常 (PID: 27448)
[2026-05-27 06:26:56] 💓 心跳正常 (PID: 27448)
[2026-05-27 06:27:06] 💓 心跳正常 (PID: 27448)
[2026-05-27 06:27:16] 💓 心跳正常 (PID: 27448)
[2026-05-27 06:27:26] 💓 心跳正常 (PID: 27448)
[2026-05-27 06:27:37] 💓 心跳正常 (PID: 27448)
[2026-05-27 06:27:47] 💓 心跳正常 (PID: 27448)
[2026-05-27 06:27:58] 💓 心跳正常 (PID: 27448)
[2026-05-27 06:28:08] 💓 心跳正常 (PID: 27448)
[2026-05-27 06:28:18] 💓 心跳正常 (PID: 27448)
[2026-05-27 06:28:28] 💓 心跳正常 (PID: 27448)
[2026-05-27 06:28:39] 💓 心跳正常 (PID: 27448)
[2026-05-27 06:28:49] 💓 心跳正常 (PID: 27448)
[2026-05-27 06:28:59] 💓 心跳正常 (PID: 27448)
[2026-05-27 06:29:10] 💓 心跳正常 (PID: 27448)
[2026-05-27 06:29:20] 💓 心跳正常 (PID: 27448)
[2026-05-27 06:29:31] 💓 心跳正常 (PID: 27448)
[2026-05-27 06:29:41] 💓 心跳正常 (PID: 27448)
[2026-05-27 06:29:52] 💓 心跳正常 (PID: 27448)
[2026-05-27 06:30:02] 💓 心跳正常 (PID: 27448)
[2026-05-27 06:30:12] 💓 心跳正常 (PID: 27448)
[2026-05-27 06:30:23] 💓 心跳正常 (PID: 27448)
[2026-05-27 06:30:33] 💓 心跳正常 (PID: 27448)
[2026-05-27 06:30:43] 💓 心跳正常 (PID: 27448)
[2026-05-27 06:30:53] 💓 心跳正常 (PID: 27448)
[2026-05-27 06:31:04] 💓 心跳正常 (PID: 27448)
[2026-05-27 06:31:14] 💓 心跳正常 (PID: 27448)
[2026-05-27 06:31:24] 💓 心跳正常 (PID: 27448)
[2026-05-27 06:31:34] 💓 心跳正常 (PID: 27448)
[2026-05-27 06:31:45] 💓 心跳正常 (PID: 27448)
[2026-05-27 06:31:55] 💓 心跳正常 (PID: 27448)
[2026-05-27 06:32:05] 💓 心跳正常 (PID: 27448)
[2026-05-27 06:32:15] 💓 心跳正常 (PID: 27448)
[2026-05-27 06:32:26] 💓 心跳正常 (PID: 27448)
[2026-05-27 06:32:36] 💓 心跳正常 (PID: 27448)
[2026-05-27 06:32:47] 💓 心跳正常 (PID: 27448)
[2026-05-27 06:32:57] 💓 心跳正常 (PID: 27448)
[2026-05-27 06:33:07] 💓 心跳正常 (PID: 27448)
[2026-05-27 06:33:18] 💓 心跳正常 (PID: 27448)
[2026-05-27 06:33:28] 💓 心跳正常 (PID: 27448)
[2026-05-27 06:33:38] 💓 心跳正常 (PID: 27448)
[2026-05-27 06:33:48] 💓 心跳正常 (PID: 27448)
[2026-05-27 06:33:58] 💓 心跳正常 (PID: 27448)
[2026-05-27 06:34:09] 💓 心跳正常 (PID: 27448)
[2026-05-27 06:34:19] 💓 心跳正常 (PID: 27448)
[2026-05-27 06:34:29] 💓 心跳正常 (PID: 27448)
[2026-05-27 06:34:40] 💓 心跳正常 (PID: 27448)
[2026-05-27 06:34:50] 💓 心跳正常 (PID: 27448)
[2026-05-27 06:35:00] 💓 心跳正常 (PID: 27448)
[2026-05-27 06:35:11] 💓 心跳正常 (PID: 27448)
[2026-05-27 06:35:21] 💓 心跳正常 (PID: 27448)
[2026-05-27 06:35:31] 💓 心跳正常 (PID: 27448)
[2026-05-27 06:35:41] 💓 心跳正常 (PID: 27448)
[2026-05-27 06:35:52] 💓 心跳正常 (PID: 27448)
[2026-05-27 06:36:02] 💓 心跳正常 (PID: 27448)
[2026-05-27 06:36:12] 💓 心跳正常 (PID: 27448)
[2026-05-27 06:36:23] 💓 心跳正常 (PID: 27448)
[2026-05-27 06:36:33] 💓 心跳正常 (PID: 27448)
[2026-05-27 06:36:43] 💓 心跳正常 (PID: 27448)
[2026-05-27 06:36:54] 💓 心跳正常 (PID: 27448)
[2026-05-27 06:37:04] 💓 心跳正常 (PID: 27448)
[2026-05-27 06:37:14] 💓 心跳正常 (PID: 27448)
[2026-05-27 06:37:25] 💓 心跳正常 (PID: 27448)
[2026-05-27 06:37:35] 💓 心跳正常 (PID: 27448)
[2026-05-27 06:37:46] 💓 心跳正常 (PID: 27448)
[2026-05-27 06:37:56] 💓 心跳正常 (PID: 27448)
[2026-05-27 06:38:07] 💓 心跳正常 (PID: 27448)
[2026-05-27 06:38:17] 💓 心跳正常 (PID: 27448)
[2026-05-27 06:38:27] 💓 心跳正常 (PID: 27448)
[2026-05-27 06:38:38] 💓 心跳正常 (PID: 27448)
[2026-05-27 06:38:48] 💓 心跳正常 (PID: 27448)
[2026-05-27 06:38:58] 💓 心跳正常 (PID: 27448)
[2026-05-27 06:39:09] 💓 心跳正常 (PID: 27448)
[2026-05-27 06:39:19] 💓 心跳正常 (PID: 27448)
[2026-05-27 06:39:29] 💓 心跳正常 (PID: 27448)
[2026-05-27 06:39:39] 💓 心跳正常 (PID: 27448)
[2026-05-27 06:39:50] 💓 心跳正常 (PID: 27448)
[2026-05-27 06:40:00] 💓 心跳正常 (PID: 27448)
[2026-05-27 06:40:10] 💓 心跳正常 (PID: 27448)
[2026-05-27 06:40:20] 💓 心跳正常 (PID: 27448)
[2026-05-27 06:40:30] 💓 心跳正常 (PID: 27448)
[2026-05-27 06:40:41] 💓 心跳正常 (PID: 27448)
[2026-05-27 06:40:51] 💓 心跳正常 (PID: 27448)
[2026-05-27 06:41:02] 💓 心跳正常 (PID: 27448)
[2026-05-27 06:41:12] 💓 心跳正常 (PID: 27448)
[2026-05-27 06:41:22] 💓 心跳正常 (PID: 27448)
[2026-05-27 06:41:33] 💓 心跳正常 (PID: 27448)
[2026-05-27 06:41:43] 💓 心跳正常 (PID: 27448)
[2026-05-27 06:41:53] 💓 心跳正常 (PID: 27448)
[2026-05-27 06:42:03] 💓 心跳正常 (PID: 27448)
[2026-05-27 06:42:13] 💓 心跳正常 (PID: 27448)
[2026-05-27 06:42:24] 💓 心跳正常 (PID: 27448)
[2026-05-27 06:42:34] 💓 心跳正常 (PID: 27448)
[2026-05-27 06:42:44] 💓 心跳正常 (PID: 27448)
[2026-05-27 06:42:55] 💓 心跳正常 (PID: 27448)
[2026-05-27 06:43:05] 💓 心跳正常 (PID: 27448)
[2026-05-27 06:43:15] 💓 心跳正常 (PID: 27448)
[2026-05-27 06:43:26] 💓 心跳正常 (PID: 27448)
[2026-05-27 06:43:36] 💓 心跳正常 (PID: 27448)
[2026-05-27 06:43:46] 💓 心跳正常 (PID: 27448)
[2026-05-27 06:43:56] 💓 心跳正常 (PID: 27448)
[2026-05-27 06:44:07] 💓 心跳正常 (PID: 27448)
[2026-05-27 06:44:17] 💓 心跳正常 (PID: 27448)
[2026-05-27 06:44:27] 💓 心跳正常 (PID: 27448)
[2026-05-27 06:44:38] 💓 心跳正常 (PID: 27448)
[2026-05-27 06:44:48] 💓 心跳正常 (PID: 27448)
[2026-05-27 06:44:58] 💓 心跳正常 (PID: 27448)
[2026-05-27 06:45:08] 💓 心跳正常 (PID: 27448)
[2026-05-27 06:45:19] 💓 心跳正常 (PID: 27448)
[2026-05-27 06:45:29] 💓 心跳正常 (PID: 27448)
[2026-05-27 06:45:39] 💓 心跳正常 (PID: 27448)
[2026-05-27 06:45:50] 💓 心跳正常 (PID: 27448)
[2026-05-27 06:46:00] 💓 心跳正常 (PID: 27448)
[2026-05-27 06:46:10] 💓 心跳正常 (PID: 27448)
[2026-05-27 06:46:20] 💓 心跳正常 (PID: 27448)
[2026-05-27 06:46:31] 💓 心跳正常 (PID: 27448)
[2026-05-27 06:46:41] 💓 心跳正常 (PID: 27448)
[2026-05-27 06:46:52] 💓 心跳正常 (PID: 27448)
[2026-05-27 06:47:02] 💓 心跳正常 (PID: 27448)
[2026-05-27 06:47:12] 💓 心跳正常 (PID: 27448)
[2026-05-27 06:47:22] 💓 心跳正常 (PID: 27448)
[2026-05-27 06:47:32] 💓 心跳正常 (PID: 27448)
[2026-05-27 06:47:43] 💓 心跳正常 (PID: 27448)
[2026-05-27 06:47:53] 💓 心跳正常 (PID: 27448)
[2026-05-27 06:48:03] 💓 心跳正常 (PID: 27448)
[2026-05-27 06:48:13] 💓 心跳正常 (PID: 27448)
[2026-05-27 06:48:24] 💓 心跳正常 (PID: 27448)
[2026-05-27 06:48:34] 💓 心跳正常 (PID: 27448)
[2026-05-27 06:48:45] 💓 心跳正常 (PID: 27448)
[2026-05-27 06:48:55] 💓 心跳正常 (PID: 27448)
[2026-05-27 06:49:05] 💓 心跳正常 (PID: 27448)
[2026-05-27 06:49:16] 💓 心跳正常 (PID: 27448)
[2026-05-27 06:49:26] 💓 心跳正常 (PID: 27448)
[2026-05-27 06:49:36] 💓 心跳正常 (PID: 27448)
[2026-05-27 06:49:47] 💓 心跳正常 (PID: 27448)
[2026-05-27 06:49:57] 💓 心跳正常 (PID: 27448)
[2026-05-27 06:50:07] 💓 心跳正常 (PID: 27448)
[2026-05-27 06:50:17] 💓 心跳正常 (PID: 27448)
[2026-05-27 06:50:27] 💓 心跳正常 (PID: 27448)
[2026-05-27 06:50:37] 💓 心跳正常 (PID: 27448)
[2026-05-27 06:50:48] 💓 心跳正常 (PID: 27448)
[2026-05-27 06:50:58] 💓 心跳正常 (PID: 27448)
[2026-05-27 06:51:09] 💓 心跳正常 (PID: 27448)
[2026-05-27 06:51:19] 💓 心跳正常 (PID: 27448)
[2026-05-27 06:51:29] 💓 心跳正常 (PID: 27448)
[2026-05-27 06:51:40] 💓 心跳正常 (PID: 27448)
[2026-05-27 06:51:50] 💓 心跳正常 (PID: 27448)
[2026-05-27 06:52:00] 💓 心跳正常 (PID: 27448)
[2026-05-27 06:52:11] 💓 心跳正常 (PID: 27448)
[2026-05-27 06:52:21] 💓 心跳正常 (PID: 27448)
[2026-05-27 06:52:31] 💓 心跳正常 (PID: 27448)
[2026-05-27 06:52:41] 💓 心跳正常 (PID: 27448)
[2026-05-27 06:52:51] 💓 心跳正常 (PID: 27448)
[2026-05-27 06:53:02] 💓 心跳正常 (PID: 27448)
[2026-05-27 06:53:12] 💓 心跳正常 (PID: 27448)
[2026-05-27 06:53:22] 💓 心跳正常 (PID: 27448)
[2026-05-27 06:53:32] 📁 交易日志 /root/.openclaw/logs/trading/monitor.log (6.1MB)，>10MB 时自动归档至 logs/trading/archive/
[2026-05-27 06:53:32] 💓 心跳正常 (PID: 27448)
[2026-05-27 06:53:42] 💓 心跳正常 (PID: 27448)
[2026-05-27 06:53:53] 💓 心跳正常 (PID: 27448)
[2026-05-27 06:54:03] 💓 心跳正常 (PID: 27448)
[2026-05-27 06:54:14] 💓 心跳正常 (PID: 27448)
[2026-05-27 06:54:24] 💓 心跳正常 (PID: 27448)
[2026-05-27 06:54:34] 💓 心跳正常 (PID: 27448)
[2026-05-27 06:54:45] 💓 心跳正常 (PID: 27448)
[2026-05-27 06:54:55] 💓 心跳正常 (PID: 27448)
[2026-05-27 06:55:05] 💓 心跳正常 (PID: 27448)
[2026-05-27 06:55:16] 💓 心跳正常 (PID: 27448)
[2026-05-27 06:55:26] 💓 心跳正常 (PID: 27448)
[2026-05-27 06:55:36] 💓 心跳正常 (PID: 27448)
[2026-05-27 06:55:46] 💓 心跳正常 (PID: 27448)
[2026-05-27 06:55:57] 💓 心跳正常 (PID: 27448)
[2026-05-27 06:56:07] 💓 心跳正常 (PID: 27448)
[2026-05-27 06:56:17] 💓 心跳正常 (PID: 27448)
[2026-05-27 06:56:27] 💓 心跳正常 (PID: 27448)
[2026-05-27 06:56:38] 💓 心跳正常 (PID: 27448)
[2026-05-27 06:56:48] 💓 心跳正常 (PID: 27448)
[2026-05-27 06:56:58] 💓 心跳正常 (PID: 27448)
[2026-05-27 06:57:09] 💓 心跳正常 (PID: 27448)
[2026-05-27 06:57:19] 💓 心跳正常 (PID: 27448)
[2026-05-27 06:57:29] 💓 心跳正常 (PID: 27448)
[2026-05-27 06:57:39] 💓 心跳正常 (PID: 27448)
[2026-05-27 06:57:50] 💓 心跳正常 (PID: 27448)
[2026-05-27 06:58:00] 💓 心跳正常 (PID: 27448)
[2026-05-27 06:58:10] 💓 心跳正常 (PID: 27448)
[2026-05-27 06:58:20] 💓 心跳正常 (PID: 27448)
[2026-05-27 06:58:30] 💓 心跳正常 (PID: 27448)
[2026-05-27 06:58:41] 💓 心跳正常 (PID: 27448)
[2026-05-27 06:58:51] 💓 心跳正常 (PID: 27448)
[2026-05-27 06:59:01] 💓 心跳正常 (PID: 27448)
[2026-05-27 06:59:12] 💓 心跳正常 (PID: 27448)
[2026-05-27 06:59:22] 💓 心跳正常 (PID: 27448)
[2026-05-27 06:59:32] 💓 心跳正常 (PID: 27448)
[2026-05-27 06:59:42] 💓 心跳正常 (PID: 27448)
[2026-05-27 06:59:52] 💓 心跳正常 (PID: 27448)
[2026-05-27 07:00:03] 💓 心跳正常 (PID: 27448)
[2026-05-27 07:00:13] 💓 心跳正常 (PID: 27448)
[2026-05-27 07:00:23] 💓 心跳正常 (PID: 27448)
[2026-05-27 07:00:34] 💓 心跳正常 (PID: 27448)
[2026-05-27 07:00:44] 💓 心跳正常 (PID: 27448)
[2026-05-27 07:00:54] 💓 心跳正常 (PID: 27448)
[2026-05-27 07:01:05] 💓 心跳正常 (PID: 27448)
[2026-05-27 07:01:15] 💓 心跳正常 (PID: 27448)
[2026-05-27 07:01:25] 💓 心跳正常 (PID: 27448)
[2026-05-27 07:01:36] 💓 心跳正常 (PID: 27448)
[2026-05-27 07:01:46] 💓 心跳正常 (PID: 27448)
[2026-05-27 07:01:56] 💓 心跳正常 (PID: 27448)
[2026-05-27 07:02:07] 💓 心跳正常 (PID: 27448)
[2026-05-27 07:02:17] 💓 心跳正常 (PID: 27448)
[2026-05-27 07:02:27] 💓 心跳正常 (PID: 27448)
[2026-05-27 07:02:38] 💓 心跳正常 (PID: 27448)
[2026-05-27 07:02:48] 💓 心跳正常 (PID: 27448)
[2026-05-27 07:02:58] 💓 心跳正常 (PID: 27448)
[2026-05-27 07:03:09] 💓 心跳正常 (PID: 27448)
[2026-05-27 07:03:19] 💓 心跳正常 (PID: 27448)
[2026-05-27 07:03:29] 💓 心跳正常 (PID: 27448)
[2026-05-27 07:03:40] 💓 心跳正常 (PID: 27448)
[2026-05-27 07:03:50] 💓 心跳正常 (PID: 27448)
[2026-05-27 07:04:00] 💓 心跳正常 (PID: 27448)
[2026-05-27 07:04:10] 💓 心跳正常 (PID: 27448)
[2026-05-27 07:04:20] 💓 心跳正常 (PID: 27448)
[2026-05-27 07:04:31] 💓 心跳正常 (PID: 27448)
[2026-05-27 07:04:41] 💓 心跳正常 (PID: 27448)
[2026-05-27 07:04:51] 💓 心跳正常 (PID: 27448)
[2026-05-27 07:05:01] 💓 心跳正常 (PID: 27448)
[2026-05-27 07:05:12] 💓 心跳正常 (PID: 27448)
[2026-05-27 07:05:22] 💓 心跳正常 (PID: 27448)
[2026-05-27 07:05:32] 💓 心跳正常 (PID: 27448)
[2026-05-27 07:05:43] 💓 心跳正常 (PID: 27448)
[2026-05-27 07:05:53] 💓 心跳正常 (PID: 27448)
[2026-05-27 07:06:03] 💓 心跳正常 (PID: 27448)
[2026-05-27 07:06:13] 💓 心跳正常 (PID: 27448)
[2026-05-27 07:06:23] 💓 心跳正常 (PID: 27448)
[2026-05-27 07:06:33] 💓 心跳正常 (PID: 27448)
[2026-05-27 07:06:44] 💓 心跳正常 (PID: 27448)
[2026-05-27 07:06:54] 💓 心跳正常 (PID: 27448)
[2026-05-27 07:07:04] 💓 心跳正常 (PID: 27448)
[2026-05-27 07:07:14] 💓 心跳正常 (PID: 27448)
[2026-05-27 07:07:24] 💓 心跳正常 (PID: 27448)
[2026-05-27 07:07:34] 💓 心跳正常 (PID: 27448)
[2026-05-27 07:07:44] 💓 心跳正常 (PID: 27448)
[2026-05-27 07:07:55] 💓 心跳正常 (PID: 27448)
[2026-05-27 07:08:05] 💓 心跳正常 (PID: 27448)
[2026-05-27 07:08:15] 💓 心跳正常 (PID: 27448)
[2026-05-27 07:08:25] 💓 心跳正常 (PID: 27448)
[2026-05-27 07:08:35] 💓 心跳正常 (PID: 27448)
[2026-05-27 07:08:45] 💓 心跳正常 (PID: 27448)
[2026-05-27 07:08:56] 💓 心跳正常 (PID: 27448)
[2026-05-27 07:09:06] 💓 心跳正常 (PID: 27448)
[2026-05-27 07:09:16] 💓 心跳正常 (PID: 27448)
[2026-05-27 07:09:26] 💓 心跳正常 (PID: 27448)
[2026-05-27 07:09:36] 💓 心跳正常 (PID: 27448)
[2026-05-27 07:09:46] 💓 心跳正常 (PID: 27448)
[2026-05-27 07:09:57] 💓 心跳正常 (PID: 27448)
[2026-05-27 07:10:07] 💓 心跳正常 (PID: 27448)
[2026-05-27 07:10:17] 💓 心跳正常 (PID: 27448)
[2026-05-27 07:10:27] 💓 心跳正常 (PID: 27448)
[2026-05-27 07:10:37] 💓 心跳正常 (PID: 27448)
[2026-05-27 07:10:47] 💓 心跳正常 (PID: 27448)
[2026-05-27 07:10:57] 💓 心跳正常 (PID: 27448)
[2026-05-27 07:11:08] 💓 心跳正常 (PID: 27448)
[2026-05-27 07:11:18] 💓 心跳正常 (PID: 27448)
[2026-05-27 07:11:28] 💓 心跳正常 (PID: 27448)
[2026-05-27 07:11:38] 💓 心跳正常 (PID: 27448)
[2026-05-27 07:11:48] 💓 心跳正常 (PID: 27448)
[2026-05-27 07:11:58] 💓 心跳正常 (PID: 27448)
[2026-05-27 07:12:09] 💓 心跳正常 (PID: 27448)
[2026-05-27 07:12:19] 💓 心跳正常 (PID: 27448)
[2026-05-27 07:12:29] 💓 心跳正常 (PID: 27448)
[2026-05-27 07:12:39] 💓 心跳正常 (PID: 27448)
[2026-05-27 07:12:49] 💓 心跳正常 (PID: 27448)
[2026-05-27 07:13:00] 💓 心跳正常 (PID: 27448)
[2026-05-27 07:13:10] 💓 心跳正常 (PID: 27448)
[2026-05-27 07:13:20] 💓 心跳正常 (PID: 27448)
[2026-05-27 07:13:31] 💓 心跳正常 (PID: 27448)
[2026-05-27 07:13:41] 💓 心跳正常 (PID: 27448)
[2026-05-27 07:13:51] 💓 心跳正常 (PID: 27448)
[2026-05-27 07:14:01] 💓 心跳正常 (PID: 27448)
[2026-05-27 07:14:11] 💓 心跳正常 (PID: 27448)
[2026-05-27 07:14:22] 💓 心跳正常 (PID: 27448)
[2026-05-27 07:14:32] 💓 心跳正常 (PID: 27448)
[2026-05-27 07:14:42] 💓 心跳正常 (PID: 27448)
[2026-05-27 07:14:53] 💓 心跳正常 (PID: 27448)
[2026-05-27 07:15:03] 💓 心跳正常 (PID: 27448)
[2026-05-27 07:15:13] 💓 心跳正常 (PID: 27448)
[2026-05-27 07:15:24] 💓 心跳正常 (PID: 27448)
[2026-05-27 07:15:34] 💓 心跳正常 (PID: 27448)
[2026-05-27 07:15:44] 💓 心跳正常 (PID: 27448)
[2026-05-27 07:15:54] 💓 心跳正常 (PID: 27448)
[2026-05-27 07:16:04] 💓 心跳正常 (PID: 27448)
[2026-05-27 07:16:15] 💓 心跳正常 (PID: 27448)
[2026-05-27 07:16:25] 💓 心跳正常 (PID: 27448)
[2026-05-27 07:16:35] 💓 心跳正常 (PID: 27448)
[2026-05-27 07:16:45] 💓 心跳正常 (PID: 27448)
[2026-05-27 07:16:56] 💓 心跳正常 (PID: 27448)
[2026-05-27 07:17:06] 💓 心跳正常 (PID: 27448)
[2026-05-27 07:17:16] 💓 心跳正常 (PID: 27448)
[2026-05-27 07:17:26] 💓 心跳正常 (PID: 27448)
[2026-05-27 07:17:37] 💓 心跳正常 (PID: 27448)
[2026-05-27 07:17:47] 💓 心跳正常 (PID: 27448)
[2026-05-27 07:17:57] 💓 心跳正常 (PID: 27448)
[2026-05-27 07:18:07] 💓 心跳正常 (PID: 27448)
[2026-05-27 07:18:17] 💓 心跳正常 (PID: 27448)
[2026-05-27 07:18:28] 💓 心跳正常 (PID: 27448)
[2026-05-27 07:18:38] 💓 心跳正常 (PID: 27448)
[2026-05-27 07:18:48] 💓 心跳正常 (PID: 27448)
[2026-05-27 07:18:59] 💓 心跳正常 (PID: 27448)
[2026-05-27 07:19:09] 💓 心跳正常 (PID: 27448)
[2026-05-27 07:19:19] 💓 心跳正常 (PID: 27448)
[2026-05-27 07:19:29] 💓 心跳正常 (PID: 27448)
[2026-05-27 07:19:40] 💓 心跳正常 (PID: 27448)
[2026-05-27 07:19:50] 💓 心跳正常 (PID: 27448)
[2026-05-27 07:20:00] 💓 心跳正常 (PID: 27448)
[2026-05-27 07:20:11] 💓 心跳正常 (PID: 27448)
[2026-05-27 07:20:21] 💓 心跳正常 (PID: 27448)
[2026-05-27 07:20:31] 💓 心跳正常 (PID: 27448)
[2026-05-27 07:20:41] 💓 心跳正常 (PID: 27448)
[2026-05-27 07:20:51] 💓 心跳正常 (PID: 27448)
[2026-05-27 07:21:02] 💓 心跳正常 (PID: 27448)
[2026-05-27 07:21:12] 💓 心跳正常 (PID: 27448)
[2026-05-27 07:21:22] 💓 心跳正常 (PID: 27448)
[2026-05-27 07:21:32] 💓 心跳正常 (PID: 27448)
[2026-05-27 07:21:43] 💓 心跳正常 (PID: 27448)
[2026-05-27 07:21:53] 💓 心跳正常 (PID: 27448)
[2026-05-27 07:22:03] 💓 心跳正常 (PID: 27448)
[2026-05-27 07:22:13] 💓 心跳正常 (PID: 27448)
[2026-05-27 07:22:24] 💓 心跳正常 (PID: 27448)
[2026-05-27 07:22:34] 💓 心跳正常 (PID: 27448)
[2026-05-27 07:22:44] 💓 心跳正常 (PID: 27448)
[2026-05-27 07:22:55] 💓 心跳正常 (PID: 27448)
[2026-05-27 07:23:05] 💓 心跳正常 (PID: 27448)
[2026-05-27 07:23:15] 💓 心跳正常 (PID: 27448)
[2026-05-27 07:23:25] 💓 心跳正常 (PID: 27448)
[2026-05-27 07:23:35] 💓 心跳正常 (PID: 27448)
[2026-05-27 07:23:45] 💓 心跳正常 (PID: 27448)
[2026-05-27 07:23:56] 💓 心跳正常 (PID: 27448)
[2026-05-27 07:24:06] 💓 心跳正常 (PID: 27448)
[2026-05-27 07:24:16] 💓 心跳正常 (PID: 27448)
[2026-05-27 07:24:27] 💓 心跳正常 (PID: 27448)
[2026-05-27 07:24:37] 💓 心跳正常 (PID: 27448)
[2026-05-27 07:24:47] 💓 心跳正常 (PID: 27448)
[2026-05-27 07:24:57] 💓 心跳正常 (PID: 27448)
[2026-05-27 07:25:07] 💓 心跳正常 (PID: 27448)
[2026-05-27 07:25:18] 💓 心跳正常 (PID: 27448)
[2026-05-27 07:25:28] 💓 心跳正常 (PID: 12584)
[2026-05-27 07:25:28] 📝 同步 PID 文件：27448 → 12584
[2026-05-27 07:25:38] 💓 心跳正常 (PID: 27448)
[2026-05-27 07:25:38] 📝 同步 PID 文件：12584 → 27448
[2026-05-27 07:25:48] 💓 心跳正常 (PID: 27448)
[2026-05-27 07:25:58] 💓 心跳正常 (PID: 27448)
[2026-05-27 07:26:09] 💓 心跳正常 (PID: 27448)
[2026-05-27 07:26:19] 💓 心跳正常 (PID: 27448)
[2026-05-27 07:26:29] 💓 心跳正常 (PID: 27448)
[2026-05-27 07:26:39] 💓 心跳正常 (PID: 27448)
[2026-05-27 07:26:50] 💓 心跳正常 (PID: 27448)
[2026-05-27 07:27:00] 💓 心跳正常 (PID: 27448)
[2026-05-27 07:27:10] 💓 心跳正常 (PID: 27448)
[2026-05-27 07:27:20] 💓 心跳正常 (PID: 27448)
[2026-05-27 07:27:31] 💓 心跳正常 (PID: 27448)
[2026-05-27 07:27:41] 💓 心跳正常 (PID: 27448)
[2026-05-27 07:27:51] 💓 心跳正常 (PID: 27448)
[2026-05-27 07:28:01] 💓 心跳正常 (PID: 27448)
[2026-05-27 07:28:12] 💓 心跳正常 (PID: 27448)
[2026-05-27 07:28:22] 💓 心跳正常 (PID: 27448)
[2026-05-27 07:28:32] 💓 心跳正常 (PID: 27448)
[2026-05-27 07:28:42] 💓 心跳正常 (PID: 27448)
[2026-05-27 07:28:53] 💓 心跳正常 (PID: 27448)
[2026-05-27 07:29:03] 💓 心跳正常 (PID: 27448)
[2026-05-27 07:29:13] 💓 心跳正常 (PID: 27448)
[2026-05-27 07:29:24] 💓 心跳正常 (PID: 27448)
[2026-05-27 07:29:34] 💓 心跳正常 (PID: 27448)
[2026-05-27 07:29:44] 💓 心跳正常 (PID: 27448)
[2026-05-27 07:29:54] 💓 心跳正常 (PID: 27448)
[2026-05-27 07:30:05] 💓 心跳正常 (PID: 27448)
[2026-05-27 07:30:15] 💓 心跳正常 (PID: 27448)
[2026-05-27 07:30:25] 💓 心跳正常 (PID: 27448)
[2026-05-27 07:30:36] 💓 心跳正常 (PID: 27448)
[2026-05-27 07:30:46] 💓 心跳正常 (PID: 27448)
[2026-05-27 07:30:56] 💓 心跳正常 (PID: 27448)
[2026-05-27 07:31:07] 💓 心跳正常 (PID: 27448)
[2026-05-27 07:31:17] 💓 心跳正常 (PID: 27448)
[2026-05-27 07:31:27] 💓 心跳正常 (PID: 27448)
[2026-05-27 07:31:37] 💓 心跳正常 (PID: 27448)
[2026-05-27 07:31:48] 💓 心跳正常 (PID: 27448)
[2026-05-27 07:31:58] 💓 心跳正常 (PID: 27448)
[2026-05-27 07:32:09] 💓 心跳正常 (PID: 27448)
[2026-05-27 07:32:19] 💓 心跳正常 (PID: 27448)
[2026-05-27 07:32:29] 💓 心跳正常 (PID: 27448)
[2026-05-27 07:32:39] 💓 心跳正常 (PID: 27448)
[2026-05-27 07:32:50] 💓 心跳正常 (PID: 27448)
[2026-05-27 07:33:00] 💓 心跳正常 (PID: 27448)
[2026-05-27 07:33:10] 💓 心跳正常 (PID: 27448)
[2026-05-27 07:33:20] 💓 心跳正常 (PID: 27448)
[2026-05-27 07:33:30] 💓 心跳正常 (PID: 27448)
[2026-05-27 07:33:41] 💓 心跳正常 (PID: 27448)
[2026-05-27 07:33:51] 💓 心跳正常 (PID: 27448)
[2026-05-27 07:34:01] 💓 心跳正常 (PID: 27448)
[2026-05-27 07:34:12] 💓 心跳正常 (PID: 27448)
[2026-05-27 07:34:22] 💓 心跳正常 (PID: 27448)
[2026-05-27 07:34:33] 💓 心跳正常 (PID: 27448)
[2026-05-27 07:34:43] 💓 心跳正常 (PID: 27448)
[2026-05-27 07:34:53] 💓 心跳正常 (PID: 27448)
[2026-05-27 07:35:03] 💓 心跳正常 (PID: 27448)
[2026-05-27 07:35:14] 💓 心跳正常 (PID: 27448)
[2026-05-27 07:35:24] 💓 心跳正常 (PID: 27448)
[2026-05-27 07:35:35] 💓 心跳正常 (PID: 27448)
[2026-05-27 07:35:45] 💓 心跳正常 (PID: 27448)
[2026-05-27 07:35:55] 💓 心跳正常 (PID: 27448)
[2026-05-27 07:36:05] 💓 心跳正常 (PID: 27448)
[2026-05-27 07:36:15] 💓 心跳正常 (PID: 27448)
[2026-05-27 07:36:26] 💓 心跳正常 (PID: 27448)
[2026-05-27 07:36:36] 💓 心跳正常 (PID: 27448)
[2026-05-27 07:36:46] 💓 心跳正常 (PID: 27448)
[2026-05-27 07:36:57] 💓 心跳正常 (PID: 27448)
[2026-05-27 07:37:07] 💓 心跳正常 (PID: 27448)
[2026-05-27 07:37:17] 💓 心跳正常 (PID: 27448)
[2026-05-27 07:37:27] 💓 心跳正常 (PID: 27448)
[2026-05-27 07:37:38] 💓 心跳正常 (PID: 27448)
[2026-05-27 07:37:48] 💓 心跳正常 (PID: 27448)
[2026-05-27 07:37:58] 💓 心跳正常 (PID: 27448)
[2026-05-27 07:38:09] 💓 心跳正常 (PID: 27448)
[2026-05-27 07:38:19] 💓 心跳正常 (PID: 27448)
[2026-05-27 07:38:29] 💓 心跳正常 (PID: 27448)
[2026-05-27 07:38:39] 💓 心跳正常 (PID: 27448)
[2026-05-27 07:38:50] 💓 心跳正常 (PID: 27448)
[2026-05-27 07:39:00] 💓 心跳正常 (PID: 27448)
[2026-05-27 07:39:10] 💓 心跳正常 (PID: 27448)
[2026-05-27 07:39:20] 💓 心跳正常 (PID: 27448)
[2026-05-27 07:39:31] 💓 心跳正常 (PID: 27448)
[2026-05-27 07:43:10] ============================================================
[2026-05-27 07:43:10] 🐕 加密货币监控看门狗启动（智能版）
[2026-05-27 07:43:10] 监控目标：crypto_signal_monitor.py
[2026-05-27 07:43:10] 检查间隔：10秒
[2026-05-27 07:43:10] ⚠️  检测到进程未运行时自动启动（带 PID 文件检查）
[2026-05-27 07:43:10] ============================================================
[2026-05-27 07:43:10] 📁 交易日志 /root/.openclaw/logs/trading/monitor.log (6.2MB)，>10MB 时自动归档至 logs/trading/archive/
[2026-05-27 07:43:11] 💓 心跳正常 (PID: 15217)
[2026-05-27 07:43:21] 💓 心跳正常 (PID: 15217)
[2026-05-27 07:43:31] 💓 心跳正常 (PID: 15217)
[2026-05-27 07:43:41] 💓 心跳正常 (PID: 15217)
[2026-05-27 07:43:51] 💓 心跳正常 (PID: 15217)
[2026-05-27 07:44:02] 💓 心跳正常 (PID: 15217)
[2026-05-27 07:44:12] 💓 心跳正常 (PID: 15217)
[2026-05-27 07:44:22] 💓 心跳正常 (PID: 15217)
[2026-05-27 07:44:32] 💓 心跳正常 (PID: 15217)
[2026-05-27 07:44:42] 💓 心跳正常 (PID: 15217)
[2026-05-27 07:44:53] 💓 心跳正常 (PID: 15217)
[2026-05-27 07:45:03] 💓 心跳正常 (PID: 15217)
[2026-05-27 07:45:13] 💓 心跳正常 (PID: 15217)
[2026-05-27 07:45:23] 💓 心跳正常 (PID: 15217)
[2026-05-27 07:45:34] 💓 心跳正常 (PID: 15217)
[2026-05-27 07:45:44] 💓 心跳正常 (PID: 15217)
[2026-05-27 07:45:54] 💓 心跳正常 (PID: 15217)
[2026-05-27 07:46:04] 💓 心跳正常 (PID: 15217)
[2026-05-27 07:46:14] 💓 心跳正常 (PID: 15217)
[2026-05-27 07:46:25] 💓 心跳正常 (PID: 15217)
[2026-05-27 07:46:35] 💓 心跳正常 (PID: 15217)
[2026-05-27 07:46:45] 💓 心跳正常 (PID: 15217)
[2026-05-27 07:46:55] 💓 心跳正常 (PID: 15217)
[2026-05-27 07:47:06] 💓 心跳正常 (PID: 15217)
[2026-05-27 07:47:16] 💓 心跳正常 (PID: 15217)
[2026-05-27 07:47:26] 💓 心跳正常 (PID: 15217)
[2026-05-27 07:47:36] 💓 心跳正常 (PID: 15217)
[2026-05-27 07:47:47] 💓 心跳正常 (PID: 15217)
[2026-05-27 07:47:57] 💓 心跳正常 (PID: 15217)
[2026-05-27 07:48:07] 💓 心跳正常 (PID: 15217)
[2026-05-27 07:48:17] 💓 心跳正常 (PID: 15217)
[2026-05-27 07:48:28] 💓 心跳正常 (PID: 15217)
[2026-05-27 07:48:38] 💓 心跳正常 (PID: 15217)
[2026-05-27 07:48:48] 💓 心跳正常 (PID: 15217)
[2026-05-27 07:48:58] 💓 心跳正常 (PID: 15217)
[2026-05-27 07:49:09] 💓 心跳正常 (PID: 15217)
[2026-05-27 07:49:19] 💓 心跳正常 (PID: 15217)
[2026-05-27 07:49:29] 💓 心跳正常 (PID: 15217)
[2026-05-27 07:49:39] 💓 心跳正常 (PID: 15217)
[2026-05-27 07:49:50] 💓 心跳正常 (PID: 15217)
[2026-05-27 07:50:00] 💓 心跳正常 (PID: 15217)
[2026-05-27 07:50:10] 💓 心跳正常 (PID: 15217)
[2026-05-27 07:50:21] 💓 心跳正常 (PID: 15217)
[2026-05-27 07:50:31] 💓 心跳正常 (PID: 15217)
[2026-05-27 07:50:41] 💓 心跳正常 (PID: 15217)
[2026-05-27 07:50:52] 💓 心跳正常 (PID: 15217)
[2026-05-27 07:51:02] 💓 心跳正常 (PID: 15217)
[2026-05-27 07:51:12] 💓 心跳正常 (PID: 15217)
[2026-05-27 07:51:22] 💓 心跳正常 (PID: 15217)
[2026-05-27 07:51:33] 💓 心跳正常 (PID: 15217)
[2026-05-27 07:51:43] 💓 心跳正常 (PID: 15217)
[2026-05-27 07:51:53] 💓 心跳正常 (PID: 15217)
[2026-05-27 07:52:04] 💓 心跳正常 (PID: 15217)
[2026-05-27 07:52:14] 💓 心跳正常 (PID: 15217)
[2026-05-27 07:52:24] 💓 心跳正常 (PID: 15217)
[2026-05-27 07:52:34] 💓 心跳正常 (PID: 15217)
[2026-05-27 07:52:45] 💓 心跳正常 (PID: 15217)
[2026-05-27 07:52:55] 💓 心跳正常 (PID: 15217)
[2026-05-27 07:53:05] 💓 心跳正常 (PID: 15217)
[2026-05-27 07:53:15] 💓 心跳正常 (PID: 15217)
[2026-05-27 07:53:26] 💓 心跳正常 (PID: 15217)
[2026-05-27 07:53:36] 💓 心跳正常 (PID: 15217)
[2026-05-27 07:53:46] 💓 心跳正常 (PID: 15217)
[2026-05-27 07:53:56] 💓 心跳正常 (PID: 15217)
[2026-05-27 07:54:07] 💓 心跳正常 (PID: 15217)
[2026-05-27 07:54:17] 💓 心跳正常 (PID: 15217)
[2026-05-27 07:54:27] 💓 心跳正常 (PID: 15217)
[2026-05-27 07:54:38] 💓 心跳正常 (PID: 15217)
[2026-05-27 07:54:48] 💓 心跳正常 (PID: 15217)
[2026-05-27 07:54:58] 💓 心跳正常 (PID: 15217)
[2026-05-27 07:55:09] 💓 心跳正常 (PID: 15217)
[2026-05-27 07:55:19] 💓 心跳正常 (PID: 15217)
[2026-05-27 07:55:29] 💓 心跳正常 (PID: 15217)
[2026-05-27 07:55:39] 💓 心跳正常 (PID: 15217)
[2026-05-27 07:55:50] 💓 心跳正常 (PID: 15217)
[2026-05-27 07:56:00] 💓 心跳正常 (PID: 15217)
[2026-05-27 07:56:10] 💓 心跳正常 (PID: 15217)
[2026-05-27 07:56:20] 💓 心跳正常 (PID: 15217)
[2026-05-27 07:56:31] 💓 心跳正常 (PID: 15217)
[2026-05-27 07:56:41] 💓 心跳正常 (PID: 15217)
[2026-05-27 07:56:51] 💓 心跳正常 (PID: 15217)
[2026-05-27 07:57:01] 💓 心跳正常 (PID: 15217)
[2026-05-27 07:57:12] 💓 心跳正常 (PID: 15217)
[2026-05-27 07:57:22] 💓 心跳正常 (PID: 15217)
[2026-05-27 07:57:32] 💓 心跳正常 (PID: 15217)
[2026-05-27 07:57:43] 💓 心跳正常 (PID: 15217)
[2026-05-27 07:57:53] 💓 心跳正常 (PID: 15217)
[2026-05-27 07:58:03] 💓 心跳正常 (PID: 15217)
[2026-05-27 07:58:13] 💓 心跳正常 (PID: 15217)
[2026-05-27 07:58:24] 💓 心跳正常 (PID: 15217)
[2026-05-27 07:58:34] 💓 心跳正常 (PID: 15217)
[2026-05-27 07:58:44] 💓 心跳正常 (PID: 15217)
[2026-05-27 07:58:54] 💓 心跳正常 (PID: 15217)
[2026-05-27 07:59:05] 💓 心跳正常 (PID: 15217)
[2026-05-27 07:59:15] 💓 心跳正常 (PID: 15217)
[2026-05-27 07:59:25] 💓 心跳正常 (PID: 15217)
[2026-05-27 07:59:35] 💓 心跳正常 (PID: 15217)
[2026-05-27 07:59:45] 💓 心跳正常 (PID: 15217)
[2026-05-27 07:59:56] 💓 心跳正常 (PID: 15217)
[2026-05-27 08:00:06] 💓 心跳正常 (PID: 15217)
[2026-05-27 08:00:16] 💓 心跳正常 (PID: 15217)
[2026-05-27 08:00:26] 💓 心跳正常 (PID: 15217)
[2026-05-27 08:00:37] 💓 心跳正常 (PID: 15217)
[2026-05-27 08:00:47] 💓 心跳正常 (PID: 15217)
[2026-05-27 08:00:57] 💓 心跳正常 (PID: 15217)
[2026-05-27 08:01:07] 💓 心跳正常 (PID: 15217)
[2026-05-27 08:01:18] 💓 心跳正常 (PID: 15217)
[2026-05-27 08:01:28] 💓 心跳正常 (PID: 15217)
[2026-05-27 08:01:38] 💓 心跳正常 (PID: 15217)
[2026-05-27 08:01:49] 💓 心跳正常 (PID: 15217)
[2026-05-27 08:01:59] 💓 心跳正常 (PID: 15217)
[2026-05-27 08:02:09] 💓 心跳正常 (PID: 15217)
[2026-05-27 08:02:20] 💓 心跳正常 (PID: 15217)
[2026-05-27 08:02:30] 💓 心跳正常 (PID: 15217)
[2026-05-27 08:02:40] 💓 心跳正常 (PID: 15217)
[2026-05-27 08:02:50] 💓 心跳正常 (PID: 15217)
[2026-05-27 08:03:01] 💓 心跳正常 (PID: 15217)
[2026-05-27 08:03:11] 💓 心跳正常 (PID: 15217)
[2026-05-27 08:03:21] 💓 心跳正常 (PID: 15217)
[2026-05-27 08:03:31] 💓 心跳正常 (PID: 15217)
[2026-05-27 08:03:42] 💓 心跳正常 (PID: 15217)
[2026-05-27 08:03:52] 💓 心跳正常 (PID: 15217)
[2026-05-27 08:04:02] 💓 心跳正常 (PID: 15217)
[2026-05-27 08:04:12] 💓 心跳正常 (PID: 15217)
[2026-05-27 08:04:22] 💓 心跳正常 (PID: 15217)
[2026-05-27 08:04:33] 💓 心跳正常 (PID: 15217)
[2026-05-27 08:04:43] 💓 心跳正常 (PID: 15217)
[2026-05-27 08:04:53] 💓 心跳正常 (PID: 15217)
[2026-05-27 08:05:03] 💓 心跳正常 (PID: 15217)
[2026-05-27 08:05:14] 💓 心跳正常 (PID: 15217)
[2026-05-27 08:05:24] 💓 心跳正常 (PID: 15217)
[2026-05-27 08:05:34] 💓 心跳正常 (PID: 15217)
[2026-05-27 08:05:44] 💓 心跳正常 (PID: 15217)
[2026-05-27 08:05:55] 💓 心跳正常 (PID: 15217)
[2026-05-27 08:06:05] 💓 心跳正常 (PID: 15217)
[2026-05-27 08:06:15] 💓 心跳正常 (PID: 15217)
[2026-05-27 08:06:25] 💓 心跳正常 (PID: 15217)
[2026-05-27 08:06:36] 💓 心跳正常 (PID: 15217)
[2026-05-27 08:06:46] 💓 心跳正常 (PID: 15217)
[2026-05-27 08:06:56] 💓 心跳正常 (PID: 15217)
[2026-05-27 08:07:06] 💓 心跳正常 (PID: 15217)
[2026-05-27 08:07:16] 💓 心跳正常 (PID: 15217)
[2026-05-27 08:07:27] 💓 心跳正常 (PID: 15217)
[2026-05-27 08:07:37] 💓 心跳正常 (PID: 15217)
[2026-05-27 08:07:47] 💓 心跳正常 (PID: 15217)
[2026-05-27 08:07:57] 💓 心跳正常 (PID: 15217)
[2026-05-27 08:08:08] 💓 心跳正常 (PID: 15217)
[2026-05-27 08:08:18] 💓 心跳正常 (PID: 15217)
[2026-05-27 08:08:28] 💓 心跳正常 (PID: 15217)
[2026-05-27 08:08:38] 💓 心跳正常 (PID: 15217)
[2026-05-27 08:08:48] 💓 心跳正常 (PID: 15217)
[2026-05-27 08:08:59] 💓 心跳正常 (PID: 15217)
[2026-05-27 08:09:09] 💓 心跳正常 (PID: 15217)
[2026-05-27 08:09:19] 💓 心跳正常 (PID: 15217)
[2026-05-27 08:09:29] 💓 心跳正常 (PID: 15217)
[2026-05-27 08:09:40] 💓 心跳正常 (PID: 15217)
[2026-05-27 08:09:50] 💓 心跳正常 (PID: 15217)
[2026-05-27 08:10:00] 💓 心跳正常 (PID: 15217)
[2026-05-27 08:10:10] 💓 心跳正常 (PID: 15217)
[2026-05-27 08:10:21] 💓 心跳正常 (PID: 15217)
[2026-05-27 08:10:31] 💓 心跳正常 (PID: 15217)
[2026-05-27 08:10:41] 💓 心跳正常 (PID: 15217)
[2026-05-27 08:10:51] 💓 心跳正常 (PID: 15217)
[2026-05-27 08:11:01] 💓 心跳正常 (PID: 15217)
[2026-05-27 08:11:12] 💓 心跳正常 (PID: 15217)
[2026-05-27 08:11:22] 💓 心跳正常 (PID: 15217)
[2026-05-27 08:11:32] 💓 心跳正常 (PID: 15217)
[2026-05-27 08:11:43] 💓 心跳正常 (PID: 15217)
[2026-05-27 08:11:53] 💓 心跳正常 (PID: 15217)
[2026-05-27 08:12:03] 💓 心跳正常 (PID: 15217)
[2026-05-27 08:12:13] 💓 心跳正常 (PID: 15217)
[2026-05-27 08:12:23] 💓 心跳正常 (PID: 15217)
[2026-05-27 08:12:34] 💓 心跳正常 (PID: 15217)
[2026-05-27 08:12:44] 💓 心跳正常 (PID: 15217)
[2026-05-27 08:12:54] 💓 心跳正常 (PID: 15217)
[2026-05-27 08:13:04] 💓 心跳正常 (PID: 15217)
[2026-05-27 08:13:15] 💓 心跳正常 (PID: 15217)
[2026-05-27 08:13:25] 💓 心跳正常 (PID: 15217)
[2026-05-27 08:13:35] 💓 心跳正常 (PID: 15217)
[2026-05-27 08:13:45] 💓 心跳正常 (PID: 15217)
[2026-05-27 08:13:55] 💓 心跳正常 (PID: 15217)
[2026-05-27 08:14:06] 💓 心跳正常 (PID: 15217)
[2026-05-27 08:14:16] 💓 心跳正常 (PID: 15217)
[2026-05-27 08:14:26] 💓 心跳正常 (PID: 15217)
[2026-05-27 08:14:36] 💓 心跳正常 (PID: 15217)
[2026-05-27 08:14:47] 💓 心跳正常 (PID: 15217)
[2026-05-27 08:14:57] 💓 心跳正常 (PID: 15217)
[2026-05-27 08:15:07] 💓 心跳正常 (PID: 15217)
[2026-05-27 08:15:17] 💓 心跳正常 (PID: 15217)
[2026-05-27 08:15:28] 💓 心跳正常 (PID: 15217)
[2026-05-27 08:15:38] 💓 心跳正常 (PID: 15217)
[2026-05-27 08:15:48] 💓 心跳正常 (PID: 15217)
[2026-05-27 08:15:58] 💓 心跳正常 (PID: 15217)
[2026-05-27 08:16:09] 💓 心跳正常 (PID: 15217)
[2026-05-27 08:16:19] 💓 心跳正常 (PID: 15217)
[2026-05-27 08:16:30] 💓 心跳正常 (PID: 15217)
[2026-05-27 08:16:40] 💓 心跳正常 (PID: 15217)
[2026-05-27 08:16:50] 💓 心跳正常 (PID: 15217)
[2026-05-27 08:17:01] 💓 心跳正常 (PID: 15217)
[2026-05-27 08:17:11] 💓 心跳正常 (PID: 15217)
[2026-05-27 08:17:21] 💓 心跳正常 (PID: 15217)
[2026-05-27 08:17:31] 💓 心跳正常 (PID: 15217)
[2026-05-27 08:17:41] 💓 心跳正常 (PID: 15217)
[2026-05-27 08:17:52] 💓 心跳正常 (PID: 15217)
[2026-05-27 08:18:02] 💓 心跳正常 (PID: 15217)
[2026-05-27 08:18:12] 💓 心跳正常 (PID: 15217)
[2026-05-27 08:18:22] 💓 心跳正常 (PID: 15217)
[2026-05-27 08:18:33] 💓 心跳正常 (PID: 15217)
[2026-05-27 08:18:43] 💓 心跳正常 (PID: 15217)
[2026-05-27 08:18:53] 💓 心跳正常 (PID: 15217)
[2026-05-27 08:19:04] 💓 心跳正常 (PID: 15217)
[2026-05-27 08:19:14] 💓 心跳正常 (PID: 15217)
[2026-05-27 08:19:24] 💓 心跳正常 (PID: 15217)
[2026-05-27 08:19:35] 💓 心跳正常 (PID: 15217)
[2026-05-27 08:19:45] 💓 心跳正常 (PID: 15217)
[2026-05-27 08:19:55] 💓 心跳正常 (PID: 15217)
[2026-05-27 08:20:06] 💓 心跳正常 (PID: 15217)
[2026-05-27 08:20:16] 💓 心跳正常 (PID: 15217)
[2026-05-27 08:20:26] 💓 心跳正常 (PID: 15217)
[2026-05-27 08:20:36] 💓 心跳正常 (PID: 15217)
[2026-05-27 08:20:47] 💓 心跳正常 (PID: 15217)
[2026-05-27 08:20:57] 💓 心跳正常 (PID: 15217)
[2026-05-27 08:21:07] 💓 心跳正常 (PID: 15217)
[2026-05-27 08:21:17] 💓 心跳正常 (PID: 15217)
[2026-05-27 08:21:28] 💓 心跳正常 (PID: 15217)
[2026-05-27 08:21:38] 💓 心跳正常 (PID: 15217)
[2026-05-27 08:21:48] 💓 心跳正常 (PID: 15217)
[2026-05-27 08:21:59] 💓 心跳正常 (PID: 15217)
[2026-05-27 08:22:09] 💓 心跳正常 (PID: 15217)
[2026-05-27 08:22:19] 💓 心跳正常 (PID: 15217)
[2026-05-27 08:22:30] 💓 心跳正常 (PID: 15217)
[2026-05-27 08:22:40] 💓 心跳正常 (PID: 15217)
[2026-05-27 08:22:50] 💓 心跳正常 (PID: 15217)
[2026-05-27 08:23:01] 💓 心跳正常 (PID: 15217)
[2026-05-27 08:23:11] 💓 心跳正常 (PID: 15217)
[2026-05-27 08:23:21] 💓 心跳正常 (PID: 15217)
[2026-05-27 08:23:31] 💓 心跳正常 (PID: 15217)
[2026-05-27 08:23:42] 💓 心跳正常 (PID: 15217)
[2026-05-27 08:23:52] 💓 心跳正常 (PID: 15217)
[2026-05-27 08:24:02] 💓 心跳正常 (PID: 15217)
[2026-05-27 08:24:12] 💓 心跳正常 (PID: 15217)
[2026-05-27 08:24:23] 💓 心跳正常 (PID: 15217)
[2026-05-27 08:24:33] 💓 心跳正常 (PID: 15217)
[2026-05-27 08:24:43] 💓 心跳正常 (PID: 15217)
[2026-05-27 08:24:54] 💓 心跳正常 (PID: 15217)
[2026-05-27 08:25:04] 💓 心跳正常 (PID: 15217)
[2026-05-27 08:25:14] 💓 心跳正常 (PID: 15217)
[2026-05-27 08:25:25] 💓 心跳正常 (PID: 15217)
[2026-05-27 08:25:35] 💓 心跳正常 (PID: 15217)
[2026-05-27 08:25:45] 💓 心跳正常 (PID: 15217)
[2026-05-27 08:25:56] 💓 心跳正常 (PID: 15217)
[2026-05-27 08:26:06] 💓 心跳正常 (PID: 15217)
[2026-05-27 08:26:16] 💓 心跳正常 (PID: 15217)
[2026-05-27 08:26:26] 💓 心跳正常 (PID: 15217)
[2026-05-27 08:26:37] 💓 心跳正常 (PID: 15217)
[2026-05-27 08:26:47] 💓 心跳正常 (PID: 15217)
[2026-05-27 08:26:57] 💓 心跳正常 (PID: 15217)
[2026-05-27 08:27:07] 💓 心跳正常 (PID: 15217)
[2026-05-27 08:27:18] 💓 心跳正常 (PID: 15217)
[2026-05-27 08:27:28] 💓 心跳正常 (PID: 15217)
[2026-05-27 08:27:38] 💓 心跳正常 (PID: 15217)
[2026-05-27 08:27:48] 💓 心跳正常 (PID: 15217)
[2026-05-27 08:27:59] 💓 心跳正常 (PID: 15217)
[2026-05-27 08:28:09] 💓 心跳正常 (PID: 15217)
[2026-05-27 08:28:19] 💓 心跳正常 (PID: 15217)
[2026-05-27 08:28:30] 💓 心跳正常 (PID: 15217)
[2026-05-27 08:28:40] 💓 心跳正常 (PID: 15217)
[2026-05-27 08:28:51] 💓 心跳正常 (PID: 15217)
[2026-05-27 08:29:01] 💓 心跳正常 (PID: 15217)
[2026-05-27 08:29:11] 💓 心跳正常 (PID: 15217)
[2026-05-27 08:29:22] 💓 心跳正常 (PID: 15217)
[2026-05-27 08:29:32] 💓 心跳正常 (PID: 15217)
[2026-05-27 08:29:42] 💓 心跳正常 (PID: 15217)
[2026-05-27 08:29:53] 💓 心跳正常 (PID: 15217)
[2026-05-27 08:30:03] 💓 心跳正常 (PID: 15217)
[2026-05-27 08:30:13] 💓 心跳正常 (PID: 15217)
[2026-05-27 08:30:23] 💓 心跳正常 (PID: 15217)
[2026-05-27 08:30:34] 💓 心跳正常 (PID: 15217)
[2026-05-27 08:30:44] 💓 心跳正常 (PID: 15217)
[2026-05-27 08:30:54] 💓 心跳正常 (PID: 15217)
[2026-05-27 08:31:04] 💓 心跳正常 (PID: 15217)
[2026-05-27 08:31:14] 💓 心跳正常 (PID: 15217)
[2026-05-27 08:31:25] 💓 心跳正常 (PID: 15217)
[2026-05-27 08:31:35] 💓 心跳正常 (PID: 15217)
[2026-05-27 08:31:46] 💓 心跳正常 (PID: 15217)
[2026-05-27 08:31:56] 💓 心跳正常 (PID: 15217)
[2026-05-27 08:32:06] 💓 心跳正常 (PID: 15217)
[2026-05-27 08:32:17] 💓 心跳正常 (PID: 15217)
[2026-05-27 08:32:27] 💓 心跳正常 (PID: 15217)
[2026-05-27 08:32:37] 💓 心跳正常 (PID: 15217)
[2026-05-27 08:32:47] 💓 心跳正常 (PID: 15217)
[2026-05-27 08:32:57] 💓 心跳正常 (PID: 15217)
[2026-05-27 08:33:08] 💓 心跳正常 (PID: 15217)
[2026-05-27 08:33:18] 💓 心跳正常 (PID: 15217)
[2026-05-27 08:33:28] 💓 心跳正常 (PID: 15217)
[2026-05-27 08:33:38] 💓 心跳正常 (PID: 15217)
[2026-05-27 08:33:49] 💓 心跳正常 (PID: 15217)
[2026-05-27 08:33:59] 💓 心跳正常 (PID: 15217)
[2026-05-27 08:34:09] 💓 心跳正常 (PID: 15217)
[2026-05-27 08:34:20] 💓 心跳正常 (PID: 15217)
[2026-05-27 08:34:30] 💓 心跳正常 (PID: 15217)
[2026-05-27 08:34:40] 💓 心跳正常 (PID: 15217)
[2026-05-27 08:34:50] 💓 心跳正常 (PID: 15217)
[2026-05-27 08:35:01] 💓 心跳正常 (PID: 15217)
[2026-05-27 08:35:11] 💓 心跳正常 (PID: 15217)
[2026-05-27 08:35:21] 💓 心跳正常 (PID: 15217)
[2026-05-27 08:35:32] 💓 心跳正常 (PID: 15217)
[2026-05-27 08:35:42] 💓 心跳正常 (PID: 15217)
[2026-05-27 08:35:52] 💓 心跳正常 (PID: 15217)
[2026-05-27 08:36:03] 💓 心跳正常 (PID: 15217)
[2026-05-27 08:36:13] 💓 心跳正常 (PID: 15217)
[2026-05-27 08:36:23] 💓 心跳正常 (PID: 15217)
[2026-05-27 08:36:33] 💓 心跳正常 (PID: 15217)
[2026-05-27 08:36:43] 💓 心跳正常 (PID: 15217)
[2026-05-27 08:36:54] 💓 心跳正常 (PID: 15217)
[2026-05-27 08:37:04] 💓 心跳正常 (PID: 15217)
[2026-05-27 08:37:14] 💓 心跳正常 (PID: 15217)
[2026-05-27 08:37:25] 💓 心跳正常 (PID: 15217)
[2026-05-27 08:37:35] 💓 心跳正常 (PID: 15217)
[2026-05-27 08:37:45] 💓 心跳正常 (PID: 15217)
[2026-05-27 08:37:55] 💓 心跳正常 (PID: 15217)
[2026-05-27 08:38:06] 💓 心跳正常 (PID: 15217)
[2026-05-27 08:38:16] 💓 心跳正常 (PID: 15217)
[2026-05-27 08:38:27] 💓 心跳正常 (PID: 15217)
[2026-05-27 08:38:37] 💓 心跳正常 (PID: 15217)
[2026-05-27 08:38:47] 💓 心跳正常 (PID: 15217)
[2026-05-27 08:38:58] 💓 心跳正常 (PID: 15217)
[2026-05-27 08:39:08] 💓 心跳正常 (PID: 15217)
[2026-05-27 08:39:18] 💓 心跳正常 (PID: 15217)
[2026-05-27 08:39:29] 💓 心跳正常 (PID: 15217)
[2026-05-27 08:39:39] 💓 心跳正常 (PID: 15217)
[2026-05-27 08:39:49] 💓 心跳正常 (PID: 15217)
[2026-05-27 08:39:59] 💓 心跳正常 (PID: 15217)
[2026-05-27 08:40:10] 💓 心跳正常 (PID: 15217)
[2026-05-27 08:40:20] 💓 心跳正常 (PID: 15217)
[2026-05-27 08:40:30] 💓 心跳正常 (PID: 15217)
[2026-05-27 08:40:41] 💓 心跳正常 (PID: 15217)
[2026-05-27 08:40:51] 💓 心跳正常 (PID: 15217)
[2026-05-27 08:41:01] 💓 心跳正常 (PID: 15217)
[2026-05-27 08:41:11] 💓 心跳正常 (PID: 15217)
[2026-05-27 08:41:22] 💓 心跳正常 (PID: 15217)
[2026-05-27 08:41:32] 💓 心跳正常 (PID: 15217)
[2026-05-27 08:41:43] 💓 心跳正常 (PID: 15217)
[2026-05-27 08:41:53] 💓 心跳正常 (PID: 15217)
[2026-05-27 08:42:03] 💓 心跳正常 (PID: 15217)
[2026-05-27 08:42:14] 💓 心跳正常 (PID: 15217)
[2026-05-27 08:42:24] 💓 心跳正常 (PID: 15217)
[2026-05-27 08:42:34] 💓 心跳正常 (PID: 15217)
[2026-05-27 08:42:44] 💓 心跳正常 (PID: 15217)
[2026-05-27 08:42:55] 💓 心跳正常 (PID: 15217)
[2026-05-27 08:43:05] 💓 心跳正常 (PID: 15217)
[2026-05-27 08:43:15] 📁 交易日志 /root/.openclaw/logs/trading/monitor.log (6.2MB)，>10MB 时自动归档至 logs/trading/archive/
[2026-05-27 08:43:15] 💓 心跳正常 (PID: 15217)
[2026-05-27 08:43:25] 💓 心跳正常 (PID: 15217)
[2026-05-27 08:43:36] 💓 心跳正常 (PID: 15217)
[2026-05-27 08:43:46] 💓 心跳正常 (PID: 15217)
[2026-05-27 08:43:56] 💓 心跳正常 (PID: 15217)
[2026-05-27 08:44:06] 💓 心跳正常 (PID: 15217)
[2026-05-27 08:44:17] 💓 心跳正常 (PID: 15217)
[2026-05-27 08:44:27] 💓 心跳正常 (PID: 15217)
[2026-05-27 08:44:37] 💓 心跳正常 (PID: 15217)
[2026-05-27 08:44:48] 💓 心跳正常 (PID: 15217)
[2026-05-27 08:44:58] 💓 心跳正常 (PID: 15217)
[2026-05-27 08:45:08] 💓 心跳正常 (PID: 15217)
[2026-05-27 08:45:19] 💓 心跳正常 (PID: 15217)
[2026-05-27 08:45:29] 💓 心跳正常 (PID: 15217)
[2026-05-27 08:45:40] 💓 心跳正常 (PID: 15217)
[2026-05-27 08:45:50] 💓 心跳正常 (PID: 15217)
[2026-05-27 08:46:00] 💓 心跳正常 (PID: 15217)
[2026-05-27 08:46:11] 💓 心跳正常 (PID: 15217)
[2026-05-27 08:46:21] 💓 心跳正常 (PID: 15217)
[2026-05-27 08:46:31] 💓 心跳正常 (PID: 15217)
[2026-05-27 08:46:42] 💓 心跳正常 (PID: 15217)
[2026-05-27 08:46:52] 💓 心跳正常 (PID: 15217)
[2026-05-27 08:47:03] 💓 心跳正常 (PID: 15217)
[2026-05-27 08:47:13] 💓 心跳正常 (PID: 15217)
[2026-05-27 08:47:23] 💓 心跳正常 (PID: 15217)
[2026-05-27 08:47:33] 💓 心跳正常 (PID: 15217)
[2026-05-27 08:47:44] 💓 心跳正常 (PID: 15217)
[2026-05-27 08:47:54] 💓 心跳正常 (PID: 15217)
[2026-05-27 08:48:05] 💓 心跳正常 (PID: 15217)
[2026-05-27 08:48:15] 💓 心跳正常 (PID: 15217)
[2026-05-27 08:48:25] 💓 心跳正常 (PID: 15217)
[2026-05-27 08:48:36] 💓 心跳正常 (PID: 15217)
[2026-05-27 08:48:46] 💓 心跳正常 (PID: 15217)
[2026-05-27 08:48:56] 💓 心跳正常 (PID: 15217)
[2026-05-27 08:49:06] 💓 心跳正常 (PID: 15217)
[2026-05-27 08:49:16] 💓 心跳正常 (PID: 15217)
[2026-05-27 08:49:27] 💓 心跳正常 (PID: 15217)
[2026-05-27 08:49:37] 💓 心跳正常 (PID: 15217)
[2026-05-27 08:49:47] 💓 心跳正常 (PID: 15217)
[2026-05-27 08:49:57] 💓 心跳正常 (PID: 15217)
[2026-05-27 08:50:08] 💓 心跳正常 (PID: 15217)
[2026-05-27 08:50:18] 💓 心跳正常 (PID: 15217)
[2026-05-27 08:50:28] 💓 心跳正常 (PID: 15217)
[2026-05-27 08:50:39] 💓 心跳正常 (PID: 15217)
[2026-05-27 08:50:49] 💓 心跳正常 (PID: 15217)
[2026-05-27 08:50:59] 💓 心跳正常 (PID: 15217)
[2026-05-27 08:51:09] 💓 心跳正常 (PID: 15217)
[2026-05-27 08:51:20] 💓 心跳正常 (PID: 15217)
[2026-05-27 08:51:30] 💓 心跳正常 (PID: 15217)
[2026-05-27 08:51:40] 💓 心跳正常 (PID: 15217)
[2026-05-27 08:51:50] 💓 心跳正常 (PID: 15217)
[2026-05-27 08:52:01] 💓 心跳正常 (PID: 15217)
[2026-05-27 08:52:11] 💓 心跳正常 (PID: 15217)
[2026-05-27 08:52:21] 💓 心跳正常 (PID: 15217)
[2026-05-27 08:52:32] 💓 心跳正常 (PID: 15217)
[2026-05-27 08:52:42] 💓 心跳正常 (PID: 15217)
[2026-05-27 08:52:52] 💓 心跳正常 (PID: 15217)
[2026-05-27 08:53:02] 💓 心跳正常 (PID: 15217)
[2026-05-27 08:53:13] 💓 心跳正常 (PID: 15217)
[2026-05-27 08:53:23] 💓 心跳正常 (PID: 15217)
[2026-05-27 08:53:33] 💓 心跳正常 (PID: 15217)
[2026-05-27 08:53:43] 💓 心跳正常 (PID: 15217)
[2026-05-27 08:53:54] 💓 心跳正常 (PID: 15217)
[2026-05-27 08:54:04] 💓 心跳正常 (PID: 15217)
[2026-05-27 08:54:14] 💓 心跳正常 (PID: 15217)
[2026-05-27 08:54:25] 💓 心跳正常 (PID: 15217)
[2026-05-27 08:54:35] 💓 心跳正常 (PID: 15217)
[2026-05-27 08:54:45] 💓 心跳正常 (PID: 15217)
[2026-05-27 08:54:55] 💓 心跳正常 (PID: 15217)
[2026-05-27 08:55:06] 💓 心跳正常 (PID: 15217)
[2026-05-27 08:55:16] 💓 心跳正常 (PID: 15217)
[2026-05-27 08:55:26] 💓 心跳正常 (PID: 15217)
[2026-05-27 08:55:36] 💓 心跳正常 (PID: 15217)
[2026-05-27 08:55:47] 💓 心跳正常 (PID: 15217)
[2026-05-27 08:55:57] 💓 心跳正常 (PID: 15217)
[2026-05-27 08:56:07] 💓 心跳正常 (PID: 15217)
[2026-05-27 08:56:17] 💓 心跳正常 (PID: 15217)
[2026-05-27 08:56:28] 💓 心跳正常 (PID: 15217)
[2026-05-27 08:56:38] 💓 心跳正常 (PID: 15217)
[2026-05-27 08:56:48] 💓 心跳正常 (PID: 15217)
[2026-05-27 08:56:58] 💓 心跳正常 (PID: 15217)
[2026-05-27 08:57:09] 💓 心跳正常 (PID: 15217)
[2026-05-27 08:57:19] 💓 心跳正常 (PID: 15217)
[2026-05-27 08:57:29] 💓 心跳正常 (PID: 15217)
[2026-05-27 08:57:40] 💓 心跳正常 (PID: 15217)
[2026-05-27 08:57:50] 💓 心跳正常 (PID: 15217)
[2026-05-27 08:58:00] 💓 心跳正常 (PID: 15217)
[2026-05-27 08:58:10] 💓 心跳正常 (PID: 15217)
[2026-05-27 08:58:21] 💓 心跳正常 (PID: 15217)
[2026-05-27 08:58:31] 💓 心跳正常 (PID: 15217)
[2026-05-27 08:58:41] 💓 心跳正常 (PID: 15217)
[2026-05-27 08:58:51] 💓 心跳正常 (PID: 15217)
[2026-05-27 08:59:02] 💓 心跳正常 (PID: 15217)
[2026-05-27 08:59:12] 💓 心跳正常 (PID: 15217)
[2026-05-27 08:59:22] 💓 心跳正常 (PID: 15217)
[2026-05-27 08:59:33] 💓 心跳正常 (PID: 15217)
[2026-05-27 08:59:43] 💓 心跳正常 (PID: 15217)
[2026-05-27 08:59:53] 💓 心跳正常 (PID: 15217)
[2026-05-27 09:00:03] 💓 心跳正常 (PID: 15217)
[2026-05-27 09:00:14] 💓 心跳正常 (PID: 15217)
[2026-05-27 09:00:24] 💓 心跳正常 (PID: 15217)
[2026-05-27 09:00:34] 💓 心跳正常 (PID: 15217)
[2026-05-27 09:00:44] 💓 心跳正常 (PID: 15217)
[2026-05-27 09:00:55] 💓 心跳正常 (PID: 15217)
[2026-05-27 09:01:05] 💓 心跳正常 (PID: 15217)
[2026-05-27 09:01:15] 💓 心跳正常 (PID: 15217)
[2026-05-27 09:01:26] 💓 心跳正常 (PID: 15217)
[2026-05-27 09:01:36] 💓 心跳正常 (PID: 15217)
[2026-05-27 09:01:46] 💓 心跳正常 (PID: 15217)
[2026-05-27 09:01:57] 💓 心跳正常 (PID: 15217)
[2026-05-27 09:02:07] 💓 心跳正常 (PID: 15217)
[2026-05-27 09:02:17] 💓 心跳正常 (PID: 15217)
[2026-05-27 09:02:27] 💓 心跳正常 (PID: 15217)
[2026-05-27 09:02:38] 💓 心跳正常 (PID: 15217)
[2026-05-27 09:02:48] 💓 心跳正常 (PID: 15217)
[2026-05-27 09:02:58] 💓 心跳正常 (PID: 15217)
[2026-05-27 09:03:09] 💓 心跳正常 (PID: 15217)
[2026-05-27 09:03:19] 💓 心跳正常 (PID: 15217)
[2026-05-27 09:03:29] 💓 心跳正常 (PID: 15217)
[2026-05-27 09:03:39] 💓 心跳正常 (PID: 15217)
[2026-05-27 09:03:50] 💓 心跳正常 (PID: 15217)
[2026-05-27 09:04:00] 💓 心跳正常 (PID: 15217)
[2026-05-27 09:04:10] 💓 心跳正常 (PID: 15217)
[2026-05-27 09:04:21] 💓 心跳正常 (PID: 15217)
[2026-05-27 09:04:31] 💓 心跳正常 (PID: 15217)
[2026-05-27 09:04:41] 💓 心跳正常 (PID: 15217)
[2026-05-27 09:04:52] 💓 心跳正常 (PID: 15217)
[2026-05-27 09:05:02] 💓 心跳正常 (PID: 15217)
[2026-05-27 09:05:12] 💓 心跳正常 (PID: 15217)
[2026-05-27 09:05:22] 💓 心跳正常 (PID: 15217)
[2026-05-27 09:05:32] 💓 心跳正常 (PID: 15217)
[2026-05-27 09:05:43] 💓 心跳正常 (PID: 15217)
[2026-05-27 09:05:53] 💓 心跳正常 (PID: 15217)
[2026-05-27 09:06:03] 💓 心跳正常 (PID: 15217)
[2026-05-27 09:06:14] 💓 心跳正常 (PID: 15217)
[2026-05-27 09:06:24] 💓 心跳正常 (PID: 15217)
[2026-05-27 09:06:34] 💓 心跳正常 (PID: 15217)
[2026-05-27 09:06:44] 💓 心跳正常 (PID: 15217)
[2026-05-27 09:06:55] 💓 心跳正常 (PID: 15217)
[2026-05-27 09:07:05] 💓 心跳正常 (PID: 15217)
[2026-05-27 09:07:15] 💓 心跳正常 (PID: 15217)
[2026-05-27 09:07:26] 💓 心跳正常 (PID: 15217)
[2026-05-27 09:07:36] 💓 心跳正常 (PID: 15217)
[2026-05-27 09:07:46] 💓 心跳正常 (PID: 15217)
[2026-05-27 09:07:57] 💓 心跳正常 (PID: 15217)
[2026-05-27 09:08:07] 💓 心跳正常 (PID: 15217)
[2026-05-27 09:08:17] 💓 心跳正常 (PID: 15217)
[2026-05-27 09:08:27] 💓 心跳正常 (PID: 15217)
[2026-05-27 09:08:38] 💓 心跳正常 (PID: 15217)
[2026-05-27 09:08:48] 💓 心跳正常 (PID: 15217)
[2026-05-27 09:08:58] 💓 心跳正常 (PID: 15217)
[2026-05-27 09:09:08] 💓 心跳正常 (PID: 15217)
[2026-05-27 09:09:19] 💓 心跳正常 (PID: 15217)
[2026-05-27 09:09:29] 💓 心跳正常 (PID: 15217)
[2026-05-27 09:09:39] 💓 心跳正常 (PID: 15217)
[2026-05-27 09:09:50] 💓 心跳正常 (PID: 15217)
[2026-05-27 09:10:00] 💓 心跳正常 (PID: 15217)
[2026-05-27 09:10:10] 💓 心跳正常 (PID: 15217)
[2026-05-27 09:10:21] 💓 心跳正常 (PID: 15217)
[2026-05-27 09:10:31] 💓 心跳正常 (PID: 15217)
[2026-05-27 09:10:41] 💓 心跳正常 (PID: 15217)
[2026-05-27 09:10:52] 💓 心跳正常 (PID: 15217)
[2026-05-27 09:11:02] 💓 心跳正常 (PID: 15217)
[2026-05-27 09:11:12] 💓 心跳正常 (PID: 15217)
[2026-05-27 09:11:22] 💓 心跳正常 (PID: 15217)
[2026-05-27 09:11:33] 💓 心跳正常 (PID: 15217)
[2026-05-27 09:11:43] 💓 心跳正常 (PID: 15217)
[2026-05-27 09:11:53] 💓 心跳正常 (PID: 15217)
[2026-05-27 09:12:04] 💓 心跳正常 (PID: 15217)
[2026-05-27 09:12:14] 💓 心跳正常 (PID: 15217)
[2026-05-27 09:12:24] 💓 心跳正常 (PID: 15217)
[2026-05-27 09:12:34] 💓 心跳正常 (PID: 15217)
[2026-05-27 09:12:45] 💓 心跳正常 (PID: 15217)
[2026-05-27 09:12:55] 💓 心跳正常 (PID: 15217)
[2026-05-27 09:13:05] 💓 心跳正常 (PID: 15217)
[2026-05-27 09:13:16] 💓 心跳正常 (PID: 15217)
[2026-05-27 09:13:26] 💓 心跳正常 (PID: 15217)
[2026-05-27 09:13:36] 💓 心跳正常 (PID: 15217)
[2026-05-27 09:13:46] 💓 心跳正常 (PID: 15217)
[2026-05-27 09:13:57] 💓 心跳正常 (PID: 15217)
[2026-05-27 09:14:07] 💓 心跳正常 (PID: 15217)
[2026-05-27 09:14:17] 💓 心跳正常 (PID: 15217)
[2026-05-27 09:14:27] 💓 心跳正常 (PID: 15217)
[2026-05-27 09:14:38] 💓 心跳正常 (PID: 15217)
[2026-05-27 09:14:48] 💓 心跳正常 (PID: 15217)
[2026-05-27 09:14:58] 💓 心跳正常 (PID: 15217)
[2026-05-27 09:15:08] 💓 心跳正常 (PID: 15217)
[2026-05-27 09:15:19] 💓 心跳正常 (PID: 15217)
[2026-05-27 09:15:29] 💓 心跳正常 (PID: 15217)
[2026-05-27 09:15:39] 💓 心跳正常 (PID: 15217)
[2026-05-27 09:15:50] 💓 心跳正常 (PID: 15217)
[2026-05-27 09:16:00] 💓 心跳正常 (PID: 15217)
[2026-05-27 09:16:10] 💓 心跳正常 (PID: 15217)
[2026-05-27 09:16:20] 💓 心跳正常 (PID: 15217)
[2026-05-27 09:16:31] 💓 心跳正常 (PID: 15217)
[2026-05-27 09:16:41] 💓 心跳正常 (PID: 15217)
[2026-05-27 09:16:51] 💓 心跳正常 (PID: 15217)
[2026-05-27 09:17:01] 💓 心跳正常 (PID: 15217)
[2026-05-27 09:17:12] 💓 心跳正常 (PID: 15217)
[2026-05-27 09:17:22] 💓 心跳正常 (PID: 15217)
[2026-05-27 09:17:32] 💓 心跳正常 (PID: 15217)
[2026-05-27 09:17:42] 💓 心跳正常 (PID: 15217)
[2026-05-27 09:17:53] 💓 心跳正常 (PID: 15217)
[2026-05-27 09:18:03] 💓 心跳正常 (PID: 15217)
[2026-05-27 09:18:13] 💓 心跳正常 (PID: 15217)
[2026-05-27 09:18:23] 💓 心跳正常 (PID: 15217)
[2026-05-27 09:18:34] 💓 心跳正常 (PID: 15217)
[2026-05-27 09:18:44] 💓 心跳正常 (PID: 15217)
[2026-05-27 09:18:54] 💓 心跳正常 (PID: 15217)
[2026-05-27 09:19:04] 💓 心跳正常 (PID: 15217)
[2026-05-27 09:19:15] 💓 心跳正常 (PID: 15217)
[2026-05-27 09:19:25] 💓 心跳正常 (PID: 15217)
[2026-05-27 09:19:35] 💓 心跳正常 (PID: 15217)
[2026-05-27 09:19:45] 💓 心跳正常 (PID: 15217)
[2026-05-27 09:19:56] 💓 心跳正常 (PID: 15217)
[2026-05-27 09:20:06] 💓 心跳正常 (PID: 15217)
[2026-05-27 09:20:16] 💓 心跳正常 (PID: 15217)
[2026-05-27 09:20:26] 💓 心跳正常 (PID: 15217)
[2026-05-27 09:20:37] 💓 心跳正常 (PID: 15217)
[2026-05-27 09:20:47] 💓 心跳正常 (PID: 15217)
[2026-05-27 09:20:57] 💓 心跳正常 (PID: 15217)
[2026-05-27 09:21:08] 💓 心跳正常 (PID: 15217)
[2026-05-27 09:21:18] 💓 心跳正常 (PID: 15217)
[2026-05-27 09:21:28] 💓 心跳正常 (PID: 15217)
[2026-05-27 09:21:39] 💓 心跳正常 (PID: 15217)
[2026-05-27 09:21:49] 💓 心跳正常 (PID: 15217)
[2026-05-27 09:21:59] 💓 心跳正常 (PID: 15217)
[2026-05-27 09:22:09] 💓 心跳正常 (PID: 15217)
[2026-05-27 09:22:20] 💓 心跳正常 (PID: 15217)
[2026-05-27 09:22:30] 💓 心跳正常 (PID: 15217)
[2026-05-27 09:22:40] 💓 心跳正常 (PID: 15217)
[2026-05-27 09:22:50] 💓 心跳正常 (PID: 15217)
[2026-05-27 09:23:01] 💓 心跳正常 (PID: 15217)
[2026-05-27 09:23:11] 💓 心跳正常 (PID: 15217)
[2026-05-27 09:23:22] 💓 心跳正常 (PID: 15217)
[2026-05-27 09:23:32] 💓 心跳正常 (PID: 15217)
[2026-05-27 09:23:42] 💓 心跳正常 (PID: 15217)
[2026-05-27 09:23:52] 💓 心跳正常 (PID: 15217)
[2026-05-27 09:24:03] 💓 心跳正常 (PID: 15217)
[2026-05-27 09:24:13] 💓 心跳正常 (PID: 15217)
[2026-05-27 09:24:23] 💓 心跳正常 (PID: 15217)
[2026-05-27 09:24:33] 💓 心跳正常 (PID: 15217)
[2026-05-27 09:24:44] 💓 心跳正常 (PID: 15217)
[2026-05-27 09:24:54] 💓 心跳正常 (PID: 15217)
[2026-05-27 09:25:04] 💓 心跳正常 (PID: 15217)
[2026-05-27 09:25:15] 💓 心跳正常 (PID: 15217)
[2026-05-27 09:25:25] 💓 心跳正常 (PID: 15217)
[2026-05-27 09:25:35] 💓 心跳正常 (PID: 15217)
[2026-05-27 09:25:46] 💓 心跳正常 (PID: 15217)
[2026-05-27 09:25:56] 💓 心跳正常 (PID: 15217)
[2026-05-27 09:26:06] 💓 心跳正常 (PID: 15217)
[2026-05-27 09:26:16] 💓 心跳正常 (PID: 15217)
[2026-05-27 09:26:27] 💓 心跳正常 (PID: 15217)
[2026-05-27 09:26:37] 💓 心跳正常 (PID: 15217)
[2026-05-27 09:26:47] 💓 心跳正常 (PID: 15217)
[2026-05-27 09:26:58] 💓 心跳正常 (PID: 15217)
[2026-05-27 09:27:08] 💓 心跳正常 (PID: 15217)
[2026-05-27 09:27:18] 💓 心跳正常 (PID: 15217)
[2026-05-27 09:27:28] 💓 心跳正常 (PID: 15217)
[2026-05-27 09:27:39] 💓 心跳正常 (PID: 15217)
[2026-05-27 09:27:49] 💓 心跳正常 (PID: 15217)
[2026-05-27 09:27:59] 💓 心跳正常 (PID: 15217)
[2026-05-27 09:28:10] 💓 心跳正常 (PID: 15217)
[2026-05-27 09:28:20] 💓 心跳正常 (PID: 15217)
[2026-05-27 09:28:31] 💓 心跳正常 (PID: 15217)
[2026-05-27 09:28:41] 💓 心跳正常 (PID: 15217)
[2026-05-27 09:28:51] 💓 心跳正常 (PID: 15217)
[2026-05-27 09:29:01] 💓 心跳正常 (PID: 15217)
[2026-05-27 09:29:12] 💓 心跳正常 (PID: 15217)
[2026-05-27 09:29:22] 💓 心跳正常 (PID: 15217)
[2026-05-27 09:29:32] 💓 心跳正常 (PID: 15217)
[2026-05-27 09:29:43] 💓 心跳正常 (PID: 15217)
[2026-05-27 09:29:53] 💓 心跳正常 (PID: 15217)
[2026-05-27 09:30:03] 💓 心跳正常 (PID: 15217)
[2026-05-27 09:30:13] 💓 心跳正常 (PID: 15217)
[2026-05-27 09:30:23] 💓 心跳正常 (PID: 15217)
[2026-05-27 09:30:34] 💓 心跳正常 (PID: 15217)
[2026-05-27 09:30:44] 💓 心跳正常 (PID: 15217)
[2026-05-27 09:30:54] 💓 心跳正常 (PID: 15217)
[2026-05-27 09:31:04] 💓 心跳正常 (PID: 15217)
[2026-05-27 09:31:15] 💓 心跳正常 (PID: 15217)
[2026-05-27 09:31:25] 💓 心跳正常 (PID: 15217)
[2026-05-27 09:31:35] 💓 心跳正常 (PID: 15217)
[2026-05-27 09:31:46] 💓 心跳正常 (PID: 15217)
[2026-05-27 09:31:56] 💓 心跳正常 (PID: 15217)
[2026-05-27 09:32:06] 💓 心跳正常 (PID: 15217)
[2026-05-27 09:32:17] 💓 心跳正常 (PID: 15217)
[2026-05-27 09:32:27] 💓 心跳正常 (PID: 15217)
[2026-05-27 09:32:37] 💓 心跳正常 (PID: 15217)
[2026-05-27 09:32:48] 💓 心跳正常 (PID: 15217)
[2026-05-27 09:32:58] 💓 心跳正常 (PID: 15217)
[2026-05-27 09:33:08] 💓 心跳正常 (PID: 15217)
[2026-05-27 09:33:18] 💓 心跳正常 (PID: 15217)
[2026-05-27 09:33:29] 💓 心跳正常 (PID: 15217)
[2026-05-27 09:33:39] 💓 心跳正常 (PID: 15217)
[2026-05-27 09:33:49] 💓 心跳正常 (PID: 15217)
[2026-05-27 09:33:59] 💓 心跳正常 (PID: 15217)
[2026-05-27 09:34:10] 💓 心跳正常 (PID: 15217)
[2026-05-27 09:34:20] 💓 心跳正常 (PID: 15217)
[2026-05-27 09:34:30] 💓 心跳正常 (PID: 15217)
[2026-05-27 09:34:41] 💓 心跳正常 (PID: 15217)
[2026-05-27 09:34:51] 💓 心跳正常 (PID: 15217)
[2026-05-27 09:35:01] 💓 心跳正常 (PID: 15217)
[2026-05-27 09:35:11] 💓 心跳正常 (PID: 15217)
[2026-05-27 09:35:22] 💓 心跳正常 (PID: 15217)
[2026-05-27 09:35:32] 💓 心跳正常 (PID: 15217)
[2026-05-27 09:35:42] 💓 心跳正常 (PID: 15217)
[2026-05-27 09:35:53] 💓 心跳正常 (PID: 15217)
[2026-05-27 09:36:03] 💓 心跳正常 (PID: 15217)
[2026-05-27 09:36:13] 💓 心跳正常 (PID: 15217)
[2026-05-27 09:36:24] 💓 心跳正常 (PID: 15217)
[2026-05-27 09:36:34] 💓 心跳正常 (PID: 15217)
[2026-05-27 09:36:44] 💓 心跳正常 (PID: 15217)
[2026-05-27 09:36:54] 💓 心跳正常 (PID: 15217)
[2026-05-27 09:37:05] 💓 心跳正常 (PID: 15217)
[2026-05-27 09:37:15] 💓 心跳正常 (PID: 15217)
[2026-05-27 09:37:25] 💓 心跳正常 (PID: 15217)
[2026-05-27 09:37:35] 💓 心跳正常 (PID: 15217)
[2026-05-27 09:37:46] 💓 心跳正常 (PID: 15217)
[2026-05-27 09:37:56] 💓 心跳正常 (PID: 15217)
[2026-05-27 09:38:06] 💓 心跳正常 (PID: 15217)
[2026-05-27 09:38:17] 💓 心跳正常 (PID: 15217)
[2026-05-27 09:38:27] 💓 心跳正常 (PID: 15217)
[2026-05-27 09:38:37] 💓 心跳正常 (PID: 15217)
[2026-05-27 09:38:48] 💓 心跳正常 (PID: 15217)
[2026-05-27 09:38:58] 💓 心跳正常 (PID: 15217)
[2026-05-27 09:39:08] 💓 心跳正常 (PID: 15217)
[2026-05-27 09:39:18] 💓 心跳正常 (PID: 15217)
[2026-05-27 09:39:29] 💓 心跳正常 (PID: 15217)
[2026-05-27 09:39:39] 💓 心跳正常 (PID: 15217)
[2026-05-27 09:39:49] 💓 心跳正常 (PID: 15217)
[2026-05-27 09:40:00] 💓 心跳正常 (PID: 15217)
[2026-05-27 09:40:10] 💓 心跳正常 (PID: 15217)
[2026-05-27 09:40:20] 💓 心跳正常 (PID: 15217)
[2026-05-27 09:40:31] 💓 心跳正常 (PID: 15217)
[2026-05-27 09:40:41] 💓 心跳正常 (PID: 15217)
[2026-05-27 09:40:51] 💓 心跳正常 (PID: 15217)
[2026-05-27 09:41:02] 💓 心跳正常 (PID: 15217)
[2026-05-27 09:41:12] 💓 心跳正常 (PID: 15217)
[2026-05-27 09:41:22] 💓 心跳正常 (PID: 15217)
[2026-05-27 09:41:32] 💓 心跳正常 (PID: 15217)
[2026-05-27 09:41:43] 💓 心跳正常 (PID: 15217)
[2026-05-27 09:41:53] 💓 心跳正常 (PID: 15217)
[2026-05-27 09:42:03] 💓 心跳正常 (PID: 15217)
[2026-05-27 09:42:14] 💓 心跳正常 (PID: 15217)
[2026-05-27 09:42:24] 💓 心跳正常 (PID: 15217)
[2026-05-27 09:42:34] 💓 心跳正常 (PID: 15217)
[2026-05-27 09:42:45] 💓 心跳正常 (PID: 15217)
[2026-05-27 09:42:55] 💓 心跳正常 (PID: 15217)
[2026-05-27 09:43:05] 💓 心跳正常 (PID: 15217)
[2026-05-27 09:43:15] 📁 交易日志 /root/.openclaw/logs/trading/monitor.log (6.2MB)，>10MB 时自动归档至 logs/trading/archive/
[2026-05-27 09:43:15] 💓 心跳正常 (PID: 15217)
[2026-05-27 09:43:25] 💓 心跳正常 (PID: 15217)
[2026-05-27 09:43:36] 💓 心跳正常 (PID: 15217)
[2026-05-27 09:43:46] 💓 心跳正常 (PID: 15217)
[2026-05-27 09:43:56] 💓 心跳正常 (PID: 15217)
[2026-05-27 09:44:07] 💓 心跳正常 (PID: 15217)
[2026-05-27 09:44:17] 💓 心跳正常 (PID: 15217)
[2026-05-27 09:44:27] 💓 心跳正常 (PID: 15217)
[2026-05-27 09:44:37] 💓 心跳正常 (PID: 15217)
[2026-05-27 09:44:48] 💓 心跳正常 (PID: 15217)
[2026-05-27 09:44:58] 💓 心跳正常 (PID: 15217)
[2026-05-27 09:45:08] 💓 心跳正常 (PID: 15217)
[2026-05-27 09:45:19] 💓 心跳正常 (PID: 15217)
[2026-05-27 09:45:29] 💓 心跳正常 (PID: 15217)
[2026-05-27 09:45:39] 💓 心跳正常 (PID: 15217)
[2026-05-27 09:45:49] 💓 心跳正常 (PID: 15217)
[2026-05-27 09:46:00] 💓 心跳正常 (PID: 15217)
[2026-05-27 09:46:10] 💓 心跳正常 (PID: 15217)
[2026-05-27 09:46:20] 💓 心跳正常 (PID: 15217)
[2026-05-27 09:46:31] 💓 心跳正常 (PID: 15217)
[2026-05-27 09:46:41] 💓 心跳正常 (PID: 15217)
[2026-05-27 09:46:51] 💓 心跳正常 (PID: 15217)
[2026-05-27 09:47:01] 💓 心跳正常 (PID: 15217)
[2026-05-27 09:47:12] 💓 心跳正常 (PID: 15217)
[2026-05-27 09:47:22] 💓 心跳正常 (PID: 15217)
[2026-05-27 09:47:32] 💓 心跳正常 (PID: 15217)
[2026-05-27 09:47:43] 💓 心跳正常 (PID: 15217)
[2026-05-27 09:47:53] 💓 心跳正常 (PID: 15217)
[2026-05-27 09:48:03] 💓 心跳正常 (PID: 15217)
[2026-05-27 09:48:13] 💓 心跳正常 (PID: 15217)
[2026-05-27 09:48:24] 💓 心跳正常 (PID: 15217)
[2026-05-27 09:48:34] 💓 心跳正常 (PID: 15217)
[2026-05-27 09:48:44] 💓 心跳正常 (PID: 15217)
[2026-05-27 09:48:55] 💓 心跳正常 (PID: 15217)
[2026-05-27 09:49:05] 💓 心跳正常 (PID: 15217)
[2026-05-27 09:49:15] 💓 心跳正常 (PID: 15217)
[2026-05-27 09:49:26] 💓 心跳正常 (PID: 15217)
[2026-05-27 09:49:36] 💓 心跳正常 (PID: 15217)
[2026-05-27 09:49:46] 💓 心跳正常 (PID: 15217)
[2026-05-27 09:49:57] 💓 心跳正常 (PID: 15217)
[2026-05-27 09:50:07] 💓 心跳正常 (PID: 15217)
[2026-05-27 09:50:17] 💓 心跳正常 (PID: 15217)
[2026-05-27 09:50:27] 💓 心跳正常 (PID: 15217)
[2026-05-27 09:50:38] 💓 心跳正常 (PID: 15217)
[2026-05-27 09:50:48] 💓 心跳正常 (PID: 15217)
[2026-05-27 09:50:58] 💓 心跳正常 (PID: 15217)
[2026-05-27 09:51:09] 💓 心跳正常 (PID: 15217)
[2026-05-27 09:51:19] 💓 心跳正常 (PID: 15217)
[2026-05-27 09:51:29] 💓 心跳正常 (PID: 15217)
[2026-05-27 09:51:39] 💓 心跳正常 (PID: 15217)
[2026-05-27 09:51:50] 💓 心跳正常 (PID: 15217)
[2026-05-27 09:52:00] 💓 心跳正常 (PID: 15217)
[2026-05-27 09:52:10] 💓 心跳正常 (PID: 15217)
[2026-05-27 09:52:20] 💓 心跳正常 (PID: 15217)
[2026-05-27 09:52:31] 💓 心跳正常 (PID: 15217)
[2026-05-27 09:52:41] 💓 心跳正常 (PID: 15217)
[2026-05-27 09:52:51] 💓 心跳正常 (PID: 15217)
[2026-05-27 09:53:01] 💓 心跳正常 (PID: 15217)
[2026-05-27 09:53:12] 💓 心跳正常 (PID: 15217)
[2026-05-27 09:53:22] 💓 心跳正常 (PID: 15217)
[2026-05-27 09:53:32] 💓 心跳正常 (PID: 15217)
[2026-05-27 09:53:42] 💓 心跳正常 (PID: 15217)
[2026-05-27 09:53:53] 💓 心跳正常 (PID: 15217)
[2026-05-27 09:54:03] 💓 心跳正常 (PID: 15217)
[2026-05-27 09:54:13] 💓 心跳正常 (PID: 15217)
[2026-05-27 09:54:23] 💓 心跳正常 (PID: 15217)
[2026-05-27 09:54:34] 💓 心跳正常 (PID: 15217)
[2026-05-27 09:54:44] 💓 心跳正常 (PID: 15217)
[2026-05-27 09:54:54] 💓 心跳正常 (PID: 15217)
[2026-05-27 09:55:04] 💓 心跳正常 (PID: 15217)
[2026-05-27 09:55:15] 💓 心跳正常 (PID: 15217)
[2026-05-27 09:55:25] 💓 心跳正常 (PID: 15217)
[2026-05-27 09:55:35] 💓 心跳正常 (PID: 15217)
[2026-05-27 09:55:45] 💓 心跳正常 (PID: 15217)
[2026-05-27 09:55:56] 💓 心跳正常 (PID: 15217)
[2026-05-27 09:56:06] 💓 心跳正常 (PID: 15217)
[2026-05-27 09:56:16] 💓 心跳正常 (PID: 15217)
[2026-05-27 09:56:26] 💓 心跳正常 (PID: 15217)
[2026-05-27 09:56:37] 💓 心跳正常 (PID: 15217)
[2026-05-27 09:56:47] 💓 心跳正常 (PID: 15217)
[2026-05-27 09:56:57] 💓 心跳正常 (PID: 15217)
[2026-05-27 09:57:08] 💓 心跳正常 (PID: 15217)
[2026-05-27 09:57:18] 💓 心跳正常 (PID: 15217)
[2026-05-27 09:57:28] 💓 心跳正常 (PID: 15217)
[2026-05-27 09:57:39] 💓 心跳正常 (PID: 15217)
[2026-05-27 09:57:49] 💓 心跳正常 (PID: 15217)
[2026-05-27 09:57:59] 💓 心跳正常 (PID: 15217)
[2026-05-27 09:58:10] 💓 心跳正常 (PID: 15217)
[2026-05-27 09:58:20] 💓 心跳正常 (PID: 15217)
[2026-05-27 09:58:30] 💓 心跳正常 (PID: 15217)
[2026-05-27 09:58:40] 💓 心跳正常 (PID: 15217)
[2026-05-27 09:58:50] 💓 心跳正常 (PID: 15217)
[2026-05-27 09:59:01] 💓 心跳正常 (PID: 15217)
[2026-05-27 09:59:11] 💓 心跳正常 (PID: 15217)
[2026-05-27 09:59:21] 💓 心跳正常 (PID: 15217)
[2026-05-27 09:59:31] 💓 心跳正常 (PID: 15217)
[2026-05-27 09:59:42] 💓 心跳正常 (PID: 15217)
[2026-05-27 09:59:52] 💓 心跳正常 (PID: 15217)
[2026-05-27 10:00:02] 💓 心跳正常 (PID: 15217)
[2026-05-27 10:00:12] 💓 心跳正常 (PID: 15217)
[2026-05-27 10:00:23] 💓 心跳正常 (PID: 15217)
[2026-05-27 10:00:33] 💓 心跳正常 (PID: 15217)
[2026-05-27 10:00:43] 💓 心跳正常 (PID: 15217)
[2026-05-27 10:00:53] 💓 心跳正常 (PID: 15217)
[2026-05-27 10:01:04] 💓 心跳正常 (PID: 15217)
[2026-05-27 10:01:14] 💓 心跳正常 (PID: 15217)
[2026-05-27 10:01:24] 💓 心跳正常 (PID: 15217)
[2026-05-27 10:01:35] 💓 心跳正常 (PID: 15217)
[2026-05-27 10:01:45] 💓 心跳正常 (PID: 15217)
[2026-05-27 10:01:55] 💓 心跳正常 (PID: 15217)
[2026-05-27 10:02:05] 💓 心跳正常 (PID: 15217)
[2026-05-27 10:02:16] 💓 心跳正常 (PID: 15217)
[2026-05-27 10:02:26] 💓 心跳正常 (PID: 15217)
[2026-05-27 10:02:36] 💓 心跳正常 (PID: 15217)
[2026-05-27 10:02:46] 💓 心跳正常 (PID: 15217)
[2026-05-27 10:02:57] 💓 心跳正常 (PID: 15217)
[2026-05-27 10:03:07] 💓 心跳正常 (PID: 15217)
[2026-05-27 10:03:17] 💓 心跳正常 (PID: 15217)
[2026-05-27 10:03:27] 💓 心跳正常 (PID: 15217)
[2026-05-27 10:03:38] 💓 心跳正常 (PID: 15217)
[2026-05-27 10:03:48] 💓 心跳正常 (PID: 15217)
[2026-05-27 10:03:58] 💓 心跳正常 (PID: 15217)
[2026-05-27 10:04:09] 💓 心跳正常 (PID: 15217)
[2026-05-27 10:04:19] 💓 心跳正常 (PID: 15217)
[2026-05-27 10:04:29] 💓 心跳正常 (PID: 15217)
[2026-05-27 10:04:40] 💓 心跳正常 (PID: 15217)
[2026-05-27 10:04:50] 💓 心跳正常 (PID: 15217)
[2026-05-27 10:05:00] 💓 心跳正常 (PID: 15217)
[2026-05-27 10:05:10] 💓 心跳正常 (PID: 15217)
[2026-05-27 10:05:20] 💓 心跳正常 (PID: 15217)
[2026-05-27 10:05:31] 💓 心跳正常 (PID: 15217)
[2026-05-27 10:05:41] 💓 心跳正常 (PID: 15217)
[2026-05-27 10:05:51] 💓 心跳正常 (PID: 15217)
[2026-05-27 10:06:02] 💓 心跳正常 (PID: 15217)
[2026-05-27 10:06:12] 💓 心跳正常 (PID: 15217)
[2026-05-27 10:06:22] 💓 心跳正常 (PID: 15217)
[2026-05-27 10:06:32] 💓 心跳正常 (PID: 15217)
[2026-05-27 10:06:43] 💓 心跳正常 (PID: 15217)
[2026-05-27 10:06:53] 💓 心跳正常 (PID: 15217)
[2026-05-27 10:07:03] 💓 心跳正常 (PID: 15217)
[2026-05-27 10:07:14] 💓 心跳正常 (PID: 15217)
[2026-05-27 10:07:24] 💓 心跳正常 (PID: 15217)
[2026-05-27 10:07:34] 💓 心跳正常 (PID: 15217)
[2026-05-27 10:07:45] 💓 心跳正常 (PID: 15217)
[2026-05-27 10:07:55] 💓 心跳正常 (PID: 15217)
[2026-05-27 10:08:05] 💓 心跳正常 (PID: 15217)
[2026-05-27 10:08:16] 💓 心跳正常 (PID: 15217)
[2026-05-27 10:08:26] 💓 心跳正常 (PID: 15217)
[2026-05-27 10:08:36] 💓 心跳正常 (PID: 15217)
[2026-05-27 10:08:47] 💓 心跳正常 (PID: 15217)
[2026-05-27 10:08:57] 💓 心跳正常 (PID: 15217)
[2026-05-27 10:09:07] 💓 心跳正常 (PID: 15217)
[2026-05-27 10:09:17] 💓 心跳正常 (PID: 15217)
[2026-05-27 10:09:28] 💓 心跳正常 (PID: 15217)
[2026-05-27 10:09:38] 💓 心跳正常 (PID: 15217)
[2026-05-27 10:09:48] 💓 心跳正常 (PID: 15217)
[2026-05-27 10:09:58] 💓 心跳正常 (PID: 15217)
[2026-05-27 10:10:09] 💓 心跳正常 (PID: 15217)
[2026-05-27 10:10:19] 💓 心跳正常 (PID: 15217)
[2026-05-27 10:10:29] 💓 心跳正常 (PID: 15217)
[2026-05-27 10:10:40] 💓 心跳正常 (PID: 15217)
[2026-05-27 10:10:50] 💓 心跳正常 (PID: 15217)
[2026-05-27 10:11:00] 💓 心跳正常 (PID: 15217)
[2026-05-27 10:11:10] 💓 心跳正常 (PID: 15217)
[2026-05-27 10:11:21] 💓 心跳正常 (PID: 15217)
[2026-05-27 10:11:31] 💓 心跳正常 (PID: 15217)
[2026-05-27 10:11:41] 💓 心跳正常 (PID: 15217)
[2026-05-27 10:11:51] 💓 心跳正常 (PID: 15217)
[2026-05-27 10:12:02] 💓 心跳正常 (PID: 15217)
[2026-05-27 10:12:12] 💓 心跳正常 (PID: 15217)
[2026-05-27 10:12:22] 💓 心跳正常 (PID: 15217)
[2026-05-27 10:12:32] 💓 心跳正常 (PID: 15217)
[2026-05-27 10:12:43] 💓 心跳正常 (PID: 15217)
[2026-05-27 10:12:53] 💓 心跳正常 (PID: 15217)
[2026-05-27 10:13:03] 💓 心跳正常 (PID: 15217)
[2026-05-27 10:13:14] 💓 心跳正常 (PID: 15217)
[2026-05-27 10:13:24] 💓 心跳正常 (PID: 15217)
[2026-05-27 10:13:34] 💓 心跳正常 (PID: 15217)
[2026-05-27 10:13:44] 💓 心跳正常 (PID: 15217)
[2026-05-27 10:13:55] 💓 心跳正常 (PID: 15217)
[2026-05-27 10:14:05] 💓 心跳正常 (PID: 15217)
[2026-05-27 10:14:15] 💓 心跳正常 (PID: 15217)
[2026-05-27 10:14:25] 💓 心跳正常 (PID: 15217)
[2026-05-27 10:14:36] 💓 心跳正常 (PID: 15217)
[2026-05-27 10:14:46] 💓 心跳正常 (PID: 15217)
[2026-05-27 10:14:56] 💓 心跳正常 (PID: 15217)
[2026-05-27 10:15:07] 💓 心跳正常 (PID: 15217)
[2026-05-27 10:15:17] 💓 心跳正常 (PID: 15217)
[2026-05-27 10:15:27] 💓 心跳正常 (PID: 15217)
[2026-05-27 10:15:37] 💓 心跳正常 (PID: 15217)
[2026-05-27 10:15:48] 💓 心跳正常 (PID: 15217)
[2026-05-27 10:15:58] 💓 心跳正常 (PID: 15217)
[2026-05-27 10:16:08] 💓 心跳正常 (PID: 15217)
[2026-05-27 10:16:18] 💓 心跳正常 (PID: 15217)
[2026-05-27 10:16:29] 💓 心跳正常 (PID: 15217)
[2026-05-27 10:16:39] 💓 心跳正常 (PID: 15217)
[2026-05-27 10:16:50] 💓 心跳正常 (PID: 15217)
[2026-05-27 10:17:00] 💓 心跳正常 (PID: 15217)
[2026-05-27 10:17:10] 💓 心跳正常 (PID: 15217)
[2026-05-27 10:17:20] 💓 心跳正常 (PID: 15217)
[2026-05-27 10:17:30] 💓 心跳正常 (PID: 15217)
[2026-05-27 10:17:41] 💓 心跳正常 (PID: 15217)
[2026-05-27 10:17:51] 💓 心跳正常 (PID: 15217)
[2026-05-27 10:18:01] 💓 心跳正常 (PID: 15217)
[2026-05-27 10:18:11] 💓 心跳正常 (PID: 15217)
[2026-05-27 10:18:21] 💓 心跳正常 (PID: 15217)
[2026-05-27 10:18:31] 💓 心跳正常 (PID: 15217)
[2026-05-27 10:18:42] 💓 心跳正常 (PID: 15217)
[2026-05-27 10:18:52] 💓 心跳正常 (PID: 15217)
[2026-05-27 10:19:02] 💓 心跳正常 (PID: 15217)
[2026-05-27 10:19:12] 💓 心跳正常 (PID: 15217)
[2026-05-27 10:19:23] 💓 心跳正常 (PID: 15217)
[2026-05-27 10:19:33] 💓 心跳正常 (PID: 15217)
[2026-05-27 10:19:43] 💓 心跳正常 (PID: 15217)
[2026-05-27 10:19:53] 💓 心跳正常 (PID: 15217)
[2026-05-27 10:20:04] 💓 心跳正常 (PID: 15217)
[2026-05-27 10:20:14] 💓 心跳正常 (PID: 15217)
[2026-05-27 10:20:24] 💓 心跳正常 (PID: 15217)
[2026-05-27 10:20:34] 💓 心跳正常 (PID: 15217)
[2026-05-27 10:20:45] 💓 心跳正常 (PID: 15217)
[2026-05-27 10:20:55] 💓 心跳正常 (PID: 15217)
[2026-05-27 10:21:05] 💓 心跳正常 (PID: 15217)
[2026-05-27 10:21:16] 💓 心跳正常 (PID: 15217)
[2026-05-27 10:21:26] 💓 心跳正常 (PID: 15217)
[2026-05-27 10:21:36] 💓 心跳正常 (PID: 15217)
[2026-05-27 10:21:47] 💓 心跳正常 (PID: 15217)
[2026-05-27 10:21:57] 💓 心跳正常 (PID: 15217)
[2026-05-27 10:22:07] 💓 心跳正常 (PID: 15217)
[2026-05-27 10:22:17] 💓 心跳正常 (PID: 15217)
[2026-05-27 10:22:28] 💓 心跳正常 (PID: 15217)
[2026-05-27 10:22:38] 💓 心跳正常 (PID: 15217)
[2026-05-27 10:22:48] 💓 心跳正常 (PID: 15217)
[2026-05-27 10:22:58] 💓 心跳正常 (PID: 15217)
[2026-05-27 10:23:09] 💓 心跳正常 (PID: 15217)
[2026-05-27 10:23:19] 💓 心跳正常 (PID: 15217)
[2026-05-27 10:23:29] 💓 心跳正常 (PID: 15217)
[2026-05-27 10:23:39] 💓 心跳正常 (PID: 15217)
[2026-05-27 10:23:50] 💓 心跳正常 (PID: 15217)
[2026-05-27 10:24:00] 💓 心跳正常 (PID: 15217)
[2026-05-27 10:24:10] 💓 心跳正常 (PID: 15217)
[2026-05-27 10:24:21] 💓 心跳正常 (PID: 15217)
[2026-05-27 10:24:31] 💓 心跳正常 (PID: 15217)
[2026-05-27 10:24:41] 💓 心跳正常 (PID: 15217)
[2026-05-27 10:24:52] 💓 心跳正常 (PID: 15217)
[2026-05-27 10:25:02] 💓 心跳正常 (PID: 15217)
[2026-05-27 10:25:12] 💓 心跳正常 (PID: 15217)
[2026-05-27 10:25:23] 💓 心跳正常 (PID: 15217)
[2026-05-27 10:25:33] 💓 心跳正常 (PID: 15217)
[2026-05-27 10:25:43] 💓 心跳正常 (PID: 15217)
[2026-05-27 10:25:53] 💓 心跳正常 (PID: 15217)
[2026-05-27 10:26:04] 💓 心跳正常 (PID: 15217)
[2026-05-27 10:26:14] 💓 心跳正常 (PID: 15217)
[2026-05-27 10:26:24] 💓 心跳正常 (PID: 15217)
[2026-05-27 10:26:35] 💓 心跳正常 (PID: 15217)
[2026-05-27 10:26:45] 💓 心跳正常 (PID: 15217)
[2026-05-27 10:26:55] 💓 心跳正常 (PID: 15217)
[2026-05-27 10:27:06] 💓 心跳正常 (PID: 15217)
[2026-05-27 10:27:16] 💓 心跳正常 (PID: 15217)
[2026-05-27 10:27:26] 💓 心跳正常 (PID: 15217)
[2026-05-27 10:27:37] 💓 心跳正常 (PID: 15217)
[2026-05-27 10:27:47] 💓 心跳正常 (PID: 15217)
[2026-05-27 10:27:57] 💓 心跳正常 (PID: 15217)
[2026-05-27 10:28:07] 💓 心跳正常 (PID: 15217)
[2026-05-27 10:28:17] 💓 心跳正常 (PID: 15217)
[2026-05-27 10:28:28] 💓 心跳正常 (PID: 15217)
[2026-05-27 10:28:38] 💓 心跳正常 (PID: 15217)
[2026-05-27 10:28:48] 💓 心跳正常 (PID: 15217)
[2026-05-27 10:28:58] 💓 心跳正常 (PID: 15217)
[2026-05-27 10:29:09] 💓 心跳正常 (PID: 15217)
[2026-05-27 10:29:19] 💓 心跳正常 (PID: 15217)
[2026-05-27 10:29:29] 💓 心跳正常 (PID: 15217)
[2026-05-27 10:29:39] 💓 心跳正常 (PID: 15217)
[2026-05-27 10:29:49] 💓 心跳正常 (PID: 15217)
[2026-05-27 10:30:00] 💓 心跳正常 (PID: 15217)
[2026-05-27 10:30:10] 💓 心跳正常 (PID: 15217)
[2026-05-27 10:30:20] 💓 心跳正常 (PID: 15217)
[2026-05-27 10:30:30] 💓 心跳正常 (PID: 15217)
[2026-05-27 10:30:41] 💓 心跳正常 (PID: 15217)
[2026-05-27 10:30:51] 💓 心跳正常 (PID: 15217)
[2026-05-27 10:31:01] 💓 心跳正常 (PID: 15217)
[2026-05-27 10:31:12] 💓 心跳正常 (PID: 15217)
[2026-05-27 10:31:22] 💓 心跳正常 (PID: 15217)
[2026-05-27 10:31:32] 💓 心跳正常 (PID: 15217)
[2026-05-27 10:31:42] 💓 心跳正常 (PID: 15217)
[2026-05-27 10:31:53] 💓 心跳正常 (PID: 15217)
[2026-05-27 10:32:03] 💓 心跳正常 (PID: 15217)
[2026-05-27 10:32:13] 💓 心跳正常 (PID: 15217)
[2026-05-27 10:32:23] 💓 心跳正常 (PID: 15217)
[2026-05-27 10:32:33] 💓 心跳正常 (PID: 15217)
[2026-05-27 10:32:44] 💓 心跳正常 (PID: 15217)
[2026-05-27 10:32:54] 💓 心跳正常 (PID: 15217)
[2026-05-27 10:33:04] 💓 心跳正常 (PID: 15217)
[2026-05-27 10:33:14] 💓 心跳正常 (PID: 15217)
[2026-05-27 10:33:25] 💓 心跳正常 (PID: 15217)
[2026-05-27 10:33:35] 💓 心跳正常 (PID: 15217)
[2026-05-27 10:33:45] 💓 心跳正常 (PID: 15217)
[2026-05-27 10:33:56] 💓 心跳正常 (PID: 15217)
[2026-05-27 10:34:06] 💓 心跳正常 (PID: 15217)
[2026-05-27 10:34:16] 💓 心跳正常 (PID: 15217)
[2026-05-27 10:34:26] 💓 心跳正常 (PID: 15217)
[2026-05-27 10:34:37] 💓 心跳正常 (PID: 15217)
[2026-05-27 10:34:47] 💓 心跳正常 (PID: 15217)
[2026-05-27 10:34:57] 💓 心跳正常 (PID: 15217)
[2026-05-27 10:35:07] 💓 心跳正常 (PID: 15217)
[2026-05-27 10:35:18] 💓 心跳正常 (PID: 15217)
[2026-05-27 10:35:28] 💓 心跳正常 (PID: 15217)
[2026-05-27 10:35:38] 💓 心跳正常 (PID: 15217)
[2026-05-27 10:35:49] 💓 心跳正常 (PID: 15217)
[2026-05-27 10:35:59] 💓 心跳正常 (PID: 15217)
[2026-05-27 10:36:09] 💓 心跳正常 (PID: 15217)
[2026-05-27 10:36:20] 💓 心跳正常 (PID: 15217)
[2026-05-27 10:36:30] 💓 心跳正常 (PID: 15217)
[2026-05-27 10:36:41] 💓 心跳正常 (PID: 15217)
[2026-05-27 10:36:51] 💓 心跳正常 (PID: 15217)
[2026-05-27 10:37:01] 💓 心跳正常 (PID: 15217)
[2026-05-27 10:37:12] 💓 心跳正常 (PID: 15217)
[2026-05-27 10:37:22] 💓 心跳正常 (PID: 15217)
[2026-05-27 10:37:32] 💓 心跳正常 (PID: 15217)
[2026-05-27 10:37:42] 💓 心跳正常 (PID: 15217)
[2026-05-27 10:37:53] 💓 心跳正常 (PID: 15217)
[2026-05-27 10:38:03] 💓 心跳正常 (PID: 15217)
[2026-05-27 10:38:13] 💓 心跳正常 (PID: 15217)
[2026-05-27 10:38:24] 💓 心跳正常 (PID: 15217)
[2026-05-27 10:38:34] 💓 心跳正常 (PID: 15217)
[2026-05-27 10:38:44] 💓 心跳正常 (PID: 15217)
[2026-05-27 10:38:54] 💓 心跳正常 (PID: 15217)
[2026-05-27 10:39:04] 💓 心跳正常 (PID: 15217)
[2026-05-27 10:39:15] 💓 心跳正常 (PID: 15217)
[2026-05-27 10:39:25] 💓 心跳正常 (PID: 15217)
[2026-05-27 10:39:35] 💓 心跳正常 (PID: 15217)
[2026-05-27 10:39:46] 💓 心跳正常 (PID: 15217)
[2026-05-27 10:39:56] 💓 心跳正常 (PID: 15217)
[2026-05-27 10:40:06] 💓 心跳正常 (PID: 15217)
[2026-05-27 10:40:17] 💓 心跳正常 (PID: 15217)
[2026-05-27 10:40:27] 💓 心跳正常 (PID: 15217)
[2026-05-27 10:40:37] 💓 心跳正常 (PID: 15217)
[2026-05-27 10:40:47] 💓 心跳正常 (PID: 15217)
[2026-05-27 10:40:57] 💓 心跳正常 (PID: 15217)
[2026-05-27 10:41:08] 💓 心跳正常 (PID: 15217)
[2026-05-27 10:41:18] 💓 心跳正常 (PID: 15217)
[2026-05-27 10:41:28] 💓 心跳正常 (PID: 15217)
[2026-05-27 10:41:39] 💓 心跳正常 (PID: 15217)
[2026-05-27 10:41:49] 💓 心跳正常 (PID: 15217)
[2026-05-27 10:41:59] 💓 心跳正常 (PID: 15217)
[2026-05-27 10:42:10] 💓 心跳正常 (PID: 15217)
[2026-05-27 10:42:20] 💓 心跳正常 (PID: 15217)
[2026-05-27 10:42:30] 💓 心跳正常 (PID: 15217)
[2026-05-27 10:42:40] 💓 心跳正常 (PID: 15217)
[2026-05-27 10:42:51] 💓 心跳正常 (PID: 15217)
[2026-05-27 10:43:01] 💓 心跳正常 (PID: 15217)
[2026-05-27 10:43:11] 💓 心跳正常 (PID: 15217)
[2026-05-27 10:43:21] 📁 交易日志 /root/.openclaw/logs/trading/monitor.log (6.2MB)，>10MB 时自动归档至 logs/trading/archive/
[2026-05-27 10:43:22] 💓 心跳正常 (PID: 15217)
[2026-05-27 10:43:32] 💓 心跳正常 (PID: 15217)
[2026-05-27 10:43:42] 💓 心跳正常 (PID: 15217)
[2026-05-27 10:43:52] 💓 心跳正常 (PID: 15217)
[2026-05-27 10:44:03] 💓 心跳正常 (PID: 15217)
[2026-05-27 10:44:13] 💓 心跳正常 (PID: 15217)
[2026-05-27 10:44:23] 💓 心跳正常 (PID: 15217)
[2026-05-27 10:44:33] 💓 心跳正常 (PID: 15217)
[2026-05-27 10:44:44] 💓 心跳正常 (PID: 15217)
[2026-05-27 10:44:54] 💓 心跳正常 (PID: 15217)
[2026-05-27 10:45:04] 💓 心跳正常 (PID: 15217)
[2026-05-27 10:45:14] 💓 心跳正常 (PID: 15217)
[2026-05-27 10:45:25] 💓 心跳正常 (PID: 15217)
[2026-05-27 10:45:35] 💓 心跳正常 (PID: 15217)
[2026-05-27 10:45:45] 💓 心跳正常 (PID: 15217)
[2026-05-27 10:45:56] 💓 心跳正常 (PID: 15217)
[2026-05-27 10:46:06] 💓 心跳正常 (PID: 15217)
[2026-05-27 10:46:16] 💓 心跳正常 (PID: 15217)
[2026-05-27 10:46:26] 💓 心跳正常 (PID: 15217)
[2026-05-27 10:46:37] 💓 心跳正常 (PID: 15217)
[2026-05-27 10:46:47] 💓 心跳正常 (PID: 15217)
[2026-05-27 10:46:57] 💓 心跳正常 (PID: 15217)
[2026-05-27 10:47:07] 💓 心跳正常 (PID: 15217)
[2026-05-27 10:47:18] 💓 心跳正常 (PID: 15217)
[2026-05-27 10:47:28] 💓 心跳正常 (PID: 15217)
[2026-05-27 10:47:38] 💓 心跳正常 (PID: 15217)
[2026-05-27 10:47:48] 💓 心跳正常 (PID: 15217)
[2026-05-27 10:47:59] 💓 心跳正常 (PID: 15217)
[2026-05-27 10:48:09] 💓 心跳正常 (PID: 15217)
[2026-05-27 10:48:19] 💓 心跳正常 (PID: 15217)
[2026-05-27 10:48:29] 💓 心跳正常 (PID: 15217)
[2026-05-27 10:48:40] 💓 心跳正常 (PID: 15217)
[2026-05-27 10:48:50] 💓 心跳正常 (PID: 15217)
[2026-05-27 10:49:00] 💓 心跳正常 (PID: 15217)
[2026-05-27 10:49:11] 💓 心跳正常 (PID: 15217)
[2026-05-27 10:49:21] 💓 心跳正常 (PID: 15217)
[2026-05-27 10:49:31] 💓 心跳正常 (PID: 15217)
[2026-05-27 10:49:41] 💓 心跳正常 (PID: 15217)
[2026-05-27 10:49:52] 💓 心跳正常 (PID: 15217)
[2026-05-27 10:50:02] 💓 心跳正常 (PID: 15217)
[2026-05-27 10:50:12] 💓 心跳正常 (PID: 15217)
[2026-05-27 10:50:22] 💓 心跳正常 (PID: 15217)
[2026-05-27 10:50:33] 💓 心跳正常 (PID: 15217)
[2026-05-27 10:50:43] 💓 心跳正常 (PID: 15217)
[2026-05-27 10:50:53] 💓 心跳正常 (PID: 15217)
[2026-05-27 10:51:03] 💓 心跳正常 (PID: 15217)
[2026-05-27 10:51:14] 💓 心跳正常 (PID: 15217)
[2026-05-27 10:51:24] 💓 心跳正常 (PID: 15217)
[2026-05-27 10:51:34] 💓 心跳正常 (PID: 15217)
[2026-05-27 10:51:44] 💓 心跳正常 (PID: 15217)
[2026-05-27 10:51:55] 💓 心跳正常 (PID: 15217)
[2026-05-27 10:52:05] 💓 心跳正常 (PID: 15217)
[2026-05-27 10:52:15] 💓 心跳正常 (PID: 15217)
[2026-05-27 10:52:26] 💓 心跳正常 (PID: 15217)
[2026-05-27 10:52:36] 💓 心跳正常 (PID: 15217)
[2026-05-27 10:52:46] 💓 心跳正常 (PID: 15217)
[2026-05-27 10:52:57] 💓 心跳正常 (PID: 15217)
[2026-05-27 10:53:07] 💓 心跳正常 (PID: 15217)
[2026-05-27 10:53:17] 💓 心跳正常 (PID: 15217)
[2026-05-27 10:53:27] 💓 心跳正常 (PID: 15217)
[2026-05-27 10:53:38] 💓 心跳正常 (PID: 15217)
[2026-05-27 10:53:48] 💓 心跳正常 (PID: 15217)
[2026-05-27 10:53:58] 💓 心跳正常 (PID: 15217)
[2026-05-27 10:54:09] 💓 心跳正常 (PID: 15217)
[2026-05-27 10:54:19] 💓 心跳正常 (PID: 15217)
[2026-05-27 10:54:29] 💓 心跳正常 (PID: 15217)
[2026-05-27 10:54:39] 💓 心跳正常 (PID: 15217)
[2026-05-27 10:54:49] 💓 心跳正常 (PID: 15217)
[2026-05-27 10:55:00] 💓 心跳正常 (PID: 15217)
[2026-05-27 10:55:10] 💓 心跳正常 (PID: 15217)
[2026-05-27 10:55:20] 💓 心跳正常 (PID: 15217)
[2026-05-27 10:55:31] 💓 心跳正常 (PID: 15217)
[2026-05-27 10:55:41] 💓 心跳正常 (PID: 15217)
[2026-05-27 10:55:51] 💓 心跳正常 (PID: 15217)
[2026-05-27 10:56:01] 💓 心跳正常 (PID: 15217)
[2026-05-27 10:56:12] 💓 心跳正常 (PID: 15217)
[2026-05-27 10:56:22] 💓 心跳正常 (PID: 15217)
[2026-05-27 10:56:32] 💓 心跳正常 (PID: 15217)
[2026-05-27 10:56:43] 💓 心跳正常 (PID: 15217)
[2026-05-27 10:56:53] 💓 心跳正常 (PID: 15217)
[2026-05-27 10:57:03] 💓 心跳正常 (PID: 15217)
[2026-05-27 10:57:14] 💓 心跳正常 (PID: 15217)
[2026-05-27 10:57:24] 💓 心跳正常 (PID: 15217)
[2026-05-27 10:57:34] 💓 心跳正常 (PID: 15217)
[2026-05-27 10:57:44] 💓 心跳正常 (PID: 15217)
[2026-05-27 10:57:55] 💓 心跳正常 (PID: 15217)
[2026-05-27 10:58:05] 💓 心跳正常 (PID: 15217)
[2026-05-27 10:58:15] 💓 心跳正常 (PID: 15217)
[2026-05-27 10:58:26] 💓 心跳正常 (PID: 15217)
[2026-05-27 10:58:36] 💓 心跳正常 (PID: 15217)
[2026-05-27 10:58:46] 💓 心跳正常 (PID: 15217)
[2026-05-27 10:58:57] 💓 心跳正常 (PID: 15217)
[2026-05-27 10:59:07] 💓 心跳正常 (PID: 15217)
[2026-05-27 10:59:17] 💓 心跳正常 (PID: 15217)
[2026-05-27 10:59:27] 💓 心跳正常 (PID: 15217)
[2026-05-27 10:59:38] 💓 心跳正常 (PID: 15217)
[2026-05-27 10:59:48] 💓 心跳正常 (PID: 15217)
[2026-05-27 10:59:58] 💓 心跳正常 (PID: 15217)
[2026-05-27 11:00:08] 💓 心跳正常 (PID: 15217)
[2026-05-27 11:00:19] 💓 心跳正常 (PID: 15217)
[2026-05-27 11:00:29] 💓 心跳正常 (PID: 15217)
[2026-05-27 11:00:39] 💓 心跳正常 (PID: 15217)
[2026-05-27 11:00:49] 💓 心跳正常 (PID: 15217)
[2026-05-27 11:01:00] 💓 心跳正常 (PID: 15217)
[2026-05-27 11:01:10] 💓 心跳正常 (PID: 15217)
[2026-05-27 11:01:20] 💓 心跳正常 (PID: 15217)
[2026-05-27 11:01:30] 💓 心跳正常 (PID: 15217)
[2026-05-27 11:01:41] 💓 心跳正常 (PID: 15217)
[2026-05-27 11:01:51] 💓 心跳正常 (PID: 15217)
[2026-05-27 11:02:01] 💓 心跳正常 (PID: 15217)
[2026-05-27 11:02:11] 💓 心跳正常 (PID: 15217)
[2026-05-27 11:02:21] 💓 心跳正常 (PID: 15217)
[2026-05-27 11:02:32] 💓 心跳正常 (PID: 15217)
[2026-05-27 11:02:42] 💓 心跳正常 (PID: 15217)
[2026-05-27 11:02:52] 💓 心跳正常 (PID: 15217)
[2026-05-27 11:03:03] 💓 心跳正常 (PID: 15217)
[2026-05-27 11:03:13] 💓 心跳正常 (PID: 15217)
[2026-05-27 11:03:23] 💓 心跳正常 (PID: 15217)
[2026-05-27 11:03:34] 💓 心跳正常 (PID: 15217)
[2026-05-27 11:03:44] 💓 心跳正常 (PID: 15217)
[2026-05-27 11:03:54] 💓 心跳正常 (PID: 15217)
[2026-05-27 11:04:04] 💓 心跳正常 (PID: 15217)
[2026-05-27 11:04:15] 💓 心跳正常 (PID: 15217)
[2026-05-27 11:04:25] 💓 心跳正常 (PID: 15217)
[2026-05-27 11:04:35] 💓 心跳正常 (PID: 15217)
[2026-05-27 11:04:45] 💓 心跳正常 (PID: 15217)
[2026-05-27 11:04:56] 💓 心跳正常 (PID: 15217)
[2026-05-27 11:05:06] 💓 心跳正常 (PID: 15217)
[2026-05-27 11:05:16] 💓 心跳正常 (PID: 15217)
[2026-05-27 11:05:26] 💓 心跳正常 (PID: 15217)
[2026-05-27 11:05:37] 💓 心跳正常 (PID: 15217)
[2026-05-27 11:05:47] 💓 心跳正常 (PID: 15217)
[2026-05-27 11:05:57] 💓 心跳正常 (PID: 15217)
[2026-05-27 11:06:07] 💓 心跳正常 (PID: 15217)
[2026-05-27 11:06:18] 💓 心跳正常 (PID: 15217)
[2026-05-27 11:06:28] 💓 心跳正常 (PID: 15217)
[2026-05-27 11:06:38] 💓 心跳正常 (PID: 15217)
[2026-05-27 11:06:49] 💓 心跳正常 (PID: 15217)
[2026-05-27 11:06:59] 💓 心跳正常 (PID: 15217)
[2026-05-27 11:07:09] 💓 心跳正常 (PID: 15217)
[2026-05-27 11:07:20] 💓 心跳正常 (PID: 15217)
[2026-05-27 11:07:30] 💓 心跳正常 (PID: 15217)
[2026-05-27 11:07:40] 💓 心跳正常 (PID: 15217)
[2026-05-27 11:07:50] 💓 心跳正常 (PID: 15217)
[2026-05-27 11:08:01] 💓 心跳正常 (PID: 15217)
[2026-05-27 11:08:11] 💓 心跳正常 (PID: 15217)
[2026-05-27 11:08:21] 💓 心跳正常 (PID: 15217)
[2026-05-27 11:08:32] 💓 心跳正常 (PID: 15217)
[2026-05-27 11:08:42] 💓 心跳正常 (PID: 15217)
[2026-05-27 11:08:52] 💓 心跳正常 (PID: 15217)
[2026-05-27 11:09:02] 💓 心跳正常 (PID: 15217)
[2026-05-27 11:09:13] 💓 心跳正常 (PID: 15217)
[2026-05-27 11:09:23] 💓 心跳正常 (PID: 15217)
[2026-05-27 11:09:33] 💓 心跳正常 (PID: 15217)
[2026-05-27 11:09:44] 💓 心跳正常 (PID: 15217)
[2026-05-27 11:09:54] 💓 心跳正常 (PID: 15217)
[2026-05-27 11:10:04] 💓 心跳正常 (PID: 15217)
[2026-05-27 11:10:14] 💓 心跳正常 (PID: 15217)
[2026-05-27 11:10:25] 💓 心跳正常 (PID: 15217)
[2026-05-27 11:10:35] 💓 心跳正常 (PID: 15217)
[2026-05-27 11:10:45] 💓 心跳正常 (PID: 15217)
[2026-05-27 11:10:56] 💓 心跳正常 (PID: 15217)
[2026-05-27 11:11:06] 💓 心跳正常 (PID: 15217)
[2026-05-27 11:11:16] 💓 心跳正常 (PID: 15217)
[2026-05-27 11:11:27] 💓 心跳正常 (PID: 15217)
[2026-05-27 11:11:37] 💓 心跳正常 (PID: 15217)
[2026-05-27 11:11:47] 💓 心跳正常 (PID: 15217)
[2026-05-27 11:11:57] 💓 心跳正常 (PID: 15217)
[2026-05-27 11:12:08] 💓 心跳正常 (PID: 15217)
[2026-05-27 11:12:18] 💓 心跳正常 (PID: 15217)
[2026-05-27 11:12:28] 💓 心跳正常 (PID: 15217)
[2026-05-27 11:12:38] 💓 心跳正常 (PID: 15217)
[2026-05-27 11:12:49] 💓 心跳正常 (PID: 15217)
[2026-05-27 11:12:59] 💓 心跳正常 (PID: 15217)
[2026-05-27 11:13:09] 💓 心跳正常 (PID: 15217)
[2026-05-27 11:13:19] 💓 心跳正常 (PID: 15217)
[2026-05-27 11:13:30] 💓 心跳正常 (PID: 15217)
[2026-05-27 11:13:40] 💓 心跳正常 (PID: 15217)
[2026-05-27 11:13:51] 💓 心跳正常 (PID: 15217)
[2026-05-27 11:14:01] 💓 心跳正常 (PID: 15217)
[2026-05-27 11:14:11] 💓 心跳正常 (PID: 15217)
[2026-05-27 11:14:21] 💓 心跳正常 (PID: 15217)
[2026-05-27 11:14:32] 💓 心跳正常 (PID: 15217)
[2026-05-27 11:14:42] 💓 心跳正常 (PID: 15217)
[2026-05-27 11:14:52] 💓 心跳正常 (PID: 15217)
[2026-05-27 11:15:02] 💓 心跳正常 (PID: 15217)
[2026-05-27 11:15:13] 💓 心跳正常 (PID: 15217)
[2026-05-27 11:15:23] 💓 心跳正常 (PID: 15217)
[2026-05-27 11:15:33] 💓 心跳正常 (PID: 15217)
[2026-05-27 11:15:43] 💓 心跳正常 (PID: 15217)
[2026-05-27 11:15:54] 💓 心跳正常 (PID: 15217)
[2026-05-27 11:16:04] 💓 心跳正常 (PID: 15217)
[2026-05-27 11:16:14] 💓 心跳正常 (PID: 15217)
[2026-05-27 11:16:24] 💓 心跳正常 (PID: 15217)
[2026-05-27 11:16:35] 💓 心跳正常 (PID: 15217)
[2026-05-27 11:16:45] 💓 心跳正常 (PID: 15217)
[2026-05-27 11:16:55] 💓 心跳正常 (PID: 15217)
[2026-05-27 11:17:06] 💓 心跳正常 (PID: 15217)
[2026-05-27 11:17:16] 💓 心跳正常 (PID: 15217)
[2026-05-27 11:17:26] 💓 心跳正常 (PID: 15217)
[2026-05-27 11:17:37] 💓 心跳正常 (PID: 15217)
[2026-05-27 11:17:47] 💓 心跳正常 (PID: 15217)
[2026-05-27 11:17:57] 💓 心跳正常 (PID: 15217)
[2026-05-27 11:18:07] 💓 心跳正常 (PID: 15217)
[2026-05-27 11:18:18] 💓 心跳正常 (PID: 15217)
[2026-05-27 11:18:28] 💓 心跳正常 (PID: 15217)
[2026-05-27 11:18:38] 💓 心跳正常 (PID: 15217)
[2026-05-27 11:18:48] 💓 心跳正常 (PID: 15217)
[2026-05-27 11:18:59] 💓 心跳正常 (PID: 15217)
[2026-05-27 11:19:09] 💓 心跳正常 (PID: 15217)
[2026-05-27 11:19:19] 💓 心跳正常 (PID: 15217)
[2026-05-27 11:19:30] 💓 心跳正常 (PID: 15217)
[2026-05-27 11:19:40] 💓 心跳正常 (PID: 15217)
[2026-05-27 11:19:50] 💓 心跳正常 (PID: 15217)
[2026-05-27 11:20:00] 💓 心跳正常 (PID: 15217)
[2026-05-27 11:20:11] 💓 心跳正常 (PID: 15217)
[2026-05-27 11:20:21] 💓 心跳正常 (PID: 15217)
[2026-05-27 11:20:31] 💓 心跳正常 (PID: 15217)
[2026-05-27 11:20:42] 💓 心跳正常 (PID: 15217)
[2026-05-27 11:20:52] 💓 心跳正常 (PID: 15217)
[2026-05-27 11:21:02] 💓 心跳正常 (PID: 15217)
[2026-05-27 11:21:13] 💓 心跳正常 (PID: 15217)
[2026-05-27 11:21:23] 💓 心跳正常 (PID: 15217)
[2026-05-27 11:21:33] 💓 心跳正常 (PID: 15217)
[2026-05-27 11:21:43] 💓 心跳正常 (PID: 15217)
[2026-05-27 11:21:54] 💓 心跳正常 (PID: 15217)
[2026-05-27 11:22:04] 💓 心跳正常 (PID: 15217)
[2026-05-27 11:22:14] 💓 心跳正常 (PID: 15217)
[2026-05-27 11:22:25] 💓 心跳正常 (PID: 15217)
[2026-05-27 11:22:35] 💓 心跳正常 (PID: 15217)
[2026-05-27 11:22:45] 💓 心跳正常 (PID: 15217)
[2026-05-27 11:22:56] 💓 心跳正常 (PID: 15217)
[2026-05-27 11:23:06] 💓 心跳正常 (PID: 15217)
[2026-05-27 11:23:16] 💓 心跳正常 (PID: 15217)
[2026-05-27 11:23:26] 💓 心跳正常 (PID: 15217)
[2026-05-27 11:23:37] 💓 心跳正常 (PID: 15217)
[2026-05-27 11:23:47] 💓 心跳正常 (PID: 15217)
[2026-05-27 11:23:57] 💓 心跳正常 (PID: 15217)
[2026-05-27 11:24:08] 💓 心跳正常 (PID: 15217)
[2026-05-27 11:24:18] 💓 心跳正常 (PID: 15217)
[2026-05-27 11:24:28] 💓 心跳正常 (PID: 15217)
[2026-05-27 11:24:38] 💓 心跳正常 (PID: 15217)
[2026-05-27 11:24:49] 💓 心跳正常 (PID: 15217)
[2026-05-27 11:24:59] 💓 心跳正常 (PID: 15217)
[2026-05-27 11:25:09] 💓 心跳正常 (PID: 15217)
[2026-05-27 11:25:19] 💓 心跳正常 (PID: 15217)
[2026-05-27 11:25:30] 💓 心跳正常 (PID: 15217)
[2026-05-27 11:25:40] 💓 心跳正常 (PID: 15217)
[2026-05-27 11:25:50] 💓 心跳正常 (PID: 15217)
[2026-05-27 11:26:01] 💓 心跳正常 (PID: 15217)
[2026-05-27 11:26:11] 💓 心跳正常 (PID: 15217)
[2026-05-27 11:26:21] 💓 心跳正常 (PID: 15217)
[2026-05-27 11:26:32] 💓 心跳正常 (PID: 15217)
[2026-05-27 11:26:42] 💓 心跳正常 (PID: 15217)
[2026-05-27 11:26:52] 💓 心跳正常 (PID: 15217)
[2026-05-27 11:27:02] 💓 心跳正常 (PID: 15217)
[2026-05-27 11:27:13] 💓 心跳正常 (PID: 15217)
[2026-05-27 11:27:23] 💓 心跳正常 (PID: 15217)
[2026-05-27 11:27:33] 💓 心跳正常 (PID: 15217)
[2026-05-27 11:27:43] 💓 心跳正常 (PID: 15217)
[2026-05-27 11:27:54] 💓 心跳正常 (PID: 15217)
[2026-05-27 11:28:04] 💓 心跳正常 (PID: 15217)
[2026-05-27 11:28:14] 💓 心跳正常 (PID: 15217)
[2026-05-27 11:28:25] 💓 心跳正常 (PID: 15217)
[2026-05-27 11:28:35] 💓 心跳正常 (PID: 15217)
[2026-05-27 11:28:45] 💓 心跳正常 (PID: 15217)
[2026-05-27 11:28:56] 💓 心跳正常 (PID: 15217)
[2026-05-27 11:29:06] 💓 心跳正常 (PID: 15217)
[2026-05-27 11:29:16] 💓 心跳正常 (PID: 15217)
[2026-05-27 11:29:26] 💓 心跳正常 (PID: 15217)
[2026-05-27 11:29:37] 💓 心跳正常 (PID: 15217)
[2026-05-27 11:29:47] 💓 心跳正常 (PID: 15217)
[2026-05-27 11:29:57] 💓 心跳正常 (PID: 15217)
[2026-05-27 11:30:08] 💓 心跳正常 (PID: 15217)
[2026-05-27 11:30:18] 💓 心跳正常 (PID: 15217)
[2026-05-27 11:30:28] 💓 心跳正常 (PID: 15217)
[2026-05-27 11:30:38] 💓 心跳正常 (PID: 15217)
[2026-05-27 11:30:49] 💓 心跳正常 (PID: 15217)
[2026-05-27 11:30:59] 💓 心跳正常 (PID: 15217)
[2026-05-27 11:31:09] 💓 心跳正常 (PID: 15217)
[2026-05-27 11:31:20] 💓 心跳正常 (PID: 15217)
[2026-05-27 11:31:30] 💓 心跳正常 (PID: 15217)
[2026-05-27 11:31:40] 💓 心跳正常 (PID: 15217)
[2026-05-27 11:31:51] 💓 心跳正常 (PID: 15217)
[2026-05-27 11:32:01] 💓 心跳正常 (PID: 15217)
[2026-05-27 11:32:12] 💓 心跳正常 (PID: 15217)
[2026-05-27 11:32:22] 💓 心跳正常 (PID: 15217)
[2026-05-27 11:32:32] 💓 心跳正常 (PID: 15217)
[2026-05-27 11:32:43] 💓 心跳正常 (PID: 15217)
[2026-05-27 11:32:53] 💓 心跳正常 (PID: 15217)
[2026-05-27 11:33:03] 💓 心跳正常 (PID: 15217)
[2026-05-27 11:33:13] 💓 心跳正常 (PID: 15217)
[2026-05-27 11:33:24] 💓 心跳正常 (PID: 15217)
[2026-05-27 11:33:34] 💓 心跳正常 (PID: 15217)
[2026-05-27 11:33:44] 💓 心跳正常 (PID: 15217)
[2026-05-27 11:33:55] 💓 心跳正常 (PID: 15217)
[2026-05-27 11:34:05] 💓 心跳正常 (PID: 15217)
[2026-05-27 11:34:15] 💓 心跳正常 (PID: 15217)
[2026-05-27 11:34:26] 💓 心跳正常 (PID: 15217)
[2026-05-27 11:34:36] 💓 心跳正常 (PID: 15217)
[2026-05-27 11:34:46] 💓 心跳正常 (PID: 15217)
[2026-05-27 11:34:57] 💓 心跳正常 (PID: 15217)
[2026-05-27 11:35:07] 💓 心跳正常 (PID: 15217)
[2026-05-27 11:35:17] 💓 心跳正常 (PID: 15217)
[2026-05-27 11:35:27] 💓 心跳正常 (PID: 15217)
[2026-05-27 11:35:38] 💓 心跳正常 (PID: 15217)
[2026-05-27 11:35:48] 💓 心跳正常 (PID: 15217)
[2026-05-27 11:35:59] 💓 心跳正常 (PID: 15217)
[2026-05-27 11:36:09] 💓 心跳正常 (PID: 15217)
[2026-05-27 11:36:19] 💓 心跳正常 (PID: 15217)
[2026-05-27 11:36:29] 💓 心跳正常 (PID: 15217)
[2026-05-27 11:36:40] 💓 心跳正常 (PID: 15217)
[2026-05-27 11:36:50] 💓 心跳正常 (PID: 15217)
[2026-05-27 11:37:00] 💓 心跳正常 (PID: 15217)
[2026-05-27 11:37:11] 💓 心跳正常 (PID: 15217)
[2026-05-27 11:37:21] 💓 心跳正常 (PID: 15217)
[2026-05-27 11:37:31] 💓 心跳正常 (PID: 15217)
[2026-05-27 11:37:41] 💓 心跳正常 (PID: 15217)
[2026-05-27 11:37:52] 💓 心跳正常 (PID: 15217)
[2026-05-27 11:38:02] 💓 心跳正常 (PID: 15217)
[2026-05-27 11:38:12] 💓 心跳正常 (PID: 15217)
[2026-05-27 11:38:23] 💓 心跳正常 (PID: 15217)
[2026-05-27 11:38:33] 💓 心跳正常 (PID: 15217)
[2026-05-27 11:38:43] 💓 心跳正常 (PID: 15217)
[2026-05-27 11:38:54] 💓 心跳正常 (PID: 15217)
[2026-05-27 11:39:04] 💓 心跳正常 (PID: 15217)
[2026-05-27 11:39:14] 💓 心跳正常 (PID: 15217)
[2026-05-27 11:39:24] 💓 心跳正常 (PID: 15217)
[2026-05-27 11:39:35] 💓 心跳正常 (PID: 15217)
[2026-05-27 11:39:45] 💓 心跳正常 (PID: 15217)
[2026-05-27 11:39:55] 💓 心跳正常 (PID: 15217)
[2026-05-27 11:40:05] 💓 心跳正常 (PID: 15217)
[2026-05-27 11:40:16] 💓 心跳正常 (PID: 15217)
[2026-05-27 11:40:26] 💓 心跳正常 (PID: 15217)
[2026-05-27 11:40:36] 💓 心跳正常 (PID: 15217)
[2026-05-27 11:40:46] 💓 心跳正常 (PID: 15217)
[2026-05-27 11:40:57] 💓 心跳正常 (PID: 15217)
[2026-05-27 11:41:07] 💓 心跳正常 (PID: 15217)
[2026-05-27 11:41:17] 💓 心跳正常 (PID: 15217)
[2026-05-27 11:41:28] 💓 心跳正常 (PID: 15217)
[2026-05-27 11:41:38] 💓 心跳正常 (PID: 15217)
[2026-05-27 11:41:48] 💓 心跳正常 (PID: 15217)
[2026-05-27 11:41:58] 💓 心跳正常 (PID: 15217)
[2026-05-27 11:42:08] 💓 心跳正常 (PID: 15217)
[2026-05-27 11:42:19] 💓 心跳正常 (PID: 15217)
[2026-05-27 11:42:29] 💓 心跳正常 (PID: 15217)
[2026-05-27 11:42:39] 💓 心跳正常 (PID: 15217)
[2026-05-27 11:42:49] 💓 心跳正常 (PID: 15217)
[2026-05-27 11:43:00] 💓 心跳正常 (PID: 15217)
[2026-05-27 11:43:10] 💓 心跳正常 (PID: 15217)
[2026-05-27 11:43:20] 💓 心跳正常 (PID: 15217)
[2026-05-27 11:43:30] 📁 交易日志 /root/.openclaw/logs/trading/monitor.log (6.2MB)，>10MB 时自动归档至 logs/trading/archive/
[2026-05-27 11:43:30] 💓 心跳正常 (PID: 15217)
[2026-05-27 11:43:41] 💓 心跳正常 (PID: 15217)
[2026-05-27 11:43:51] 💓 心跳正常 (PID: 15217)
[2026-05-27 11:44:01] 💓 心跳正常 (PID: 15217)
[2026-05-27 11:44:11] 💓 心跳正常 (PID: 15217)
[2026-05-27 11:44:22] 💓 心跳正常 (PID: 15217)
[2026-05-27 11:44:32] 💓 心跳正常 (PID: 15217)
[2026-05-27 11:44:42] 💓 心跳正常 (PID: 15217)
[2026-05-27 11:44:52] 💓 心跳正常 (PID: 15217)
[2026-05-27 11:45:03] 💓 心跳正常 (PID: 15217)
[2026-05-27 11:45:13] 💓 心跳正常 (PID: 15217)
[2026-05-27 11:45:23] 💓 心跳正常 (PID: 15217)
[2026-05-27 11:45:34] 💓 心跳正常 (PID: 15217)
[2026-05-27 11:45:44] 💓 心跳正常 (PID: 15217)
[2026-05-27 11:45:54] 💓 心跳正常 (PID: 15217)
[2026-05-27 11:46:04] 💓 心跳正常 (PID: 15217)
[2026-05-27 11:46:14] 💓 心跳正常 (PID: 15217)
[2026-05-27 11:46:25] 💓 心跳正常 (PID: 15217)
[2026-05-27 11:46:35] 💓 心跳正常 (PID: 15217)
[2026-05-27 11:46:45] 💓 心跳正常 (PID: 15217)
[2026-05-27 11:46:55] 💓 心跳正常 (PID: 15217)
[2026-05-27 11:47:05] 💓 心跳正常 (PID: 15217)
[2026-05-27 11:47:15] 💓 心跳正常 (PID: 15217)
[2026-05-27 11:47:26] 💓 心跳正常 (PID: 15217)
[2026-05-27 11:47:36] 💓 心跳正常 (PID: 15217)
[2026-05-27 11:47:46] 💓 心跳正常 (PID: 15217)
[2026-05-27 11:47:57] 💓 心跳正常 (PID: 15217)
[2026-05-27 11:48:07] 💓 心跳正常 (PID: 15217)
[2026-05-27 11:48:17] 💓 心跳正常 (PID: 15217)
[2026-05-27 11:48:27] 💓 心跳正常 (PID: 15217)
[2026-05-27 11:48:38] 💓 心跳正常 (PID: 15217)
[2026-05-27 11:48:48] 💓 心跳正常 (PID: 15217)
[2026-05-27 11:48:58] 💓 心跳正常 (PID: 15217)
[2026-05-27 11:49:08] 💓 心跳正常 (PID: 15217)
[2026-05-27 11:49:19] 💓 心跳正常 (PID: 15217)
[2026-05-27 11:49:33] 💓 心跳正常 (PID: 15217)
[2026-05-27 11:49:43] 💓 心跳正常 (PID: 15217)
[2026-05-27 11:49:53] 💓 心跳正常 (PID: 15217)
[2026-05-27 11:50:04] 💓 心跳正常 (PID: 15217)
[2026-05-27 11:50:14] 💓 心跳正常 (PID: 15217)
[2026-05-27 11:50:24] 💓 心跳正常 (PID: 15217)
[2026-05-27 11:50:34] 💓 心跳正常 (PID: 15217)
[2026-05-27 11:50:44] 💓 心跳正常 (PID: 15217)
[2026-05-27 11:50:55] 💓 心跳正常 (PID: 15217)
[2026-05-27 11:51:05] 💓 心跳正常 (PID: 15217)
[2026-05-27 11:51:15] 💓 心跳正常 (PID: 15217)
[2026-05-27 11:51:25] 💓 心跳正常 (PID: 15217)
[2026-05-27 11:51:35] 💓 心跳正常 (PID: 15217)
[2026-05-27 11:51:46] 💓 心跳正常 (PID: 15217)
[2026-05-27 11:51:56] 💓 心跳正常 (PID: 15217)
[2026-05-27 11:52:06] 💓 心跳正常 (PID: 15217)
[2026-05-27 11:52:17] 💓 心跳正常 (PID: 15217)
[2026-05-27 11:52:27] 💓 心跳正常 (PID: 15217)
[2026-05-27 11:52:37] 💓 心跳正常 (PID: 15217)
[2026-05-27 11:52:47] 💓 心跳正常 (PID: 15217)
[2026-05-27 11:52:58] 💓 心跳正常 (PID: 15217)
[2026-05-27 11:53:08] 💓 心跳正常 (PID: 15217)
[2026-05-27 11:53:18] 💓 心跳正常 (PID: 15217)
[2026-05-27 11:53:28] 💓 心跳正常 (PID: 15217)
[2026-05-27 11:53:38] 💓 心跳正常 (PID: 15217)
[2026-05-27 11:53:49] 💓 心跳正常 (PID: 15217)
[2026-05-27 11:53:59] 💓 心跳正常 (PID: 15217)
[2026-05-27 11:54:09] 💓 心跳正常 (PID: 15217)
[2026-05-27 11:54:19] 💓 心跳正常 (PID: 15217)
[2026-05-27 11:54:30] 💓 心跳正常 (PID: 15217)
[2026-05-27 11:54:40] 💓 心跳正常 (PID: 15217)
[2026-05-27 11:54:50] 💓 心跳正常 (PID: 15217)
[2026-05-27 11:55:00] 💓 心跳正常 (PID: 15217)
[2026-05-27 11:55:11] 💓 心跳正常 (PID: 15217)
[2026-05-27 11:55:21] 💓 心跳正常 (PID: 15217)
[2026-05-27 11:55:31] 💓 心跳正常 (PID: 15217)
[2026-05-27 11:55:41] 💓 心跳正常 (PID: 15217)
[2026-05-27 11:55:52] 💓 心跳正常 (PID: 15217)
[2026-05-27 11:56:02] 💓 心跳正常 (PID: 15217)
[2026-05-27 11:56:12] 💓 心跳正常 (PID: 15217)
[2026-05-27 11:56:22] 💓 心跳正常 (PID: 15217)
[2026-05-27 11:56:32] 💓 心跳正常 (PID: 15217)
[2026-05-27 11:56:43] 💓 心跳正常 (PID: 15217)
[2026-05-27 11:56:53] 💓 心跳正常 (PID: 15217)
[2026-05-27 11:57:03] 💓 心跳正常 (PID: 15217)
[2026-05-27 11:57:14] 💓 心跳正常 (PID: 15217)
[2026-05-27 11:57:24] 💓 心跳正常 (PID: 15217)
[2026-05-27 11:57:34] 💓 心跳正常 (PID: 15217)
[2026-05-27 11:57:44] 💓 心跳正常 (PID: 15217)
[2026-05-27 11:57:54] 💓 心跳正常 (PID: 15217)
[2026-05-27 11:58:05] 💓 心跳正常 (PID: 15217)
[2026-05-27 11:58:15] 💓 心跳正常 (PID: 15217)
[2026-05-27 11:58:25] 💓 心跳正常 (PID: 15217)
[2026-05-27 11:58:35] 💓 心跳正常 (PID: 15217)
[2026-05-27 11:58:46] 💓 心跳正常 (PID: 15217)
[2026-05-27 11:58:56] 💓 心跳正常 (PID: 15217)
[2026-05-27 11:59:06] 💓 心跳正常 (PID: 15217)
[2026-05-27 11:59:16] 💓 心跳正常 (PID: 15217)
[2026-05-27 11:59:27] 💓 心跳正常 (PID: 15217)
[2026-05-27 11:59:37] 💓 心跳正常 (PID: 15217)
[2026-05-27 11:59:47] 💓 心跳正常 (PID: 15217)
[2026-05-27 11:59:58] 💓 心跳正常 (PID: 15217)
[2026-05-27 12:00:08] 💓 心跳正常 (PID: 15217)
[2026-05-27 12:00:18] 💓 心跳正常 (PID: 15217)
[2026-05-27 12:00:28] 💓 心跳正常 (PID: 15217)
[2026-05-27 12:00:39] 💓 心跳正常 (PID: 15217)
[2026-05-27 12:00:49] 💓 心跳正常 (PID: 15217)
[2026-05-27 12:00:59] 💓 心跳正常 (PID: 15217)
[2026-05-27 12:01:10] 💓 心跳正常 (PID: 15217)
[2026-05-27 12:01:20] 💓 心跳正常 (PID: 15217)
[2026-05-27 12:01:30] 💓 心跳正常 (PID: 15217)
[2026-05-27 12:01:40] 💓 心跳正常 (PID: 15217)
[2026-05-27 12:01:51] 💓 心跳正常 (PID: 15217)
[2026-05-27 12:02:01] 💓 心跳正常 (PID: 15217)
[2026-05-27 12:02:11] 💓 心跳正常 (PID: 15217)
[2026-05-27 12:02:22] 💓 心跳正常 (PID: 15217)
[2026-05-27 12:02:32] 💓 心跳正常 (PID: 15217)
[2026-05-27 12:02:42] 💓 心跳正常 (PID: 15217)
[2026-05-27 12:02:53] 💓 心跳正常 (PID: 15217)
[2026-05-27 12:03:03] 💓 心跳正常 (PID: 15217)
[2026-05-27 12:03:13] 💓 心跳正常 (PID: 15217)
[2026-05-27 12:03:23] 💓 心跳正常 (PID: 15217)
[2026-05-27 12:03:33] 💓 心跳正常 (PID: 15217)
[2026-05-27 12:03:44] 💓 心跳正常 (PID: 15217)
[2026-05-27 12:03:54] 💓 心跳正常 (PID: 15217)
[2026-05-27 12:04:04] 💓 心跳正常 (PID: 15217)
[2026-05-27 12:04:14] 💓 心跳正常 (PID: 15217)
[2026-05-27 12:04:24] 💓 心跳正常 (PID: 15217)
[2026-05-27 12:04:35] 💓 心跳正常 (PID: 15217)
[2026-05-27 12:04:45] 💓 心跳正常 (PID: 15217)
[2026-05-27 12:04:55] 💓 心跳正常 (PID: 15217)
[2026-05-27 12:05:05] 💓 心跳正常 (PID: 15217)
[2026-05-27 12:05:15] 💓 心跳正常 (PID: 15217)
[2026-05-27 12:05:26] 💓 心跳正常 (PID: 15217)
[2026-05-27 12:05:36] 💓 心跳正常 (PID: 15217)
[2026-05-27 12:05:46] 💓 心跳正常 (PID: 15217)
[2026-05-27 12:05:56] 💓 心跳正常 (PID: 15217)
[2026-05-27 12:06:07] 💓 心跳正常 (PID: 15217)
[2026-05-27 12:06:17] 💓 心跳正常 (PID: 15217)
[2026-05-27 12:06:27] 💓 心跳正常 (PID: 15217)
[2026-05-27 12:06:37] 💓 心跳正常 (PID: 15217)
[2026-05-27 12:06:48] 💓 心跳正常 (PID: 15217)
[2026-05-27 12:06:58] 💓 心跳正常 (PID: 15217)
[2026-05-27 12:07:08] 💓 心跳正常 (PID: 15217)
[2026-05-27 12:07:18] 💓 心跳正常 (PID: 15217)
[2026-05-27 12:07:29] 💓 心跳正常 (PID: 15217)
[2026-05-27 12:07:39] 💓 心跳正常 (PID: 15217)
[2026-05-27 12:07:49] 💓 心跳正常 (PID: 15217)
[2026-05-27 12:07:59] 💓 心跳正常 (PID: 15217)
[2026-05-27 12:08:10] 💓 心跳正常 (PID: 15217)
[2026-05-27 12:08:20] 💓 心跳正常 (PID: 15217)
[2026-05-27 12:08:30] 💓 心跳正常 (PID: 15217)
[2026-05-27 12:08:41] 💓 心跳正常 (PID: 15217)
[2026-05-27 12:08:51] 💓 心跳正常 (PID: 15217)
[2026-05-27 12:09:01] 💓 心跳正常 (PID: 15217)
[2026-05-27 12:09:11] 💓 心跳正常 (PID: 15217)
[2026-05-27 12:09:21] 💓 心跳正常 (PID: 15217)
[2026-05-27 12:09:31] 💓 心跳正常 (PID: 15217)
[2026-05-27 12:09:42] 💓 心跳正常 (PID: 15217)
[2026-05-27 12:09:52] 💓 心跳正常 (PID: 15217)
[2026-05-27 12:10:02] 💓 心跳正常 (PID: 15217)
[2026-05-27 12:10:13] 💓 心跳正常 (PID: 15217)
[2026-05-27 12:10:23] 💓 心跳正常 (PID: 15217)
[2026-05-27 12:10:34] 💓 心跳正常 (PID: 15217)
[2026-05-27 12:10:44] 💓 心跳正常 (PID: 15217)
[2026-05-27 12:10:54] 💓 心跳正常 (PID: 15217)
[2026-05-27 12:11:05] 💓 心跳正常 (PID: 15217)
[2026-05-27 12:11:15] 💓 心跳正常 (PID: 15217)
[2026-05-27 12:11:25] 💓 心跳正常 (PID: 15217)
[2026-05-27 12:11:35] 💓 心跳正常 (PID: 15217)
[2026-05-27 12:11:46] 💓 心跳正常 (PID: 15217)
[2026-05-27 12:11:56] 💓 心跳正常 (PID: 15217)
[2026-05-27 12:12:06] 💓 心跳正常 (PID: 15217)
[2026-05-27 12:12:17] 💓 心跳正常 (PID: 15217)
[2026-05-27 12:12:27] 💓 心跳正常 (PID: 15217)
[2026-05-27 12:12:37] 💓 心跳正常 (PID: 15217)
[2026-05-27 12:12:48] 💓 心跳正常 (PID: 15217)
[2026-05-27 12:12:58] 💓 心跳正常 (PID: 15217)
[2026-05-27 12:13:08] 💓 心跳正常 (PID: 15217)
[2026-05-27 12:13:18] 💓 心跳正常 (PID: 15217)
[2026-05-27 12:13:29] 💓 心跳正常 (PID: 15217)
[2026-05-27 12:13:39] 💓 心跳正常 (PID: 15217)
[2026-05-27 12:13:49] 💓 心跳正常 (PID: 15217)
[2026-05-27 12:13:59] 💓 心跳正常 (PID: 15217)
[2026-05-27 12:14:10] 💓 心跳正常 (PID: 15217)
[2026-05-27 12:14:20] 💓 心跳正常 (PID: 15217)
[2026-05-27 12:14:30] 💓 心跳正常 (PID: 15217)
[2026-05-27 12:14:40] 💓 心跳正常 (PID: 15217)
[2026-05-27 12:14:51] 💓 心跳正常 (PID: 15217)
[2026-05-27 12:15:01] 💓 心跳正常 (PID: 15217)
[2026-05-27 12:15:11] 💓 心跳正常 (PID: 15217)
[2026-05-27 12:15:21] 💓 心跳正常 (PID: 15217)
[2026-05-27 12:15:32] 💓 心跳正常 (PID: 15217)
[2026-05-27 12:15:42] 💓 心跳正常 (PID: 15217)
[2026-05-27 12:15:52] 💓 心跳正常 (PID: 15217)
[2026-05-27 12:16:02] 💓 心跳正常 (PID: 15217)
[2026-05-27 12:16:13] 💓 心跳正常 (PID: 15217)
[2026-05-27 12:16:23] 💓 心跳正常 (PID: 15217)
[2026-05-27 12:16:33] 💓 心跳正常 (PID: 15217)
[2026-05-27 12:16:44] 💓 心跳正常 (PID: 15217)
[2026-05-27 12:16:54] 💓 心跳正常 (PID: 15217)
[2026-05-27 12:17:04] 💓 心跳正常 (PID: 15217)
[2026-05-27 12:17:14] 💓 心跳正常 (PID: 15217)
[2026-05-27 12:17:25] 💓 心跳正常 (PID: 15217)
[2026-05-27 12:17:35] 💓 心跳正常 (PID: 15217)
[2026-05-27 12:17:45] 💓 心跳正常 (PID: 15217)
[2026-05-27 12:17:56] 💓 心跳正常 (PID: 15217)
[2026-05-27 12:18:06] 💓 心跳正常 (PID: 15217)
[2026-05-27 12:18:16] 💓 心跳正常 (PID: 15217)
[2026-05-27 12:18:26] 💓 心跳正常 (PID: 15217)
[2026-05-27 12:18:36] 💓 心跳正常 (PID: 15217)
[2026-05-27 12:18:47] 💓 心跳正常 (PID: 15217)
[2026-05-27 12:18:57] 💓 心跳正常 (PID: 15217)
[2026-05-27 12:19:07] 💓 心跳正常 (PID: 15217)
[2026-05-27 12:19:18] 💓 心跳正常 (PID: 15217)
[2026-05-27 12:19:28] 💓 心跳正常 (PID: 15217)
[2026-05-27 12:19:38] 💓 心跳正常 (PID: 15217)
[2026-05-27 12:19:49] 💓 心跳正常 (PID: 15217)
[2026-05-27 12:19:59] 💓 心跳正常 (PID: 15217)
[2026-05-27 12:20:09] 💓 心跳正常 (PID: 15217)
[2026-05-27 12:20:19] 💓 心跳正常 (PID: 15217)
[2026-05-27 12:20:30] 💓 心跳正常 (PID: 15217)
[2026-05-27 12:20:40] 💓 心跳正常 (PID: 15217)
[2026-05-27 12:20:50] 💓 心跳正常 (PID: 15217)
[2026-05-27 12:21:00] 💓 心跳正常 (PID: 15217)
[2026-05-27 12:21:11] 💓 心跳正常 (PID: 15217)
[2026-05-27 12:21:21] 💓 心跳正常 (PID: 15217)
[2026-05-27 12:21:31] 💓 心跳正常 (PID: 15217)
[2026-05-27 12:21:42] 💓 心跳正常 (PID: 15217)
[2026-05-27 12:21:52] 💓 心跳正常 (PID: 15217)
[2026-05-27 12:22:02] 💓 心跳正常 (PID: 15217)
[2026-05-27 12:22:13] 💓 心跳正常 (PID: 15217)
[2026-05-27 12:22:23] 💓 心跳正常 (PID: 15217)
[2026-05-27 12:22:33] 💓 心跳正常 (PID: 15217)
[2026-05-27 12:22:43] 💓 心跳正常 (PID: 15217)
[2026-05-27 12:22:54] 💓 心跳正常 (PID: 15217)
[2026-05-27 12:23:04] 💓 心跳正常 (PID: 15217)
[2026-05-27 12:23:14] 💓 心跳正常 (PID: 15217)
[2026-05-27 12:23:24] 💓 心跳正常 (PID: 15217)
[2026-05-27 12:23:35] 💓 心跳正常 (PID: 15217)
[2026-05-27 12:23:45] 💓 心跳正常 (PID: 15217)
[2026-05-27 12:23:55] 💓 心跳正常 (PID: 15217)
[2026-05-27 12:24:06] 💓 心跳正常 (PID: 15217)
[2026-05-27 12:24:16] 💓 心跳正常 (PID: 15217)
[2026-05-27 12:24:26] 💓 心跳正常 (PID: 15217)
[2026-05-27 12:24:37] 💓 心跳正常 (PID: 15217)
[2026-05-27 12:24:47] 💓 心跳正常 (PID: 15217)
[2026-05-27 12:24:57] 💓 心跳正常 (PID: 15217)
[2026-05-27 12:25:07] 💓 心跳正常 (PID: 15217)
[2026-05-27 12:25:18] 💓 心跳正常 (PID: 15217)
[2026-05-27 12:25:28] 💓 心跳正常 (PID: 15217)
[2026-05-27 12:25:38] 💓 心跳正常 (PID: 15217)
[2026-05-27 12:25:48] 💓 心跳正常 (PID: 15217)
[2026-05-27 12:25:59] 💓 心跳正常 (PID: 15217)
[2026-05-27 12:26:09] 💓 心跳正常 (PID: 15217)
[2026-05-27 12:26:19] 💓 心跳正常 (PID: 15217)
[2026-05-27 12:26:29] 💓 心跳正常 (PID: 15217)
[2026-05-27 12:26:39] 💓 心跳正常 (PID: 15217)
[2026-05-27 12:26:50] 💓 心跳正常 (PID: 15217)
[2026-05-27 12:27:00] 💓 心跳正常 (PID: 15217)
[2026-05-27 12:27:11] 💓 心跳正常 (PID: 15217)
[2026-05-27 12:27:21] 💓 心跳正常 (PID: 15217)
[2026-05-27 12:27:31] 💓 心跳正常 (PID: 15217)
[2026-05-27 12:27:41] 💓 心跳正常 (PID: 15217)
[2026-05-27 12:27:52] 💓 心跳正常 (PID: 15217)
[2026-05-27 12:28:02] 💓 心跳正常 (PID: 15217)
[2026-05-27 12:28:12] 💓 心跳正常 (PID: 15217)
[2026-05-27 12:28:23] 💓 心跳正常 (PID: 15217)
[2026-05-27 12:28:33] 💓 心跳正常 (PID: 15217)
[2026-05-27 12:28:43] 💓 心跳正常 (PID: 15217)
[2026-05-27 12:28:53] 💓 心跳正常 (PID: 15217)
[2026-05-27 12:29:04] 💓 心跳正常 (PID: 15217)
[2026-05-27 12:29:14] 💓 心跳正常 (PID: 15217)
[2026-05-27 12:29:24] 💓 心跳正常 (PID: 15217)
[2026-05-27 12:29:35] 💓 心跳正常 (PID: 15217)
[2026-05-27 12:29:45] 💓 心跳正常 (PID: 15217)
[2026-05-27 12:29:55] 💓 心跳正常 (PID: 15217)
[2026-05-27 12:30:05] 💓 心跳正常 (PID: 15217)
[2026-05-27 12:30:16] 💓 心跳正常 (PID: 15217)
[2026-05-27 12:30:26] 💓 心跳正常 (PID: 15217)
[2026-05-27 12:30:36] 💓 心跳正常 (PID: 15217)
[2026-05-27 12:30:46] 💓 心跳正常 (PID: 15217)
[2026-05-27 12:30:57] 💓 心跳正常 (PID: 15217)
[2026-05-27 12:31:07] 💓 心跳正常 (PID: 15217)
[2026-05-27 12:31:17] 💓 心跳正常 (PID: 15217)
[2026-05-27 12:31:27] 💓 心跳正常 (PID: 15217)
[2026-05-27 12:31:38] 💓 心跳正常 (PID: 15217)
[2026-05-27 12:31:48] 💓 心跳正常 (PID: 15217)
[2026-05-27 12:31:58] 💓 心跳正常 (PID: 15217)
[2026-05-27 12:32:08] 💓 心跳正常 (PID: 15217)
[2026-05-27 12:32:19] 💓 心跳正常 (PID: 15217)
[2026-05-27 12:32:29] 💓 心跳正常 (PID: 15217)
[2026-05-27 12:32:39] 💓 心跳正常 (PID: 15217)
[2026-05-27 12:32:49] 💓 心跳正常 (PID: 15217)
[2026-05-27 12:33:00] 💓 心跳正常 (PID: 15217)
[2026-05-27 12:33:10] 💓 心跳正常 (PID: 15217)
[2026-05-27 12:33:20] 💓 心跳正常 (PID: 15217)
[2026-05-27 12:33:30] 💓 心跳正常 (PID: 15217)
[2026-05-27 12:33:41] 💓 心跳正常 (PID: 15217)
[2026-05-27 12:33:51] 💓 心跳正常 (PID: 15217)
[2026-05-27 12:34:01] 💓 心跳正常 (PID: 15217)
[2026-05-27 12:34:12] 💓 心跳正常 (PID: 15217)
[2026-05-27 12:34:22] 💓 心跳正常 (PID: 15217)
[2026-05-27 12:34:32] 💓 心跳正常 (PID: 15217)
[2026-05-27 12:34:43] 💓 心跳正常 (PID: 15217)
[2026-05-27 12:34:53] 💓 心跳正常 (PID: 15217)
[2026-05-27 12:35:03] 💓 心跳正常 (PID: 15217)
[2026-05-27 12:35:13] 💓 心跳正常 (PID: 15217)
[2026-05-27 12:35:24] 💓 心跳正常 (PID: 15217)
[2026-05-27 12:35:34] 💓 心跳正常 (PID: 15217)
[2026-05-27 12:35:44] 💓 心跳正常 (PID: 15217)
[2026-05-27 12:35:55] 💓 心跳正常 (PID: 15217)
[2026-05-27 12:36:05] 💓 心跳正常 (PID: 15217)
[2026-05-27 12:36:15] 💓 心跳正常 (PID: 15217)
[2026-05-27 12:36:25] 💓 心跳正常 (PID: 15217)
[2026-05-27 12:36:36] 💓 心跳正常 (PID: 15217)
[2026-05-27 12:36:46] 💓 心跳正常 (PID: 15217)
[2026-05-27 12:36:56] 💓 心跳正常 (PID: 15217)
[2026-05-27 12:37:06] 💓 心跳正常 (PID: 15217)
[2026-05-27 12:37:16] 💓 心跳正常 (PID: 15217)
[2026-05-27 12:37:27] 💓 心跳正常 (PID: 15217)
[2026-05-27 12:37:37] 💓 心跳正常 (PID: 15217)
[2026-05-27 12:37:47] 💓 心跳正常 (PID: 15217)
[2026-05-27 12:37:58] 💓 心跳正常 (PID: 15217)
[2026-05-27 12:38:08] 💓 心跳正常 (PID: 15217)
[2026-05-27 12:38:18] 💓 心跳正常 (PID: 15217)
[2026-05-27 12:38:28] 💓 心跳正常 (PID: 15217)
[2026-05-27 12:38:38] 💓 心跳正常 (PID: 15217)
[2026-05-27 12:38:49] 💓 心跳正常 (PID: 15217)
[2026-05-27 12:38:59] 💓 心跳正常 (PID: 15217)
[2026-05-27 12:39:09] 💓 心跳正常 (PID: 15217)
[2026-05-27 12:39:20] 💓 心跳正常 (PID: 15217)
[2026-05-27 12:39:30] 💓 心跳正常 (PID: 15217)
[2026-05-27 12:39:40] 💓 心跳正常 (PID: 15217)
[2026-05-27 12:39:50] 💓 心跳正常 (PID: 15217)
[2026-05-27 12:40:00] 💓 心跳正常 (PID: 15217)
[2026-05-27 12:40:11] 💓 心跳正常 (PID: 15217)
[2026-05-27 12:40:21] 💓 心跳正常 (PID: 15217)
[2026-05-27 12:40:31] 💓 心跳正常 (PID: 15217)
[2026-05-27 12:40:41] 💓 心跳正常 (PID: 15217)
[2026-05-27 12:40:51] 💓 心跳正常 (PID: 15217)
[2026-05-27 12:41:02] 💓 心跳正常 (PID: 15217)
[2026-05-27 12:41:12] 💓 心跳正常 (PID: 15217)
[2026-05-27 12:41:22] 💓 心跳正常 (PID: 15217)
[2026-05-27 12:41:32] 💓 心跳正常 (PID: 15217)
[2026-05-27 12:41:43] 💓 心跳正常 (PID: 15217)
[2026-05-27 12:41:53] 💓 心跳正常 (PID: 15217)
[2026-05-27 12:42:03] 💓 心跳正常 (PID: 15217)
[2026-05-27 12:42:14] 💓 心跳正常 (PID: 15217)
[2026-05-27 12:42:24] 💓 心跳正常 (PID: 15217)
[2026-05-27 12:42:34] 💓 心跳正常 (PID: 15217)
[2026-05-27 12:42:44] 💓 心跳正常 (PID: 15217)
[2026-05-27 12:42:55] 💓 心跳正常 (PID: 15217)
[2026-05-27 12:43:05] 💓 心跳正常 (PID: 15217)
[2026-05-27 12:43:15] 💓 心跳正常 (PID: 15217)
[2026-05-27 12:43:25] 💓 心跳正常 (PID: 15217)
[2026-05-27 12:43:35] 📁 交易日志 /root/.openclaw/logs/trading/monitor.log (6.4MB)，>10MB 时自动归档至 logs/trading/archive/
[2026-05-27 12:43:35] 💓 心跳正常 (PID: 15217)
[2026-05-27 12:43:46] 💓 心跳正常 (PID: 15217)
[2026-05-27 12:43:56] 💓 心跳正常 (PID: 15217)
[2026-05-27 12:44:06] 💓 心跳正常 (PID: 15217)
[2026-05-27 12:44:16] 💓 心跳正常 (PID: 15217)
[2026-05-27 12:44:27] 💓 心跳正常 (PID: 15217)
[2026-05-27 12:44:37] 💓 心跳正常 (PID: 15217)
[2026-05-27 12:44:47] 💓 心跳正常 (PID: 15217)
[2026-05-27 12:44:59] 💓 心跳正常 (PID: 15217)
[2026-05-27 12:45:10] 💓 心跳正常 (PID: 15217)
[2026-05-27 12:45:20] 💓 心跳正常 (PID: 15217)
[2026-05-27 12:45:30] 💓 心跳正常 (PID: 15217)
[2026-05-27 12:45:40] 💓 心跳正常 (PID: 15217)
[2026-05-27 12:45:51] 💓 心跳正常 (PID: 15217)
[2026-05-27 12:46:01] 💓 心跳正常 (PID: 15217)
[2026-05-27 12:46:11] 💓 心跳正常 (PID: 15217)
[2026-05-27 12:46:21] 💓 心跳正常 (PID: 15217)
[2026-05-27 12:46:32] 💓 心跳正常 (PID: 15217)
[2026-05-27 12:46:42] 💓 心跳正常 (PID: 15217)
[2026-05-27 12:46:52] 💓 心跳正常 (PID: 15217)
[2026-05-27 12:47:03] 💓 心跳正常 (PID: 15217)
[2026-05-27 12:47:13] 💓 心跳正常 (PID: 15217)
[2026-05-27 12:47:23] 💓 心跳正常 (PID: 15217)
[2026-05-27 12:47:33] 💓 心跳正常 (PID: 15217)
[2026-05-27 12:47:44] 💓 心跳正常 (PID: 15217)
[2026-05-27 12:47:54] 💓 心跳正常 (PID: 15217)
[2026-05-27 12:48:04] 💓 心跳正常 (PID: 15217)
[2026-05-27 12:48:15] 💓 心跳正常 (PID: 15217)
[2026-05-27 12:48:25] 💓 心跳正常 (PID: 15217)
[2026-05-27 12:48:35] 💓 心跳正常 (PID: 15217)
[2026-05-27 12:48:45] 💓 心跳正常 (PID: 15217)
[2026-05-27 12:48:56] 💓 心跳正常 (PID: 15217)
[2026-05-27 12:49:06] 💓 心跳正常 (PID: 15217)
[2026-05-27 12:49:16] 💓 心跳正常 (PID: 15217)
[2026-05-27 12:49:26] 💓 心跳正常 (PID: 15217)
[2026-05-27 12:49:37] 💓 心跳正常 (PID: 15217)
[2026-05-27 12:49:47] 💓 心跳正常 (PID: 15217)
[2026-05-27 12:49:57] 💓 心跳正常 (PID: 15217)
[2026-05-27 12:50:07] 💓 心跳正常 (PID: 15217)
[2026-05-27 12:50:17] 💓 心跳正常 (PID: 15217)
[2026-05-27 12:50:28] 💓 心跳正常 (PID: 15217)
[2026-05-27 12:50:38] 💓 心跳正常 (PID: 15217)
[2026-05-27 12:50:48] 💓 心跳正常 (PID: 15217)
[2026-05-27 12:50:59] 💓 心跳正常 (PID: 15217)
[2026-05-27 12:51:09] 💓 心跳正常 (PID: 15217)
[2026-05-27 12:51:19] 💓 心跳正常 (PID: 15217)
[2026-05-27 12:51:30] 💓 心跳正常 (PID: 15217)
[2026-05-27 12:51:40] 💓 心跳正常 (PID: 15217)
[2026-05-27 12:51:50] 💓 心跳正常 (PID: 15217)
[2026-05-27 12:52:00] 💓 心跳正常 (PID: 15217)
[2026-05-27 12:52:11] 💓 心跳正常 (PID: 15217)
[2026-05-27 12:52:21] 💓 心跳正常 (PID: 15217)
[2026-05-27 12:52:31] 💓 心跳正常 (PID: 15217)
[2026-05-27 12:52:42] 💓 心跳正常 (PID: 15217)
[2026-05-27 12:52:52] 💓 心跳正常 (PID: 15217)
[2026-05-27 12:53:02] 💓 心跳正常 (PID: 15217)
[2026-05-27 12:53:13] 💓 心跳正常 (PID: 15217)
[2026-05-27 12:53:23] 💓 心跳正常 (PID: 15217)
[2026-05-27 12:53:33] 💓 心跳正常 (PID: 15217)
[2026-05-27 12:53:44] 💓 心跳正常 (PID: 15217)
[2026-05-27 12:53:54] 💓 心跳正常 (PID: 15217)
[2026-05-27 12:54:04] 💓 心跳正常 (PID: 15217)
[2026-05-27 12:54:15] 💓 心跳正常 (PID: 15217)
[2026-05-27 12:54:25] 💓 心跳正常 (PID: 15217)
[2026-05-27 12:54:35] 💓 心跳正常 (PID: 15217)
[2026-05-27 12:54:46] 💓 心跳正常 (PID: 15217)
[2026-05-27 12:54:56] 💓 心跳正常 (PID: 15217)
[2026-05-27 12:55:06] 💓 心跳正常 (PID: 15217)
[2026-05-27 12:55:16] 💓 心跳正常 (PID: 15217)
[2026-05-27 12:55:27] 💓 心跳正常 (PID: 15217)
[2026-05-27 12:55:37] 💓 心跳正常 (PID: 15217)
[2026-05-27 12:55:47] 💓 心跳正常 (PID: 15217)
[2026-05-27 12:55:58] 💓 心跳正常 (PID: 15217)
[2026-05-27 12:56:08] 💓 心跳正常 (PID: 15217)
[2026-05-27 12:56:19] 💓 心跳正常 (PID: 15217)
[2026-05-27 12:56:29] 💓 心跳正常 (PID: 15217)
[2026-05-27 12:56:39] 💓 心跳正常 (PID: 15217)
[2026-05-27 12:56:50] 💓 心跳正常 (PID: 15217)
[2026-05-27 12:57:00] 💓 心跳正常 (PID: 15217)
[2026-05-27 12:57:10] 💓 心跳正常 (PID: 15217)
[2026-05-27 12:57:21] 💓 心跳正常 (PID: 15217)
[2026-05-27 12:57:31] 💓 心跳正常 (PID: 15217)
[2026-05-27 12:57:41] 💓 心跳正常 (PID: 15217)
[2026-05-27 12:57:51] 💓 心跳正常 (PID: 15217)
[2026-05-27 12:58:02] 💓 心跳正常 (PID: 15217)
[2026-05-27 12:58:12] 💓 心跳正常 (PID: 15217)
[2026-05-27 12:58:22] 💓 心跳正常 (PID: 15217)
[2026-05-27 12:58:33] 💓 心跳正常 (PID: 15217)
[2026-05-27 12:58:43] 💓 心跳正常 (PID: 15217)
[2026-05-27 12:58:53] 💓 心跳正常 (PID: 15217)
[2026-05-27 12:59:04] 💓 心跳正常 (PID: 15217)
[2026-05-27 12:59:14] 💓 心跳正常 (PID: 15217)
[2026-05-27 12:59:24] 💓 心跳正常 (PID: 15217)
[2026-05-27 12:59:35] 💓 心跳正常 (PID: 15217)
[2026-05-27 12:59:45] 💓 心跳正常 (PID: 15217)
[2026-05-27 12:59:55] 💓 心跳正常 (PID: 15217)
[2026-05-27 13:00:05] 💓 心跳正常 (PID: 15217)
[2026-05-27 13:00:16] 💓 心跳正常 (PID: 15217)
[2026-05-27 13:00:26] 💓 心跳正常 (PID: 15217)
[2026-05-27 13:00:36] 💓 心跳正常 (PID: 15217)
[2026-05-27 13:00:47] 💓 心跳正常 (PID: 15217)
[2026-05-27 13:00:57] 💓 心跳正常 (PID: 15217)
[2026-05-27 13:01:07] 💓 心跳正常 (PID: 15217)
[2026-05-27 13:01:18] 💓 心跳正常 (PID: 15217)
[2026-05-27 13:01:28] 💓 心跳正常 (PID: 15217)
[2026-05-27 13:01:38] 💓 心跳正常 (PID: 15217)
[2026-05-27 13:01:49] 💓 心跳正常 (PID: 15217)
[2026-05-27 13:01:59] 💓 心跳正常 (PID: 15217)
[2026-05-27 13:02:09] 💓 心跳正常 (PID: 15217)
[2026-05-27 13:02:20] 💓 心跳正常 (PID: 15217)
[2026-05-27 13:02:30] 💓 心跳正常 (PID: 15217)
[2026-05-27 13:02:40] 💓 心跳正常 (PID: 15217)
[2026-05-27 13:02:50] 💓 心跳正常 (PID: 15217)
[2026-05-27 13:03:01] 💓 心跳正常 (PID: 15217)
[2026-05-27 13:03:11] 💓 心跳正常 (PID: 15217)
[2026-05-27 13:03:21] 💓 心跳正常 (PID: 15217)
[2026-05-27 13:03:32] 💓 心跳正常 (PID: 15217)
[2026-05-27 13:03:42] 💓 心跳正常 (PID: 15217)
[2026-05-27 13:03:52] 💓 心跳正常 (PID: 15217)
[2026-05-27 13:04:02] 💓 心跳正常 (PID: 15217)
[2026-05-27 13:04:13] 💓 心跳正常 (PID: 15217)
[2026-05-27 13:04:23] 💓 心跳正常 (PID: 15217)
[2026-05-27 13:04:33] 💓 心跳正常 (PID: 15217)
[2026-05-27 13:04:44] 💓 心跳正常 (PID: 15217)
[2026-05-27 13:04:54] 💓 心跳正常 (PID: 15217)
[2026-05-27 13:05:04] 💓 心跳正常 (PID: 15217)
[2026-05-27 13:05:15] 💓 心跳正常 (PID: 15217)
[2026-05-27 13:05:25] 💓 心跳正常 (PID: 15217)
[2026-05-27 13:05:35] 💓 心跳正常 (PID: 15217)
[2026-05-27 13:05:46] 💓 心跳正常 (PID: 15217)
[2026-05-27 13:05:56] 💓 心跳正常 (PID: 15217)
[2026-05-27 13:06:06] 💓 心跳正常 (PID: 15217)
[2026-05-27 13:06:16] 💓 心跳正常 (PID: 15217)
[2026-05-27 13:06:26] 💓 心跳正常 (PID: 15217)
[2026-05-27 13:06:37] 💓 心跳正常 (PID: 15217)
[2026-05-27 13:06:47] 💓 心跳正常 (PID: 15217)
[2026-05-27 13:06:57] 💓 心跳正常 (PID: 15217)
[2026-05-27 13:07:07] 💓 心跳正常 (PID: 15217)
[2026-05-27 13:07:18] 💓 心跳正常 (PID: 15217)
[2026-05-27 13:07:28] 💓 心跳正常 (PID: 15217)
[2026-05-27 13:07:38] 💓 心跳正常 (PID: 15217)
[2026-05-27 13:07:49] 💓 心跳正常 (PID: 15217)
[2026-05-27 13:07:59] 💓 心跳正常 (PID: 15217)
[2026-05-27 13:08:09] 💓 心跳正常 (PID: 15217)
[2026-05-27 13:08:20] 💓 心跳正常 (PID: 15217)
[2026-05-27 13:08:30] 💓 心跳正常 (PID: 15217)
[2026-05-27 13:08:40] 💓 心跳正常 (PID: 15217)
[2026-05-27 13:08:51] 💓 心跳正常 (PID: 15217)
[2026-05-27 13:09:01] 💓 心跳正常 (PID: 15217)
[2026-05-27 13:09:11] 💓 心跳正常 (PID: 15217)
[2026-05-27 13:09:21] 💓 心跳正常 (PID: 15217)
[2026-05-27 13:09:32] 💓 心跳正常 (PID: 15217)
[2026-05-27 13:09:42] 💓 心跳正常 (PID: 15217)
[2026-05-27 13:09:53] 💓 心跳正常 (PID: 15217)
[2026-05-27 13:10:03] 💓 心跳正常 (PID: 15217)
[2026-05-27 13:10:13] 💓 心跳正常 (PID: 15217)
[2026-05-27 13:10:24] 💓 心跳正常 (PID: 15217)
[2026-05-27 13:10:34] 💓 心跳正常 (PID: 15217)
[2026-05-27 13:10:44] 💓 心跳正常 (PID: 15217)
[2026-05-27 13:10:54] 💓 心跳正常 (PID: 15217)
[2026-05-27 13:11:05] 💓 心跳正常 (PID: 15217)
[2026-05-27 13:11:15] 💓 心跳正常 (PID: 15217)
[2026-05-27 13:11:25] 💓 心跳正常 (PID: 15217)
[2026-05-27 13:11:35] 💓 心跳正常 (PID: 15217)
[2026-05-27 13:11:46] 💓 心跳正常 (PID: 15217)
[2026-05-27 13:11:56] 💓 心跳正常 (PID: 15217)
[2026-05-27 13:12:06] 💓 心跳正常 (PID: 15217)
[2026-05-27 13:12:17] 💓 心跳正常 (PID: 15217)
[2026-05-27 13:12:27] 💓 心跳正常 (PID: 15217)
[2026-05-27 13:12:37] 💓 心跳正常 (PID: 15217)
[2026-05-27 13:12:47] 💓 心跳正常 (PID: 15217)
[2026-05-27 13:12:58] 💓 心跳正常 (PID: 15217)
[2026-05-27 13:13:08] 💓 心跳正常 (PID: 15217)
[2026-05-27 13:13:19] 💓 心跳正常 (PID: 15217)
[2026-05-27 13:13:29] 💓 心跳正常 (PID: 15217)
[2026-05-27 13:13:39] 💓 心跳正常 (PID: 15217)
[2026-05-27 13:13:50] 💓 心跳正常 (PID: 15217)
[2026-05-27 13:14:00] 💓 心跳正常 (PID: 15217)
[2026-05-27 13:14:10] 💓 心跳正常 (PID: 15217)
[2026-05-27 13:14:21] 💓 心跳正常 (PID: 15217)
[2026-05-27 13:14:31] 💓 心跳正常 (PID: 15217)
[2026-05-27 13:14:41] 💓 心跳正常 (PID: 15217)
[2026-05-27 13:14:51] 💓 心跳正常 (PID: 15217)
[2026-05-27 13:15:02] 💓 心跳正常 (PID: 15217)
[2026-05-27 13:15:12] 💓 心跳正常 (PID: 15217)
[2026-05-27 13:15:22] 💓 心跳正常 (PID: 15217)
[2026-05-27 13:15:32] 💓 心跳正常 (PID: 15217)
[2026-05-27 13:15:43] 💓 心跳正常 (PID: 15217)
[2026-05-27 13:15:53] 💓 心跳正常 (PID: 15217)
[2026-05-27 13:16:03] 💓 心跳正常 (PID: 15217)
[2026-05-27 13:16:14] 💓 心跳正常 (PID: 15217)
[2026-05-27 13:16:24] 💓 心跳正常 (PID: 15217)
[2026-05-27 13:16:34] 💓 心跳正常 (PID: 15217)
[2026-05-27 13:16:45] 💓 心跳正常 (PID: 15217)
[2026-05-27 13:16:55] 💓 心跳正常 (PID: 15217)
[2026-05-27 13:17:05] 💓 心跳正常 (PID: 15217)
[2026-05-27 13:17:16] 💓 心跳正常 (PID: 15217)
[2026-05-27 13:17:26] 💓 心跳正常 (PID: 15217)
[2026-05-27 13:17:36] 💓 心跳正常 (PID: 15217)
[2026-05-27 13:17:47] 💓 心跳正常 (PID: 15217)
[2026-05-27 13:17:57] 💓 心跳正常 (PID: 15217)
[2026-05-27 13:18:07] 💓 心跳正常 (PID: 15217)
[2026-05-27 13:18:17] 💓 心跳正常 (PID: 15217)
[2026-05-27 13:18:28] 💓 心跳正常 (PID: 15217)
[2026-05-27 13:18:38] 💓 心跳正常 (PID: 15217)
[2026-05-27 13:18:48] 💓 心跳正常 (PID: 15217)
[2026-05-27 13:18:59] 💓 心跳正常 (PID: 15217)
[2026-05-27 13:19:09] 💓 心跳正常 (PID: 15217)
[2026-05-27 13:19:20] 💓 心跳正常 (PID: 15217)
[2026-05-27 13:19:30] 💓 心跳正常 (PID: 15217)
[2026-05-27 13:19:40] 💓 心跳正常 (PID: 15217)
[2026-05-27 13:19:50] 💓 心跳正常 (PID: 15217)
[2026-05-27 13:20:00] 💓 心跳正常 (PID: 15217)
[2026-05-27 13:20:11] 💓 心跳正常 (PID: 15217)
[2026-05-27 13:20:21] 💓 心跳正常 (PID: 15217)
[2026-05-27 13:20:31] 💓 心跳正常 (PID: 15217)
[2026-05-27 13:20:42] 💓 心跳正常 (PID: 15217)
[2026-05-27 13:20:52] 💓 心跳正常 (PID: 15217)
[2026-05-27 13:21:03] 💓 心跳正常 (PID: 15217)
[2026-05-27 13:21:13] 💓 心跳正常 (PID: 15217)
[2026-05-27 13:21:23] 💓 心跳正常 (PID: 15217)
[2026-05-27 13:21:33] 💓 心跳正常 (PID: 15217)
[2026-05-27 13:21:44] 💓 心跳正常 (PID: 15217)
[2026-05-27 13:21:54] 💓 心跳正常 (PID: 15217)
[2026-05-27 13:22:04] 💓 心跳正常 (PID: 15217)
[2026-05-27 13:22:14] 💓 心跳正常 (PID: 15217)
[2026-05-27 13:22:25] 💓 心跳正常 (PID: 15217)
[2026-05-27 13:22:35] 💓 心跳正常 (PID: 15217)
[2026-05-27 13:22:45] 💓 心跳正常 (PID: 15217)
[2026-05-27 13:22:56] 💓 心跳正常 (PID: 15217)
[2026-05-27 13:23:06] 💓 心跳正常 (PID: 15217)
[2026-05-27 13:23:16] 💓 心跳正常 (PID: 15217)
[2026-05-27 13:23:26] 💓 心跳正常 (PID: 15217)
[2026-05-27 13:23:37] 💓 心跳正常 (PID: 15217)
[2026-05-27 13:23:47] 💓 心跳正常 (PID: 15217)
[2026-05-27 13:23:57] 💓 心跳正常 (PID: 15217)
[2026-05-27 13:24:08] 💓 心跳正常 (PID: 15217)
[2026-05-27 13:24:18] 💓 心跳正常 (PID: 15217)
[2026-05-27 13:24:29] 💓 心跳正常 (PID: 15217)
[2026-05-27 13:24:39] 💓 心跳正常 (PID: 15217)
[2026-05-27 13:24:49] 💓 心跳正常 (PID: 15217)
[2026-05-27 13:24:59] 💓 心跳正常 (PID: 15217)
[2026-05-27 13:25:10] 💓 心跳正常 (PID: 15217)
[2026-05-27 13:25:20] 💓 心跳正常 (PID: 15217)
[2026-05-27 13:25:30] 💓 心跳正常 (PID: 15217)
[2026-05-27 13:25:40] 💓 心跳正常 (PID: 15217)
[2026-05-27 13:25:51] 💓 心跳正常 (PID: 15217)
[2026-05-27 13:26:01] 💓 心跳正常 (PID: 15217)
[2026-05-27 13:26:11] 💓 心跳正常 (PID: 15217)
[2026-05-27 13:26:21] 💓 心跳正常 (PID: 15217)
[2026-05-27 13:26:32] 💓 心跳正常 (PID: 15217)
[2026-05-27 13:26:42] 💓 心跳正常 (PID: 15217)
[2026-05-27 13:26:53] 💓 心跳正常 (PID: 15217)
[2026-05-27 13:27:03] 💓 心跳正常 (PID: 15217)
[2026-05-27 13:27:13] 💓 心跳正常 (PID: 15217)
[2026-05-27 13:27:24] 💓 心跳正常 (PID: 15217)
[2026-05-27 13:27:34] 💓 心跳正常 (PID: 15217)
[2026-05-27 13:27:44] 💓 心跳正常 (PID: 15217)
[2026-05-27 13:27:55] 💓 心跳正常 (PID: 15217)
[2026-05-27 13:28:05] 💓 心跳正常 (PID: 15217)
[2026-05-27 13:28:15] 💓 心跳正常 (PID: 15217)
[2026-05-27 13:28:25] 💓 心跳正常 (PID: 15217)
[2026-05-27 13:28:36] 💓 心跳正常 (PID: 15217)
[2026-05-27 13:28:46] 💓 心跳正常 (PID: 15217)
[2026-05-27 13:28:56] 💓 心跳正常 (PID: 15217)
[2026-05-27 13:29:06] 💓 心跳正常 (PID: 15217)
[2026-05-27 13:29:17] 💓 心跳正常 (PID: 15217)
[2026-05-27 13:29:27] 💓 心跳正常 (PID: 15217)
[2026-05-27 13:29:38] 💓 心跳正常 (PID: 15217)
[2026-05-27 13:29:48] 💓 心跳正常 (PID: 15217)
[2026-05-27 13:29:58] 💓 心跳正常 (PID: 15217)
[2026-05-27 13:30:08] 💓 心跳正常 (PID: 15217)
[2026-05-27 13:30:19] 💓 心跳正常 (PID: 15217)
[2026-05-27 13:30:29] 💓 心跳正常 (PID: 15217)
[2026-05-27 13:30:40] 💓 心跳正常 (PID: 15217)
[2026-05-27 13:30:50] 💓 心跳正常 (PID: 15217)
[2026-05-27 13:31:00] 💓 心跳正常 (PID: 15217)
[2026-05-27 13:31:10] 💓 心跳正常 (PID: 15217)
[2026-05-27 13:31:21] 💓 心跳正常 (PID: 15217)
[2026-05-27 13:31:31] 💓 心跳正常 (PID: 15217)
[2026-05-27 13:31:41] 💓 心跳正常 (PID: 15217)
[2026-05-27 13:31:52] 💓 心跳正常 (PID: 15217)
[2026-05-27 13:32:02] 💓 心跳正常 (PID: 15217)
[2026-05-27 13:32:12] 💓 心跳正常 (PID: 15217)
[2026-05-27 13:32:23] 💓 心跳正常 (PID: 15217)
[2026-05-27 13:32:33] 💓 心跳正常 (PID: 15217)
[2026-05-27 13:32:43] 💓 心跳正常 (PID: 15217)
[2026-05-27 13:32:54] 💓 心跳正常 (PID: 15217)
[2026-05-27 13:33:04] 💓 心跳正常 (PID: 15217)
[2026-05-27 13:33:14] 💓 心跳正常 (PID: 15217)
[2026-05-27 13:33:25] 💓 心跳正常 (PID: 15217)
[2026-05-27 13:33:35] 💓 心跳正常 (PID: 15217)
[2026-05-27 13:33:45] 💓 心跳正常 (PID: 15217)
[2026-05-27 13:33:56] 💓 心跳正常 (PID: 15217)
[2026-05-27 13:34:06] 💓 心跳正常 (PID: 15217)
[2026-05-27 13:34:16] 💓 心跳正常 (PID: 15217)
[2026-05-27 13:34:27] 💓 心跳正常 (PID: 15217)
[2026-05-27 13:34:37] 💓 心跳正常 (PID: 15217)
[2026-05-27 13:34:47] 💓 心跳正常 (PID: 15217)
[2026-05-27 13:34:58] 💓 心跳正常 (PID: 15217)
[2026-05-27 13:35:08] 💓 心跳正常 (PID: 15217)
[2026-05-27 13:35:18] 💓 心跳正常 (PID: 15217)
[2026-05-27 13:35:29] 💓 心跳正常 (PID: 15217)
[2026-05-27 13:35:39] 💓 心跳正常 (PID: 15217)
[2026-05-27 13:35:49] 💓 心跳正常 (PID: 15217)
[2026-05-27 13:36:00] 💓 心跳正常 (PID: 15217)
[2026-05-27 13:36:10] 💓 心跳正常 (PID: 15217)
[2026-05-27 13:36:20] 💓 心跳正常 (PID: 15217)
[2026-05-27 13:36:30] 💓 心跳正常 (PID: 15217)
[2026-05-27 13:36:40] 💓 心跳正常 (PID: 15217)
[2026-05-27 13:36:51] 💓 心跳正常 (PID: 15217)
[2026-05-27 13:37:01] 💓 心跳正常 (PID: 15217)
[2026-05-27 13:37:11] 💓 心跳正常 (PID: 15217)
[2026-05-27 13:37:22] 💓 心跳正常 (PID: 15217)
[2026-05-27 13:37:32] 💓 心跳正常 (PID: 15217)
[2026-05-27 13:37:42] 💓 心跳正常 (PID: 15217)
[2026-05-27 13:37:53] 💓 心跳正常 (PID: 15217)
[2026-05-27 13:38:03] 💓 心跳正常 (PID: 15217)
[2026-05-27 13:38:13] 💓 心跳正常 (PID: 15217)
[2026-05-27 13:38:24] 💓 心跳正常 (PID: 15217)
[2026-05-27 13:38:34] 💓 心跳正常 (PID: 15217)
[2026-05-27 13:38:44] 💓 心跳正常 (PID: 15217)
[2026-05-27 13:38:55] 💓 心跳正常 (PID: 15217)
[2026-05-27 13:39:05] 💓 心跳正常 (PID: 15217)
[2026-05-27 13:39:15] 💓 心跳正常 (PID: 15217)
[2026-05-27 13:39:26] 💓 心跳正常 (PID: 15217)
[2026-05-27 13:39:36] 💓 心跳正常 (PID: 15217)
[2026-05-27 13:39:46] 💓 心跳正常 (PID: 15217)
[2026-05-27 13:39:56] 💓 心跳正常 (PID: 15217)
[2026-05-27 13:40:07] 💓 心跳正常 (PID: 15217)
[2026-05-27 13:40:17] 💓 心跳正常 (PID: 15217)
[2026-05-27 13:40:27] 💓 心跳正常 (PID: 15217)
[2026-05-27 13:40:38] 💓 心跳正常 (PID: 15217)
[2026-05-27 13:40:48] 💓 心跳正常 (PID: 15217)
[2026-05-27 13:40:58] 💓 心跳正常 (PID: 15217)
[2026-05-27 13:41:09] 💓 心跳正常 (PID: 15217)
[2026-05-27 13:41:19] 💓 心跳正常 (PID: 15217)
[2026-05-27 13:41:29] 💓 心跳正常 (PID: 15217)
[2026-05-27 13:41:40] 💓 心跳正常 (PID: 15217)
[2026-05-27 13:41:50] 💓 心跳正常 (PID: 15217)
[2026-05-27 13:42:00] 💓 心跳正常 (PID: 15217)
[2026-05-27 13:42:10] 💓 心跳正常 (PID: 15217)
[2026-05-27 13:42:20] 💓 心跳正常 (PID: 15217)
[2026-05-27 13:42:31] 💓 心跳正常 (PID: 15217)
[2026-05-27 13:42:41] 💓 心跳正常 (PID: 15217)
[2026-05-27 13:42:51] 💓 心跳正常 (PID: 15217)
[2026-05-27 13:43:02] 💓 心跳正常 (PID: 15217)
[2026-05-27 13:43:12] 💓 心跳正常 (PID: 15217)
[2026-05-27 13:43:22] 💓 心跳正常 (PID: 15217)
[2026-05-27 13:43:33] 💓 心跳正常 (PID: 15217)
[2026-05-27 13:43:43] 📁 交易日志 /root/.openclaw/logs/trading/monitor.log (6.4MB)，>10MB 时自动归档至 logs/trading/archive/
[2026-05-27 13:43:43] 💓 心跳正常 (PID: 15217)
[2026-05-27 13:43:53] 💓 心跳正常 (PID: 15217)
[2026-05-27 13:44:04] 💓 心跳正常 (PID: 15217)
[2026-05-27 13:44:14] 💓 心跳正常 (PID: 15217)
[2026-05-27 13:44:24] 💓 心跳正常 (PID: 15217)
[2026-05-27 13:44:35] 💓 心跳正常 (PID: 15217)
[2026-05-27 13:44:45] 💓 心跳正常 (PID: 15217)
[2026-05-27 13:44:55] 💓 心跳正常 (PID: 15217)
[2026-05-27 13:45:05] 💓 心跳正常 (PID: 15217)
[2026-05-27 13:45:16] 💓 心跳正常 (PID: 15217)
[2026-05-27 13:45:26] 💓 心跳正常 (PID: 15217)
[2026-05-27 13:45:36] 💓 心跳正常 (PID: 15217)
[2026-05-27 13:45:47] 💓 心跳正常 (PID: 15217)
[2026-05-27 13:45:57] 💓 心跳正常 (PID: 15217)
[2026-05-27 13:46:07] 💓 心跳正常 (PID: 15217)
[2026-05-27 13:46:18] 💓 心跳正常 (PID: 15217)
[2026-05-27 13:46:28] 💓 心跳正常 (PID: 15217)
[2026-05-27 13:46:38] 💓 心跳正常 (PID: 15217)
[2026-05-27 13:46:48] 💓 心跳正常 (PID: 15217)
[2026-05-27 13:46:59] 💓 心跳正常 (PID: 15217)
[2026-05-27 13:47:09] 💓 心跳正常 (PID: 15217)
[2026-05-27 13:47:20] 💓 心跳正常 (PID: 15217)
[2026-05-27 13:47:30] 💓 心跳正常 (PID: 15217)
[2026-05-27 13:47:40] 💓 心跳正常 (PID: 15217)
[2026-05-27 13:47:51] 💓 心跳正常 (PID: 15217)
[2026-05-27 13:48:01] 💓 心跳正常 (PID: 15217)
[2026-05-27 13:48:11] 💓 心跳正常 (PID: 15217)
[2026-05-27 13:48:21] 💓 心跳正常 (PID: 15217)
[2026-05-27 13:48:31] 💓 心跳正常 (PID: 15217)
[2026-05-27 13:48:42] 💓 心跳正常 (PID: 15217)
[2026-05-27 13:48:52] 💓 心跳正常 (PID: 15217)
[2026-05-27 13:49:02] 💓 心跳正常 (PID: 15217)
[2026-05-27 13:49:13] 💓 心跳正常 (PID: 15217)
[2026-05-27 13:49:23] 💓 心跳正常 (PID: 15217)
[2026-05-27 13:49:33] 💓 心跳正常 (PID: 15217)
[2026-05-27 13:49:44] 💓 心跳正常 (PID: 15217)
[2026-05-27 13:49:54] 💓 心跳正常 (PID: 15217)
[2026-05-27 13:50:05] 💓 心跳正常 (PID: 15217)
[2026-05-27 13:50:15] 💓 心跳正常 (PID: 15217)
[2026-05-27 13:50:25] 💓 心跳正常 (PID: 15217)
[2026-05-27 13:50:36] 💓 心跳正常 (PID: 15217)
[2026-05-27 13:50:46] 💓 心跳正常 (PID: 15217)
[2026-05-27 13:50:56] 💓 心跳正常 (PID: 15217)
[2026-05-27 13:51:07] 💓 心跳正常 (PID: 15217)
[2026-05-27 13:51:17] 💓 心跳正常 (PID: 15217)
[2026-05-27 13:51:27] 💓 心跳正常 (PID: 15217)
[2026-05-27 13:51:37] 💓 心跳正常 (PID: 15217)
[2026-05-27 13:51:48] 💓 心跳正常 (PID: 15217)
[2026-05-27 13:51:58] 💓 心跳正常 (PID: 15217)
[2026-05-27 13:52:09] 💓 心跳正常 (PID: 15217)
[2026-05-27 13:52:19] 💓 心跳正常 (PID: 15217)
[2026-05-27 13:52:29] 💓 心跳正常 (PID: 15217)
[2026-05-27 13:52:39] 💓 心跳正常 (PID: 15217)
[2026-05-27 13:52:50] 💓 心跳正常 (PID: 15217)
[2026-05-27 13:53:00] 💓 心跳正常 (PID: 15217)
[2026-05-27 13:53:10] 💓 心跳正常 (PID: 15217)
[2026-05-27 13:53:21] 💓 心跳正常 (PID: 15217)
[2026-05-27 13:53:31] 💓 心跳正常 (PID: 15217)
[2026-05-27 13:53:41] 💓 心跳正常 (PID: 15217)
[2026-05-27 13:53:51] 💓 心跳正常 (PID: 15217)
[2026-05-27 13:54:02] 💓 心跳正常 (PID: 15217)
[2026-05-27 13:54:12] 💓 心跳正常 (PID: 15217)
[2026-05-27 13:54:22] 💓 心跳正常 (PID: 15217)
[2026-05-27 13:54:32] 💓 心跳正常 (PID: 15217)
[2026-05-27 13:54:43] 💓 心跳正常 (PID: 15217)
[2026-05-27 13:54:53] 💓 心跳正常 (PID: 15217)
[2026-05-27 13:55:03] 💓 心跳正常 (PID: 15217)
[2026-05-27 13:55:14] 💓 心跳正常 (PID: 15217)
[2026-05-27 13:55:24] 💓 心跳正常 (PID: 15217)
[2026-05-27 13:55:34] 💓 心跳正常 (PID: 15217)
[2026-05-27 13:55:45] 💓 心跳正常 (PID: 15217)
[2026-05-27 13:55:55] 💓 心跳正常 (PID: 15217)
[2026-05-27 13:56:05] 💓 心跳正常 (PID: 15217)
[2026-05-27 13:56:16] 💓 心跳正常 (PID: 15217)
[2026-05-27 13:56:26] 💓 心跳正常 (PID: 15217)
[2026-05-27 13:56:36] 💓 心跳正常 (PID: 15217)
[2026-05-27 13:56:46] 💓 心跳正常 (PID: 15217)
[2026-05-27 13:56:57] 💓 心跳正常 (PID: 15217)
[2026-05-27 13:57:07] 💓 心跳正常 (PID: 15217)
[2026-05-27 13:57:17] 💓 心跳正常 (PID: 15217)
[2026-05-27 13:57:28] 💓 心跳正常 (PID: 15217)
[2026-05-27 13:57:38] 💓 心跳正常 (PID: 15217)
[2026-05-27 13:57:48] 💓 心跳正常 (PID: 15217)
[2026-05-27 13:57:58] 💓 心跳正常 (PID: 15217)
[2026-05-27 13:58:09] 💓 心跳正常 (PID: 15217)
[2026-05-27 13:58:19] 💓 心跳正常 (PID: 15217)
[2026-05-27 13:58:29] 💓 心跳正常 (PID: 15217)
[2026-05-27 13:58:40] 💓 心跳正常 (PID: 15217)
[2026-05-27 13:58:50] 💓 心跳正常 (PID: 15217)
[2026-05-27 13:59:00] 💓 心跳正常 (PID: 15217)
[2026-05-27 13:59:11] 💓 心跳正常 (PID: 15217)
[2026-05-27 13:59:21] 💓 心跳正常 (PID: 15217)
[2026-05-27 13:59:31] 💓 心跳正常 (PID: 15217)
[2026-05-27 13:59:41] 💓 心跳正常 (PID: 15217)
[2026-05-27 13:59:52] 💓 心跳正常 (PID: 15217)
[2026-05-27 14:00:02] 💓 心跳正常 (PID: 15217)
[2026-05-27 14:00:12] 💓 心跳正常 (PID: 15217)
[2026-05-27 14:00:22] 💓 心跳正常 (PID: 15217)
[2026-05-27 14:00:32] 💓 心跳正常 (PID: 15217)
[2026-05-27 14:00:43] 💓 心跳正常 (PID: 15217)
[2026-05-27 14:00:53] 💓 心跳正常 (PID: 15217)
[2026-05-27 14:01:03] 💓 心跳正常 (PID: 15217)
[2026-05-27 14:01:13] 💓 心跳正常 (PID: 15217)
[2026-05-27 14:01:24] 💓 心跳正常 (PID: 15217)
[2026-05-27 14:01:34] 💓 心跳正常 (PID: 15217)
[2026-05-27 14:01:45] 💓 心跳正常 (PID: 15217)
[2026-05-27 14:01:55] 💓 心跳正常 (PID: 15217)
[2026-05-27 14:02:06] 💓 心跳正常 (PID: 15217)
[2026-05-27 14:02:16] 💓 心跳正常 (PID: 15217)
[2026-05-27 14:02:26] 💓 心跳正常 (PID: 15217)
[2026-05-27 14:02:36] 💓 心跳正常 (PID: 15217)
[2026-05-27 14:02:47] 💓 心跳正常 (PID: 15217)
[2026-05-27 14:02:57] 💓 心跳正常 (PID: 15217)
[2026-05-27 14:03:07] 💓 心跳正常 (PID: 15217)
[2026-05-27 14:03:18] 💓 心跳正常 (PID: 15217)
[2026-05-27 14:03:28] 💓 心跳正常 (PID: 15217)
[2026-05-27 14:03:38] 💓 心跳正常 (PID: 15217)
[2026-05-27 14:03:49] 💓 心跳正常 (PID: 15217)
[2026-05-27 14:03:59] 💓 心跳正常 (PID: 15217)
[2026-05-27 14:04:09] 💓 心跳正常 (PID: 15217)
[2026-05-27 14:04:20] 💓 心跳正常 (PID: 15217)
[2026-05-27 14:04:30] 💓 心跳正常 (PID: 15217)
[2026-05-27 14:04:40] 💓 心跳正常 (PID: 15217)
[2026-05-27 14:04:50] 💓 心跳正常 (PID: 15217)
[2026-05-27 14:05:01] 💓 心跳正常 (PID: 15217)
[2026-05-27 14:05:11] 💓 心跳正常 (PID: 15217)
[2026-05-27 14:05:21] 💓 心跳正常 (PID: 15217)
[2026-05-27 14:05:32] 💓 心跳正常 (PID: 15217)
[2026-05-27 14:05:42] 💓 心跳正常 (PID: 15217)
[2026-05-27 14:05:52] 💓 心跳正常 (PID: 15217)
[2026-05-27 14:06:02] 💓 心跳正常 (PID: 15217)
[2026-05-27 14:06:12] 💓 心跳正常 (PID: 15217)
[2026-05-27 14:06:23] 💓 心跳正常 (PID: 15217)
[2026-05-27 14:06:33] 💓 心跳正常 (PID: 15217)
[2026-05-27 14:06:43] 💓 心跳正常 (PID: 15217)
[2026-05-27 14:06:54] 💓 心跳正常 (PID: 15217)
[2026-05-27 14:07:04] 💓 心跳正常 (PID: 15217)
[2026-05-27 14:07:14] 💓 心跳正常 (PID: 15217)
[2026-05-27 14:07:25] 💓 心跳正常 (PID: 15217)
[2026-05-27 14:07:35] 💓 心跳正常 (PID: 15217)
[2026-05-27 14:07:45] 💓 心跳正常 (PID: 15217)
[2026-05-27 14:07:56] 💓 心跳正常 (PID: 15217)
[2026-05-27 14:08:06] 💓 心跳正常 (PID: 15217)
[2026-05-27 14:08:16] 💓 心跳正常 (PID: 15217)
[2026-05-27 14:08:26] 💓 心跳正常 (PID: 15217)
[2026-05-27 14:08:37] 💓 心跳正常 (PID: 15217)
[2026-05-27 14:08:47] 💓 心跳正常 (PID: 15217)
[2026-05-27 14:08:57] 💓 心跳正常 (PID: 15217)
[2026-05-27 14:09:07] 💓 心跳正常 (PID: 15217)
[2026-05-27 14:09:18] 💓 心跳正常 (PID: 15217)
[2026-05-27 14:09:28] 💓 心跳正常 (PID: 15217)
[2026-05-27 14:09:38] 💓 心跳正常 (PID: 15217)
[2026-05-27 14:09:48] 💓 心跳正常 (PID: 15217)
[2026-05-27 14:09:59] 💓 心跳正常 (PID: 15217)
[2026-05-27 14:10:09] 💓 心跳正常 (PID: 15217)
[2026-05-27 14:10:20] 💓 心跳正常 (PID: 15217)
[2026-05-27 14:10:30] 💓 心跳正常 (PID: 15217)
[2026-05-27 14:10:40] 💓 心跳正常 (PID: 15217)
[2026-05-27 14:10:50] 💓 心跳正常 (PID: 15217)
[2026-05-27 14:11:01] 💓 心跳正常 (PID: 15217)
[2026-05-27 14:11:11] 💓 心跳正常 (PID: 15217)
[2026-05-27 14:11:21] 💓 心跳正常 (PID: 15217)
[2026-05-27 14:11:32] 💓 心跳正常 (PID: 15217)
[2026-05-27 14:11:42] 💓 心跳正常 (PID: 15217)
[2026-05-27 14:11:52] 💓 心跳正常 (PID: 15217)
[2026-05-27 14:12:02] 💓 心跳正常 (PID: 15217)
[2026-05-27 14:12:13] 💓 心跳正常 (PID: 15217)
[2026-05-27 14:12:23] 💓 心跳正常 (PID: 15217)
[2026-05-27 14:12:33] 💓 心跳正常 (PID: 15217)
[2026-05-27 14:12:44] 💓 心跳正常 (PID: 15217)
[2026-05-27 14:12:54] 💓 心跳正常 (PID: 15217)
[2026-05-27 14:13:04] 💓 心跳正常 (PID: 15217)
[2026-05-27 14:13:15] 💓 心跳正常 (PID: 15217)
[2026-05-27 14:13:25] 💓 心跳正常 (PID: 15217)
[2026-05-27 14:13:35] 💓 心跳正常 (PID: 15217)
[2026-05-27 14:13:46] 💓 心跳正常 (PID: 15217)
[2026-05-27 14:13:56] 💓 心跳正常 (PID: 15217)
[2026-05-27 14:14:06] 💓 心跳正常 (PID: 15217)
[2026-05-27 14:14:17] 💓 心跳正常 (PID: 15217)
[2026-05-27 14:14:27] 💓 心跳正常 (PID: 15217)
[2026-05-27 14:14:37] 💓 心跳正常 (PID: 15217)
[2026-05-27 14:14:48] 💓 心跳正常 (PID: 15217)
[2026-05-27 14:14:58] 💓 心跳正常 (PID: 15217)
[2026-05-27 14:15:09] 💓 心跳正常 (PID: 15217)
[2026-05-27 14:15:19] 💓 心跳正常 (PID: 15217)
[2026-05-27 14:15:30] 💓 心跳正常 (PID: 15217)
[2026-05-27 14:15:40] 💓 心跳正常 (PID: 15217)
[2026-05-27 14:15:51] 💓 心跳正常 (PID: 15217)
[2026-05-27 14:16:01] 💓 心跳正常 (PID: 15217)
[2026-05-27 14:16:11] 💓 心跳正常 (PID: 15217)
[2026-05-27 14:16:22] 💓 心跳正常 (PID: 15217)
[2026-05-27 14:16:32] 💓 心跳正常 (PID: 15217)
[2026-05-27 14:16:43] 💓 心跳正常 (PID: 15217)
[2026-05-27 14:16:53] 💓 心跳正常 (PID: 15217)
[2026-05-27 14:17:03] 💓 心跳正常 (PID: 15217)
[2026-05-27 14:17:13] 💓 心跳正常 (PID: 15217)
[2026-05-27 14:17:24] 💓 心跳正常 (PID: 15217)
[2026-05-27 14:17:34] 💓 心跳正常 (PID: 15217)
[2026-05-27 14:17:44] 💓 心跳正常 (PID: 15217)
[2026-05-27 14:17:55] 💓 心跳正常 (PID: 15217)
[2026-05-27 14:18:05] 💓 心跳正常 (PID: 15217)
[2026-05-27 14:18:15] 💓 心跳正常 (PID: 15217)
[2026-05-27 14:18:26] 💓 心跳正常 (PID: 15217)
[2026-05-27 14:18:36] 💓 心跳正常 (PID: 15217)
[2026-05-27 14:18:46] 💓 心跳正常 (PID: 15217)
[2026-05-27 14:18:56] 💓 心跳正常 (PID: 15217)
[2026-05-27 14:19:07] 💓 心跳正常 (PID: 15217)
[2026-05-27 14:19:17] 💓 心跳正常 (PID: 15217)
[2026-05-27 14:19:27] 💓 心跳正常 (PID: 15217)
[2026-05-27 14:19:38] 💓 心跳正常 (PID: 15217)
[2026-05-27 14:19:48] 💓 心跳正常 (PID: 15217)
[2026-05-27 14:19:58] 💓 心跳正常 (PID: 15217)
[2026-05-27 14:20:08] 💓 心跳正常 (PID: 15217)
[2026-05-27 14:20:18] 💓 心跳正常 (PID: 15217)
[2026-05-27 14:20:29] 💓 心跳正常 (PID: 15217)
[2026-05-27 14:20:39] 💓 心跳正常 (PID: 15217)
[2026-05-27 14:20:49] 💓 心跳正常 (PID: 15217)
[2026-05-27 14:20:59] 💓 心跳正常 (PID: 15217)
[2026-05-27 14:21:10] 💓 心跳正常 (PID: 15217)
[2026-05-27 14:21:20] 💓 心跳正常 (PID: 15217)
[2026-05-27 14:21:30] 💓 心跳正常 (PID: 15217)
[2026-05-27 14:21:40] 💓 心跳正常 (PID: 15217)
[2026-05-27 14:21:51] 💓 心跳正常 (PID: 15217)
[2026-05-27 14:22:01] 💓 心跳正常 (PID: 15217)
[2026-05-27 14:22:11] 💓 心跳正常 (PID: 15217)
[2026-05-27 14:22:21] 💓 心跳正常 (PID: 15217)
[2026-05-27 14:22:32] 💓 心跳正常 (PID: 15217)
[2026-05-27 14:22:42] 💓 心跳正常 (PID: 15217)
[2026-05-27 14:22:52] 💓 心跳正常 (PID: 15217)
[2026-05-27 14:23:02] 💓 心跳正常 (PID: 15217)
[2026-05-27 14:23:13] 💓 心跳正常 (PID: 15217)
[2026-05-27 14:23:23] 💓 心跳正常 (PID: 15217)
[2026-05-27 14:23:33] 💓 心跳正常 (PID: 15217)
[2026-05-27 14:23:43] 💓 心跳正常 (PID: 15217)
[2026-05-27 14:23:54] 💓 心跳正常 (PID: 15217)
[2026-05-27 14:24:04] 💓 心跳正常 (PID: 15217)
[2026-05-27 14:24:14] 💓 心跳正常 (PID: 15217)
[2026-05-27 14:24:24] 💓 心跳正常 (PID: 15217)
[2026-05-27 14:24:35] 💓 心跳正常 (PID: 15217)
[2026-05-27 14:24:45] 💓 心跳正常 (PID: 15217)
[2026-05-27 14:24:55] 💓 心跳正常 (PID: 15217)
[2026-05-27 14:25:05] 💓 心跳正常 (PID: 15217)
[2026-05-27 14:25:15] 💓 心跳正常 (PID: 15217)
[2026-05-27 14:25:26] 💓 心跳正常 (PID: 15217)
[2026-05-27 14:25:36] 💓 心跳正常 (PID: 15217)
[2026-05-27 14:25:46] 💓 心跳正常 (PID: 15217)
[2026-05-27 14:25:57] 💓 心跳正常 (PID: 15217)
[2026-05-27 14:26:07] 💓 心跳正常 (PID: 15217)
[2026-05-27 14:26:17] 💓 心跳正常 (PID: 15217)
[2026-05-27 14:26:27] 💓 心跳正常 (PID: 15217)
[2026-05-27 14:26:37] 💓 心跳正常 (PID: 15217)
[2026-05-27 14:26:48] 💓 心跳正常 (PID: 15217)
[2026-05-27 14:26:58] 💓 心跳正常 (PID: 15217)
[2026-05-27 14:27:08] 💓 心跳正常 (PID: 15217)
[2026-05-27 14:27:18] 💓 心跳正常 (PID: 15217)
[2026-05-27 14:27:29] 💓 心跳正常 (PID: 15217)
[2026-05-27 14:27:39] 💓 心跳正常 (PID: 15217)
[2026-05-27 14:27:49] 💓 心跳正常 (PID: 15217)
[2026-05-27 14:28:00] 💓 心跳正常 (PID: 15217)
[2026-05-27 14:28:10] 💓 心跳正常 (PID: 15217)
[2026-05-27 14:28:20] 💓 心跳正常 (PID: 15217)
[2026-05-27 14:28:30] 💓 心跳正常 (PID: 15217)
[2026-05-27 14:28:41] 💓 心跳正常 (PID: 15217)
[2026-05-27 14:28:51] 💓 心跳正常 (PID: 15217)
[2026-05-27 14:29:01] 💓 心跳正常 (PID: 15217)
[2026-05-27 14:29:11] 💓 心跳正常 (PID: 15217)
[2026-05-27 14:29:21] 💓 心跳正常 (PID: 15217)
[2026-05-27 14:29:32] 💓 心跳正常 (PID: 15217)
[2026-05-27 14:29:42] 💓 心跳正常 (PID: 15217)
[2026-05-27 14:29:52] 💓 心跳正常 (PID: 15217)
[2026-05-27 14:30:02] 💓 心跳正常 (PID: 15217)
[2026-05-27 14:30:13] 💓 心跳正常 (PID: 15217)
[2026-05-27 14:30:23] 💓 心跳正常 (PID: 15217)
[2026-05-27 14:30:33] 💓 心跳正常 (PID: 15217)
[2026-05-27 14:30:44] 💓 心跳正常 (PID: 15217)
[2026-05-27 14:30:54] 💓 心跳正常 (PID: 15217)
[2026-05-27 14:31:04] 💓 心跳正常 (PID: 15217)
[2026-05-27 14:31:14] 💓 心跳正常 (PID: 15217)
[2026-05-27 14:31:25] 💓 心跳正常 (PID: 15217)
[2026-05-27 14:31:35] 💓 心跳正常 (PID: 15217)
[2026-05-27 14:31:45] 💓 心跳正常 (PID: 15217)
[2026-05-27 14:31:55] 💓 心跳正常 (PID: 15217)
[2026-05-27 14:32:06] 💓 心跳正常 (PID: 15217)
[2026-05-27 14:32:16] 💓 心跳正常 (PID: 15217)
[2026-05-27 14:32:26] 💓 心跳正常 (PID: 15217)
[2026-05-27 14:32:36] 💓 心跳正常 (PID: 15217)
[2026-05-27 14:32:46] 💓 心跳正常 (PID: 15217)
[2026-05-27 14:32:57] 💓 心跳正常 (PID: 15217)
[2026-05-27 14:33:07] 💓 心跳正常 (PID: 15217)
[2026-05-27 14:33:17] 💓 心跳正常 (PID: 15217)
[2026-05-27 14:33:27] 💓 心跳正常 (PID: 15217)
[2026-05-27 14:33:37] 💓 心跳正常 (PID: 15217)
[2026-05-27 14:33:48] 💓 心跳正常 (PID: 15217)
[2026-05-27 14:33:58] 💓 心跳正常 (PID: 15217)
[2026-05-27 14:34:08] 💓 心跳正常 (PID: 15217)
[2026-05-27 14:34:18] 💓 心跳正常 (PID: 15217)
[2026-05-27 14:34:28] 💓 心跳正常 (PID: 15217)
[2026-05-27 14:34:38] 💓 心跳正常 (PID: 15217)
[2026-05-27 14:34:49] 💓 心跳正常 (PID: 15217)
[2026-05-27 14:34:59] 💓 心跳正常 (PID: 15217)
[2026-05-27 14:35:09] 💓 心跳正常 (PID: 15217)
[2026-05-27 14:35:19] 💓 心跳正常 (PID: 15217)
[2026-05-27 14:35:29] 💓 心跳正常 (PID: 15217)
[2026-05-27 14:35:40] 💓 心跳正常 (PID: 15217)
[2026-05-27 14:35:50] 💓 心跳正常 (PID: 15217)
[2026-05-27 14:36:00] 💓 心跳正常 (PID: 15217)
[2026-05-27 14:36:10] 💓 心跳正常 (PID: 15217)
[2026-05-27 14:36:21] 💓 心跳正常 (PID: 15217)
[2026-05-27 14:36:31] 💓 心跳正常 (PID: 15217)
[2026-05-27 14:36:41] 💓 心跳正常 (PID: 15217)
[2026-05-27 14:36:51] 💓 心跳正常 (PID: 15217)
[2026-05-27 14:37:02] 💓 心跳正常 (PID: 15217)
[2026-05-27 14:37:12] 💓 心跳正常 (PID: 15217)
[2026-05-27 14:37:22] 💓 心跳正常 (PID: 15217)
[2026-05-27 14:37:32] 💓 心跳正常 (PID: 15217)
[2026-05-27 14:37:42] 💓 心跳正常 (PID: 15217)
[2026-05-27 14:37:53] 💓 心跳正常 (PID: 15217)
[2026-05-27 14:38:03] 💓 心跳正常 (PID: 15217)
[2026-05-27 14:38:13] 💓 心跳正常 (PID: 15217)
[2026-05-27 14:38:23] 💓 心跳正常 (PID: 15217)
[2026-05-27 14:38:34] 💓 心跳正常 (PID: 15217)
[2026-05-27 14:38:44] 💓 心跳正常 (PID: 15217)
[2026-05-27 14:38:54] 💓 心跳正常 (PID: 15217)
[2026-05-27 14:39:04] 💓 心跳正常 (PID: 15217)
[2026-05-27 14:39:15] 💓 心跳正常 (PID: 15217)
[2026-05-27 14:39:25] 💓 心跳正常 (PID: 15217)
[2026-05-27 14:39:35] 💓 心跳正常 (PID: 15217)
[2026-05-27 14:39:46] 💓 心跳正常 (PID: 15217)
[2026-05-27 14:39:56] 💓 心跳正常 (PID: 15217)
[2026-05-27 14:40:06] 💓 心跳正常 (PID: 15217)
[2026-05-27 14:40:16] 💓 心跳正常 (PID: 15217)
[2026-05-27 14:40:27] 💓 心跳正常 (PID: 15217)
[2026-05-27 14:40:37] 💓 心跳正常 (PID: 15217)
[2026-05-27 14:40:47] 💓 心跳正常 (PID: 15217)
[2026-05-27 14:40:58] 💓 心跳正常 (PID: 15217)
[2026-05-27 14:41:08] 💓 心跳正常 (PID: 15217)
[2026-05-27 14:41:18] 💓 心跳正常 (PID: 15217)
[2026-05-27 14:41:28] 💓 心跳正常 (PID: 15217)
[2026-05-27 14:41:39] 💓 心跳正常 (PID: 15217)
[2026-05-27 14:41:49] 💓 心跳正常 (PID: 15217)
[2026-05-27 14:41:59] 💓 心跳正常 (PID: 15217)
[2026-05-27 14:42:09] 💓 心跳正常 (PID: 15217)
[2026-05-27 14:42:19] 💓 心跳正常 (PID: 15217)
[2026-05-27 14:42:30] 💓 心跳正常 (PID: 15217)
[2026-05-27 14:42:40] 💓 心跳正常 (PID: 15217)
[2026-05-27 14:42:50] 💓 心跳正常 (PID: 15217)
[2026-05-27 14:43:00] 💓 心跳正常 (PID: 15217)
[2026-05-27 14:43:11] 💓 心跳正常 (PID: 15217)
[2026-05-27 14:43:21] 💓 心跳正常 (PID: 15217)
[2026-05-27 14:43:31] 💓 心跳正常 (PID: 15217)
[2026-05-27 14:43:42] 💓 心跳正常 (PID: 15217)
[2026-05-27 14:43:52] 📁 交易日志 /root/.openclaw/logs/trading/monitor.log (6.4MB)，>10MB 时自动归档至 logs/trading/archive/
[2026-05-27 14:43:52] 💓 心跳正常 (PID: 15217)
[2026-05-27 14:44:02] 💓 心跳正常 (PID: 15217)
[2026-05-27 14:44:13] 💓 心跳正常 (PID: 15217)
[2026-05-27 14:44:23] 💓 心跳正常 (PID: 15217)
[2026-05-27 14:44:33] 💓 心跳正常 (PID: 15217)
[2026-05-27 14:44:44] 💓 心跳正常 (PID: 15217)
[2026-05-27 14:44:54] 💓 心跳正常 (PID: 15217)
[2026-05-27 14:45:04] 💓 心跳正常 (PID: 15217)
[2026-05-27 14:45:15] 💓 心跳正常 (PID: 15217)
[2026-05-27 14:45:25] 💓 心跳正常 (PID: 15217)
[2026-05-27 14:45:35] 💓 心跳正常 (PID: 15217)
[2026-05-27 14:45:45] 💓 心跳正常 (PID: 15217)
[2026-05-27 14:45:56] 💓 心跳正常 (PID: 15217)
[2026-05-27 14:46:06] 💓 心跳正常 (PID: 15217)
[2026-05-27 14:46:16] 💓 心跳正常 (PID: 15217)
[2026-05-27 14:46:27] 💓 心跳正常 (PID: 15217)
[2026-05-27 14:46:37] 💓 心跳正常 (PID: 15217)
[2026-05-27 14:46:47] 💓 心跳正常 (PID: 15217)
[2026-05-27 14:46:57] 💓 心跳正常 (PID: 15217)
[2026-05-27 14:47:08] 💓 心跳正常 (PID: 15217)
[2026-05-27 14:47:18] 💓 心跳正常 (PID: 15217)
[2026-05-27 14:47:28] 💓 心跳正常 (PID: 15217)
[2026-05-27 14:47:38] 💓 心跳正常 (PID: 15217)
[2026-05-27 14:47:49] 💓 心跳正常 (PID: 15217)
[2026-05-27 14:47:59] 💓 心跳正常 (PID: 15217)
[2026-05-27 14:48:09] 💓 心跳正常 (PID: 15217)
[2026-05-27 14:48:20] 💓 心跳正常 (PID: 15217)
[2026-05-27 14:48:30] 💓 心跳正常 (PID: 15217)
[2026-05-27 14:48:40] 💓 心跳正常 (PID: 15217)
[2026-05-27 14:48:51] 💓 心跳正常 (PID: 15217)
[2026-05-27 14:49:01] 💓 心跳正常 (PID: 15217)
[2026-05-27 14:49:11] 💓 心跳正常 (PID: 15217)
[2026-05-27 14:49:22] 💓 心跳正常 (PID: 15217)
[2026-05-27 14:49:32] 💓 心跳正常 (PID: 15217)
[2026-05-27 14:49:42] 💓 心跳正常 (PID: 15217)
[2026-05-27 14:49:52] 💓 心跳正常 (PID: 15217)
[2026-05-27 14:50:03] 💓 心跳正常 (PID: 15217)
[2026-05-27 14:50:13] 💓 心跳正常 (PID: 15217)
[2026-05-27 14:50:23] 💓 心跳正常 (PID: 15217)
[2026-05-27 14:50:33] 💓 心跳正常 (PID: 15217)
[2026-05-27 14:50:43] 💓 心跳正常 (PID: 15217)
[2026-05-27 14:50:54] 💓 心跳正常 (PID: 15217)
[2026-05-27 14:51:04] 💓 心跳正常 (PID: 15217)
[2026-05-27 14:51:14] 💓 心跳正常 (PID: 15217)
[2026-05-27 14:51:25] 💓 心跳正常 (PID: 15217)
[2026-05-27 14:51:35] 💓 心跳正常 (PID: 15217)
[2026-05-27 14:51:45] 💓 心跳正常 (PID: 15217)
[2026-05-27 14:51:56] 💓 心跳正常 (PID: 15217)
[2026-05-27 14:52:06] 💓 心跳正常 (PID: 15217)
[2026-05-27 14:52:16] 💓 心跳正常 (PID: 15217)
[2026-05-27 14:52:26] 💓 心跳正常 (PID: 15217)
[2026-05-27 14:52:37] 💓 心跳正常 (PID: 15217)
[2026-05-27 14:52:47] 💓 心跳正常 (PID: 15217)
[2026-05-27 14:52:57] 💓 心跳正常 (PID: 15217)
[2026-05-27 14:53:08] 💓 心跳正常 (PID: 15217)
[2026-05-27 14:53:18] 💓 心跳正常 (PID: 15217)
[2026-05-27 14:53:28] 💓 心跳正常 (PID: 15217)
[2026-05-27 14:53:39] 💓 心跳正常 (PID: 15217)
[2026-05-27 14:53:49] 💓 心跳正常 (PID: 15217)
[2026-05-27 14:53:59] 💓 心跳正常 (PID: 15217)
[2026-05-27 14:54:09] 💓 心跳正常 (PID: 15217)
[2026-05-27 14:54:20] 💓 心跳正常 (PID: 15217)
[2026-05-27 14:54:30] 💓 心跳正常 (PID: 15217)
[2026-05-27 14:54:40] 💓 心跳正常 (PID: 15217)
[2026-05-27 14:54:51] 💓 心跳正常 (PID: 15217)
[2026-05-27 14:55:01] 💓 心跳正常 (PID: 15217)
[2026-05-27 14:55:11] 💓 心跳正常 (PID: 15217)
[2026-05-27 14:55:22] 💓 心跳正常 (PID: 15217)
[2026-05-27 14:55:32] 💓 心跳正常 (PID: 15217)
[2026-05-27 14:55:42] 💓 心跳正常 (PID: 15217)
[2026-05-27 14:55:53] 💓 心跳正常 (PID: 15217)
[2026-05-27 14:56:03] 💓 心跳正常 (PID: 15217)
[2026-05-27 14:56:13] 💓 心跳正常 (PID: 15217)
[2026-05-27 14:56:23] 💓 心跳正常 (PID: 15217)
[2026-05-27 14:56:34] 💓 心跳正常 (PID: 15217)
[2026-05-27 14:56:44] 💓 心跳正常 (PID: 15217)
[2026-05-27 14:56:54] 💓 心跳正常 (PID: 15217)
[2026-05-27 14:57:05] 💓 心跳正常 (PID: 15217)
[2026-05-27 14:57:15] 💓 心跳正常 (PID: 15217)
[2026-05-27 14:57:25] 💓 心跳正常 (PID: 15217)
[2026-05-27 14:57:36] 💓 心跳正常 (PID: 15217)
[2026-05-27 14:57:46] 💓 心跳正常 (PID: 15217)
[2026-05-27 14:57:56] 💓 心跳正常 (PID: 15217)
[2026-05-27 14:58:07] 💓 心跳正常 (PID: 15217)
[2026-05-27 14:58:17] 💓 心跳正常 (PID: 15217)
[2026-05-27 14:58:27] 💓 心跳正常 (PID: 15217)
[2026-05-27 14:58:37] 💓 心跳正常 (PID: 15217)
[2026-05-27 14:58:48] 💓 心跳正常 (PID: 15217)
[2026-05-27 14:58:58] 💓 心跳正常 (PID: 15217)
[2026-05-27 14:59:08] 💓 心跳正常 (PID: 15217)
[2026-05-27 14:59:18] 💓 心跳正常 (PID: 15217)
[2026-05-27 14:59:29] 💓 心跳正常 (PID: 15217)
[2026-05-27 14:59:39] 💓 心跳正常 (PID: 15217)
[2026-05-27 14:59:49] 💓 心跳正常 (PID: 15217)
[2026-05-27 15:00:00] 💓 心跳正常 (PID: 15217)
[2026-05-27 15:00:10] 💓 心跳正常 (PID: 15217)
[2026-05-27 15:00:20] 💓 心跳正常 (PID: 15217)
[2026-05-27 15:00:30] 💓 心跳正常 (PID: 15217)
[2026-05-27 15:00:41] 💓 心跳正常 (PID: 15217)
[2026-05-27 15:00:51] 💓 心跳正常 (PID: 15217)
[2026-05-27 15:01:01] 💓 心跳正常 (PID: 15217)
[2026-05-27 15:01:11] 💓 心跳正常 (PID: 15217)
[2026-05-27 15:01:22] 💓 心跳正常 (PID: 15217)
[2026-05-27 15:01:32] 💓 心跳正常 (PID: 15217)
[2026-05-27 15:01:42] 💓 心跳正常 (PID: 15217)
[2026-05-27 15:01:53] 💓 心跳正常 (PID: 15217)
[2026-05-27 15:02:03] 💓 心跳正常 (PID: 15217)
[2026-05-27 15:02:13] 💓 心跳正常 (PID: 15217)
[2026-05-27 15:02:24] 💓 心跳正常 (PID: 15217)
[2026-05-27 15:02:34] 💓 心跳正常 (PID: 15217)
[2026-05-27 15:02:44] 💓 心跳正常 (PID: 15217)
[2026-05-27 15:02:54] 💓 心跳正常 (PID: 15217)
[2026-05-27 15:03:04] 💓 心跳正常 (PID: 15217)
[2026-05-27 15:03:15] 💓 心跳正常 (PID: 15217)
[2026-05-27 15:03:25] 💓 心跳正常 (PID: 15217)
[2026-05-27 15:03:35] 💓 心跳正常 (PID: 15217)
[2026-05-27 15:03:46] 💓 心跳正常 (PID: 15217)
[2026-05-27 15:03:56] 💓 心跳正常 (PID: 15217)
[2026-05-27 15:04:06] 💓 心跳正常 (PID: 15217)
[2026-05-27 15:04:16] 💓 心跳正常 (PID: 15217)
[2026-05-27 15:04:27] 💓 心跳正常 (PID: 15217)
[2026-05-27 15:04:37] 💓 心跳正常 (PID: 15217)
[2026-05-27 15:04:47] 💓 心跳正常 (PID: 15217)
[2026-05-27 15:04:58] 💓 心跳正常 (PID: 15217)
[2026-05-27 15:05:08] 💓 心跳正常 (PID: 15217)
[2026-05-27 15:05:18] 💓 心跳正常 (PID: 15217)
[2026-05-27 15:05:28] 💓 心跳正常 (PID: 15217)
[2026-05-27 15:05:39] 💓 心跳正常 (PID: 15217)
[2026-05-27 15:05:49] 💓 心跳正常 (PID: 15217)
[2026-05-27 15:05:59] 💓 心跳正常 (PID: 15217)
[2026-05-27 15:06:09] 💓 心跳正常 (PID: 15217)
[2026-05-27 15:06:20] 💓 心跳正常 (PID: 15217)
[2026-05-27 15:06:30] 💓 心跳正常 (PID: 15217)
[2026-05-27 15:06:40] 💓 心跳正常 (PID: 15217)
[2026-05-27 15:06:50] 💓 心跳正常 (PID: 15217)
[2026-05-27 15:07:01] 💓 心跳正常 (PID: 15217)
[2026-05-27 15:07:11] 💓 心跳正常 (PID: 15217)
[2026-05-27 15:07:21] 💓 心跳正常 (PID: 15217)
[2026-05-27 15:07:32] 💓 心跳正常 (PID: 15217)
[2026-05-27 15:07:42] 💓 心跳正常 (PID: 15217)
[2026-05-27 15:07:52] 💓 心跳正常 (PID: 15217)
[2026-05-27 15:08:03] 💓 心跳正常 (PID: 15217)
[2026-05-27 15:08:13] 💓 心跳正常 (PID: 15217)
[2026-05-27 15:08:23] 💓 心跳正常 (PID: 15217)
[2026-05-27 15:08:34] 💓 心跳正常 (PID: 15217)
[2026-05-27 15:08:44] 💓 心跳正常 (PID: 15217)
[2026-05-27 15:08:54] 💓 心跳正常 (PID: 15217)
[2026-05-27 15:09:04] 💓 心跳正常 (PID: 15217)
[2026-05-27 15:09:15] 💓 心跳正常 (PID: 15217)
[2026-05-27 15:09:25] 💓 心跳正常 (PID: 15217)
[2026-05-27 15:09:35] 💓 心跳正常 (PID: 15217)
[2026-05-27 15:09:45] 💓 心跳正常 (PID: 15217)
[2026-05-27 15:09:56] 💓 心跳正常 (PID: 15217)
[2026-05-27 15:10:06] 💓 心跳正常 (PID: 15217)
[2026-05-27 15:10:16] 💓 心跳正常 (PID: 15217)
[2026-05-27 15:10:27] 💓 心跳正常 (PID: 15217)
[2026-05-27 15:10:37] 💓 心跳正常 (PID: 15217)
[2026-05-27 15:10:47] 💓 心跳正常 (PID: 15217)
[2026-05-27 15:10:57] 💓 心跳正常 (PID: 15217)
[2026-05-27 15:11:08] 💓 心跳正常 (PID: 15217)
[2026-05-27 15:11:18] 💓 心跳正常 (PID: 15217)
[2026-05-27 15:11:28] 💓 心跳正常 (PID: 15217)
[2026-05-27 15:11:39] 💓 心跳正常 (PID: 15217)
[2026-05-27 15:11:49] 💓 心跳正常 (PID: 15217)
[2026-05-27 15:11:59] 💓 心跳正常 (PID: 15217)
[2026-05-27 15:12:10] 💓 心跳正常 (PID: 15217)
[2026-05-27 15:12:20] 💓 心跳正常 (PID: 15217)
[2026-05-27 15:12:30] 💓 心跳正常 (PID: 15217)
[2026-05-27 15:12:41] 💓 心跳正常 (PID: 15217)
[2026-05-27 15:12:51] 💓 心跳正常 (PID: 15217)
[2026-05-27 15:13:01] 💓 心跳正常 (PID: 15217)
[2026-05-27 15:13:11] 💓 心跳正常 (PID: 15217)
[2026-05-27 15:13:22] 💓 心跳正常 (PID: 15217)
[2026-05-27 15:13:32] 💓 心跳正常 (PID: 15217)
[2026-05-27 15:13:42] 💓 心跳正常 (PID: 15217)
[2026-05-27 15:13:53] 💓 心跳正常 (PID: 15217)
[2026-05-27 15:14:03] 💓 心跳正常 (PID: 15217)
[2026-05-27 15:14:13] 💓 心跳正常 (PID: 15217)
[2026-05-27 15:14:24] 💓 心跳正常 (PID: 15217)
[2026-05-27 15:14:34] 💓 心跳正常 (PID: 15217)
[2026-05-27 15:14:44] 💓 心跳正常 (PID: 15217)
[2026-05-27 15:14:55] 💓 心跳正常 (PID: 15217)
[2026-05-27 15:15:05] 💓 心跳正常 (PID: 15217)
[2026-05-27 15:15:15] 💓 心跳正常 (PID: 15217)
[2026-05-27 15:15:26] 💓 心跳正常 (PID: 15217)
[2026-05-27 15:15:36] 💓 心跳正常 (PID: 15217)
[2026-05-27 15:15:46] 💓 心跳正常 (PID: 15217)
[2026-05-27 15:15:56] 💓 心跳正常 (PID: 15217)
[2026-05-27 15:16:07] 💓 心跳正常 (PID: 15217)
[2026-05-27 15:16:17] 💓 心跳正常 (PID: 15217)
[2026-05-27 15:16:27] 💓 心跳正常 (PID: 15217)
[2026-05-27 15:16:38] 💓 心跳正常 (PID: 15217)
[2026-05-27 15:16:48] 💓 心跳正常 (PID: 15217)
[2026-05-27 15:16:58] 💓 心跳正常 (PID: 15217)
[2026-05-27 15:17:09] 💓 心跳正常 (PID: 15217)
[2026-05-27 15:17:19] 💓 心跳正常 (PID: 15217)
[2026-05-27 15:17:29] 💓 心跳正常 (PID: 15217)
[2026-05-27 15:17:39] 💓 心跳正常 (PID: 15217)
[2026-05-27 15:17:49] 💓 心跳正常 (PID: 15217)
[2026-05-27 15:18:00] 💓 心跳正常 (PID: 15217)
[2026-05-27 15:18:10] 💓 心跳正常 (PID: 15217)
[2026-05-27 15:18:20] 💓 心跳正常 (PID: 15217)
[2026-05-27 15:18:30] 💓 心跳正常 (PID: 15217)
[2026-05-27 15:18:41] 💓 心跳正常 (PID: 15217)
[2026-05-27 15:18:51] 💓 心跳正常 (PID: 15217)
[2026-05-27 15:19:01] 💓 心跳正常 (PID: 15217)
[2026-05-27 15:19:11] 💓 心跳正常 (PID: 15217)
[2026-05-27 15:19:22] 💓 心跳正常 (PID: 15217)
[2026-05-27 15:19:32] 💓 心跳正常 (PID: 15217)
[2026-05-27 15:19:42] 💓 心跳正常 (PID: 15217)
[2026-05-27 15:19:53] 💓 心跳正常 (PID: 15217)
[2026-05-27 15:20:03] 💓 心跳正常 (PID: 15217)
[2026-05-27 15:20:13] 💓 心跳正常 (PID: 15217)
[2026-05-27 15:20:24] 💓 心跳正常 (PID: 15217)
[2026-05-27 15:20:34] 💓 心跳正常 (PID: 15217)
[2026-05-27 15:20:44] 💓 心跳正常 (PID: 15217)
[2026-05-27 15:20:54] 💓 心跳正常 (PID: 15217)
[2026-05-27 15:21:05] 💓 心跳正常 (PID: 15217)
[2026-05-27 15:21:15] 💓 心跳正常 (PID: 15217)
[2026-05-27 15:21:25] 💓 心跳正常 (PID: 15217)
[2026-05-27 15:21:36] 💓 心跳正常 (PID: 15217)
[2026-05-27 15:21:46] 💓 心跳正常 (PID: 15217)
[2026-05-27 15:21:56] 💓 心跳正常 (PID: 15217)
[2026-05-27 15:22:07] 💓 心跳正常 (PID: 15217)
[2026-05-27 15:22:17] 💓 心跳正常 (PID: 15217)
[2026-05-27 15:22:27] 💓 心跳正常 (PID: 15217)
[2026-05-27 15:22:38] 💓 心跳正常 (PID: 15217)
[2026-05-27 15:22:48] 💓 心跳正常 (PID: 15217)
[2026-05-27 15:22:58] 💓 心跳正常 (PID: 15217)
[2026-05-27 15:23:09] 💓 心跳正常 (PID: 15217)
[2026-05-27 15:23:19] 💓 心跳正常 (PID: 15217)
[2026-05-27 15:23:29] 💓 心跳正常 (PID: 15217)
[2026-05-27 15:23:40] 💓 心跳正常 (PID: 15217)
[2026-05-27 15:23:50] 💓 心跳正常 (PID: 15217)
[2026-05-27 15:24:00] 💓 心跳正常 (PID: 15217)
[2026-05-27 15:24:11] 💓 心跳正常 (PID: 15217)
[2026-05-27 15:24:21] 💓 心跳正常 (PID: 15217)
[2026-05-27 15:24:31] 💓 心跳正常 (PID: 15217)
[2026-05-27 15:24:42] 💓 心跳正常 (PID: 15217)
[2026-05-27 15:24:52] 💓 心跳正常 (PID: 15217)
[2026-05-27 15:25:02] 💓 心跳正常 (PID: 15217)
[2026-05-27 15:25:12] 💓 心跳正常 (PID: 15217)
[2026-05-27 15:25:23] 💓 心跳正常 (PID: 15217)
[2026-05-27 15:25:33] 💓 心跳正常 (PID: 15217)
[2026-05-27 15:25:43] 💓 心跳正常 (PID: 15217)
[2026-05-27 15:25:53] 💓 心跳正常 (PID: 15217)
[2026-05-27 15:26:04] 💓 心跳正常 (PID: 15217)
[2026-05-27 15:26:14] 💓 心跳正常 (PID: 15217)
[2026-05-27 15:26:25] 💓 心跳正常 (PID: 15217)
[2026-05-27 15:26:35] 💓 心跳正常 (PID: 15217)
[2026-05-27 15:26:45] 💓 心跳正常 (PID: 15217)
[2026-05-27 15:26:55] 💓 心跳正常 (PID: 15217)
[2026-05-27 15:27:06] 💓 心跳正常 (PID: 15217)
[2026-05-27 15:27:16] 💓 心跳正常 (PID: 15217)
[2026-05-27 15:27:26] 💓 心跳正常 (PID: 15217)
[2026-05-27 15:27:36] 💓 心跳正常 (PID: 15217)
[2026-05-27 15:27:46] 💓 心跳正常 (PID: 15217)
[2026-05-27 15:27:57] 💓 心跳正常 (PID: 15217)
[2026-05-27 15:28:07] 💓 心跳正常 (PID: 15217)
[2026-05-27 15:28:17] 💓 心跳正常 (PID: 15217)
[2026-05-27 15:28:28] 💓 心跳正常 (PID: 15217)
[2026-05-27 15:28:38] 💓 心跳正常 (PID: 15217)
[2026-05-27 15:28:48] 💓 心跳正常 (PID: 15217)
[2026-05-27 15:28:59] 💓 心跳正常 (PID: 15217)
[2026-05-27 15:29:09] 💓 心跳正常 (PID: 15217)
[2026-05-27 15:29:19] 💓 心跳正常 (PID: 15217)
[2026-05-27 15:29:30] 💓 心跳正常 (PID: 15217)
[2026-05-27 15:29:40] 💓 心跳正常 (PID: 15217)
[2026-05-27 15:29:50] 💓 心跳正常 (PID: 15217)
[2026-05-27 15:30:00] 💓 心跳正常 (PID: 15217)
[2026-05-27 15:30:11] 💓 心跳正常 (PID: 15217)
[2026-05-27 15:30:21] 💓 心跳正常 (PID: 15217)
[2026-05-27 15:30:31] 💓 心跳正常 (PID: 15217)
[2026-05-27 15:30:42] 💓 心跳正常 (PID: 15217)
[2026-05-27 15:30:52] 💓 心跳正常 (PID: 15217)
[2026-05-27 15:31:02] 💓 心跳正常 (PID: 15217)
[2026-05-27 15:31:13] 💓 心跳正常 (PID: 15217)
[2026-05-27 15:31:23] 💓 心跳正常 (PID: 15217)
[2026-05-27 15:31:33] 💓 心跳正常 (PID: 15217)
[2026-05-27 15:31:44] 💓 心跳正常 (PID: 15217)
[2026-05-27 15:31:54] 💓 心跳正常 (PID: 15217)
[2026-05-27 15:32:04] 💓 心跳正常 (PID: 15217)
[2026-05-27 15:32:15] 💓 心跳正常 (PID: 15217)
[2026-05-27 15:32:25] 💓 心跳正常 (PID: 15217)
[2026-05-27 15:32:35] 💓 心跳正常 (PID: 15217)
[2026-05-27 15:32:45] 💓 心跳正常 (PID: 15217)
[2026-05-27 15:32:55] 💓 心跳正常 (PID: 15217)
[2026-05-27 15:33:06] 💓 心跳正常 (PID: 15217)
[2026-05-27 15:33:16] 💓 心跳正常 (PID: 15217)
[2026-05-27 15:33:26] 💓 心跳正常 (PID: 15217)
[2026-05-27 15:33:37] 💓 心跳正常 (PID: 15217)
[2026-05-27 15:33:47] 💓 心跳正常 (PID: 15217)
[2026-05-27 15:33:58] 💓 心跳正常 (PID: 15217)
[2026-05-27 15:34:08] 💓 心跳正常 (PID: 15217)
[2026-05-27 15:34:18] 💓 心跳正常 (PID: 15217)
[2026-05-27 15:34:28] 💓 心跳正常 (PID: 15217)
[2026-05-27 15:34:39] 💓 心跳正常 (PID: 15217)
[2026-05-27 15:34:49] 💓 心跳正常 (PID: 15217)
[2026-05-27 15:34:59] 💓 心跳正常 (PID: 15217)
[2026-05-27 15:35:10] 💓 心跳正常 (PID: 15217)
[2026-05-27 15:35:20] 💓 心跳正常 (PID: 15217)
[2026-05-27 15:35:30] 💓 心跳正常 (PID: 15217)
[2026-05-27 15:35:41] 💓 心跳正常 (PID: 15217)
[2026-05-27 15:35:51] 💓 心跳正常 (PID: 15217)
[2026-05-27 15:36:01] 💓 心跳正常 (PID: 15217)
[2026-05-27 15:36:11] 💓 心跳正常 (PID: 15217)
[2026-05-27 15:36:21] 💓 心跳正常 (PID: 15217)
[2026-05-27 15:36:32] 💓 心跳正常 (PID: 15217)
[2026-05-27 15:36:42] 💓 心跳正常 (PID: 15217)
[2026-05-27 15:36:52] 💓 心跳正常 (PID: 15217)
[2026-05-27 15:37:02] 💓 心跳正常 (PID: 15217)
[2026-05-27 15:37:13] 💓 心跳正常 (PID: 15217)
[2026-05-27 15:37:23] 💓 心跳正常 (PID: 15217)
[2026-05-27 15:37:33] 💓 心跳正常 (PID: 15217)
[2026-05-27 15:37:44] 💓 心跳正常 (PID: 15217)
[2026-05-27 15:37:54] 💓 心跳正常 (PID: 15217)
[2026-05-27 15:38:04] 💓 心跳正常 (PID: 15217)
[2026-05-27 15:38:15] 💓 心跳正常 (PID: 15217)
[2026-05-27 15:38:25] 💓 心跳正常 (PID: 15217)
[2026-05-27 15:38:35] 💓 心跳正常 (PID: 15217)
[2026-05-27 15:38:45] 💓 心跳正常 (PID: 15217)
[2026-05-27 15:38:56] 💓 心跳正常 (PID: 15217)
[2026-05-27 15:39:06] 💓 心跳正常 (PID: 15217)
[2026-05-27 15:39:16] 💓 心跳正常 (PID: 15217)
[2026-05-27 15:39:27] 💓 心跳正常 (PID: 15217)
[2026-05-27 15:39:37] 💓 心跳正常 (PID: 15217)
[2026-05-27 15:39:47] 💓 心跳正常 (PID: 15217)
[2026-05-27 15:39:58] 💓 心跳正常 (PID: 15217)
[2026-05-27 15:40:08] 💓 心跳正常 (PID: 15217)
[2026-05-27 15:40:18] 💓 心跳正常 (PID: 15217)
[2026-05-27 15:40:29] 💓 心跳正常 (PID: 15217)
[2026-05-27 15:40:39] 💓 心跳正常 (PID: 15217)
[2026-05-27 15:40:49] 💓 心跳正常 (PID: 15217)
[2026-05-27 15:41:00] 💓 心跳正常 (PID: 15217)
[2026-05-27 15:41:10] 💓 心跳正常 (PID: 15217)
[2026-05-27 15:41:21] 💓 心跳正常 (PID: 15217)
[2026-05-27 15:41:31] 💓 心跳正常 (PID: 15217)
[2026-05-27 15:41:41] 💓 心跳正常 (PID: 15217)
[2026-05-27 15:41:51] 💓 心跳正常 (PID: 15217)
[2026-05-27 15:42:02] 💓 心跳正常 (PID: 15217)
[2026-05-27 15:42:12] 💓 心跳正常 (PID: 15217)
[2026-05-27 15:42:22] 💓 心跳正常 (PID: 15217)
[2026-05-27 15:42:32] 💓 心跳正常 (PID: 15217)
[2026-05-27 15:42:43] 💓 心跳正常 (PID: 15217)
[2026-05-27 15:42:53] 💓 心跳正常 (PID: 15217)
[2026-05-27 15:43:03] 💓 心跳正常 (PID: 15217)
[2026-05-27 15:43:14] 💓 心跳正常 (PID: 15217)
[2026-05-27 15:43:24] 💓 心跳正常 (PID: 15217)
[2026-05-27 15:43:34] 💓 心跳正常 (PID: 15217)
[2026-05-27 15:43:45] 💓 心跳正常 (PID: 15217)
[2026-05-27 15:43:55] 📁 交易日志 /root/.openclaw/logs/trading/monitor.log (6.5MB)，>10MB 时自动归档至 logs/trading/archive/
[2026-05-27 15:43:55] 💓 心跳正常 (PID: 15217)
[2026-05-27 15:44:05] 💓 心跳正常 (PID: 15217)
[2026-05-27 15:44:16] 💓 心跳正常 (PID: 15217)
[2026-05-27 15:44:26] 💓 心跳正常 (PID: 15217)
[2026-05-27 15:44:36] 💓 心跳正常 (PID: 15217)
[2026-05-27 15:44:46] 💓 心跳正常 (PID: 15217)
[2026-05-27 15:44:57] 💓 心跳正常 (PID: 15217)
[2026-05-27 15:45:07] 💓 心跳正常 (PID: 15217)
[2026-05-27 15:45:17] 💓 心跳正常 (PID: 15217)
[2026-05-27 15:45:28] 💓 心跳正常 (PID: 15217)
[2026-05-27 15:45:38] 💓 心跳正常 (PID: 15217)
[2026-05-27 15:45:48] 💓 心跳正常 (PID: 15217)
[2026-05-27 15:45:59] 💓 心跳正常 (PID: 15217)
[2026-05-27 15:46:09] 💓 心跳正常 (PID: 15217)
[2026-05-27 15:46:19] 💓 心跳正常 (PID: 15217)
[2026-05-27 15:46:30] 💓 心跳正常 (PID: 15217)
[2026-05-27 15:46:40] 💓 心跳正常 (PID: 15217)
[2026-05-27 15:46:50] 💓 心跳正常 (PID: 15217)
[2026-05-27 15:47:01] 💓 心跳正常 (PID: 15217)
[2026-05-27 15:47:11] 💓 心跳正常 (PID: 15217)
[2026-05-27 15:47:22] 💓 心跳正常 (PID: 15217)
[2026-05-27 15:47:32] 💓 心跳正常 (PID: 15217)
[2026-05-27 15:47:42] 💓 心跳正常 (PID: 15217)
[2026-05-27 15:47:52] 💓 心跳正常 (PID: 15217)
[2026-05-27 15:48:03] 💓 心跳正常 (PID: 15217)
[2026-05-27 15:48:13] 💓 心跳正常 (PID: 15217)
[2026-05-27 15:48:23] 💓 心跳正常 (PID: 15217)
[2026-05-27 15:48:33] 💓 心跳正常 (PID: 15217)
[2026-05-27 15:48:44] 💓 心跳正常 (PID: 15217)
[2026-05-27 15:48:54] 💓 心跳正常 (PID: 15217)
[2026-05-27 15:49:04] 💓 心跳正常 (PID: 15217)
[2026-05-27 15:49:14] 💓 心跳正常 (PID: 15217)
[2026-05-27 15:49:25] 💓 心跳正常 (PID: 15217)
[2026-05-27 15:49:35] 💓 心跳正常 (PID: 15217)
[2026-05-27 15:49:45] 💓 心跳正常 (PID: 15217)
[2026-05-27 15:49:55] 💓 心跳正常 (PID: 15217)
[2026-05-27 15:50:06] 💓 心跳正常 (PID: 15217)
[2026-05-27 15:50:16] 💓 心跳正常 (PID: 15217)
[2026-05-27 15:50:26] 💓 心跳正常 (PID: 15217)
[2026-05-27 15:50:37] 💓 心跳正常 (PID: 15217)
[2026-05-27 15:50:47] 💓 心跳正常 (PID: 15217)
[2026-05-27 15:50:57] 💓 心跳正常 (PID: 15217)
[2026-05-27 15:51:07] 💓 心跳正常 (PID: 15217)
[2026-05-27 15:51:18] 💓 心跳正常 (PID: 15217)
[2026-05-27 15:51:28] 💓 心跳正常 (PID: 15217)
[2026-05-27 15:51:38] 💓 心跳正常 (PID: 15217)
[2026-05-27 15:51:48] 💓 心跳正常 (PID: 15217)
[2026-05-27 15:51:59] 💓 心跳正常 (PID: 15217)
[2026-05-27 15:52:09] 💓 心跳正常 (PID: 15217)
[2026-05-27 15:52:19] 💓 心跳正常 (PID: 15217)
[2026-05-27 15:52:29] 💓 心跳正常 (PID: 15217)
[2026-05-27 15:52:40] 💓 心跳正常 (PID: 15217)
[2026-05-27 15:52:50] 💓 心跳正常 (PID: 15217)
[2026-05-27 15:53:00] 💓 心跳正常 (PID: 15217)
[2026-05-27 15:53:10] 💓 心跳正常 (PID: 15217)
[2026-05-27 15:53:21] 💓 心跳正常 (PID: 15217)
[2026-05-27 15:53:31] 💓 心跳正常 (PID: 15217)
[2026-05-27 15:53:41] 💓 心跳正常 (PID: 15217)
[2026-05-27 15:53:52] 💓 心跳正常 (PID: 15217)
[2026-05-27 15:54:02] 💓 心跳正常 (PID: 15217)
[2026-05-27 15:54:12] 💓 心跳正常 (PID: 15217)
[2026-05-27 15:54:22] 💓 心跳正常 (PID: 15217)
[2026-05-27 15:54:33] 💓 心跳正常 (PID: 15217)
[2026-05-27 15:54:43] 💓 心跳正常 (PID: 15217)
[2026-05-27 15:54:53] 💓 心跳正常 (PID: 15217)
[2026-05-27 15:55:04] 💓 心跳正常 (PID: 15217)
[2026-05-27 15:55:14] 💓 心跳正常 (PID: 15217)
[2026-05-27 15:55:24] 💓 心跳正常 (PID: 15217)
[2026-05-27 15:55:34] 💓 心跳正常 (PID: 15217)
[2026-05-27 15:55:45] 💓 心跳正常 (PID: 15217)
[2026-05-27 15:55:55] 💓 心跳正常 (PID: 15217)
[2026-05-27 15:56:05] 💓 心跳正常 (PID: 15217)
[2026-05-27 15:56:16] 💓 心跳正常 (PID: 15217)
[2026-05-27 15:56:26] 💓 心跳正常 (PID: 15217)
[2026-05-27 15:56:36] 💓 心跳正常 (PID: 15217)
[2026-05-27 15:56:47] 💓 心跳正常 (PID: 15217)
[2026-05-27 15:56:57] 💓 心跳正常 (PID: 15217)
[2026-05-27 15:57:07] 💓 心跳正常 (PID: 15217)
[2026-05-27 15:57:18] 💓 心跳正常 (PID: 15217)
[2026-05-27 15:57:28] 💓 心跳正常 (PID: 15217)
[2026-05-27 15:57:38] 💓 心跳正常 (PID: 15217)
[2026-05-27 15:57:48] 💓 心跳正常 (PID: 15217)
[2026-05-27 15:57:59] 💓 心跳正常 (PID: 15217)
[2026-05-27 15:58:09] 💓 心跳正常 (PID: 15217)
[2026-05-27 15:58:19] 💓 心跳正常 (PID: 15217)
[2026-05-27 15:58:30] 💓 心跳正常 (PID: 15217)
[2026-05-27 15:58:40] 💓 心跳正常 (PID: 15217)
[2026-05-27 15:58:50] 💓 心跳正常 (PID: 15217)
[2026-05-27 15:59:00] 💓 心跳正常 (PID: 15217)
[2026-05-27 15:59:11] 💓 心跳正常 (PID: 15217)
[2026-05-27 15:59:21] 💓 心跳正常 (PID: 15217)
[2026-05-27 15:59:31] 💓 心跳正常 (PID: 15217)
[2026-05-27 15:59:41] 💓 心跳正常 (PID: 15217)
[2026-05-27 15:59:52] 💓 心跳正常 (PID: 15217)
[2026-05-27 16:00:02] 💓 心跳正常 (PID: 15217)
[2026-05-27 16:00:13] 💓 心跳正常 (PID: 15217)
[2026-05-27 16:00:23] 💓 心跳正常 (PID: 15217)
[2026-05-27 16:00:33] 💓 心跳正常 (PID: 15217)
[2026-05-27 16:00:44] 💓 心跳正常 (PID: 15217)
[2026-05-27 16:00:54] 💓 心跳正常 (PID: 15217)
[2026-05-27 16:01:04] 💓 心跳正常 (PID: 15217)
[2026-05-27 16:01:15] 💓 心跳正常 (PID: 15217)
[2026-05-27 16:01:25] 💓 心跳正常 (PID: 15217)
[2026-05-27 16:01:35] 💓 心跳正常 (PID: 15217)
[2026-05-27 16:01:45] 💓 心跳正常 (PID: 15217)
[2026-05-27 16:01:56] 💓 心跳正常 (PID: 15217)
[2026-05-27 16:02:06] 💓 心跳正常 (PID: 15217)
[2026-05-27 16:02:16] 💓 心跳正常 (PID: 15217)
[2026-05-27 16:02:27] 💓 心跳正常 (PID: 15217)
[2026-05-27 16:02:37] 💓 心跳正常 (PID: 15217)
[2026-05-27 16:02:47] 💓 心跳正常 (PID: 15217)
[2026-05-27 16:02:58] 💓 心跳正常 (PID: 15217)
[2026-05-27 16:03:08] 💓 心跳正常 (PID: 15217)
[2026-05-27 16:03:18] 💓 心跳正常 (PID: 15217)
[2026-05-27 16:03:29] 💓 心跳正常 (PID: 15217)
[2026-05-27 16:03:39] 💓 心跳正常 (PID: 15217)
[2026-05-27 16:03:50] 💓 心跳正常 (PID: 15217)
[2026-05-27 16:04:00] 💓 心跳正常 (PID: 15217)
[2026-05-27 16:04:10] 💓 心跳正常 (PID: 15217)
[2026-05-27 16:04:21] 💓 心跳正常 (PID: 15217)
[2026-05-27 16:04:31] 💓 心跳正常 (PID: 15217)
[2026-05-27 16:04:41] 💓 心跳正常 (PID: 15217)
[2026-05-27 16:04:51] 💓 心跳正常 (PID: 15217)
[2026-05-27 16:05:02] 💓 心跳正常 (PID: 15217)
[2026-05-27 16:05:12] 💓 心跳正常 (PID: 15217)
[2026-05-27 16:05:22] 💓 心跳正常 (PID: 15217)
[2026-05-27 16:05:32] 💓 心跳正常 (PID: 15217)
[2026-05-27 16:05:43] 💓 心跳正常 (PID: 15217)
[2026-05-27 16:05:53] 💓 心跳正常 (PID: 15217)
[2026-05-27 16:06:04] 💓 心跳正常 (PID: 15217)
[2026-05-27 16:06:14] 💓 心跳正常 (PID: 15217)
[2026-05-27 16:06:24] 💓 心跳正常 (PID: 15217)
[2026-05-27 16:06:34] 💓 心跳正常 (PID: 15217)
[2026-05-27 16:06:45] 💓 心跳正常 (PID: 15217)
[2026-05-27 16:06:55] 💓 心跳正常 (PID: 15217)
[2026-05-27 16:07:05] 💓 心跳正常 (PID: 15217)
[2026-05-27 16:07:16] 💓 心跳正常 (PID: 15217)
[2026-05-27 16:07:26] 💓 心跳正常 (PID: 15217)
[2026-05-27 16:07:36] 💓 心跳正常 (PID: 15217)
[2026-05-27 16:07:47] 💓 心跳正常 (PID: 15217)
[2026-05-27 16:07:57] 💓 心跳正常 (PID: 15217)
[2026-05-27 16:08:07] 💓 心跳正常 (PID: 15217)
[2026-05-27 16:08:17] 💓 心跳正常 (PID: 15217)
[2026-05-27 16:08:28] 💓 心跳正常 (PID: 15217)
[2026-05-27 16:08:38] 💓 心跳正常 (PID: 15217)
[2026-05-27 16:08:48] 💓 心跳正常 (PID: 15217)
[2026-05-27 16:08:59] 💓 心跳正常 (PID: 15217)
[2026-05-27 16:09:09] 💓 心跳正常 (PID: 15217)
[2026-05-27 16:09:19] 💓 心跳正常 (PID: 15217)
[2026-05-27 16:09:30] 💓 心跳正常 (PID: 15217)
[2026-05-27 16:09:40] 💓 心跳正常 (PID: 15217)
[2026-05-27 16:09:50] 💓 心跳正常 (PID: 15217)
[2026-05-27 16:10:00] 💓 心跳正常 (PID: 15217)
[2026-05-27 16:10:10] 💓 心跳正常 (PID: 15217)
[2026-05-27 16:10:21] 💓 心跳正常 (PID: 15217)
[2026-05-27 16:10:31] 💓 心跳正常 (PID: 15217)
[2026-05-27 16:10:41] 💓 心跳正常 (PID: 15217)
[2026-05-27 16:10:52] 💓 心跳正常 (PID: 15217)
[2026-05-27 16:11:02] 💓 心跳正常 (PID: 15217)
[2026-05-27 16:11:12] 💓 心跳正常 (PID: 15217)
[2026-05-27 16:11:22] 💓 心跳正常 (PID: 15217)
[2026-05-27 16:11:33] 💓 心跳正常 (PID: 15217)
[2026-05-27 16:11:43] 💓 心跳正常 (PID: 15217)
[2026-05-27 16:11:53] 💓 心跳正常 (PID: 15217)
[2026-05-27 16:12:04] 💓 心跳正常 (PID: 15217)
[2026-05-27 16:12:14] 💓 心跳正常 (PID: 15217)
[2026-05-27 16:12:24] 💓 心跳正常 (PID: 15217)
[2026-05-27 16:12:34] 💓 心跳正常 (PID: 15217)
[2026-05-27 16:12:45] 💓 心跳正常 (PID: 15217)
[2026-05-27 16:12:55] 💓 心跳正常 (PID: 15217)
[2026-05-27 16:13:05] 💓 心跳正常 (PID: 15217)
[2026-05-27 16:13:16] 💓 心跳正常 (PID: 15217)
[2026-05-27 16:13:26] 💓 心跳正常 (PID: 15217)
[2026-05-27 16:13:36] 💓 心跳正常 (PID: 15217)
[2026-05-27 16:13:46] 💓 心跳正常 (PID: 15217)
[2026-05-27 16:13:57] 💓 心跳正常 (PID: 15217)
[2026-05-27 16:14:07] 💓 心跳正常 (PID: 15217)
[2026-05-27 16:14:17] 💓 心跳正常 (PID: 15217)
[2026-05-27 16:14:28] 💓 心跳正常 (PID: 15217)
[2026-05-27 16:14:38] 💓 心跳正常 (PID: 15217)
[2026-05-27 16:14:48] 💓 心跳正常 (PID: 15217)
[2026-05-27 16:14:58] 💓 心跳正常 (PID: 15217)
[2026-05-27 16:15:09] 💓 心跳正常 (PID: 15217)
[2026-05-27 16:15:19] 💓 心跳正常 (PID: 15217)
[2026-05-27 16:15:29] 💓 心跳正常 (PID: 15217)
[2026-05-27 16:15:40] 💓 心跳正常 (PID: 15217)
[2026-05-27 16:15:50] 💓 心跳正常 (PID: 15217)
[2026-05-27 16:16:00] 💓 心跳正常 (PID: 15217)
[2026-05-27 16:16:10] 💓 心跳正常 (PID: 15217)
[2026-05-27 16:16:21] 💓 心跳正常 (PID: 15217)
[2026-05-27 16:16:31] 💓 心跳正常 (PID: 15217)
[2026-05-27 16:16:41] 💓 心跳正常 (PID: 15217)
[2026-05-27 16:16:52] 💓 心跳正常 (PID: 15217)
[2026-05-27 16:17:02] 💓 心跳正常 (PID: 15217)
[2026-05-27 16:17:12] 💓 心跳正常 (PID: 15217)
[2026-05-27 16:17:23] 💓 心跳正常 (PID: 15217)
[2026-05-27 16:17:33] 💓 心跳正常 (PID: 15217)
[2026-05-27 16:17:43] 💓 心跳正常 (PID: 15217)
[2026-05-27 16:17:53] 💓 心跳正常 (PID: 15217)
[2026-05-27 16:18:04] 💓 心跳正常 (PID: 15217)
[2026-05-27 16:18:14] 💓 心跳正常 (PID: 15217)
[2026-05-27 16:18:24] 💓 心跳正常 (PID: 15217)
[2026-05-27 16:18:35] 💓 心跳正常 (PID: 15217)
[2026-05-27 16:18:45] 💓 心跳正常 (PID: 15217)
[2026-05-27 16:18:55] 💓 心跳正常 (PID: 15217)
[2026-05-27 16:19:05] 💓 心跳正常 (PID: 15217)
[2026-05-27 16:19:16] 💓 心跳正常 (PID: 15217)
[2026-05-27 16:19:26] 💓 心跳正常 (PID: 15217)
[2026-05-27 16:19:36] 💓 心跳正常 (PID: 15217)
[2026-05-27 16:19:47] 💓 心跳正常 (PID: 15217)
[2026-05-27 16:19:57] 💓 心跳正常 (PID: 15217)
[2026-05-27 16:20:07] 💓 心跳正常 (PID: 15217)
[2026-05-27 16:20:17] 💓 心跳正常 (PID: 15217)
[2026-05-27 16:20:28] 💓 心跳正常 (PID: 15217)
[2026-05-27 16:20:38] 💓 心跳正常 (PID: 15217)
[2026-05-27 16:20:48] 💓 心跳正常 (PID: 15217)
[2026-05-27 16:20:59] 💓 心跳正常 (PID: 15217)
[2026-05-27 16:21:09] 💓 心跳正常 (PID: 15217)
[2026-05-27 16:21:19] 💓 心跳正常 (PID: 15217)
[2026-05-27 16:21:30] 💓 心跳正常 (PID: 15217)
[2026-05-27 16:21:40] 💓 心跳正常 (PID: 15217)
[2026-05-27 16:21:50] 💓 心跳正常 (PID: 15217)
[2026-05-27 16:22:00] 💓 心跳正常 (PID: 15217)
[2026-05-27 16:22:10] 💓 心跳正常 (PID: 15217)
[2026-05-27 16:22:21] 💓 心跳正常 (PID: 15217)
[2026-05-27 16:22:31] 💓 心跳正常 (PID: 15217)
[2026-05-27 16:22:41] 💓 心跳正常 (PID: 15217)
[2026-05-27 16:22:52] 💓 心跳正常 (PID: 15217)
[2026-05-27 16:23:02] 💓 心跳正常 (PID: 15217)
[2026-05-27 16:23:12] 💓 心跳正常 (PID: 15217)
[2026-05-27 16:23:22] 💓 心跳正常 (PID: 15217)
[2026-05-27 16:23:33] 💓 心跳正常 (PID: 15217)
[2026-05-27 16:23:43] 💓 心跳正常 (PID: 15217)
[2026-05-27 16:23:53] 💓 心跳正常 (PID: 15217)
[2026-05-27 16:24:03] 💓 心跳正常 (PID: 15217)
[2026-05-27 16:24:14] 💓 心跳正常 (PID: 15217)
[2026-05-27 16:24:24] 💓 心跳正常 (PID: 15217)
[2026-05-27 16:24:34] 💓 心跳正常 (PID: 15217)
[2026-05-27 16:24:45] 💓 心跳正常 (PID: 15217)
[2026-05-27 16:24:55] 💓 心跳正常 (PID: 15217)
[2026-05-27 16:25:05] 💓 心跳正常 (PID: 15217)
[2026-05-27 16:25:15] 💓 心跳正常 (PID: 15217)
[2026-05-27 16:25:26] 💓 心跳正常 (PID: 15217)
[2026-05-27 16:25:36] 💓 心跳正常 (PID: 15217)
[2026-05-27 16:25:46] 💓 心跳正常 (PID: 15217)
[2026-05-27 16:25:57] 💓 心跳正常 (PID: 15217)
[2026-05-27 16:26:07] 💓 心跳正常 (PID: 15217)
[2026-05-27 16:26:17] 💓 心跳正常 (PID: 15217)
[2026-05-27 16:26:27] 💓 心跳正常 (PID: 15217)
[2026-05-27 16:26:38] 💓 心跳正常 (PID: 15217)
[2026-05-27 16:26:48] 💓 心跳正常 (PID: 15217)
[2026-05-27 16:26:58] 💓 心跳正常 (PID: 15217)
[2026-05-27 16:27:08] 💓 心跳正常 (PID: 15217)
[2026-05-27 16:27:18] 💓 心跳正常 (PID: 15217)
[2026-05-27 16:27:29] 💓 心跳正常 (PID: 15217)
[2026-05-27 16:27:39] 💓 心跳正常 (PID: 15217)
[2026-05-27 16:27:49] 💓 心跳正常 (PID: 15217)
[2026-05-27 16:28:00] 💓 心跳正常 (PID: 15217)
[2026-05-27 16:28:10] 💓 心跳正常 (PID: 15217)
[2026-05-27 16:28:20] 💓 心跳正常 (PID: 15217)
[2026-05-27 16:28:30] 💓 心跳正常 (PID: 15217)
[2026-05-27 16:28:41] 💓 心跳正常 (PID: 15217)
[2026-05-27 16:28:51] 💓 心跳正常 (PID: 15217)
[2026-05-27 16:29:02] 💓 心跳正常 (PID: 15217)
[2026-05-27 16:29:12] 💓 心跳正常 (PID: 15217)
[2026-05-27 16:29:22] 💓 心跳正常 (PID: 15217)
[2026-05-27 16:29:33] 💓 心跳正常 (PID: 15217)
[2026-05-27 16:29:43] 💓 心跳正常 (PID: 15217)
[2026-05-27 16:29:53] 💓 心跳正常 (PID: 15217)
[2026-05-27 16:30:03] 💓 心跳正常 (PID: 15217)
[2026-05-27 16:30:14] 💓 心跳正常 (PID: 15217)
[2026-05-27 16:30:24] 💓 心跳正常 (PID: 15217)
[2026-05-27 16:30:34] 💓 心跳正常 (PID: 15217)
[2026-05-27 16:30:44] 💓 心跳正常 (PID: 15217)
[2026-05-27 16:30:55] 💓 心跳正常 (PID: 15217)
[2026-05-27 16:31:05] 💓 心跳正常 (PID: 15217)
[2026-05-27 16:31:15] 💓 心跳正常 (PID: 15217)
[2026-05-27 16:31:25] 💓 心跳正常 (PID: 15217)
[2026-05-27 16:31:36] 💓 心跳正常 (PID: 15217)
[2026-05-27 16:31:46] 💓 心跳正常 (PID: 15217)
[2026-05-27 16:31:56] 💓 心跳正常 (PID: 15217)
[2026-05-27 16:32:07] 💓 心跳正常 (PID: 15217)
[2026-05-27 16:32:17] 💓 心跳正常 (PID: 15217)
[2026-05-27 16:32:28] 💓 心跳正常 (PID: 15217)
[2026-05-27 16:32:38] 💓 心跳正常 (PID: 15217)
[2026-05-27 16:32:48] 💓 心跳正常 (PID: 15217)
[2026-05-27 16:32:59] 💓 心跳正常 (PID: 15217)
[2026-05-27 16:33:09] 💓 心跳正常 (PID: 15217)
[2026-05-27 16:33:19] 💓 心跳正常 (PID: 15217)
[2026-05-27 16:33:30] 💓 心跳正常 (PID: 15217)
[2026-05-27 16:33:40] 💓 心跳正常 (PID: 15217)
[2026-05-27 16:33:50] 💓 心跳正常 (PID: 15217)
[2026-05-27 16:34:01] 💓 心跳正常 (PID: 15217)
[2026-05-27 16:34:11] 💓 心跳正常 (PID: 15217)
[2026-05-27 16:34:21] 💓 心跳正常 (PID: 15217)
[2026-05-27 16:34:31] 💓 心跳正常 (PID: 15217)
[2026-05-27 16:34:42] 💓 心跳正常 (PID: 15217)
[2026-05-27 16:34:52] 💓 心跳正常 (PID: 15217)
[2026-05-27 16:35:02] 💓 心跳正常 (PID: 15217)
[2026-05-27 16:35:13] 💓 心跳正常 (PID: 15217)
[2026-05-27 16:35:23] 💓 心跳正常 (PID: 15217)
[2026-05-27 16:35:33] 💓 心跳正常 (PID: 15217)
[2026-05-27 16:35:44] 💓 心跳正常 (PID: 15217)
[2026-05-27 16:35:54] 💓 心跳正常 (PID: 15217)
[2026-05-27 16:36:04] 💓 心跳正常 (PID: 15217)
[2026-05-27 16:36:15] 💓 心跳正常 (PID: 15217)
[2026-05-27 16:36:25] 💓 心跳正常 (PID: 15217)
[2026-05-27 16:36:35] 💓 心跳正常 (PID: 15217)
[2026-05-27 16:36:45] 💓 心跳正常 (PID: 15217)
[2026-05-27 16:36:56] 💓 心跳正常 (PID: 15217)
[2026-05-27 16:37:06] 💓 心跳正常 (PID: 15217)
[2026-05-27 16:37:16] 💓 心跳正常 (PID: 15217)
[2026-05-27 16:37:26] 💓 心跳正常 (PID: 15217)
[2026-05-27 16:37:37] 💓 心跳正常 (PID: 15217)
[2026-05-27 16:37:47] 💓 心跳正常 (PID: 15217)
[2026-05-27 16:37:57] 💓 心跳正常 (PID: 15217)
[2026-05-27 16:38:08] 💓 心跳正常 (PID: 15217)
[2026-05-27 16:38:18] 💓 心跳正常 (PID: 15217)
[2026-05-27 16:38:28] 💓 心跳正常 (PID: 15217)
[2026-05-27 16:38:39] 💓 心跳正常 (PID: 15217)
[2026-05-27 16:38:49] 💓 心跳正常 (PID: 15217)
[2026-05-27 16:38:59] 💓 心跳正常 (PID: 15217)
[2026-05-27 16:39:10] 💓 心跳正常 (PID: 15217)
[2026-05-27 16:39:20] 💓 心跳正常 (PID: 15217)
[2026-05-27 16:39:30] 💓 心跳正常 (PID: 15217)
[2026-05-27 16:39:41] 💓 心跳正常 (PID: 15217)
[2026-05-27 16:39:51] 💓 心跳正常 (PID: 15217)
[2026-05-27 16:40:01] 💓 心跳正常 (PID: 15217)
[2026-05-27 16:40:11] 💓 心跳正常 (PID: 15217)
[2026-05-27 16:40:22] 💓 心跳正常 (PID: 15217)
[2026-05-27 16:40:32] 💓 心跳正常 (PID: 15217)
[2026-05-27 16:40:42] 💓 心跳正常 (PID: 15217)
[2026-05-27 16:40:53] 💓 心跳正常 (PID: 15217)
[2026-05-27 16:41:03] 💓 心跳正常 (PID: 15217)
[2026-05-27 16:41:13] 💓 心跳正常 (PID: 15217)
[2026-05-27 16:41:24] 💓 心跳正常 (PID: 15217)
[2026-05-27 16:41:34] 💓 心跳正常 (PID: 15217)
[2026-05-27 16:41:45] 💓 心跳正常 (PID: 15217)
[2026-05-27 16:41:55] 💓 心跳正常 (PID: 15217)
[2026-05-27 16:42:05] 💓 心跳正常 (PID: 15217)
[2026-05-27 16:42:15] 💓 心跳正常 (PID: 15217)
[2026-05-27 16:42:26] 💓 心跳正常 (PID: 15217)
[2026-05-27 16:42:36] 💓 心跳正常 (PID: 15217)
[2026-05-27 16:42:46] 💓 心跳正常 (PID: 15217)
[2026-05-27 16:42:57] 💓 心跳正常 (PID: 15217)
[2026-05-27 16:43:07] 💓 心跳正常 (PID: 15217)
[2026-05-27 16:43:17] 💓 心跳正常 (PID: 15217)
[2026-05-27 16:43:27] 💓 心跳正常 (PID: 15217)
[2026-05-27 16:43:38] 💓 心跳正常 (PID: 15217)
[2026-05-27 16:43:48] 💓 心跳正常 (PID: 15217)
[2026-05-27 16:43:58] 📁 交易日志 /root/.openclaw/logs/trading/monitor.log (6.5MB)，>10MB 时自动归档至 logs/trading/archive/
[2026-05-27 16:43:58] 💓 心跳正常 (PID: 15217)
[2026-05-27 16:44:09] 💓 心跳正常 (PID: 15217)
[2026-05-27 16:44:19] 💓 心跳正常 (PID: 15217)
[2026-05-27 16:44:29] 💓 心跳正常 (PID: 15217)
[2026-05-27 16:44:39] 💓 心跳正常 (PID: 15217)
[2026-05-27 16:44:50] 💓 心跳正常 (PID: 15217)
[2026-05-27 16:45:00] 💓 心跳正常 (PID: 15217)
[2026-05-27 16:45:10] 💓 心跳正常 (PID: 15217)
[2026-05-27 16:45:21] 💓 心跳正常 (PID: 15217)
[2026-05-27 16:45:31] 💓 心跳正常 (PID: 15217)
[2026-05-27 16:45:42] 💓 心跳正常 (PID: 15217)
[2026-05-27 16:45:52] 💓 心跳正常 (PID: 15217)
[2026-05-27 16:46:02] 💓 心跳正常 (PID: 15217)
[2026-05-27 16:46:12] 💓 心跳正常 (PID: 15217)
[2026-05-27 16:46:22] 💓 心跳正常 (PID: 15217)
[2026-05-27 16:46:33] 💓 心跳正常 (PID: 15217)
[2026-05-27 16:46:43] 💓 心跳正常 (PID: 15217)
[2026-05-27 16:46:53] 💓 心跳正常 (PID: 15217)
[2026-05-27 16:47:04] 💓 心跳正常 (PID: 15217)
[2026-05-27 16:47:14] 💓 心跳正常 (PID: 15217)
[2026-05-27 16:47:24] 💓 心跳正常 (PID: 15217)
[2026-05-27 16:47:35] 💓 心跳正常 (PID: 15217)
[2026-05-27 16:47:45] 💓 心跳正常 (PID: 15217)
[2026-05-27 16:47:56] 💓 心跳正常 (PID: 15217)
[2026-05-27 16:48:06] 💓 心跳正常 (PID: 15217)
[2026-05-27 16:48:16] 💓 心跳正常 (PID: 15217)
[2026-05-27 16:48:27] 💓 心跳正常 (PID: 15217)
[2026-05-27 16:48:37] 💓 心跳正常 (PID: 15217)
[2026-05-27 16:48:47] 💓 心跳正常 (PID: 15217)
[2026-05-27 16:48:58] 💓 心跳正常 (PID: 15217)
[2026-05-27 16:49:08] 💓 心跳正常 (PID: 15217)
[2026-05-27 16:49:18] 💓 心跳正常 (PID: 15217)
[2026-05-27 16:49:28] 💓 心跳正常 (PID: 15217)
[2026-05-27 16:49:39] 💓 心跳正常 (PID: 15217)
[2026-05-27 16:49:49] 💓 心跳正常 (PID: 15217)
[2026-05-27 16:49:59] 💓 心跳正常 (PID: 15217)
[2026-05-27 16:50:10] 💓 心跳正常 (PID: 15217)
[2026-05-27 16:50:20] 💓 心跳正常 (PID: 15217)
[2026-05-27 16:50:30] 💓 心跳正常 (PID: 15217)
[2026-05-27 16:50:41] 💓 心跳正常 (PID: 15217)
[2026-05-27 16:50:51] 💓 心跳正常 (PID: 15217)
[2026-05-27 16:51:01] 💓 心跳正常 (PID: 15217)
[2026-05-27 16:51:12] 💓 心跳正常 (PID: 15217)
[2026-05-27 16:51:22] 💓 心跳正常 (PID: 15217)
[2026-05-27 16:51:32] 💓 心跳正常 (PID: 15217)
[2026-05-27 16:51:43] 💓 心跳正常 (PID: 15217)
[2026-05-27 16:51:53] 💓 心跳正常 (PID: 15217)
[2026-05-27 16:52:03] 💓 心跳正常 (PID: 15217)
[2026-05-27 16:52:14] 💓 心跳正常 (PID: 15217)
[2026-05-27 16:52:24] 💓 心跳正常 (PID: 15217)
[2026-05-27 16:52:34] 💓 心跳正常 (PID: 15217)
[2026-05-27 16:52:44] 💓 心跳正常 (PID: 15217)
[2026-05-27 16:52:55] 💓 心跳正常 (PID: 15217)
[2026-05-27 16:53:05] 💓 心跳正常 (PID: 15217)
[2026-05-27 16:53:15] 💓 心跳正常 (PID: 15217)
[2026-05-27 16:53:26] 💓 心跳正常 (PID: 15217)
[2026-05-27 16:53:36] 💓 心跳正常 (PID: 15217)
[2026-05-27 16:53:46] 💓 心跳正常 (PID: 15217)
[2026-05-27 16:53:57] 💓 心跳正常 (PID: 15217)
[2026-05-27 16:54:07] 💓 心跳正常 (PID: 15217)
[2026-05-27 16:54:17] 💓 心跳正常 (PID: 15217)
[2026-05-27 16:54:28] 💓 心跳正常 (PID: 15217)
[2026-05-27 16:54:38] 💓 心跳正常 (PID: 15217)
[2026-05-27 16:54:48] 💓 心跳正常 (PID: 15217)
[2026-05-27 16:54:59] 💓 心跳正常 (PID: 15217)
[2026-05-27 16:55:09] 💓 心跳正常 (PID: 15217)
[2026-05-27 16:55:19] 💓 心跳正常 (PID: 15217)
[2026-05-27 16:55:29] 💓 心跳正常 (PID: 15217)
[2026-05-27 16:55:40] 💓 心跳正常 (PID: 15217)
[2026-05-27 16:55:50] 💓 心跳正常 (PID: 15217)
[2026-05-27 16:56:00] 💓 心跳正常 (PID: 15217)
[2026-05-27 16:56:10] 💓 心跳正常 (PID: 15217)
[2026-05-27 16:56:21] 💓 心跳正常 (PID: 15217)
[2026-05-27 16:56:31] 💓 心跳正常 (PID: 15217)
[2026-05-27 16:56:42] 💓 心跳正常 (PID: 15217)
[2026-05-27 16:56:52] 💓 心跳正常 (PID: 15217)
[2026-05-27 16:57:02] 💓 心跳正常 (PID: 15217)
[2026-05-27 16:57:12] 💓 心跳正常 (PID: 15217)
[2026-05-27 16:57:23] 💓 心跳正常 (PID: 15217)
[2026-05-27 16:57:33] 💓 心跳正常 (PID: 15217)
[2026-05-27 16:57:44] 💓 心跳正常 (PID: 15217)
[2026-05-27 16:57:54] 💓 心跳正常 (PID: 15217)
[2026-05-27 16:58:04] 💓 心跳正常 (PID: 15217)
[2026-05-27 16:58:15] 💓 心跳正常 (PID: 15217)
[2026-05-27 16:58:25] 💓 心跳正常 (PID: 15217)
[2026-05-27 16:58:35] 💓 心跳正常 (PID: 15217)
[2026-05-27 16:58:45] 💓 心跳正常 (PID: 15217)
[2026-05-27 16:58:56] 💓 心跳正常 (PID: 15217)
[2026-05-27 16:59:06] 💓 心跳正常 (PID: 15217)
[2026-05-27 16:59:16] 💓 心跳正常 (PID: 15217)
[2026-05-27 16:59:27] 💓 心跳正常 (PID: 15217)
[2026-05-27 16:59:37] 💓 心跳正常 (PID: 15217)
[2026-05-27 16:59:47] 💓 心跳正常 (PID: 15217)
[2026-05-27 16:59:58] 💓 心跳正常 (PID: 15217)
[2026-05-27 17:00:08] 💓 心跳正常 (PID: 15217)
[2026-05-27 17:00:18] 💓 心跳正常 (PID: 15217)
[2026-05-27 17:00:29] 💓 心跳正常 (PID: 15217)
[2026-05-27 17:00:39] 💓 心跳正常 (PID: 15217)
[2026-05-27 17:00:49] 💓 心跳正常 (PID: 15217)
[2026-05-27 17:01:00] 💓 心跳正常 (PID: 15217)
[2026-05-27 17:01:10] 💓 心跳正常 (PID: 15217)
[2026-05-27 17:01:20] 💓 心跳正常 (PID: 15217)
[2026-05-27 17:01:31] 💓 心跳正常 (PID: 15217)
[2026-05-27 17:01:41] 💓 心跳正常 (PID: 15217)
[2026-05-27 17:01:51] 💓 心跳正常 (PID: 15217)
[2026-05-27 17:02:02] 💓 心跳正常 (PID: 15217)
[2026-05-27 17:02:12] 💓 心跳正常 (PID: 15217)
[2026-05-27 17:02:22] 💓 心跳正常 (PID: 15217)
[2026-05-27 17:02:33] 💓 心跳正常 (PID: 15217)
[2026-05-27 17:02:43] 💓 心跳正常 (PID: 15217)
[2026-05-27 17:02:53] 💓 心跳正常 (PID: 15217)
[2026-05-27 17:03:04] 💓 心跳正常 (PID: 15217)
[2026-05-27 17:03:14] 💓 心跳正常 (PID: 15217)
[2026-05-27 17:03:24] 💓 心跳正常 (PID: 15217)
[2026-05-27 17:03:35] 💓 心跳正常 (PID: 15217)
[2026-05-27 17:03:45] 💓 心跳正常 (PID: 15217)
[2026-05-27 17:03:55] 💓 心跳正常 (PID: 15217)
[2026-05-27 17:04:06] 💓 心跳正常 (PID: 15217)
[2026-05-27 17:04:16] 💓 心跳正常 (PID: 15217)
[2026-05-27 17:04:26] 💓 心跳正常 (PID: 15217)
[2026-05-27 17:04:37] 💓 心跳正常 (PID: 15217)
[2026-05-27 17:04:47] 💓 心跳正常 (PID: 15217)
[2026-05-27 17:04:57] 💓 心跳正常 (PID: 15217)
[2026-05-27 17:05:08] 💓 心跳正常 (PID: 15217)
[2026-05-27 17:05:18] 💓 心跳正常 (PID: 15217)
[2026-05-27 17:05:28] 💓 心跳正常 (PID: 15217)
[2026-05-27 17:05:38] 💓 心跳正常 (PID: 15217)
[2026-05-27 17:05:49] 💓 心跳正常 (PID: 15217)
[2026-05-27 17:05:59] 💓 心跳正常 (PID: 15217)
[2026-05-27 17:06:10] 💓 心跳正常 (PID: 15217)
[2026-05-27 17:06:20] 💓 心跳正常 (PID: 15217)
[2026-05-27 17:06:30] 💓 心跳正常 (PID: 15217)
[2026-05-27 17:06:41] 💓 心跳正常 (PID: 15217)
[2026-05-27 17:06:51] 💓 心跳正常 (PID: 15217)
[2026-05-27 17:07:01] 💓 心跳正常 (PID: 15217)
[2026-05-27 17:07:12] 💓 心跳正常 (PID: 15217)
[2026-05-27 17:07:22] 💓 心跳正常 (PID: 15217)
[2026-05-27 17:07:32] 💓 心跳正常 (PID: 15217)
[2026-05-27 17:07:43] 💓 心跳正常 (PID: 15217)
[2026-05-27 17:07:53] 💓 心跳正常 (PID: 15217)
[2026-05-27 17:08:03] 💓 心跳正常 (PID: 15217)
[2026-05-27 17:08:13] 💓 心跳正常 (PID: 15217)
[2026-05-27 17:08:24] 💓 心跳正常 (PID: 15217)
[2026-05-27 17:08:34] 💓 心跳正常 (PID: 15217)
[2026-05-27 17:08:44] 💓 心跳正常 (PID: 15217)
[2026-05-27 17:08:55] 💓 心跳正常 (PID: 15217)
[2026-05-27 17:09:05] 💓 心跳正常 (PID: 15217)
[2026-05-27 17:09:15] 💓 心跳正常 (PID: 15217)
[2026-05-27 17:09:26] 💓 心跳正常 (PID: 15217)
[2026-05-27 17:09:36] 💓 心跳正常 (PID: 15217)
[2026-05-27 17:09:46] 💓 心跳正常 (PID: 15217)
[2026-05-27 17:09:57] 💓 心跳正常 (PID: 15217)
[2026-05-27 17:10:07] 💓 心跳正常 (PID: 15217)
[2026-05-27 17:10:17] 💓 心跳正常 (PID: 15217)
[2026-05-27 17:10:28] 💓 心跳正常 (PID: 15217)
[2026-05-27 17:10:38] 💓 心跳正常 (PID: 15217)
[2026-05-27 17:10:48] 💓 心跳正常 (PID: 15217)
[2026-05-27 17:10:58] 💓 心跳正常 (PID: 15217)
[2026-05-27 17:11:09] 💓 心跳正常 (PID: 15217)
[2026-05-27 17:11:19] 💓 心跳正常 (PID: 15217)
[2026-05-27 17:11:29] 💓 心跳正常 (PID: 15217)
[2026-05-27 17:11:40] 💓 心跳正常 (PID: 15217)
[2026-05-27 17:11:50] 💓 心跳正常 (PID: 15217)
[2026-05-27 17:12:00] 💓 心跳正常 (PID: 15217)
[2026-05-27 17:12:11] 💓 心跳正常 (PID: 15217)
[2026-05-27 17:12:21] 💓 心跳正常 (PID: 15217)
[2026-05-27 17:12:31] 💓 心跳正常 (PID: 15217)
[2026-05-27 17:12:42] 💓 心跳正常 (PID: 15217)
[2026-05-27 17:12:52] 💓 心跳正常 (PID: 15217)
[2026-05-27 17:13:02] 💓 心跳正常 (PID: 15217)
[2026-05-27 17:13:13] 💓 心跳正常 (PID: 15217)
[2026-05-27 17:13:23] 💓 心跳正常 (PID: 15217)
[2026-05-27 17:13:33] 💓 心跳正常 (PID: 15217)
[2026-05-27 17:13:43] 💓 心跳正常 (PID: 15217)
[2026-05-27 17:13:54] 💓 心跳正常 (PID: 15217)
[2026-05-27 17:14:04] 💓 心跳正常 (PID: 15217)
[2026-05-27 17:14:14] 💓 心跳正常 (PID: 15217)
[2026-05-27 17:14:25] 💓 心跳正常 (PID: 15217)
[2026-05-27 17:14:35] 💓 心跳正常 (PID: 15217)
[2026-05-27 17:14:45] 💓 心跳正常 (PID: 15217)
[2026-05-27 17:14:56] 💓 心跳正常 (PID: 15217)
[2026-05-27 17:15:06] 💓 心跳正常 (PID: 15217)
[2026-05-27 17:15:16] 💓 心跳正常 (PID: 15217)
[2026-05-27 17:15:27] 💓 心跳正常 (PID: 15217)
[2026-05-27 17:15:37] 💓 心跳正常 (PID: 15217)
[2026-05-27 17:15:47] 💓 心跳正常 (PID: 15217)
[2026-05-27 17:15:57] 💓 心跳正常 (PID: 15217)
[2026-05-27 17:16:08] 💓 心跳正常 (PID: 15217)
[2026-05-27 17:16:18] 💓 心跳正常 (PID: 15217)
[2026-05-27 17:16:28] 💓 心跳正常 (PID: 15217)
[2026-05-27 17:16:39] 💓 心跳正常 (PID: 15217)
[2026-05-27 17:16:49] 💓 心跳正常 (PID: 15217)
[2026-05-27 17:16:59] 💓 心跳正常 (PID: 15217)
[2026-05-27 17:17:10] 💓 心跳正常 (PID: 15217)
[2026-05-27 17:17:20] 💓 心跳正常 (PID: 15217)
[2026-05-27 17:17:30] 💓 心跳正常 (PID: 15217)
[2026-05-27 17:17:40] 💓 心跳正常 (PID: 15217)
[2026-05-27 17:17:51] 💓 心跳正常 (PID: 15217)
[2026-05-27 17:18:01] 💓 心跳正常 (PID: 15217)
[2026-05-27 17:18:11] 💓 心跳正常 (PID: 15217)
[2026-05-27 17:18:22] 💓 心跳正常 (PID: 15217)
[2026-05-27 17:18:32] 💓 心跳正常 (PID: 15217)
[2026-05-27 17:18:42] 💓 心跳正常 (PID: 15217)
[2026-05-27 17:18:53] 💓 心跳正常 (PID: 15217)
[2026-05-27 17:19:03] 💓 心跳正常 (PID: 15217)
[2026-05-27 17:19:13] 💓 心跳正常 (PID: 15217)
[2026-05-27 17:19:24] 💓 心跳正常 (PID: 15217)
[2026-05-27 17:19:34] 💓 心跳正常 (PID: 15217)
[2026-05-27 17:19:44] 💓 心跳正常 (PID: 15217)
[2026-05-27 17:19:55] 💓 心跳正常 (PID: 15217)
[2026-05-27 17:20:05] 💓 心跳正常 (PID: 15217)
[2026-05-27 17:20:15] 💓 心跳正常 (PID: 15217)
[2026-05-27 17:20:26] 💓 心跳正常 (PID: 15217)
[2026-05-27 17:20:36] 💓 心跳正常 (PID: 15217)
[2026-05-27 17:20:46] 💓 心跳正常 (PID: 15217)
[2026-05-27 17:20:57] 💓 心跳正常 (PID: 15217)
[2026-05-27 17:21:07] 💓 心跳正常 (PID: 15217)
[2026-05-27 17:21:17] 💓 心跳正常 (PID: 15217)
[2026-05-27 17:21:27] 💓 心跳正常 (PID: 15217)
[2026-05-27 17:21:38] 💓 心跳正常 (PID: 15217)
[2026-05-27 17:21:48] 💓 心跳正常 (PID: 15217)
[2026-05-27 17:21:58] 💓 心跳正常 (PID: 15217)
[2026-05-27 17:22:09] 💓 心跳正常 (PID: 15217)
[2026-05-27 17:22:19] 💓 心跳正常 (PID: 15217)
[2026-05-27 17:22:29] 💓 心跳正常 (PID: 15217)
[2026-05-27 17:22:40] 💓 心跳正常 (PID: 15217)
[2026-05-27 17:22:50] 💓 心跳正常 (PID: 15217)
[2026-05-27 17:23:00] 💓 心跳正常 (PID: 15217)
[2026-05-27 17:23:11] 💓 心跳正常 (PID: 15217)
[2026-05-27 17:23:21] 💓 心跳正常 (PID: 15217)
[2026-05-27 17:23:31] 💓 心跳正常 (PID: 15217)
[2026-05-27 17:23:41] 💓 心跳正常 (PID: 15217)
[2026-05-27 17:23:52] 💓 心跳正常 (PID: 15217)
[2026-05-27 17:24:02] 💓 心跳正常 (PID: 15217)
[2026-05-27 17:24:12] 💓 心跳正常 (PID: 15217)
[2026-05-27 17:24:23] 💓 心跳正常 (PID: 15217)
[2026-05-27 17:24:33] 💓 心跳正常 (PID: 15217)
[2026-05-27 17:24:43] 💓 心跳正常 (PID: 15217)
[2026-05-27 17:24:54] 💓 心跳正常 (PID: 15217)
[2026-05-27 17:25:04] 💓 心跳正常 (PID: 15217)
[2026-05-27 17:25:14] 💓 心跳正常 (PID: 15217)
[2026-05-27 17:25:25] 💓 心跳正常 (PID: 15217)
[2026-05-27 17:25:35] 💓 心跳正常 (PID: 15217)
[2026-05-27 17:25:45] 💓 心跳正常 (PID: 15217)
[2026-05-27 17:25:56] 💓 心跳正常 (PID: 15217)
[2026-05-27 17:26:06] 💓 心跳正常 (PID: 15217)
[2026-05-27 17:26:16] 💓 心跳正常 (PID: 15217)
[2026-05-27 17:26:26] 💓 心跳正常 (PID: 15217)
[2026-05-27 17:26:37] 💓 心跳正常 (PID: 15217)
[2026-05-27 17:26:47] 💓 心跳正常 (PID: 15217)
[2026-05-27 17:26:57] 💓 心跳正常 (PID: 15217)
[2026-05-27 17:27:07] 💓 心跳正常 (PID: 15217)
[2026-05-27 17:27:18] 💓 心跳正常 (PID: 15217)
[2026-05-27 17:27:28] 💓 心跳正常 (PID: 15217)
[2026-05-27 17:27:38] 💓 心跳正常 (PID: 15217)
[2026-05-27 17:27:48] 💓 心跳正常 (PID: 15217)
[2026-05-27 17:27:59] 💓 心跳正常 (PID: 15217)
[2026-05-27 17:28:09] 💓 心跳正常 (PID: 15217)
[2026-05-27 17:28:19] 💓 心跳正常 (PID: 15217)
[2026-05-27 17:28:30] 💓 心跳正常 (PID: 15217)
[2026-05-27 17:28:40] 💓 心跳正常 (PID: 15217)
[2026-05-27 17:28:50] 💓 心跳正常 (PID: 15217)
[2026-05-27 17:29:00] 💓 心跳正常 (PID: 15217)
[2026-05-27 17:29:11] 💓 心跳正常 (PID: 15217)
[2026-05-27 17:29:21] 💓 心跳正常 (PID: 15217)
[2026-05-27 17:29:31] 💓 心跳正常 (PID: 15217)
[2026-05-27 17:29:42] 💓 心跳正常 (PID: 15217)
[2026-05-27 17:29:52] 💓 心跳正常 (PID: 15217)
[2026-05-27 17:30:02] 💓 心跳正常 (PID: 15217)
[2026-05-27 17:30:12] 💓 心跳正常 (PID: 15217)
[2026-05-27 17:30:23] 💓 心跳正常 (PID: 15217)
[2026-05-27 17:30:33] 💓 心跳正常 (PID: 15217)
[2026-05-27 17:30:43] 💓 心跳正常 (PID: 15217)
[2026-05-27 17:30:54] 💓 心跳正常 (PID: 15217)
[2026-05-27 17:31:04] 💓 心跳正常 (PID: 15217)
[2026-05-27 17:31:14] 💓 心跳正常 (PID: 15217)
[2026-05-27 17:31:25] 💓 心跳正常 (PID: 15217)
[2026-05-27 17:31:35] 💓 心跳正常 (PID: 15217)
[2026-05-27 17:31:45] 💓 心跳正常 (PID: 15217)
[2026-05-27 17:31:55] 💓 心跳正常 (PID: 15217)
[2026-05-27 17:32:06] 💓 心跳正常 (PID: 15217)
[2026-05-27 17:32:16] 💓 心跳正常 (PID: 15217)
[2026-05-27 17:32:26] 💓 心跳正常 (PID: 15217)
[2026-05-27 17:32:37] 💓 心跳正常 (PID: 15217)
[2026-05-27 17:32:47] 💓 心跳正常 (PID: 15217)
[2026-05-27 17:32:57] 💓 心跳正常 (PID: 15217)
[2026-05-27 17:33:08] 💓 心跳正常 (PID: 15217)
[2026-05-27 17:33:18] 💓 心跳正常 (PID: 15217)
[2026-05-27 17:33:28] 💓 心跳正常 (PID: 15217)
[2026-05-27 17:33:39] 💓 心跳正常 (PID: 15217)
[2026-05-27 17:33:49] 💓 心跳正常 (PID: 15217)
[2026-05-27 17:33:59] 💓 心跳正常 (PID: 15217)
[2026-05-27 17:34:09] 💓 心跳正常 (PID: 15217)
[2026-05-27 17:34:20] 💓 心跳正常 (PID: 15217)
[2026-05-27 17:34:30] 💓 心跳正常 (PID: 15217)
[2026-05-27 17:34:40] 💓 心跳正常 (PID: 15217)
[2026-05-27 17:34:51] 💓 心跳正常 (PID: 15217)
[2026-05-27 17:35:01] 💓 心跳正常 (PID: 15217)
[2026-05-27 17:35:11] 💓 心跳正常 (PID: 15217)
[2026-05-27 17:35:22] 💓 心跳正常 (PID: 15217)
[2026-05-27 17:35:32] 💓 心跳正常 (PID: 15217)
[2026-05-27 17:35:42] 💓 心跳正常 (PID: 15217)
[2026-05-27 17:35:52] 💓 心跳正常 (PID: 15217)
[2026-05-27 17:36:03] 💓 心跳正常 (PID: 15217)
[2026-05-27 17:36:13] 💓 心跳正常 (PID: 15217)
[2026-05-27 17:36:23] 💓 心跳正常 (PID: 15217)
[2026-05-27 17:36:34] 💓 心跳正常 (PID: 15217)
[2026-05-27 17:36:44] 💓 心跳正常 (PID: 15217)
[2026-05-27 17:36:54] 💓 心跳正常 (PID: 15217)
[2026-05-27 17:37:04] 💓 心跳正常 (PID: 15217)
[2026-05-27 17:37:15] 💓 心跳正常 (PID: 15217)
[2026-05-27 17:37:25] 💓 心跳正常 (PID: 15217)
[2026-05-27 17:37:35] 💓 心跳正常 (PID: 15217)
[2026-05-27 17:37:45] 💓 心跳正常 (PID: 15217)
[2026-05-27 17:37:56] 💓 心跳正常 (PID: 15217)
[2026-05-27 17:38:06] 💓 心跳正常 (PID: 15217)
[2026-05-27 17:38:17] 💓 心跳正常 (PID: 15217)
[2026-05-27 17:38:27] 💓 心跳正常 (PID: 15217)
[2026-05-27 17:38:37] 💓 心跳正常 (PID: 15217)
[2026-05-27 17:38:47] 💓 心跳正常 (PID: 15217)
[2026-05-27 17:38:58] 💓 心跳正常 (PID: 15217)
[2026-05-27 17:39:08] 💓 心跳正常 (PID: 15217)
[2026-05-27 17:39:18] 💓 心跳正常 (PID: 15217)
[2026-05-27 17:39:29] 💓 心跳正常 (PID: 15217)
[2026-05-27 17:39:39] 💓 心跳正常 (PID: 15217)
[2026-05-27 17:39:49] 💓 心跳正常 (PID: 15217)
[2026-05-27 17:40:00] 💓 心跳正常 (PID: 15217)
[2026-05-27 17:40:10] 💓 心跳正常 (PID: 15217)
[2026-05-27 17:40:20] 💓 心跳正常 (PID: 15217)
[2026-05-27 17:40:30] 💓 心跳正常 (PID: 15217)
[2026-05-27 17:40:41] 💓 心跳正常 (PID: 15217)
[2026-05-27 17:40:51] 💓 心跳正常 (PID: 15217)
[2026-05-27 17:41:01] 💓 心跳正常 (PID: 15217)
[2026-05-27 17:41:11] 💓 心跳正常 (PID: 15217)
[2026-05-27 17:41:22] 💓 心跳正常 (PID: 15217)
[2026-05-27 17:41:32] 💓 心跳正常 (PID: 15217)
[2026-05-27 17:41:43] 💓 心跳正常 (PID: 15217)
[2026-05-27 17:41:53] 💓 心跳正常 (PID: 15217)
[2026-05-27 17:42:03] 💓 心跳正常 (PID: 15217)
[2026-05-27 17:42:14] 💓 心跳正常 (PID: 15217)
[2026-05-27 17:42:24] 💓 心跳正常 (PID: 15217)
[2026-05-27 17:42:34] 💓 心跳正常 (PID: 15217)
[2026-05-27 17:42:44] 💓 心跳正常 (PID: 15217)
[2026-05-27 17:42:55] 💓 心跳正常 (PID: 15217)
[2026-05-27 17:43:05] 💓 心跳正常 (PID: 15217)
[2026-05-27 17:43:15] 💓 心跳正常 (PID: 15217)
[2026-05-27 17:43:26] 💓 心跳正常 (PID: 15217)
[2026-05-27 17:43:36] 💓 心跳正常 (PID: 15217)
[2026-05-27 17:43:46] 💓 心跳正常 (PID: 15217)
[2026-05-27 17:43:56] 💓 心跳正常 (PID: 15217)
[2026-05-27 17:44:06] 📁 交易日志 /root/.openclaw/logs/trading/monitor.log (6.5MB)，>10MB 时自动归档至 logs/trading/archive/
[2026-05-27 17:44:07] 💓 心跳正常 (PID: 15217)
[2026-05-27 17:44:17] 💓 心跳正常 (PID: 15217)
[2026-05-27 17:44:27] 💓 心跳正常 (PID: 15217)
[2026-05-27 17:44:38] 💓 心跳正常 (PID: 15217)
[2026-05-27 17:44:48] 💓 心跳正常 (PID: 15217)
[2026-05-27 17:44:58] 💓 心跳正常 (PID: 15217)
[2026-05-27 17:45:08] 💓 心跳正常 (PID: 15217)
[2026-05-27 17:45:19] 💓 心跳正常 (PID: 15217)
[2026-05-27 17:45:29] 💓 心跳正常 (PID: 15217)
[2026-05-27 17:45:39] 💓 心跳正常 (PID: 15217)
[2026-05-27 17:45:50] 💓 心跳正常 (PID: 15217)
[2026-05-27 17:46:00] 💓 心跳正常 (PID: 15217)
[2026-05-27 17:46:10] 💓 心跳正常 (PID: 15217)
[2026-05-27 17:46:21] 💓 心跳正常 (PID: 15217)
[2026-05-27 17:46:31] 💓 心跳正常 (PID: 15217)
[2026-05-27 17:46:42] 💓 心跳正常 (PID: 15217)
[2026-05-27 17:46:52] 💓 心跳正常 (PID: 15217)
[2026-05-27 17:47:02] 💓 心跳正常 (PID: 15217)
[2026-05-27 17:47:13] 💓 心跳正常 (PID: 15217)
[2026-05-27 17:47:23] 💓 心跳正常 (PID: 15217)
[2026-05-27 17:47:33] 💓 心跳正常 (PID: 15217)
[2026-05-27 17:47:44] 💓 心跳正常 (PID: 15217)
[2026-05-27 17:47:54] 💓 心跳正常 (PID: 15217)
[2026-05-27 17:48:04] 💓 心跳正常 (PID: 15217)
[2026-05-27 17:48:15] 💓 心跳正常 (PID: 15217)
[2026-05-27 17:48:25] 💓 心跳正常 (PID: 15217)
[2026-05-27 17:48:35] 💓 心跳正常 (PID: 15217)
[2026-05-27 17:48:46] 💓 心跳正常 (PID: 15217)
[2026-05-27 17:48:56] 💓 心跳正常 (PID: 15217)
[2026-05-27 17:49:06] 💓 心跳正常 (PID: 15217)
[2026-05-27 17:49:16] 💓 心跳正常 (PID: 15217)
[2026-05-27 17:49:27] 💓 心跳正常 (PID: 15217)
[2026-05-27 17:49:37] 💓 心跳正常 (PID: 15217)
[2026-05-27 17:49:47] 💓 心跳正常 (PID: 15217)
[2026-05-27 17:49:58] 💓 心跳正常 (PID: 15217)
[2026-05-27 17:50:08] 💓 心跳正常 (PID: 15217)
[2026-05-27 17:50:18] 💓 心跳正常 (PID: 15217)
[2026-05-27 17:50:29] 💓 心跳正常 (PID: 15217)
[2026-05-27 17:50:39] 💓 心跳正常 (PID: 15217)
[2026-05-27 17:50:49] 💓 心跳正常 (PID: 15217)
[2026-05-27 17:51:00] 💓 心跳正常 (PID: 15217)
[2026-05-27 17:51:10] 💓 心跳正常 (PID: 15217)
[2026-05-27 17:51:20] 💓 心跳正常 (PID: 15217)
[2026-05-27 17:51:30] 💓 心跳正常 (PID: 15217)
[2026-05-27 17:51:41] 💓 心跳正常 (PID: 15217)
[2026-05-27 17:51:51] 💓 心跳正常 (PID: 15217)
[2026-05-27 17:52:01] 💓 心跳正常 (PID: 15217)
[2026-05-27 17:52:12] 💓 心跳正常 (PID: 15217)
[2026-05-27 17:52:22] 💓 心跳正常 (PID: 15217)
[2026-05-27 17:52:32] 💓 心跳正常 (PID: 15217)
[2026-05-27 17:52:42] 💓 心跳正常 (PID: 15217)
[2026-05-27 17:52:53] 💓 心跳正常 (PID: 15217)
[2026-05-27 17:53:03] 💓 心跳正常 (PID: 15217)
[2026-05-27 17:53:13] 💓 心跳正常 (PID: 15217)
[2026-05-27 17:53:24] 💓 心跳正常 (PID: 15217)
[2026-05-27 17:53:34] 💓 心跳正常 (PID: 15217)
[2026-05-27 17:53:44] 💓 心跳正常 (PID: 15217)
[2026-05-27 17:53:54] 💓 心跳正常 (PID: 15217)
[2026-05-27 17:54:05] 💓 心跳正常 (PID: 15217)
[2026-05-27 17:54:15] 💓 心跳正常 (PID: 15217)
[2026-05-27 17:54:25] 💓 心跳正常 (PID: 15217)
[2026-05-27 17:54:35] 💓 心跳正常 (PID: 15217)
[2026-05-27 17:54:46] 💓 心跳正常 (PID: 15217)
[2026-05-27 17:54:56] 💓 心跳正常 (PID: 15217)
[2026-05-27 17:55:07] 💓 心跳正常 (PID: 15217)
[2026-05-27 17:55:17] 💓 心跳正常 (PID: 15217)
[2026-05-27 17:55:27] 💓 心跳正常 (PID: 15217)
[2026-05-27 17:55:38] 💓 心跳正常 (PID: 15217)
[2026-05-27 17:55:48] 💓 心跳正常 (PID: 15217)
[2026-05-27 17:55:58] 💓 心跳正常 (PID: 15217)
[2026-05-27 17:56:08] 💓 心跳正常 (PID: 15217)
[2026-05-27 17:56:19] 💓 心跳正常 (PID: 15217)
[2026-05-27 17:56:29] 💓 心跳正常 (PID: 15217)
[2026-05-27 17:56:39] 💓 心跳正常 (PID: 15217)
[2026-05-27 17:56:50] 💓 心跳正常 (PID: 15217)
[2026-05-27 17:57:00] 💓 心跳正常 (PID: 15217)
[2026-05-27 17:57:10] 💓 心跳正常 (PID: 15217)
[2026-05-27 17:57:21] 💓 心跳正常 (PID: 15217)
[2026-05-27 17:57:31] 💓 心跳正常 (PID: 15217)
[2026-05-27 17:57:41] 💓 心跳正常 (PID: 15217)
[2026-05-27 17:57:51] 💓 心跳正常 (PID: 15217)
[2026-05-27 17:58:02] 💓 心跳正常 (PID: 15217)
[2026-05-27 17:58:12] 💓 心跳正常 (PID: 15217)
[2026-05-27 17:58:22] 💓 心跳正常 (PID: 15217)
[2026-05-27 17:58:32] 💓 心跳正常 (PID: 15217)
[2026-05-27 17:58:43] 💓 心跳正常 (PID: 15217)
[2026-05-27 17:58:53] 💓 心跳正常 (PID: 15217)
[2026-05-27 17:59:04] 💓 心跳正常 (PID: 15217)
[2026-05-27 17:59:14] 💓 心跳正常 (PID: 15217)
[2026-05-27 17:59:24] 💓 心跳正常 (PID: 15217)
[2026-05-27 17:59:35] 💓 心跳正常 (PID: 15217)
[2026-05-27 17:59:45] 💓 心跳正常 (PID: 15217)
[2026-05-27 17:59:55] 💓 心跳正常 (PID: 15217)
[2026-05-27 18:00:06] 💓 心跳正常 (PID: 15217)
[2026-05-27 18:00:16] 💓 心跳正常 (PID: 15217)
[2026-05-27 18:00:26] 💓 心跳正常 (PID: 15217)
[2026-05-27 18:00:37] 💓 心跳正常 (PID: 15217)
[2026-05-27 18:00:47] 💓 心跳正常 (PID: 15217)
[2026-05-27 18:00:57] 💓 心跳正常 (PID: 15217)
[2026-05-27 18:01:08] 💓 心跳正常 (PID: 15217)
[2026-05-27 18:01:18] 💓 心跳正常 (PID: 15217)
[2026-05-27 18:01:28] 💓 心跳正常 (PID: 15217)
[2026-05-27 18:01:39] 💓 心跳正常 (PID: 15217)
[2026-05-27 18:01:49] 💓 心跳正常 (PID: 15217)
[2026-05-27 18:01:59] 💓 心跳正常 (PID: 15217)
[2026-05-27 18:02:10] 💓 心跳正常 (PID: 15217)
[2026-05-27 18:02:20] 💓 心跳正常 (PID: 15217)
[2026-05-27 18:02:30] 💓 心跳正常 (PID: 15217)
[2026-05-27 18:02:40] 💓 心跳正常 (PID: 15217)
[2026-05-27 18:02:50] 💓 心跳正常 (PID: 15217)
[2026-05-27 18:03:01] 💓 心跳正常 (PID: 15217)
[2026-05-27 18:03:11] 💓 心跳正常 (PID: 15217)
[2026-05-27 18:03:21] 💓 心跳正常 (PID: 15217)
[2026-05-27 18:03:32] 💓 心跳正常 (PID: 15217)
[2026-05-27 18:03:42] 💓 心跳正常 (PID: 15217)
[2026-05-27 18:03:52] 💓 心跳正常 (PID: 15217)
[2026-05-27 18:04:02] 💓 心跳正常 (PID: 15217)
[2026-05-27 18:04:13] 💓 心跳正常 (PID: 15217)
[2026-05-27 18:04:23] 💓 心跳正常 (PID: 15217)
[2026-05-27 18:04:33] 💓 心跳正常 (PID: 15217)
[2026-05-27 18:04:44] 💓 心跳正常 (PID: 15217)
[2026-05-27 18:04:54] 💓 心跳正常 (PID: 15217)
[2026-05-27 18:05:04] 💓 心跳正常 (PID: 15217)
[2026-05-27 18:05:15] 💓 心跳正常 (PID: 15217)
[2026-05-27 18:05:25] 💓 心跳正常 (PID: 15217)
[2026-05-27 18:05:35] 💓 心跳正常 (PID: 15217)
[2026-05-27 18:05:46] 💓 心跳正常 (PID: 15217)
[2026-05-27 18:05:56] 💓 心跳正常 (PID: 15217)
[2026-05-27 18:06:06] 💓 心跳正常 (PID: 15217)
[2026-05-27 18:06:16] 💓 心跳正常 (PID: 15217)
[2026-05-27 18:06:27] 💓 心跳正常 (PID: 15217)
[2026-05-27 18:06:37] 💓 心跳正常 (PID: 15217)
[2026-05-27 18:06:47] 💓 心跳正常 (PID: 15217)
[2026-05-27 18:06:57] 💓 心跳正常 (PID: 15217)
[2026-05-27 18:07:08] 💓 心跳正常 (PID: 15217)
[2026-05-27 18:07:18] 💓 心跳正常 (PID: 15217)
[2026-05-27 18:07:28] 💓 心跳正常 (PID: 15217)
[2026-05-27 18:07:39] 💓 心跳正常 (PID: 15217)
[2026-05-27 18:07:49] 💓 心跳正常 (PID: 15217)
[2026-05-27 18:07:59] 💓 心跳正常 (PID: 15217)
[2026-05-27 18:08:10] 💓 心跳正常 (PID: 15217)
[2026-05-27 18:08:20] 💓 心跳正常 (PID: 15217)
[2026-05-27 18:08:30] 💓 心跳正常 (PID: 15217)
[2026-05-27 18:08:41] 💓 心跳正常 (PID: 15217)
[2026-05-27 18:08:51] 💓 心跳正常 (PID: 15217)
[2026-05-27 18:09:01] 💓 心跳正常 (PID: 15217)
[2026-05-27 18:09:11] 💓 心跳正常 (PID: 15217)
[2026-05-27 18:09:22] 💓 心跳正常 (PID: 15217)
[2026-05-27 18:09:32] 💓 心跳正常 (PID: 15217)
[2026-05-27 18:09:42] 💓 心跳正常 (PID: 15217)
[2026-05-27 18:09:53] 💓 心跳正常 (PID: 15217)
[2026-05-27 18:10:03] 💓 心跳正常 (PID: 15217)
[2026-05-27 18:10:13] 💓 心跳正常 (PID: 15217)
[2026-05-27 18:10:24] 💓 心跳正常 (PID: 15217)
[2026-05-27 18:10:34] 💓 心跳正常 (PID: 15217)
[2026-05-27 18:10:44] 💓 心跳正常 (PID: 15217)
[2026-05-27 18:10:54] 💓 心跳正常 (PID: 15217)
[2026-05-27 18:11:05] 💓 心跳正常 (PID: 15217)
[2026-05-27 18:11:15] 💓 心跳正常 (PID: 15217)
[2026-05-27 18:11:25] 💓 心跳正常 (PID: 15217)
[2026-05-27 18:11:36] 💓 心跳正常 (PID: 15217)
[2026-05-27 18:11:46] 💓 心跳正常 (PID: 15217)
[2026-05-27 18:11:56] 💓 心跳正常 (PID: 15217)
[2026-05-27 18:12:06] 💓 心跳正常 (PID: 15217)
[2026-05-27 18:12:17] 💓 心跳正常 (PID: 15217)
[2026-05-27 18:12:27] 💓 心跳正常 (PID: 15217)
[2026-05-27 18:12:37] 💓 心跳正常 (PID: 15217)
[2026-05-27 18:12:48] 💓 心跳正常 (PID: 15217)
[2026-05-27 18:12:58] 💓 心跳正常 (PID: 15217)
[2026-05-27 18:13:08] 💓 心跳正常 (PID: 15217)
[2026-05-27 18:13:18] 💓 心跳正常 (PID: 15217)
[2026-05-27 18:13:29] 💓 心跳正常 (PID: 15217)
[2026-05-27 18:13:39] 💓 心跳正常 (PID: 15217)
[2026-05-27 18:13:49] 💓 心跳正常 (PID: 15217)
[2026-05-27 18:13:59] 💓 心跳正常 (PID: 15217)
[2026-05-27 18:14:10] 💓 心跳正常 (PID: 15217)
[2026-05-27 18:14:20] 💓 心跳正常 (PID: 15217)
[2026-05-27 18:14:30] 💓 心跳正常 (PID: 15217)
[2026-05-27 18:14:40] 💓 心跳正常 (PID: 15217)
[2026-05-27 18:14:51] 💓 心跳正常 (PID: 15217)
[2026-05-27 18:15:01] 💓 心跳正常 (PID: 15217)
[2026-05-27 18:15:11] 💓 心跳正常 (PID: 15217)
[2026-05-27 18:15:22] 💓 心跳正常 (PID: 15217)
[2026-05-27 18:15:32] 💓 心跳正常 (PID: 15217)
[2026-05-27 18:15:42] 💓 心跳正常 (PID: 15217)
[2026-05-27 18:15:52] 💓 心跳正常 (PID: 15217)
[2026-05-27 18:16:03] 💓 心跳正常 (PID: 15217)
[2026-05-27 18:16:13] 💓 心跳正常 (PID: 15217)
[2026-05-27 18:16:23] 💓 心跳正常 (PID: 15217)
[2026-05-27 18:16:33] 💓 心跳正常 (PID: 15217)
[2026-05-27 18:16:44] 💓 心跳正常 (PID: 15217)
[2026-05-27 18:16:54] 💓 心跳正常 (PID: 15217)
[2026-05-27 18:17:04] 💓 心跳正常 (PID: 15217)
[2026-05-27 18:17:14] 💓 心跳正常 (PID: 15217)
[2026-05-27 18:17:24] 💓 心跳正常 (PID: 15217)
[2026-05-27 18:17:35] 💓 心跳正常 (PID: 15217)
[2026-05-27 18:17:45] 💓 心跳正常 (PID: 15217)
[2026-05-27 18:17:55] 💓 心跳正常 (PID: 15217)
[2026-05-27 18:18:05] 💓 心跳正常 (PID: 15217)
[2026-05-27 18:18:15] 💓 心跳正常 (PID: 15217)
[2026-05-27 18:18:25] 💓 心跳正常 (PID: 15217)
[2026-05-27 18:18:36] 💓 心跳正常 (PID: 15217)
[2026-05-27 18:18:46] 💓 心跳正常 (PID: 15217)
[2026-05-27 18:18:56] 💓 心跳正常 (PID: 15217)
[2026-05-27 18:19:06] 💓 心跳正常 (PID: 15217)
[2026-05-27 18:19:16] 💓 心跳正常 (PID: 15217)
[2026-05-27 18:19:26] 💓 心跳正常 (PID: 15217)
[2026-05-27 18:19:36] 💓 心跳正常 (PID: 15217)
[2026-05-27 18:19:46] 💓 心跳正常 (PID: 15217)
[2026-05-27 18:19:56] 💓 心跳正常 (PID: 15217)
[2026-05-27 18:20:07] 💓 心跳正常 (PID: 15217)
[2026-05-27 18:20:17] 💓 心跳正常 (PID: 15217)
[2026-05-27 18:20:27] 💓 心跳正常 (PID: 15217)
[2026-05-27 18:20:37] 💓 心跳正常 (PID: 15217)
[2026-05-27 18:20:47] 💓 心跳正常 (PID: 15217)
[2026-05-27 18:20:57] 💓 心跳正常 (PID: 15217)
[2026-05-27 18:21:07] 💓 心跳正常 (PID: 15217)
[2026-05-27 18:21:17] 💓 心跳正常 (PID: 15217)
[2026-05-27 18:21:28] 💓 心跳正常 (PID: 15217)
[2026-05-27 18:21:38] 💓 心跳正常 (PID: 15217)
[2026-05-27 18:21:48] 💓 心跳正常 (PID: 15217)
[2026-05-27 18:21:58] 💓 心跳正常 (PID: 15217)
[2026-05-27 18:22:08] 💓 心跳正常 (PID: 15217)
[2026-05-27 18:22:18] 💓 心跳正常 (PID: 15217)
[2026-05-27 18:22:28] 💓 心跳正常 (PID: 15217)
[2026-05-27 18:22:38] 💓 心跳正常 (PID: 15217)
[2026-05-27 18:22:49] 💓 心跳正常 (PID: 15217)
[2026-05-27 18:22:59] 💓 心跳正常 (PID: 15217)
[2026-05-27 18:23:09] 💓 心跳正常 (PID: 15217)
[2026-05-27 18:23:19] 💓 心跳正常 (PID: 15217)
[2026-05-27 18:23:29] 💓 心跳正常 (PID: 15217)
[2026-05-27 18:23:39] 💓 心跳正常 (PID: 15217)
[2026-05-27 18:23:49] 💓 心跳正常 (PID: 15217)
[2026-05-27 18:23:59] 💓 心跳正常 (PID: 15217)
[2026-05-27 18:24:10] 💓 心跳正常 (PID: 15217)
[2026-05-27 18:24:20] 💓 心跳正常 (PID: 15217)
[2026-05-27 18:24:30] 💓 心跳正常 (PID: 15217)
[2026-05-27 18:24:40] 💓 心跳正常 (PID: 15217)
[2026-05-27 18:24:50] 💓 心跳正常 (PID: 15217)
[2026-05-27 18:25:00] 💓 心跳正常 (PID: 15217)
[2026-05-27 18:25:10] 💓 心跳正常 (PID: 15217)
[2026-05-27 18:25:21] 💓 心跳正常 (PID: 15217)
[2026-05-27 18:25:31] 💓 心跳正常 (PID: 15217)
[2026-05-27 18:25:41] 💓 心跳正常 (PID: 15217)
[2026-05-27 18:25:51] 💓 心跳正常 (PID: 15217)
[2026-05-27 18:26:01] 💓 心跳正常 (PID: 15217)
[2026-05-27 18:26:11] 💓 心跳正常 (PID: 15217)
[2026-05-27 18:26:21] 💓 心跳正常 (PID: 15217)
[2026-05-27 18:26:32] 💓 心跳正常 (PID: 15217)
[2026-05-27 18:26:42] 💓 心跳正常 (PID: 15217)
[2026-05-27 18:26:52] 💓 心跳正常 (PID: 15217)
[2026-05-27 18:27:02] 💓 心跳正常 (PID: 15217)
[2026-05-27 18:27:12] 💓 心跳正常 (PID: 15217)
[2026-05-27 18:27:22] 💓 心跳正常 (PID: 15217)
[2026-05-27 18:27:32] 💓 心跳正常 (PID: 15217)
[2026-05-27 18:27:42] 💓 心跳正常 (PID: 15217)
[2026-05-27 18:27:52] 💓 心跳正常 (PID: 15217)
[2026-05-27 18:28:03] 💓 心跳正常 (PID: 15217)
[2026-05-27 18:28:13] 💓 心跳正常 (PID: 15217)
[2026-05-27 18:28:23] 💓 心跳正常 (PID: 15217)
[2026-05-27 18:28:33] 💓 心跳正常 (PID: 15217)
[2026-05-27 18:28:43] 💓 心跳正常 (PID: 15217)
[2026-05-27 18:28:53] 💓 心跳正常 (PID: 15217)
[2026-05-27 18:29:03] 💓 心跳正常 (PID: 15217)
[2026-05-27 18:29:13] 💓 心跳正常 (PID: 15217)
[2026-05-27 18:29:24] 💓 心跳正常 (PID: 15217)
[2026-05-27 18:29:34] 💓 心跳正常 (PID: 15217)
[2026-05-27 18:29:44] 💓 心跳正常 (PID: 15217)
[2026-05-27 18:29:54] 💓 心跳正常 (PID: 15217)
[2026-05-27 18:30:04] 💓 心跳正常 (PID: 15217)
[2026-05-27 18:30:14] 💓 心跳正常 (PID: 15217)
[2026-05-27 18:30:24] 💓 心跳正常 (PID: 15217)
[2026-05-27 18:30:34] 💓 心跳正常 (PID: 15217)
[2026-05-27 18:30:44] 💓 心跳正常 (PID: 15217)
[2026-05-27 18:30:55] 💓 心跳正常 (PID: 15217)
[2026-05-27 18:31:05] 💓 心跳正常 (PID: 15217)
[2026-05-27 18:31:15] 💓 心跳正常 (PID: 15217)
[2026-05-27 18:31:25] 💓 心跳正常 (PID: 15217)
[2026-05-27 18:31:35] 💓 心跳正常 (PID: 15217)
[2026-05-27 18:31:45] 💓 心跳正常 (PID: 15217)
[2026-05-27 18:31:55] 💓 心跳正常 (PID: 15217)
[2026-05-27 18:32:05] 💓 心跳正常 (PID: 15217)
[2026-05-27 18:32:15] 💓 心跳正常 (PID: 15217)
[2026-05-27 18:32:26] 💓 心跳正常 (PID: 15217)
[2026-05-27 18:32:36] 💓 心跳正常 (PID: 15217)
[2026-05-27 18:32:46] 💓 心跳正常 (PID: 15217)
[2026-05-27 18:32:56] 💓 心跳正常 (PID: 15217)
[2026-05-27 18:33:06] 💓 心跳正常 (PID: 15217)
[2026-05-27 18:33:16] 💓 心跳正常 (PID: 15217)
[2026-05-27 18:33:26] 💓 心跳正常 (PID: 15217)
[2026-05-27 18:33:36] 💓 心跳正常 (PID: 15217)
[2026-05-27 18:33:47] 💓 心跳正常 (PID: 15217)
[2026-05-27 18:33:57] 💓 心跳正常 (PID: 15217)
[2026-05-27 18:34:07] 💓 心跳正常 (PID: 15217)
[2026-05-27 18:34:17] 💓 心跳正常 (PID: 15217)
[2026-05-27 18:34:27] 💓 心跳正常 (PID: 15217)
[2026-05-27 18:34:37] 💓 心跳正常 (PID: 15217)
[2026-05-27 18:34:47] 💓 心跳正常 (PID: 15217)
[2026-05-27 18:34:57] 💓 心跳正常 (PID: 15217)
[2026-05-27 18:35:08] 💓 心跳正常 (PID: 15217)
[2026-05-27 18:35:18] 💓 心跳正常 (PID: 15217)
[2026-05-27 18:35:28] 💓 心跳正常 (PID: 15217)
[2026-05-27 18:35:38] 💓 心跳正常 (PID: 15217)
[2026-05-27 18:35:48] 💓 心跳正常 (PID: 15217)
[2026-05-27 18:35:58] 💓 心跳正常 (PID: 15217)
[2026-05-27 18:36:08] 💓 心跳正常 (PID: 15217)
[2026-05-27 18:36:18] 💓 心跳正常 (PID: 15217)
[2026-05-27 18:36:29] 💓 心跳正常 (PID: 15217)
[2026-05-27 18:36:39] 💓 心跳正常 (PID: 15217)
[2026-05-27 18:36:49] 💓 心跳正常 (PID: 15217)
[2026-05-27 18:36:59] 💓 心跳正常 (PID: 15217)
[2026-05-27 18:37:09] 💓 心跳正常 (PID: 15217)
[2026-05-27 18:40:31] ============================================================
[2026-05-27 18:40:31] 🐕 加密货币监控看门狗启动（智能版）
[2026-05-27 18:40:31] 监控目标：crypto_signal_monitor.py
[2026-05-27 18:40:31] 检查间隔：10秒
[2026-05-27 18:40:31] ⚠️  检测到进程未运行时自动启动（带 PID 文件检查）
[2026-05-27 18:40:31] ============================================================
[2026-05-27 18:40:31] 📁 交易日志 /root/.openclaw/logs/trading/monitor.log (6.5MB)，>10MB 时自动归档至 logs/trading/archive/
[2026-05-27 18:40:31] 💓 心跳正常 (PID: 31565)
[2026-05-27 18:40:41] 💓 心跳正常 (PID: 31565)
[2026-05-27 18:40:52] 💓 心跳正常 (PID: 31565)
[2026-05-27 18:41:02] 💓 心跳正常 (PID: 31565)
[2026-05-27 18:41:12] 💓 心跳正常 (PID: 31565)
[2026-05-27 18:41:22] 💓 心跳正常 (PID: 31565)
[2026-05-27 18:41:32] 💓 心跳正常 (PID: 31565)
[2026-05-27 18:41:42] 💓 心跳正常 (PID: 31565)
[2026-05-27 18:41:53] 💓 心跳正常 (PID: 31565)
[2026-05-27 18:42:03] 💓 心跳正常 (PID: 31565)
[2026-05-27 18:42:13] 💓 心跳正常 (PID: 31565)
[2026-05-27 18:42:23] 💓 心跳正常 (PID: 31565)
[2026-05-27 18:42:33] 💓 心跳正常 (PID: 31565)
[2026-05-27 18:42:43] 💓 心跳正常 (PID: 31565)
[2026-05-27 18:42:54] 💓 心跳正常 (PID: 31565)
[2026-05-27 18:43:04] 💓 心跳正常 (PID: 31565)
[2026-05-27 18:43:14] 💓 心跳正常 (PID: 31565)
[2026-05-27 18:43:24] 💓 心跳正常 (PID: 31565)
[2026-05-27 18:43:34] 💓 心跳正常 (PID: 31565)
[2026-05-27 18:43:44] 💓 心跳正常 (PID: 31565)
[2026-05-27 18:43:55] 💓 心跳正常 (PID: 31565)
[2026-05-27 18:44:05] 💓 心跳正常 (PID: 31565)
[2026-05-27 18:44:15] 💓 心跳正常 (PID: 31565)
[2026-05-27 18:44:25] 💓 心跳正常 (PID: 31565)
[2026-05-27 18:44:35] 💓 心跳正常 (PID: 31565)
[2026-05-27 18:44:45] 💓 心跳正常 (PID: 31565)
[2026-05-27 18:44:56] 💓 心跳正常 (PID: 31565)
[2026-05-27 18:45:06] 💓 心跳正常 (PID: 31565)
[2026-05-27 18:45:16] 💓 心跳正常 (PID: 31565)
[2026-05-27 18:45:26] 💓 心跳正常 (PID: 31565)
[2026-05-27 18:45:36] 💓 心跳正常 (PID: 31565)
[2026-05-27 18:45:46] 💓 心跳正常 (PID: 31565)
[2026-05-27 18:45:57] 💓 心跳正常 (PID: 31565)
[2026-05-27 18:46:07] 💓 心跳正常 (PID: 31565)
[2026-05-27 18:46:17] 💓 心跳正常 (PID: 31565)
[2026-05-27 18:46:27] 💓 心跳正常 (PID: 31565)
[2026-05-27 18:46:37] 💓 心跳正常 (PID: 31565)
[2026-05-27 18:46:47] 💓 心跳正常 (PID: 31565)
[2026-05-27 18:46:58] 💓 心跳正常 (PID: 31565)
[2026-05-27 18:47:08] 💓 心跳正常 (PID: 31565)
[2026-05-27 18:47:18] 💓 心跳正常 (PID: 31565)
[2026-05-27 18:47:28] 💓 心跳正常 (PID: 31565)
[2026-05-27 18:47:38] 💓 心跳正常 (PID: 31565)
[2026-05-27 18:47:48] 💓 心跳正常 (PID: 31565)
[2026-05-27 18:47:58] 💓 心跳正常 (PID: 31565)
[2026-05-27 18:48:09] 💓 心跳正常 (PID: 31565)
[2026-05-27 18:48:19] 💓 心跳正常 (PID: 31565)
[2026-05-27 18:48:30] 💓 心跳正常 (PID: 31565)
[2026-05-27 18:48:40] 💓 心跳正常 (PID: 31565)
[2026-05-27 18:48:50] 💓 心跳正常 (PID: 31565)
[2026-05-27 18:49:01] 💓 心跳正常 (PID: 31565)
[2026-05-27 18:49:11] 💓 心跳正常 (PID: 31565)
[2026-05-27 18:49:21] 💓 心跳正常 (PID: 31565)
[2026-05-27 18:49:31] 💓 心跳正常 (PID: 31565)
[2026-05-27 18:49:42] 💓 心跳正常 (PID: 31565)
[2026-05-27 18:49:52] 💓 心跳正常 (PID: 31565)
[2026-05-27 18:50:02] 💓 心跳正常 (PID: 31565)
[2026-05-27 18:50:12] 💓 心跳正常 (PID: 31565)
[2026-05-27 18:50:23] 💓 心跳正常 (PID: 31565)
[2026-05-27 18:50:33] 💓 心跳正常 (PID: 31565)
[2026-05-27 18:50:43] 💓 心跳正常 (PID: 31565)
[2026-05-27 18:50:54] 💓 心跳正常 (PID: 31565)
[2026-05-27 18:51:04] 💓 心跳正常 (PID: 31565)
[2026-05-27 18:51:14] 💓 心跳正常 (PID: 31565)
[2026-05-27 18:51:24] 💓 心跳正常 (PID: 31565)
[2026-05-27 18:51:34] 💓 心跳正常 (PID: 31565)
[2026-05-27 18:51:45] 💓 心跳正常 (PID: 31565)
[2026-05-27 18:51:55] 💓 心跳正常 (PID: 31565)
[2026-05-27 18:52:05] 💓 心跳正常 (PID: 31565)
[2026-05-27 18:52:15] 💓 心跳正常 (PID: 31565)
[2026-05-27 18:52:26] 💓 心跳正常 (PID: 31565)
[2026-05-27 18:52:36] 💓 心跳正常 (PID: 31565)
[2026-05-27 18:52:46] 💓 心跳正常 (PID: 31565)
[2026-05-27 18:52:57] 💓 心跳正常 (PID: 31565)
[2026-05-27 18:53:07] 💓 心跳正常 (PID: 31565)
[2026-05-27 18:53:17] 💓 心跳正常 (PID: 31565)
[2026-05-27 18:53:28] 💓 心跳正常 (PID: 31565)
[2026-05-27 18:53:38] 💓 心跳正常 (PID: 31565)
[2026-05-27 18:53:48] 💓 心跳正常 (PID: 31565)
[2026-05-27 18:53:59] 💓 心跳正常 (PID: 31565)
[2026-05-27 18:54:09] 💓 心跳正常 (PID: 31565)
[2026-05-27 18:54:19] 💓 心跳正常 (PID: 31565)
[2026-05-27 18:54:30] 💓 心跳正常 (PID: 31565)
[2026-05-27 18:54:40] 💓 心跳正常 (PID: 31565)
[2026-05-27 18:54:50] 💓 心跳正常 (PID: 31565)
[2026-05-27 18:55:01] 💓 心跳正常 (PID: 31565)
[2026-05-27 18:55:11] 💓 心跳正常 (PID: 31565)
[2026-05-27 18:55:21] 💓 心跳正常 (PID: 31565)
[2026-05-27 18:55:31] 💓 心跳正常 (PID: 31565)
[2026-05-27 18:55:42] 💓 心跳正常 (PID: 31565)
[2026-05-27 18:55:52] 💓 心跳正常 (PID: 31565)
[2026-05-27 18:56:02] 💓 心跳正常 (PID: 31565)
[2026-05-27 18:56:12] 💓 心跳正常 (PID: 31565)
[2026-05-27 18:56:23] 💓 心跳正常 (PID: 31565)
[2026-05-27 18:56:33] 💓 心跳正常 (PID: 31565)
[2026-05-27 18:56:43] 💓 心跳正常 (PID: 31565)
[2026-05-27 18:56:54] 💓 心跳正常 (PID: 31565)
[2026-05-27 18:57:04] 💓 心跳正常 (PID: 31565)
[2026-05-27 18:57:14] 💓 心跳正常 (PID: 31565)
[2026-05-27 18:57:24] 💓 心跳正常 (PID: 31565)
[2026-05-27 18:57:35] 💓 心跳正常 (PID: 31565)
[2026-05-27 18:57:45] 💓 心跳正常 (PID: 31565)
[2026-05-27 18:57:55] 💓 心跳正常 (PID: 31565)
[2026-05-27 18:58:06] 💓 心跳正常 (PID: 31565)
[2026-05-27 18:58:16] 💓 心跳正常 (PID: 31565)
[2026-05-27 18:58:26] 💓 心跳正常 (PID: 31565)
[2026-05-27 18:58:36] 💓 心跳正常 (PID: 31565)
[2026-05-27 18:58:47] 💓 心跳正常 (PID: 31565)
[2026-05-27 18:58:57] 💓 心跳正常 (PID: 31565)
[2026-05-27 18:59:07] 💓 心跳正常 (PID: 31565)
[2026-05-27 18:59:18] 💓 心跳正常 (PID: 31565)
[2026-05-27 18:59:28] 💓 心跳正常 (PID: 31565)
[2026-05-27 18:59:38] 💓 心跳正常 (PID: 31565)
[2026-05-27 18:59:49] 💓 心跳正常 (PID: 31565)
[2026-05-27 18:59:59] 💓 心跳正常 (PID: 31565)
[2026-05-27 19:00:09] 💓 心跳正常 (PID: 31565)
[2026-05-27 19:00:19] 💓 心跳正常 (PID: 31565)
[2026-05-27 19:00:30] 💓 心跳正常 (PID: 31565)
[2026-05-27 19:00:40] 💓 心跳正常 (PID: 31565)
[2026-05-27 19:00:50] 💓 心跳正常 (PID: 31565)
[2026-05-27 19:01:01] 💓 心跳正常 (PID: 31565)
[2026-05-27 19:01:11] 💓 心跳正常 (PID: 31565)
[2026-05-27 19:01:21] 💓 心跳正常 (PID: 31565)
[2026-05-27 19:01:32] 💓 心跳正常 (PID: 31565)
[2026-05-27 19:01:42] 💓 心跳正常 (PID: 31565)
[2026-05-27 19:01:52] 💓 心跳正常 (PID: 31565)
[2026-05-27 19:02:02] 💓 心跳正常 (PID: 31565)
[2026-05-27 19:02:13] 💓 心跳正常 (PID: 31565)
[2026-05-27 19:02:23] 💓 心跳正常 (PID: 31565)
[2026-05-27 19:02:33] 💓 心跳正常 (PID: 31565)
[2026-05-27 19:02:43] 💓 心跳正常 (PID: 31565)
[2026-05-27 19:02:54] 💓 心跳正常 (PID: 31565)
[2026-05-27 19:03:04] 💓 心跳正常 (PID: 31565)
[2026-05-27 19:03:14] 💓 心跳正常 (PID: 31565)
[2026-05-27 19:03:25] 💓 心跳正常 (PID: 31565)
[2026-05-27 19:03:35] 💓 心跳正常 (PID: 31565)
[2026-05-27 19:03:45] 💓 心跳正常 (PID: 31565)
[2026-05-27 19:03:56] 💓 心跳正常 (PID: 31565)
[2026-05-27 19:04:06] 💓 心跳正常 (PID: 31565)
[2026-05-27 19:04:16] 💓 心跳正常 (PID: 31565)
[2026-05-27 19:04:27] 💓 心跳正常 (PID: 31565)
[2026-05-27 19:04:37] 💓 心跳正常 (PID: 31565)
[2026-05-27 19:04:47] 💓 心跳正常 (PID: 31565)
