[2026-05-25 13:27:12] ============================================================
[2026-05-25 13:27:12] 📰 新闻抓取守护进程启动
[2026-05-25 13:27:12] 抓取间隔：3600秒 (1 小时)
[2026-05-25 13:27:12] ============================================================
[2026-05-25 13:27:12] 🚀 开始抓取新闻...
[2026-05-25 13:27:17] ✅ 新闻抓取成功
[2026-05-25 14:27:17] 🚀 开始抓取新闻...
[2026-05-25 14:27:30] ✅ 新闻抓取成功
[2026-05-25 15:27:30] 🚀 开始抓取新闻...
[2026-05-25 15:27:40] ✅ 新闻抓取成功
[2026-05-25 16:27:40] 🚀 开始抓取新闻...
[2026-05-25 16:27:53] ✅ 新闻抓取成功
[2026-05-25 17:27:53] 🚀 开始抓取新闻...
[2026-05-25 17:28:05] ✅ 新闻抓取成功
[2026-05-25 18:28:05] 🚀 开始抓取新闻...
[2026-05-25 18:28:15] ✅ 新闻抓取成功
[2026-05-25 22:12:39] ============================================================
[2026-05-25 22:12:39] 📰 新闻抓取守护进程启动
[2026-05-25 22:12:39] 抓取间隔：3600秒 (1 小时)
[2026-05-25 22:12:39] ============================================================
[2026-05-25 22:12:39] 🚀 开始抓取新闻...
[2026-05-25 22:12:44] ✅ 新闻抓取成功
[2026-05-25 22:34:40] ============================================================
[2026-05-25 22:34:40] 📰 新闻抓取守护进程启动
[2026-05-25 22:34:40] 抓取间隔：3600秒 (1 小时)
[2026-05-25 22:34:40] ============================================================
[2026-05-25 22:34:40] 🚀 开始抓取新闻...
[2026-05-25 22:34:46] ✅ 新闻抓取成功
[2026-05-25 22:58:03] ============================================================
[2026-05-25 22:58:03] 📰 新闻抓取守护进程启动
[2026-05-25 22:58:03] 抓取间隔：3600秒 (1 小时)
[2026-05-25 22:58:03] ============================================================
[2026-05-25 22:58:03] 🚀 开始抓取新闻...
[2026-05-25 22:58:09] ✅ 新闻抓取成功
[2026-05-25 23:01:18] ============================================================
[2026-05-25 23:01:18] 📰 新闻抓取守护进程启动
[2026-05-25 23:01:18] 抓取间隔：3600秒 (1 小时)
[2026-05-25 23:01:18] ============================================================
[2026-05-25 23:01:18] 🚀 开始抓取新闻...
[2026-05-25 23:01:23] ✅ 新闻抓取成功
[2026-05-25 23:02:41] ============================================================
[2026-05-25 23:02:41] 📰 新闻抓取守护进程启动
[2026-05-25 23:02:41] 抓取间隔：3600秒 (1 小时)
[2026-05-25 23:02:41] ============================================================
[2026-05-25 23:02:41] 🚀 开始抓取新闻...
[2026-05-25 23:02:46] ✅ 新闻抓取成功
[2026-05-25 23:04:27] ============================================================
[2026-05-25 23:04:27] 📰 新闻抓取守护进程启动
[2026-05-25 23:04:27] 抓取间隔：3600秒 (1 小时)
[2026-05-25 23:04:27] ============================================================
[2026-05-25 23:04:27] 🚀 开始抓取新闻...
[2026-05-25 23:04:34] ✅ 新闻抓取成功
[2026-05-25 23:06:34] ============================================================
[2026-05-25 23:06:34] 📰 新闻抓取守护进程启动
[2026-05-25 23:06:34] 抓取间隔：3600秒 (1 小时)
[2026-05-25 23:06:34] ============================================================
[2026-05-25 23:06:34] 🚀 开始抓取新闻...
[2026-05-25 23:06:39] ✅ 新闻抓取成功
[2026-05-25 23:10:05] ============================================================
[2026-05-25 23:10:05] 📰 新闻抓取守护进程启动
[2026-05-25 23:10:05] 抓取间隔：3600秒 (1 小时)
[2026-05-25 23:10:05] ============================================================
[2026-05-25 23:10:05] 🚀 开始抓取新闻...
[2026-05-25 23:10:11] ✅ 新闻抓取成功
[2026-05-25 23:17:21] ============================================================
[2026-05-25 23:17:21] 📰 新闻抓取守护进程启动
[2026-05-25 23:17:21] 抓取间隔：3600秒 (1 小时)
[2026-05-25 23:17:21] ============================================================
[2026-05-25 23:17:21] 🚀 开始抓取新闻...
[2026-05-25 23:17:26] ✅ 新闻抓取成功
[2026-05-25 23:22:08] ============================================================
[2026-05-25 23:22:08] 📰 新闻抓取守护进程启动
[2026-05-25 23:22:08] 抓取间隔：3600秒 (1 小时)
[2026-05-25 23:22:08] ============================================================
[2026-05-25 23:22:08] 🚀 开始抓取新闻...
[2026-05-25 23:22:13] ✅ 新闻抓取成功
[2026-05-25 23:29:10] ============================================================
[2026-05-25 23:29:10] 📰 新闻抓取守护进程启动
[2026-05-25 23:29:10] 抓取间隔：3600秒 (1 小时)
[2026-05-25 23:29:10] ============================================================
[2026-05-25 23:29:10] 🚀 开始抓取新闻...
[2026-05-25 23:29:15] ✅ 新闻抓取成功
[2026-05-25 23:39:27] ============================================================
[2026-05-25 23:39:27] 📰 新闻抓取守护进程启动
[2026-05-25 23:39:27] 抓取间隔：3600秒 (1 小时)
[2026-05-25 23:39:27] ============================================================
[2026-05-25 23:39:27] 🚀 开始抓取新闻...
[2026-05-25 23:39:34] ✅ 新闻抓取成功
[2026-05-26 00:39:34] 🚀 开始抓取新闻...
[2026-05-26 00:39:45] ✅ 新闻抓取成功
[2026-05-26 01:39:45] 🚀 开始抓取新闻...
[2026-05-26 01:39:56] ✅ 新闻抓取成功
[2026-05-26 02:39:56] 🚀 开始抓取新闻...
[2026-05-26 02:40:07] ✅ 新闻抓取成功
[2026-05-26 03:40:07] 🚀 开始抓取新闻...
[2026-05-26 03:40:18] ✅ 新闻抓取成功
[2026-05-26 04:40:18] 🚀 开始抓取新闻...
[2026-05-26 04:40:29] ✅ 新闻抓取成功
[2026-05-26 05:40:29] 🚀 开始抓取新闻...
[2026-05-26 05:40:41] ✅ 新闻抓取成功
[2026-05-26 06:40:41] 🚀 开始抓取新闻...
[2026-05-26 06:40:53] ✅ 新闻抓取成功
[2026-05-26 07:40:53] 🚀 开始抓取新闻...
[2026-05-26 07:41:02] ✅ 新闻抓取成功
[2026-05-26 07:50:54] ============================================================
[2026-05-26 07:50:54] 📰 新闻抓取守护进程启动
[2026-05-26 07:50:54] 抓取间隔：3600秒 (1 小时)
[2026-05-26 07:50:54] ============================================================
[2026-05-26 07:50:54] 🚀 开始抓取新闻...
[2026-05-26 07:51:07] ✅ 新闻抓取成功
[2026-05-26 08:51:07] 🚀 开始抓取新闻...
[2026-05-26 08:51:19] ✅ 新闻抓取成功
[2026-05-26 09:51:19] 🚀 开始抓取新闻...
[2026-05-26 09:51:34] ✅ 新闻抓取成功
[2026-05-26 10:51:34] 🚀 开始抓取新闻...
[2026-05-26 10:51:53] ✅ 新闻抓取成功
[2026-05-26 11:51:53] 🚀 开始抓取新闻...
[2026-05-26 11:52:02] ✅ 新闻抓取成功
[2026-05-26 12:52:02] 🚀 开始抓取新闻...
[2026-05-26 12:52:19] ✅ 新闻抓取成功
[2026-05-26 13:52:19] 🚀 开始抓取新闻...
[2026-05-26 13:52:30] ✅ 新闻抓取成功
[2026-05-26 14:52:30] 🚀 开始抓取新闻...
[2026-05-26 14:52:44] ✅ 新闻抓取成功
[2026-05-26 15:52:44] 🚀 开始抓取新闻...
[2026-05-26 15:52:58] ✅ 新闻抓取成功
[2026-05-26 16:52:58] 🚀 开始抓取新闻...
[2026-05-26 16:53:07] ✅ 新闻抓取成功
[2026-05-26 17:53:07] 🚀 开始抓取新闻...
[2026-05-26 17:53:18] ✅ 新闻抓取成功
[2026-05-26 18:53:18] 🚀 开始抓取新闻...
[2026-05-26 18:53:28] ✅ 新闻抓取成功
[2026-05-26 19:53:28] 🚀 开始抓取新闻...
[2026-05-26 19:53:39] ✅ 新闻抓取成功
[2026-05-26 20:53:39] 🚀 开始抓取新闻...
[2026-05-26 20:53:50] ✅ 新闻抓取成功
[2026-05-26 21:53:50] 🚀 开始抓取新闻...
[2026-05-26 21:53:59] ✅ 新闻抓取成功
[2026-05-26 22:53:59] 🚀 开始抓取新闻...
[2026-05-26 22:54:13] ✅ 新闻抓取成功
[2026-05-26 23:54:13] 🚀 开始抓取新闻...
[2026-05-26 23:54:26] ✅ 新闻抓取成功
[2026-05-27 00:54:26] 🚀 开始抓取新闻...
[2026-05-27 00:54:39] ✅ 新闻抓取成功
[2026-05-27 01:54:39] 🚀 开始抓取新闻...
[2026-05-27 01:54:48] ✅ 新闻抓取成功
[2026-05-27 02:54:48] 🚀 开始抓取新闻...
[2026-05-27 02:55:00] ✅ 新闻抓取成功
[2026-05-27 03:55:00] 🚀 开始抓取新闻...
[2026-05-27 03:55:09] ✅ 新闻抓取成功
[2026-05-27 04:55:09] 🚀 开始抓取新闻...
[2026-05-27 04:55:19] ✅ 新闻抓取成功
[2026-05-27 05:55:19] 🚀 开始抓取新闻...
[2026-05-27 05:55:30] ✅ 新闻抓取成功
[2026-05-27 06:55:30] 🚀 开始抓取新闻...
[2026-05-27 06:55:40] ✅ 新闻抓取成功
[2026-05-27 07:43:05] ============================================================
[2026-05-27 07:43:05] 📰 新闻抓取守护进程启动
[2026-05-27 07:43:05] 抓取间隔：3600秒 (1 小时)
[2026-05-27 07:43:05] ============================================================
[2026-05-27 07:43:05] 🚀 开始抓取新闻...
[2026-05-27 07:43:13] ✅ 新闻抓取成功
[2026-05-27 08:43:13] 🚀 开始抓取新闻...
[2026-05-27 08:43:22] ✅ 新闻抓取成功
[2026-05-27 09:43:22] 🚀 开始抓取新闻...
[2026-05-27 09:43:34] ✅ 新闻抓取成功
[2026-05-27 10:43:34] 🚀 开始抓取新闻...
[2026-05-27 10:43:45] ✅ 新闻抓取成功
[2026-05-27 11:43:45] 🚀 开始抓取新闻...
[2026-05-27 11:43:55] ✅ 新闻抓取成功
[2026-05-27 12:43:56] 🚀 开始抓取新闻...
[2026-05-27 12:44:11] ✅ 新闻抓取成功
[2026-05-27 13:44:11] 🚀 开始抓取新闻...
[2026-05-27 13:44:18] ✅ 新闻抓取成功
[2026-05-27 14:44:18] 🚀 开始抓取新闻...
[2026-05-27 14:44:27] ✅ 新闻抓取成功
[2026-05-27 15:44:27] 🚀 开始抓取新闻...
[2026-05-27 15:44:35] ✅ 新闻抓取成功
[2026-05-27 16:44:35] 🚀 开始抓取新闻...
[2026-05-27 16:44:42] ✅ 新闻抓取成功
[2026-05-27 17:44:42] 🚀 开始抓取新闻...
[2026-05-27 17:44:50] ✅ 新闻抓取成功
[2026-05-27 18:40:26] ============================================================
[2026-05-27 18:40:26] 📰 新闻抓取守护进程启动
[2026-05-27 18:40:26] 抓取间隔：3600秒 (1 小时)
[2026-05-27 18:40:26] ============================================================
[2026-05-27 18:40:26] 🚀 开始抓取新闻...
[2026-05-27 18:40:32] ✅ 新闻抓取成功
[2026-05-28 22:31:29] ============================================================
[2026-05-28 22:31:29] 📰 新闻抓取守护进程启动
[2026-05-28 22:31:29] 抓取间隔：3600秒 (1 小时)
[2026-05-28 22:31:29] ============================================================
[2026-05-28 22:31:29] 🚀 开始抓取新闻...
[2026-05-28 22:31:33] ✅ 新闻抓取成功
[2026-05-28 23:31:33] 🚀 开始抓取新闻...
[2026-05-28 23:31:39] ✅ 新闻抓取成功
[2026-05-29 00:31:39] 🚀 开始抓取新闻...
[2026-05-29 00:31:48] ✅ 新闻抓取成功
[2026-05-29 01:31:48] 🚀 开始抓取新闻...
[2026-05-29 01:31:56] ✅ 新闻抓取成功
[2026-05-29 02:31:56] 🚀 开始抓取新闻...
[2026-05-29 02:32:10] ✅ 新闻抓取成功
[2026-05-29 03:32:10] 🚀 开始抓取新闻...
[2026-05-29 03:32:24] ✅ 新闻抓取成功
[2026-05-29 04:32:24] 🚀 开始抓取新闻...
[2026-05-29 04:32:40] ✅ 新闻抓取成功
[2026-05-29 05:32:40] 🚀 开始抓取新闻...
[2026-05-29 05:32:54] ✅ 新闻抓取成功
[2026-05-29 06:32:54] 🚀 开始抓取新闻...
[2026-05-29 06:33:09] ✅ 新闻抓取成功
[2026-05-29 07:33:09] 🚀 开始抓取新闻...
[2026-05-29 07:33:18] ✅ 新闻抓取成功
[2026-05-29 08:33:18] 🚀 开始抓取新闻...
[2026-05-29 08:33:24] ✅ 新闻抓取成功
[2026-05-29 09:19:13] ============================================================
[2026-05-29 09:19:13] 📰 新闻抓取守护进程启动
[2026-05-29 09:19:13] 抓取间隔：3600秒 (1 小时)
[2026-05-29 09:19:13] ============================================================
[2026-05-29 09:19:13] 🚀 开始抓取新闻...
[2026-05-29 09:19:18] ✅ 新闻抓取成功
[2026-05-29 10:19:18] 🚀 开始抓取新闻...
[2026-05-29 10:19:23] ✅ 新闻抓取成功
[2026-05-29 11:19:23] 🚀 开始抓取新闻...
[2026-05-29 11:19:27] ✅ 新闻抓取成功
[2026-05-29 12:19:27] 🚀 开始抓取新闻...
[2026-05-29 12:19:33] ✅ 新闻抓取成功
[2026-05-29 13:19:33] 🚀 开始抓取新闻...
[2026-05-29 13:19:49] ✅ 新闻抓取成功
[2026-05-29 14:19:49] 🚀 开始抓取新闻...
[2026-05-29 14:19:53] ✅ 新闻抓取成功
[2026-05-29 15:19:53] 🚀 开始抓取新闻...
[2026-05-29 15:20:04] ✅ 新闻抓取成功
[2026-05-29 16:20:04] 🚀 开始抓取新闻...
[2026-05-29 16:20:11] ✅ 新闻抓取成功
[2026-05-29 17:20:12] 🚀 开始抓取新闻...
[2026-05-29 17:20:20] ✅ 新闻抓取成功
[2026-05-29 17:58:54] ============================================================
[2026-05-29 17:58:54] 📰 新闻抓取守护进程启动
[2026-05-29 17:58:54] 抓取间隔：3600秒 (1 小时)
[2026-05-29 17:58:54] ============================================================
[2026-05-29 17:58:54] 🚀 开始抓取新闻...
[2026-05-29 17:59:00] ✅ 新闻抓取成功
[2026-05-29 18:11:57] ============================================================
[2026-05-29 18:11:57] 📰 新闻抓取守护进程启动
[2026-05-29 18:11:57] 抓取间隔：3600秒 (1 小时)
[2026-05-29 18:11:57] ============================================================
[2026-05-29 18:11:57] 🚀 开始抓取新闻...
[2026-05-29 18:12:03] ✅ 新闻抓取成功
[2026-05-29 18:16:15] ============================================================
[2026-05-29 18:16:15] 📰 新闻抓取守护进程启动
[2026-05-29 18:16:15] 抓取间隔：3600秒 (1 小时)
[2026-05-29 18:16:15] ============================================================
[2026-05-29 18:16:15] 🚀 开始抓取新闻...
[2026-05-29 18:16:22] ✅ 新闻抓取成功
[2026-05-29 18:19:50] ============================================================
[2026-05-29 18:19:50] 📰 新闻抓取守护进程启动
[2026-05-29 18:19:50] 抓取间隔：3600秒 (1 小时)
[2026-05-29 18:19:50] ============================================================
[2026-05-29 18:19:50] 🚀 开始抓取新闻...
[2026-05-29 18:19:56] ✅ 新闻抓取成功
[2026-05-29 19:19:56] 🚀 开始抓取新闻...
[2026-05-29 19:20:04] ✅ 新闻抓取成功
[2026-05-29 19:59:44] ============================================================
[2026-05-29 19:59:44] 📰 新闻抓取守护进程启动
[2026-05-29 19:59:44] 抓取间隔：3600秒 (1 小时)
[2026-05-29 19:59:44] ============================================================
[2026-05-29 19:59:44] 🚀 开始抓取新闻...
[2026-05-29 19:59:50] ✅ 新闻抓取成功
[2026-05-29 20:59:50] 🚀 开始抓取新闻...
[2026-05-29 20:59:57] ✅ 新闻抓取成功
[2026-05-29 21:42:27] ============================================================
[2026-05-29 21:42:27] 📰 新闻抓取守护进程启动
[2026-05-29 21:42:27] 抓取间隔：3600秒 (1 小时)
[2026-05-29 21:42:27] ============================================================
[2026-05-29 21:42:27] 🚀 开始抓取新闻...
[2026-05-29 21:42:32] ✅ 新闻抓取成功
[2026-05-29 21:50:26] ============================================================
[2026-05-29 21:50:26] 📰 新闻抓取守护进程启动
[2026-05-29 21:50:26] 抓取间隔：3600秒 (1 小时)
[2026-05-29 21:50:26] ============================================================
[2026-05-29 21:50:26] 🚀 开始抓取新闻...
[2026-05-29 21:50:33] ✅ 新闻抓取成功
[2026-05-29 22:50:33] 🚀 开始抓取新闻...
[2026-05-29 22:50:42] ✅ 新闻抓取成功
[2026-05-29 23:50:42] 🚀 开始抓取新闻...
[2026-05-29 23:50:50] ✅ 新闻抓取成功
[2026-05-30 00:14:09] ============================================================
[2026-05-30 00:14:09] 📰 新闻抓取守护进程启动
[2026-05-30 00:14:09] 抓取间隔：3600秒 (1 小时)
[2026-05-30 00:14:09] ============================================================
[2026-05-30 00:14:09] 🚀 开始抓取新闻...
[2026-05-30 00:14:16] ✅ 新闻抓取成功
[2026-05-30 00:16:13] ============================================================
[2026-05-30 00:16:13] 📰 新闻抓取守护进程启动
[2026-05-30 00:16:13] 抓取间隔：3600秒 (1 小时)
[2026-05-30 00:16:13] ============================================================
[2026-05-30 00:16:13] 🚀 开始抓取新闻...
[2026-05-30 00:16:20] ✅ 新闻抓取成功
[2026-05-30 00:21:06] ============================================================
[2026-05-30 00:21:06] 📰 新闻抓取守护进程启动
[2026-05-30 00:21:06] 抓取间隔：3600秒 (1 小时)
[2026-05-30 00:21:06] ============================================================
[2026-05-30 00:21:06] 🚀 开始抓取新闻...
[2026-05-30 00:21:12] ✅ 新闻抓取成功
[2026-05-30 01:00:09] ============================================================
[2026-05-30 01:00:09] 📰 新闻抓取守护进程启动
[2026-05-30 01:00:09] 抓取间隔：3600秒 (1 小时)
[2026-05-30 01:00:09] ============================================================
[2026-05-30 01:00:09] 🚀 开始抓取新闻...
[2026-05-30 01:00:15] ✅ 新闻抓取成功
[2026-05-30 02:00:15] 🚀 开始抓取新闻...
[2026-05-30 02:00:29] ✅ 新闻抓取成功
[2026-05-30 03:00:29] 🚀 开始抓取新闻...
[2026-05-30 03:00:44] ✅ 新闻抓取成功
[2026-05-30 04:00:44] 🚀 开始抓取新闻...
[2026-05-30 04:00:57] ✅ 新闻抓取成功
[2026-05-30 05:00:57] 🚀 开始抓取新闻...
[2026-05-30 05:01:11] ✅ 新闻抓取成功
[2026-05-30 06:01:11] 🚀 开始抓取新闻...
[2026-05-30 06:01:25] ✅ 新闻抓取成功
[2026-05-30 07:01:25] 🚀 开始抓取新闻...
[2026-05-30 07:01:38] ✅ 新闻抓取成功
[2026-05-30 08:01:38] 🚀 开始抓取新闻...
[2026-05-30 08:01:45] ✅ 新闻抓取成功
[2026-05-30 09:01:45] 🚀 开始抓取新闻...
[2026-05-30 09:01:54] ✅ 新闻抓取成功
[2026-05-30 10:01:54] 🚀 开始抓取新闻...
[2026-05-30 10:02:01] ✅ 新闻抓取成功
[2026-05-30 11:02:01] 🚀 开始抓取新闻...
[2026-05-30 11:02:10] ✅ 新闻抓取成功
[2026-05-30 12:02:10] 🚀 开始抓取新闻...
[2026-05-30 12:02:18] ✅ 新闻抓取成功
[2026-05-30 13:02:18] 🚀 开始抓取新闻...
[2026-05-30 13:02:27] ✅ 新闻抓取成功
[2026-05-30 14:02:27] 🚀 开始抓取新闻...
[2026-05-30 14:02:36] ✅ 新闻抓取成功
[2026-05-30 15:02:36] 🚀 开始抓取新闻...
[2026-05-30 15:02:44] ✅ 新闻抓取成功
[2026-05-30 15:45:54] ============================================================
[2026-05-30 15:45:54] 📰 新闻抓取守护进程启动
[2026-05-30 15:45:54] 抓取间隔：3600秒 (1 小时)
[2026-05-30 15:45:54] ============================================================
[2026-05-30 15:45:54] 🚀 开始抓取新闻...
[2026-05-30 15:46:00] ✅ 新闻抓取成功
[2026-05-30 15:50:26] ============================================================
[2026-05-30 15:50:26] 📰 新闻抓取守护进程启动
[2026-05-30 15:50:26] 抓取间隔：3600秒 (1 小时)
[2026-05-30 15:50:26] ============================================================
[2026-05-30 15:50:26] 🚀 开始抓取新闻...
[2026-05-30 15:50:34] ✅ 新闻抓取成功
[2026-05-30 16:50:34] 🚀 开始抓取新闻...
[2026-05-30 16:50:42] ✅ 新闻抓取成功
[2026-05-30 17:50:42] 🚀 开始抓取新闻...
[2026-05-30 17:50:52] ✅ 新闻抓取成功
[2026-05-30 18:50:52] 🚀 开始抓取新闻...
[2026-05-30 18:51:00] ✅ 新闻抓取成功
[2026-05-30 19:51:00] 🚀 开始抓取新闻...
[2026-05-30 19:51:08] ✅ 新闻抓取成功
[2026-05-30 20:51:08] 🚀 开始抓取新闻...
[2026-05-30 20:51:16] ✅ 新闻抓取成功
[2026-05-30 21:51:16] 🚀 开始抓取新闻...
[2026-05-30 21:51:25] ✅ 新闻抓取成功
[2026-05-30 22:51:25] 🚀 开始抓取新闻...
[2026-05-30 22:51:35] ✅ 新闻抓取成功
[2026-05-30 23:51:35] 🚀 开始抓取新闻...
[2026-05-30 23:51:43] ✅ 新闻抓取成功
[2026-05-31 00:51:43] 🚀 开始抓取新闻...
[2026-05-31 00:51:58] ✅ 新闻抓取成功
[2026-05-31 01:51:58] 🚀 开始抓取新闻...
[2026-05-31 01:52:10] ✅ 新闻抓取成功
[2026-05-31 02:52:10] 🚀 开始抓取新闻...
[2026-05-31 02:52:23] ✅ 新闻抓取成功
[2026-05-31 03:52:23] 🚀 开始抓取新闻...
[2026-05-31 03:52:38] ✅ 新闻抓取成功
[2026-05-31 04:52:38] 🚀 开始抓取新闻...
[2026-05-31 04:52:52] ✅ 新闻抓取成功
[2026-05-31 05:52:53] 🚀 开始抓取新闻...
[2026-05-31 05:53:07] ✅ 新闻抓取成功
[2026-05-31 06:53:07] 🚀 开始抓取新闻...
[2026-05-31 06:53:21] ✅ 新闻抓取成功
[2026-05-31 07:53:21] 🚀 开始抓取新闻...
[2026-05-31 07:53:35] ✅ 新闻抓取成功
[2026-05-31 08:53:35] 🚀 开始抓取新闻...
[2026-05-31 08:53:41] ✅ 新闻抓取成功
[2026-05-31 09:53:41] 🚀 开始抓取新闻...
[2026-05-31 09:53:48] ✅ 新闻抓取成功
[2026-05-31 10:53:49] 🚀 开始抓取新闻...
[2026-05-31 10:53:59] ✅ 新闻抓取成功
[2026-05-31 11:53:59] 🚀 开始抓取新闻...
[2026-05-31 11:54:08] ✅ 新闻抓取成功
[2026-05-31 12:54:08] 🚀 开始抓取新闻...
[2026-05-31 12:54:20] ✅ 新闻抓取成功
[2026-05-31 13:54:20] 🚀 开始抓取新闻...
[2026-05-31 13:54:27] ✅ 新闻抓取成功
[2026-05-31 14:54:27] 🚀 开始抓取新闻...
[2026-05-31 14:54:35] ✅ 新闻抓取成功
[2026-05-31 15:54:35] 🚀 开始抓取新闻...
[2026-05-31 15:54:43] ✅ 新闻抓取成功
[2026-05-31 16:54:43] 🚀 开始抓取新闻...
[2026-05-31 16:54:52] ✅ 新闻抓取成功
[2026-05-31 17:54:52] 🚀 开始抓取新闻...
[2026-05-31 17:55:00] ✅ 新闻抓取成功
[2026-05-31 18:55:00] 🚀 开始抓取新闻...
[2026-05-31 18:55:10] ✅ 新闻抓取成功
[2026-05-31 19:55:10] 🚀 开始抓取新闻...
[2026-05-31 19:55:20] ✅ 新闻抓取成功
[2026-05-31 20:55:20] 🚀 开始抓取新闻...
[2026-05-31 20:55:29] ✅ 新闻抓取成功
[2026-05-31 21:55:29] 🚀 开始抓取新闻...
[2026-05-31 21:55:39] ✅ 新闻抓取成功
[2026-05-31 22:55:39] 🚀 开始抓取新闻...
[2026-05-31 22:55:47] ✅ 新闻抓取成功
[2026-05-31 23:55:47] 🚀 开始抓取新闻...
[2026-05-31 23:56:01] ✅ 新闻抓取成功
[2026-06-01 00:56:01] 🚀 开始抓取新闻...
[2026-06-01 00:56:10] ✅ 新闻抓取成功
[2026-06-01 01:56:10] 🚀 开始抓取新闻...
[2026-06-01 01:56:24] ✅ 新闻抓取成功
[2026-06-01 02:56:24] 🚀 开始抓取新闻...
[2026-06-01 02:56:37] ✅ 新闻抓取成功
[2026-06-01 03:56:37] 🚀 开始抓取新闻...
[2026-06-01 03:56:51] ✅ 新闻抓取成功
[2026-06-01 04:56:51] 🚀 开始抓取新闻...
[2026-06-01 04:57:05] ✅ 新闻抓取成功
[2026-06-01 05:57:05] 🚀 开始抓取新闻...
[2026-06-01 05:57:19] ✅ 新闻抓取成功
[2026-06-01 06:57:19] 🚀 开始抓取新闻...
[2026-06-01 06:57:33] ✅ 新闻抓取成功
[2026-06-01 07:57:33] 🚀 开始抓取新闻...
[2026-06-01 07:57:48] ✅ 新闻抓取成功
[2026-06-01 08:57:48] 🚀 开始抓取新闻...
[2026-06-01 08:57:57] ✅ 新闻抓取成功
[2026-06-01 09:57:57] 🚀 开始抓取新闻...
[2026-06-01 09:58:04] ✅ 新闻抓取成功
[2026-06-01 10:58:04] 🚀 开始抓取新闻...
[2026-06-01 10:58:10] ✅ 新闻抓取成功
[2026-06-01 11:58:10] 🚀 开始抓取新闻...
[2026-06-01 11:58:23] ✅ 新闻抓取成功
[2026-06-01 12:58:23] 🚀 开始抓取新闻...
[2026-06-01 12:58:30] ✅ 新闻抓取成功
[2026-06-01 13:58:30] 🚀 开始抓取新闻...
[2026-06-01 13:58:39] ✅ 新闻抓取成功
[2026-06-01 14:58:39] 🚀 开始抓取新闻...
[2026-06-01 14:58:46] ✅ 新闻抓取成功
[2026-06-01 15:58:46] 🚀 开始抓取新闻...
[2026-06-01 15:58:54] ✅ 新闻抓取成功
[2026-06-01 16:58:54] 🚀 开始抓取新闻...
[2026-06-01 16:59:04] ✅ 新闻抓取成功
[2026-06-01 17:59:04] 🚀 开始抓取新闻...
[2026-06-01 17:59:11] ✅ 新闻抓取成功
[2026-06-01 18:59:11] 🚀 开始抓取新闻...
[2026-06-01 18:59:20] ✅ 新闻抓取成功
[2026-06-01 19:59:20] 🚀 开始抓取新闻...
[2026-06-01 19:59:30] ✅ 新闻抓取成功
[2026-06-01 20:59:30] 🚀 开始抓取新闻...
[2026-06-01 20:59:37] ✅ 新闻抓取成功
[2026-06-01 21:59:37] 🚀 开始抓取新闻...
[2026-06-01 21:59:46] ✅ 新闻抓取成功
[2026-06-01 22:59:46] 🚀 开始抓取新闻...
[2026-06-01 22:59:54] ✅ 新闻抓取成功
[2026-06-01 23:59:54] 🚀 开始抓取新闻...
[2026-06-02 00:00:07] ✅ 新闻抓取成功
[2026-06-02 01:00:08] 🚀 开始抓取新闻...
[2026-06-02 01:00:22] ✅ 新闻抓取成功
[2026-06-02 02:00:22] 🚀 开始抓取新闻...
[2026-06-02 02:00:36] ✅ 新闻抓取成功
[2026-06-02 03:00:36] 🚀 开始抓取新闻...
[2026-06-02 03:00:51] ✅ 新闻抓取成功
[2026-06-02 04:00:51] 🚀 开始抓取新闻...
[2026-06-02 04:01:05] ✅ 新闻抓取成功
[2026-06-02 05:01:05] 🚀 开始抓取新闻...
[2026-06-02 05:01:19] ✅ 新闻抓取成功
[2026-06-02 06:01:19] 🚀 开始抓取新闻...
[2026-06-02 06:01:33] ✅ 新闻抓取成功
[2026-06-02 07:01:33] 🚀 开始抓取新闻...
[2026-06-02 07:01:48] ✅ 新闻抓取成功
[2026-06-02 08:01:48] 🚀 开始抓取新闻...
[2026-06-02 08:01:58] ✅ 新闻抓取成功
[2026-06-02 09:01:58] 🚀 开始抓取新闻...
[2026-06-02 09:02:05] ✅ 新闻抓取成功
[2026-06-02 10:02:05] 🚀 开始抓取新闻...
[2026-06-02 10:02:13] ✅ 新闻抓取成功
[2026-06-02 11:02:13] 🚀 开始抓取新闻...
[2026-06-02 11:02:23] ✅ 新闻抓取成功
[2026-06-02 11:39:35] ============================================================
[2026-06-02 11:39:35] 📰 新闻抓取守护进程启动
[2026-06-02 11:39:35] 抓取间隔：3600秒 (1 小时)
[2026-06-02 11:39:35] ============================================================
[2026-06-02 11:39:35] 🚀 开始抓取新闻...
[2026-06-02 11:39:41] ✅ 新闻抓取成功
[2026-06-02 11:43:45] ============================================================
[2026-06-02 11:43:45] 📰 新闻抓取守护进程启动
[2026-06-02 11:43:45] 抓取间隔：3600秒 (1 小时)
[2026-06-02 11:43:45] ============================================================
[2026-06-02 11:43:45] 🚀 开始抓取新闻...
[2026-06-02 11:43:51] ✅ 新闻抓取成功
[2026-06-02 12:43:51] 🚀 开始抓取新闻...
[2026-06-02 12:43:58] ✅ 新闻抓取成功
[2026-06-02 13:43:58] 🚀 开始抓取新闻...
[2026-06-02 13:44:10] ✅ 新闻抓取成功
[2026-06-02 14:44:10] 🚀 开始抓取新闻...
[2026-06-02 14:44:27] ✅ 新闻抓取成功
[2026-06-02 15:44:27] 🚀 开始抓取新闻...
[2026-06-02 15:44:34] ✅ 新闻抓取成功
[2026-06-02 16:44:34] 🚀 开始抓取新闻...
[2026-06-02 16:44:43] ✅ 新闻抓取成功
[2026-06-02 17:44:43] 🚀 开始抓取新闻...
[2026-06-02 17:44:51] ✅ 新闻抓取成功
[2026-06-02 18:44:51] 🚀 开始抓取新闻...
[2026-06-02 18:45:01] ✅ 新闻抓取成功
[2026-06-02 19:45:01] 🚀 开始抓取新闻...
[2026-06-02 19:45:10] ✅ 新闻抓取成功
[2026-06-02 20:45:10] 🚀 开始抓取新闻...
[2026-06-02 20:45:23] ✅ 新闻抓取成功
[2026-06-02 21:45:23] 🚀 开始抓取新闻...
[2026-06-02 21:45:32] ✅ 新闻抓取成功
[2026-06-02 22:45:32] 🚀 开始抓取新闻...
[2026-06-02 22:45:44] ✅ 新闻抓取成功
[2026-06-02 23:45:44] 🚀 开始抓取新闻...
[2026-06-02 23:45:53] ✅ 新闻抓取成功
[2026-06-03 00:45:53] 🚀 开始抓取新闻...
[2026-06-03 00:46:05] ✅ 新闻抓取成功
[2026-06-03 01:46:05] 🚀 开始抓取新闻...
[2026-06-03 01:46:18] ✅ 新闻抓取成功
[2026-06-03 02:46:18] 🚀 开始抓取新闻...
[2026-06-03 02:46:34] ✅ 新闻抓取成功
[2026-06-03 03:46:34] 🚀 开始抓取新闻...
[2026-06-03 03:46:46] ✅ 新闻抓取成功
[2026-06-03 04:46:46] 🚀 开始抓取新闻...
[2026-06-03 04:47:00] ✅ 新闻抓取成功
[2026-06-03 05:47:00] 🚀 开始抓取新闻...
[2026-06-03 05:47:13] ✅ 新闻抓取成功
[2026-06-03 06:47:13] 🚀 开始抓取新闻...
[2026-06-03 06:47:26] ✅ 新闻抓取成功
[2026-06-03 07:47:26] 🚀 开始抓取新闻...
[2026-06-03 07:47:33] ✅ 新闻抓取成功
[2026-06-03 08:47:33] 🚀 开始抓取新闻...
[2026-06-03 08:47:40] ✅ 新闻抓取成功
[2026-06-03 09:47:40] 🚀 开始抓取新闻...
[2026-06-03 09:47:49] ✅ 新闻抓取成功
[2026-06-03 10:47:49] 🚀 开始抓取新闻...
[2026-06-03 10:47:58] ✅ 新闻抓取成功
[2026-06-03 11:05:33] ============================================================
[2026-06-03 11:05:33] 📰 新闻抓取守护进程启动
[2026-06-03 11:05:33] 抓取间隔：3600秒 (1 小时)
[2026-06-03 11:05:33] ============================================================
[2026-06-03 11:05:33] 🚀 开始抓取新闻...
[2026-06-03 11:05:40] ✅ 新闻抓取成功
[2026-06-03 11:07:53] ============================================================
[2026-06-03 11:07:53] 📰 新闻抓取守护进程启动
[2026-06-03 11:07:53] 抓取间隔：3600秒 (1 小时)
[2026-06-03 11:07:53] ============================================================
[2026-06-03 11:07:53] 🚀 开始抓取新闻...
[2026-06-03 11:07:58] ✅ 新闻抓取成功
[2026-06-03 11:09:58] ============================================================
[2026-06-03 11:09:58] 📰 新闻抓取守护进程启动
[2026-06-03 11:09:58] 抓取间隔：3600秒 (1 小时)
[2026-06-03 11:09:58] ============================================================
[2026-06-03 11:09:58] 🚀 开始抓取新闻...
[2026-06-03 11:10:04] ✅ 新闻抓取成功
[2026-06-03 11:13:21] ============================================================
[2026-06-03 11:13:21] 📰 新闻抓取守护进程启动
[2026-06-03 11:13:21] 抓取间隔：3600秒 (1 小时)
[2026-06-03 11:13:21] ============================================================
[2026-06-03 11:13:21] 🚀 开始抓取新闻...
[2026-06-03 11:13:26] ✅ 新闻抓取成功
[2026-06-03 11:37:58] ============================================================
[2026-06-03 11:37:58] 📰 新闻抓取守护进程启动
[2026-06-03 11:37:58] 抓取间隔：3600秒 (1 小时)
[2026-06-03 11:37:58] ============================================================
[2026-06-03 11:37:58] 🚀 开始抓取新闻...
[2026-06-03 11:38:04] ✅ 新闻抓取成功
[2026-06-03 11:41:37] ============================================================
[2026-06-03 11:41:37] 📰 新闻抓取守护进程启动
[2026-06-03 11:41:37] 抓取间隔：3600秒 (1 小时)
[2026-06-03 11:41:37] ============================================================
[2026-06-03 11:41:37] 🚀 开始抓取新闻...
[2026-06-03 11:41:43] ✅ 新闻抓取成功
[2026-06-03 12:41:43] 🚀 开始抓取新闻...
[2026-06-03 12:41:54] ✅ 新闻抓取成功
[2026-06-03 13:41:54] 🚀 开始抓取新闻...
[2026-06-03 13:42:07] ✅ 新闻抓取成功
[2026-06-03 14:42:07] 🚀 开始抓取新闻...
[2026-06-03 14:42:16] ✅ 新闻抓取成功
[2026-06-03 15:42:16] 🚀 开始抓取新闻...
[2026-06-03 15:42:24] ✅ 新闻抓取成功
[2026-06-03 16:42:24] 🚀 开始抓取新闻...
[2026-06-03 16:42:32] ✅ 新闻抓取成功
[2026-06-03 17:42:32] 🚀 开始抓取新闻...
[2026-06-03 17:42:40] ✅ 新闻抓取成功
[2026-06-03 18:42:40] 🚀 开始抓取新闻...
[2026-06-03 18:42:48] ✅ 新闻抓取成功
[2026-06-03 19:42:48] 🚀 开始抓取新闻...
[2026-06-03 19:42:57] ✅ 新闻抓取成功
[2026-06-03 20:42:57] 🚀 开始抓取新闻...
[2026-06-03 20:43:08] ✅ 新闻抓取成功
[2026-06-03 21:43:08] 🚀 开始抓取新闻...
[2026-06-03 21:43:18] ✅ 新闻抓取成功
[2026-06-03 22:43:18] 🚀 开始抓取新闻...
[2026-06-03 22:43:29] ✅ 新闻抓取成功
[2026-06-03 23:43:29] 🚀 开始抓取新闻...
[2026-06-03 23:43:44] ✅ 新闻抓取成功
[2026-06-04 00:43:44] 🚀 开始抓取新闻...
[2026-06-04 00:43:52] ✅ 新闻抓取成功
[2026-06-04 01:43:52] 🚀 开始抓取新闻...
[2026-06-04 01:44:07] ✅ 新闻抓取成功
[2026-06-04 02:44:07] 🚀 开始抓取新闻...
[2026-06-04 02:44:21] ✅ 新闻抓取成功
[2026-06-04 03:44:21] 🚀 开始抓取新闻...
[2026-06-04 03:44:36] ✅ 新闻抓取成功
[2026-06-04 04:44:36] 🚀 开始抓取新闻...
[2026-06-04 04:44:48] ✅ 新闻抓取成功
[2026-06-04 05:44:48] 🚀 开始抓取新闻...
[2026-06-04 05:45:02] ✅ 新闻抓取成功
[2026-06-04 06:45:02] 🚀 开始抓取新闻...
[2026-06-04 06:45:16] ✅ 新闻抓取成功
[2026-06-04 07:45:16] 🚀 开始抓取新闻...
[2026-06-04 07:45:25] ✅ 新闻抓取成功
[2026-06-04 08:45:25] 🚀 开始抓取新闻...
[2026-06-04 08:45:32] ✅ 新闻抓取成功
[2026-06-04 09:45:32] 🚀 开始抓取新闻...
[2026-06-04 09:45:40] ✅ 新闻抓取成功
[2026-06-04 10:45:40] 🚀 开始抓取新闻...
[2026-06-04 10:45:47] ✅ 新闻抓取成功
[2026-06-04 11:45:47] 🚀 开始抓取新闻...
[2026-06-04 11:45:55] ✅ 新闻抓取成功
[2026-06-04 11:58:06] ============================================================
[2026-06-04 11:58:06] 📰 新闻抓取守护进程启动
[2026-06-04 11:58:06] 抓取间隔：3600秒 (1 小时)
[2026-06-04 11:58:06] ============================================================
[2026-06-04 11:58:07] 🚀 开始抓取新闻...
[2026-06-04 11:58:12] ✅ 新闻抓取成功
[2026-06-04 12:01:37] ============================================================
[2026-06-04 12:01:37] 📰 新闻抓取守护进程启动
[2026-06-04 12:01:37] 抓取间隔：3600秒 (1 小时)
[2026-06-04 12:01:37] ============================================================
[2026-06-04 12:01:37] 🚀 开始抓取新闻...
[2026-06-04 12:01:43] ✅ 新闻抓取成功
[2026-06-04 13:01:43] 🚀 开始抓取新闻...
[2026-06-04 13:01:50] ✅ 新闻抓取成功
[2026-06-04 14:01:50] 🚀 开始抓取新闻...
[2026-06-04 14:01:59] ✅ 新闻抓取成功
[2026-06-04 15:01:59] 🚀 开始抓取新闻...
[2026-06-04 15:02:07] ✅ 新闻抓取成功
[2026-06-04 16:02:07] 🚀 开始抓取新闻...
[2026-06-04 16:02:16] ✅ 新闻抓取成功
[2026-06-04 17:02:16] 🚀 开始抓取新闻...
[2026-06-04 17:02:26] ✅ 新闻抓取成功
[2026-06-04 18:02:26] 🚀 开始抓取新闻...
[2026-06-04 18:02:34] ✅ 新闻抓取成功
[2026-06-04 19:02:34] 🚀 开始抓取新闻...
[2026-06-04 19:02:43] ✅ 新闻抓取成功
[2026-06-04 20:02:43] 🚀 开始抓取新闻...
[2026-06-04 20:02:54] ✅ 新闻抓取成功
[2026-06-04 20:16:18] ============================================================
[2026-06-04 20:16:18] 📰 新闻抓取守护进程启动
[2026-06-04 20:16:18] 抓取间隔：3600秒 (1 小时)
[2026-06-04 20:16:18] ============================================================
[2026-06-04 20:16:18] 🚀 开始抓取新闻...
[2026-06-04 20:16:24] ✅ 新闻抓取成功
[2026-06-04 21:16:24] 🚀 开始抓取新闻...
[2026-06-04 21:16:32] ✅ 新闻抓取成功
[2026-06-04 22:16:32] 🚀 开始抓取新闻...
[2026-06-04 22:16:40] ✅ 新闻抓取成功
[2026-06-04 23:16:40] 🚀 开始抓取新闻...
[2026-06-04 23:16:54] ✅ 新闻抓取成功
[2026-06-05 00:16:54] 🚀 开始抓取新闻...
[2026-06-05 00:17:03] ✅ 新闻抓取成功
[2026-06-05 01:17:03] 🚀 开始抓取新闻...
[2026-06-05 01:17:17] ✅ 新闻抓取成功
[2026-06-05 02:17:17] 🚀 开始抓取新闻...
[2026-06-05 02:17:30] ✅ 新闻抓取成功
[2026-06-05 03:17:30] 🚀 开始抓取新闻...
[2026-06-05 03:17:44] ✅ 新闻抓取成功
[2026-06-05 04:17:44] 🚀 开始抓取新闻...
[2026-06-05 04:17:57] ✅ 新闻抓取成功
[2026-06-05 05:17:57] 🚀 开始抓取新闻...
[2026-06-05 05:18:12] ✅ 新闻抓取成功
[2026-06-05 06:18:12] 🚀 开始抓取新闻...
[2026-06-05 06:18:26] ✅ 新闻抓取成功
[2026-06-05 07:18:26] 🚀 开始抓取新闻...
[2026-06-05 07:18:41] ✅ 新闻抓取成功
[2026-06-05 08:18:41] 🚀 开始抓取新闻...
[2026-06-05 08:18:49] ✅ 新闻抓取成功
[2026-06-05 09:18:49] 🚀 开始抓取新闻...
[2026-06-05 09:18:56] ✅ 新闻抓取成功
[2026-06-05 09:42:00] ============================================================
[2026-06-05 09:42:00] 📰 新闻抓取守护进程启动
[2026-06-05 09:42:00] 抓取间隔：3600秒 (1 小时)
[2026-06-05 09:42:00] ============================================================
[2026-06-05 09:42:00] 🚀 开始抓取新闻...
[2026-06-05 09:42:07] ✅ 新闻抓取成功
[2026-06-05 10:42:07] 🚀 开始抓取新闻...
[2026-06-05 10:42:17] ✅ 新闻抓取成功
[2026-06-05 11:42:17] 🚀 开始抓取新闻...
[2026-06-05 11:42:24] ✅ 新闻抓取成功
[2026-06-05 12:42:24] 🚀 开始抓取新闻...
[2026-06-05 12:42:32] ✅ 新闻抓取成功
[2026-06-05 13:42:32] 🚀 开始抓取新闻...
[2026-06-05 13:42:38] ✅ 新闻抓取成功
[2026-06-05 14:20:09] ============================================================
[2026-06-05 14:20:09] 📰 新闻抓取守护进程启动
[2026-06-05 14:20:09] 抓取间隔：3600秒 (1 小时)
[2026-06-05 14:20:09] ============================================================
[2026-06-05 14:20:09] 🚀 开始抓取新闻...
[2026-06-05 14:20:15] ✅ 新闻抓取成功
[2026-06-05 14:24:35] ============================================================
[2026-06-05 14:24:35] 📰 新闻抓取守护进程启动
[2026-06-05 14:24:35] 抓取间隔：3600秒 (1 小时)
[2026-06-05 14:24:35] ============================================================
[2026-06-05 14:24:35] 🚀 开始抓取新闻...
[2026-06-05 14:24:40] ✅ 新闻抓取成功
[2026-06-05 14:29:25] ============================================================
[2026-06-05 14:29:25] 📰 新闻抓取守护进程启动
[2026-06-05 14:29:25] 抓取间隔：3600秒 (1 小时)
[2026-06-05 14:29:25] ============================================================
[2026-06-05 14:29:25] 🚀 开始抓取新闻...
[2026-06-05 14:29:31] ✅ 新闻抓取成功
[2026-06-05 14:38:30] ============================================================
[2026-06-05 14:38:30] 📰 新闻抓取守护进程启动
[2026-06-05 14:38:30] 抓取间隔：3600秒 (1 小时)
[2026-06-05 14:38:30] ============================================================
[2026-06-05 14:38:30] 🚀 开始抓取新闻...
[2026-06-05 14:38:37] ✅ 新闻抓取成功
[2026-06-05 15:38:37] 🚀 开始抓取新闻...
[2026-06-05 15:38:46] ✅ 新闻抓取成功
[2026-06-05 16:38:46] 🚀 开始抓取新闻...
[2026-06-05 16:38:56] ✅ 新闻抓取成功
[2026-06-05 17:38:56] 🚀 开始抓取新闻...
[2026-06-05 17:39:04] ✅ 新闻抓取成功
[2026-06-05 18:39:04] 🚀 开始抓取新闻...
[2026-06-05 18:39:12] ✅ 新闻抓取成功
[2026-06-05 19:39:12] 🚀 开始抓取新闻...
[2026-06-05 19:39:19] ✅ 新闻抓取成功
[2026-06-05 20:39:19] 🚀 开始抓取新闻...
[2026-06-05 20:39:30] ✅ 新闻抓取成功
[2026-06-05 21:39:30] 🚀 开始抓取新闻...
[2026-06-05 21:39:37] ✅ 新闻抓取成功
[2026-06-05 22:39:37] 🚀 开始抓取新闻...
[2026-06-05 22:39:47] ✅ 新闻抓取成功
[2026-06-05 23:39:47] 🚀 开始抓取新闻...
[2026-06-05 23:39:55] ✅ 新闻抓取成功
[2026-06-06 00:39:55] 🚀 开始抓取新闻...
[2026-06-06 00:40:01] ✅ 新闻抓取成功
[2026-06-06 01:40:01] 🚀 开始抓取新闻...
[2026-06-06 01:40:08] ✅ 新闻抓取成功
[2026-06-06 02:40:08] 🚀 开始抓取新闻...
[2026-06-06 02:40:17] ✅ 新闻抓取成功
[2026-06-06 03:40:17] 🚀 开始抓取新闻...
[2026-06-06 03:40:26] ✅ 新闻抓取成功
[2026-06-06 04:40:26] 🚀 开始抓取新闻...
[2026-06-06 04:40:34] ✅ 新闻抓取成功
[2026-06-06 05:40:34] 🚀 开始抓取新闻...
[2026-06-06 05:40:43] ✅ 新闻抓取成功
[2026-06-06 06:40:43] 🚀 开始抓取新闻...
[2026-06-06 06:40:52] ✅ 新闻抓取成功
[2026-06-06 07:40:52] 🚀 开始抓取新闻...
[2026-06-06 07:41:00] ✅ 新闻抓取成功
[2026-06-06 08:13:33] ============================================================
[2026-06-06 08:13:33] 📰 新闻抓取守护进程启动
[2026-06-06 08:13:33] 抓取间隔：3600秒 (1 小时)
[2026-06-06 08:13:33] ============================================================
[2026-06-06 08:13:33] 🚀 开始抓取新闻...
[2026-06-06 08:13:39] ✅ 新闻抓取成功
[2026-06-06 08:17:17] ============================================================
[2026-06-06 08:17:17] 📰 新闻抓取守护进程启动
[2026-06-06 08:17:17] 抓取间隔：3600秒 (1 小时)
[2026-06-06 08:17:17] ============================================================
[2026-06-06 08:17:17] 🚀 开始抓取新闻...
[2026-06-06 08:17:23] ✅ 新闻抓取成功
[2026-06-06 09:17:23] 🚀 开始抓取新闻...
[2026-06-06 09:17:30] ✅ 新闻抓取成功
[2026-06-06 10:12:35] ============================================================
[2026-06-06 10:12:35] 📰 新闻抓取守护进程启动
[2026-06-06 10:12:35] 抓取间隔：3600秒 (1 小时)
[2026-06-06 10:12:35] ============================================================
[2026-06-06 10:12:35] 🚀 开始抓取新闻...
[2026-06-06 10:12:41] ✅ 新闻抓取成功
[2026-06-06 10:14:30] ============================================================
[2026-06-06 10:14:30] 📰 新闻抓取守护进程启动
[2026-06-06 10:14:30] 抓取间隔：3600秒 (1 小时)
[2026-06-06 10:14:30] ============================================================
[2026-06-06 10:14:30] 🚀 开始抓取新闻...
[2026-06-06 10:14:36] ✅ 新闻抓取成功
[2026-06-06 10:17:31] ============================================================
[2026-06-06 10:17:31] 📰 新闻抓取守护进程启动
[2026-06-06 10:17:31] 抓取间隔：3600秒 (1 小时)
[2026-06-06 10:17:31] ============================================================
[2026-06-06 10:17:31] 🚀 开始抓取新闻...
[2026-06-06 10:17:37] ✅ 新闻抓取成功
[2026-06-06 10:19:45] ============================================================
[2026-06-06 10:19:46] 📰 新闻抓取守护进程启动
[2026-06-06 10:19:46] 抓取间隔：3600秒 (1 小时)
[2026-06-06 10:19:46] ============================================================
[2026-06-06 10:19:46] 🚀 开始抓取新闻...
[2026-06-06 10:19:52] ✅ 新闻抓取成功
[2026-06-06 10:21:44] ============================================================
[2026-06-06 10:21:44] 📰 新闻抓取守护进程启动
[2026-06-06 10:21:44] 抓取间隔：3600秒 (1 小时)
[2026-06-06 10:21:44] ============================================================
[2026-06-06 10:21:44] 🚀 开始抓取新闻...
[2026-06-06 10:21:50] ✅ 新闻抓取成功
[2026-06-06 10:23:38] ============================================================
[2026-06-06 10:23:38] 📰 新闻抓取守护进程启动
[2026-06-06 10:23:38] 抓取间隔：3600秒 (1 小时)
[2026-06-06 10:23:38] ============================================================
[2026-06-06 10:23:38] 🚀 开始抓取新闻...
[2026-06-06 10:25:56] ============================================================
[2026-06-06 10:25:56] 📰 新闻抓取守护进程启动
[2026-06-06 10:25:56] 抓取间隔：3600秒 (1 小时)
[2026-06-06 10:25:56] ============================================================
[2026-06-06 10:25:56] 🚀 开始抓取新闻...
[2026-06-06 10:26:02] ✅ 新闻抓取成功
[2026-06-06 10:30:17] ============================================================
[2026-06-06 10:30:17] 📰 新闻抓取守护进程启动
[2026-06-06 10:30:17] 抓取间隔：3600秒 (1 小时)
[2026-06-06 10:30:17] ============================================================
[2026-06-06 10:30:17] 🚀 开始抓取新闻...
[2026-06-06 10:30:23] ✅ 新闻抓取成功
[2026-06-06 11:30:23] 🚀 开始抓取新闻...
[2026-06-06 11:30:31] ✅ 新闻抓取成功
[2026-06-06 12:30:31] 🚀 开始抓取新闻...
[2026-06-06 12:30:39] ❌ 抓取失败：Traceback (most recent call last):
  File "/root/.openclaw/workspace/scripts/crypto_news_fetcher.py", line 372, in <module>
    main()
    ~~~~^^
  File "/root/.openclaw/workspace/scripts/crypto_news_fetcher.py", line 361, in main
    analysis = generate_analysis(all_news)
  File "/root/.openclaw/workspace/scripts/crypto_news_fetcher.py", line 302, in generate_analysis
    tmp_content = ANALYSIS_FILE + '.tmp'
                  ~~~~~~~~~~~~~~^~~~~~~~
TypeError: unsupported operand type(s) for +: 'PosixPath' and 'str'
[2026-06-06 13:30:39] 🚀 开始抓取新闻...
[2026-06-06 13:30:48] ❌ 抓取失败：Traceback (most recent call last):
  File "/root/.openclaw/workspace/scripts/crypto_news_fetcher.py", line 372, in <module>
    main()
    ~~~~^^
  File "/root/.openclaw/workspace/scripts/crypto_news_fetcher.py", line 361, in main
    analysis = generate_analysis(all_news)
  File "/root/.openclaw/workspace/scripts/crypto_news_fetcher.py", line 302, in generate_analysis
    tmp_content = ANALYSIS_FILE + '.tmp'
                  ~~~~~~~~~~~~~~^~~~~~~~
TypeError: unsupported operand type(s) for +: 'PosixPath' and 'str'
[2026-06-06 13:48:07] ============================================================
[2026-06-06 13:48:07] 📰 新闻抓取守护进程启动
[2026-06-06 13:48:07] 抓取间隔：3600秒 (1 小时)
[2026-06-06 13:48:07] ============================================================
[2026-06-06 13:48:07] 🚀 开始抓取新闻...
[2026-06-06 13:48:13] ❌ 抓取失败：Traceback (most recent call last):
  File "/root/.openclaw/workspace/scripts/crypto_news_fetcher.py", line 372, in <module>
    main()
    ~~~~^^
  File "/root/.openclaw/workspace/scripts/crypto_news_fetcher.py", line 361, in main
    analysis = generate_analysis(all_news)
  File "/root/.openclaw/workspace/scripts/crypto_news_fetcher.py", line 302, in generate_analysis
    tmp_content = ANALYSIS_FILE + '.tmp'
                  ~~~~~~~~~~~~~~^~~~~~~~
TypeError: unsupported operand type(s) for +: 'PosixPath' and 'str'
[2026-06-06 14:06:13] ============================================================
[2026-06-06 14:06:13] 📰 新闻抓取守护进程启动
[2026-06-06 14:06:13] 抓取间隔：3600秒 (1 小时)
[2026-06-06 14:06:13] ============================================================
[2026-06-06 14:06:13] 🚀 开始抓取新闻...
[2026-06-06 14:06:19] ❌ 抓取失败：Traceback (most recent call last):
  File "/root/.openclaw/workspace/scripts/crypto_news_fetcher.py", line 372, in <module>
    main()
    ~~~~^^
  File "/root/.openclaw/workspace/scripts/crypto_news_fetcher.py", line 361, in main
    analysis = generate_analysis(all_news)
  File "/root/.openclaw/workspace/scripts/crypto_news_fetcher.py", line 302, in generate_analysis
    tmp_content = ANALYSIS_FILE + '.tmp'
                  ~~~~~~~~~~~~~~^~~~~~~~
TypeError: unsupported operand type(s) for +: 'PosixPath' and 'str'
[2026-06-06 15:06:19] 🚀 开始抓取新闻...
[2026-06-06 15:06:27] ❌ 抓取失败：Traceback (most recent call last):
  File "/root/.openclaw/workspace/scripts/crypto_news_fetcher.py", line 372, in <module>
    main()
    ~~~~^^
  File "/root/.openclaw/workspace/scripts/crypto_news_fetcher.py", line 361, in main
    analysis = generate_analysis(all_news)
  File "/root/.openclaw/workspace/scripts/crypto_news_fetcher.py", line 302, in generate_analysis
    tmp_content = ANALYSIS_FILE + '.tmp'
                  ~~~~~~~~~~~~~~^~~~~~~~
TypeError: unsupported operand type(s) for +: 'PosixPath' and 'str'
[2026-06-06 16:06:27] 🚀 开始抓取新闻...
[2026-06-06 16:06:35] ❌ 抓取失败：Traceback (most recent call last):
  File "/root/.openclaw/workspace/scripts/crypto_news_fetcher.py", line 372, in <module>
    main()
    ~~~~^^
  File "/root/.openclaw/workspace/scripts/crypto_news_fetcher.py", line 361, in main
    analysis = generate_analysis(all_news)
  File "/root/.openclaw/workspace/scripts/crypto_news_fetcher.py", line 302, in generate_analysis
    tmp_content = ANALYSIS_FILE + '.tmp'
                  ~~~~~~~~~~~~~~^~~~~~~~
TypeError: unsupported operand type(s) for +: 'PosixPath' and 'str'
[2026-06-06 17:06:35] 🚀 开始抓取新闻...
[2026-06-06 17:06:43] ❌ 抓取失败：Traceback (most recent call last):
  File "/root/.openclaw/workspace/scripts/crypto_news_fetcher.py", line 372, in <module>
    main()
    ~~~~^^
  File "/root/.openclaw/workspace/scripts/crypto_news_fetcher.py", line 361, in main
    analysis = generate_analysis(all_news)
  File "/root/.openclaw/workspace/scripts/crypto_news_fetcher.py", line 302, in generate_analysis
    tmp_content = ANALYSIS_FILE + '.tmp'
                  ~~~~~~~~~~~~~~^~~~~~~~
TypeError: unsupported operand type(s) for +: 'PosixPath' and 'str'
[2026-06-06 18:06:43] 🚀 开始抓取新闻...
[2026-06-06 18:06:51] ❌ 抓取失败：Traceback (most recent call last):
  File "/root/.openclaw/workspace/scripts/crypto_news_fetcher.py", line 372, in <module>
    main()
    ~~~~^^
  File "/root/.openclaw/workspace/scripts/crypto_news_fetcher.py", line 361, in main
    analysis = generate_analysis(all_news)
  File "/root/.openclaw/workspace/scripts/crypto_news_fetcher.py", line 302, in generate_analysis
    tmp_content = ANALYSIS_FILE + '.tmp'
                  ~~~~~~~~~~~~~~^~~~~~~~
TypeError: unsupported operand type(s) for +: 'PosixPath' and 'str'
[2026-06-06 19:06:51] 🚀 开始抓取新闻...
[2026-06-06 19:06:58] ❌ 抓取失败：Traceback (most recent call last):
  File "/root/.openclaw/workspace/scripts/crypto_news_fetcher.py", line 372, in <module>
    main()
    ~~~~^^
  File "/root/.openclaw/workspace/scripts/crypto_news_fetcher.py", line 361, in main
    analysis = generate_analysis(all_news)
  File "/root/.openclaw/workspace/scripts/crypto_news_fetcher.py", line 302, in generate_analysis
    tmp_content = ANALYSIS_FILE + '.tmp'
                  ~~~~~~~~~~~~~~^~~~~~~~
TypeError: unsupported operand type(s) for +: 'PosixPath' and 'str'
[2026-06-06 20:06:58] 🚀 开始抓取新闻...
[2026-06-06 20:07:06] ❌ 抓取失败：Traceback (most recent call last):
  File "/root/.openclaw/workspace/scripts/crypto_news_fetcher.py", line 372, in <module>
    main()
    ~~~~^^
  File "/root/.openclaw/workspace/scripts/crypto_news_fetcher.py", line 361, in main
    analysis = generate_analysis(all_news)
  File "/root/.openclaw/workspace/scripts/crypto_news_fetcher.py", line 302, in generate_analysis
    tmp_content = ANALYSIS_FILE + '.tmp'
                  ~~~~~~~~~~~~~~^~~~~~~~
TypeError: unsupported operand type(s) for +: 'PosixPath' and 'str'
[2026-06-06 21:07:06] 🚀 开始抓取新闻...
[2026-06-06 21:07:13] ❌ 抓取失败：Traceback (most recent call last):
  File "/root/.openclaw/workspace/scripts/crypto_news_fetcher.py", line 372, in <module>
    main()
    ~~~~^^
  File "/root/.openclaw/workspace/scripts/crypto_news_fetcher.py", line 361, in main
    analysis = generate_analysis(all_news)
  File "/root/.openclaw/workspace/scripts/crypto_news_fetcher.py", line 302, in generate_analysis
    tmp_content = ANALYSIS_FILE + '.tmp'
                  ~~~~~~~~~~~~~~^~~~~~~~
TypeError: unsupported operand type(s) for +: 'PosixPath' and 'str'
[2026-06-06 22:07:13] 🚀 开始抓取新闻...
[2026-06-06 22:07:20] ❌ 抓取失败：Traceback (most recent call last):
  File "/root/.openclaw/workspace/scripts/crypto_news_fetcher.py", line 372, in <module>
    main()
    ~~~~^^
  File "/root/.openclaw/workspace/scripts/crypto_news_fetcher.py", line 361, in main
    analysis = generate_analysis(all_news)
  File "/root/.openclaw/workspace/scripts/crypto_news_fetcher.py", line 302, in generate_analysis
    tmp_content = ANALYSIS_FILE + '.tmp'
                  ~~~~~~~~~~~~~~^~~~~~~~
TypeError: unsupported operand type(s) for +: 'PosixPath' and 'str'
[2026-06-06 23:07:20] 🚀 开始抓取新闻...
[2026-06-06 23:07:29] ❌ 抓取失败：Traceback (most recent call last):
  File "/root/.openclaw/workspace/scripts/crypto_news_fetcher.py", line 372, in <module>
    main()
    ~~~~^^
  File "/root/.openclaw/workspace/scripts/crypto_news_fetcher.py", line 361, in main
    analysis = generate_analysis(all_news)
  File "/root/.openclaw/workspace/scripts/crypto_news_fetcher.py", line 302, in generate_analysis
    tmp_content = ANALYSIS_FILE + '.tmp'
                  ~~~~~~~~~~~~~~^~~~~~~~
TypeError: unsupported operand type(s) for +: 'PosixPath' and 'str'
[2026-06-07 00:07:29] 🚀 开始抓取新闻...
[2026-06-07 00:07:44] ❌ 抓取失败：Traceback (most recent call last):
  File "/root/.openclaw/workspace/scripts/crypto_news_fetcher.py", line 372, in <module>
    main()
    ~~~~^^
  File "/root/.openclaw/workspace/scripts/crypto_news_fetcher.py", line 361, in main
    analysis = generate_analysis(all_news)
  File "/root/.openclaw/workspace/scripts/crypto_news_fetcher.py", line 302, in generate_analysis
    tmp_content = ANALYSIS_FILE + '.tmp'
                  ~~~~~~~~~~~~~~^~~~~~~~
TypeError: unsupported operand type(s) for +: 'PosixPath' and 'str'
[2026-06-07 01:07:44] 🚀 开始抓取新闻...
[2026-06-07 01:07:58] ❌ 抓取失败：Traceback (most recent call last):
  File "/root/.openclaw/workspace/scripts/crypto_news_fetcher.py", line 372, in <module>
    main()
    ~~~~^^
  File "/root/.openclaw/workspace/scripts/crypto_news_fetcher.py", line 361, in main
    analysis = generate_analysis(all_news)
  File "/root/.openclaw/workspace/scripts/crypto_news_fetcher.py", line 302, in generate_analysis
    tmp_content = ANALYSIS_FILE + '.tmp'
                  ~~~~~~~~~~~~~~^~~~~~~~
TypeError: unsupported operand type(s) for +: 'PosixPath' and 'str'
[2026-06-07 02:07:58] 🚀 开始抓取新闻...
[2026-06-07 02:08:06] ❌ 抓取失败：Traceback (most recent call last):
  File "/root/.openclaw/workspace/scripts/crypto_news_fetcher.py", line 372, in <module>
    main()
    ~~~~^^
  File "/root/.openclaw/workspace/scripts/crypto_news_fetcher.py", line 361, in main
    analysis = generate_analysis(all_news)
  File "/root/.openclaw/workspace/scripts/crypto_news_fetcher.py", line 302, in generate_analysis
    tmp_content = ANALYSIS_FILE + '.tmp'
                  ~~~~~~~~~~~~~~^~~~~~~~
TypeError: unsupported operand type(s) for +: 'PosixPath' and 'str'
[2026-06-07 03:08:06] 🚀 开始抓取新闻...
[2026-06-07 03:08:13] ❌ 抓取失败：Traceback (most recent call last):
  File "/root/.openclaw/workspace/scripts/crypto_news_fetcher.py", line 372, in <module>
    main()
    ~~~~^^
  File "/root/.openclaw/workspace/scripts/crypto_news_fetcher.py", line 361, in main
    analysis = generate_analysis(all_news)
  File "/root/.openclaw/workspace/scripts/crypto_news_fetcher.py", line 302, in generate_analysis
    tmp_content = ANALYSIS_FILE + '.tmp'
                  ~~~~~~~~~~~~~~^~~~~~~~
TypeError: unsupported operand type(s) for +: 'PosixPath' and 'str'
[2026-06-07 04:08:13] 🚀 开始抓取新闻...
[2026-06-07 04:08:20] ❌ 抓取失败：Traceback (most recent call last):
  File "/root/.openclaw/workspace/scripts/crypto_news_fetcher.py", line 372, in <module>
    main()
    ~~~~^^
  File "/root/.openclaw/workspace/scripts/crypto_news_fetcher.py", line 361, in main
    analysis = generate_analysis(all_news)
  File "/root/.openclaw/workspace/scripts/crypto_news_fetcher.py", line 302, in generate_analysis
    tmp_content = ANALYSIS_FILE + '.tmp'
                  ~~~~~~~~~~~~~~^~~~~~~~
TypeError: unsupported operand type(s) for +: 'PosixPath' and 'str'
[2026-06-07 05:08:20] 🚀 开始抓取新闻...
[2026-06-07 05:08:27] ❌ 抓取失败：Traceback (most recent call last):
  File "/root/.openclaw/workspace/scripts/crypto_news_fetcher.py", line 372, in <module>
    main()
    ~~~~^^
  File "/root/.openclaw/workspace/scripts/crypto_news_fetcher.py", line 361, in main
    analysis = generate_analysis(all_news)
  File "/root/.openclaw/workspace/scripts/crypto_news_fetcher.py", line 302, in generate_analysis
    tmp_content = ANALYSIS_FILE + '.tmp'
                  ~~~~~~~~~~~~~~^~~~~~~~
TypeError: unsupported operand type(s) for +: 'PosixPath' and 'str'
[2026-06-07 06:08:27] 🚀 开始抓取新闻...
[2026-06-07 06:08:35] ❌ 抓取失败：Traceback (most recent call last):
  File "/root/.openclaw/workspace/scripts/crypto_news_fetcher.py", line 372, in <module>
    main()
    ~~~~^^
  File "/root/.openclaw/workspace/scripts/crypto_news_fetcher.py", line 361, in main
    analysis = generate_analysis(all_news)
  File "/root/.openclaw/workspace/scripts/crypto_news_fetcher.py", line 302, in generate_analysis
    tmp_content = ANALYSIS_FILE + '.tmp'
                  ~~~~~~~~~~~~~~^~~~~~~~
TypeError: unsupported operand type(s) for +: 'PosixPath' and 'str'
[2026-06-07 07:08:35] 🚀 开始抓取新闻...
[2026-06-07 07:08:43] ❌ 抓取失败：Traceback (most recent call last):
  File "/root/.openclaw/workspace/scripts/crypto_news_fetcher.py", line 372, in <module>
    main()
    ~~~~^^
  File "/root/.openclaw/workspace/scripts/crypto_news_fetcher.py", line 361, in main
    analysis = generate_analysis(all_news)
  File "/root/.openclaw/workspace/scripts/crypto_news_fetcher.py", line 302, in generate_analysis
    tmp_content = ANALYSIS_FILE + '.tmp'
                  ~~~~~~~~~~~~~~^~~~~~~~
TypeError: unsupported operand type(s) for +: 'PosixPath' and 'str'
[2026-06-07 08:08:43] 🚀 开始抓取新闻...
[2026-06-07 08:08:50] ❌ 抓取失败：Traceback (most recent call last):
  File "/root/.openclaw/workspace/scripts/crypto_news_fetcher.py", line 372, in <module>
    main()
    ~~~~^^
  File "/root/.openclaw/workspace/scripts/crypto_news_fetcher.py", line 361, in main
    analysis = generate_analysis(all_news)
  File "/root/.openclaw/workspace/scripts/crypto_news_fetcher.py", line 302, in generate_analysis
    tmp_content = ANALYSIS_FILE + '.tmp'
                  ~~~~~~~~~~~~~~^~~~~~~~
TypeError: unsupported operand type(s) for +: 'PosixPath' and 'str'
[2026-06-07 09:08:50] 🚀 开始抓取新闻...
[2026-06-07 09:08:58] ❌ 抓取失败：Traceback (most recent call last):
  File "/root/.openclaw/workspace/scripts/crypto_news_fetcher.py", line 372, in <module>
    main()
    ~~~~^^
  File "/root/.openclaw/workspace/scripts/crypto_news_fetcher.py", line 361, in main
    analysis = generate_analysis(all_news)
  File "/root/.openclaw/workspace/scripts/crypto_news_fetcher.py", line 302, in generate_analysis
    tmp_content = ANALYSIS_FILE + '.tmp'
                  ~~~~~~~~~~~~~~^~~~~~~~
TypeError: unsupported operand type(s) for +: 'PosixPath' and 'str'
[2026-06-07 10:08:58] 🚀 开始抓取新闻...
[2026-06-07 10:09:05] ❌ 抓取失败：Traceback (most recent call last):
  File "/root/.openclaw/workspace/scripts/crypto_news_fetcher.py", line 372, in <module>
    main()
    ~~~~^^
  File "/root/.openclaw/workspace/scripts/crypto_news_fetcher.py", line 361, in main
    analysis = generate_analysis(all_news)
  File "/root/.openclaw/workspace/scripts/crypto_news_fetcher.py", line 302, in generate_analysis
    tmp_content = ANALYSIS_FILE + '.tmp'
                  ~~~~~~~~~~~~~~^~~~~~~~
TypeError: unsupported operand type(s) for +: 'PosixPath' and 'str'
[2026-06-07 11:09:05] 🚀 开始抓取新闻...
[2026-06-07 11:09:11] ❌ 抓取失败：Traceback (most recent call last):
  File "/root/.openclaw/workspace/scripts/crypto_news_fetcher.py", line 372, in <module>
    main()
    ~~~~^^
  File "/root/.openclaw/workspace/scripts/crypto_news_fetcher.py", line 361, in main
    analysis = generate_analysis(all_news)
  File "/root/.openclaw/workspace/scripts/crypto_news_fetcher.py", line 302, in generate_analysis
    tmp_content = ANALYSIS_FILE + '.tmp'
                  ~~~~~~~~~~~~~~^~~~~~~~
TypeError: unsupported operand type(s) for +: 'PosixPath' and 'str'
[2026-06-07 12:09:11] 🚀 开始抓取新闻...
[2026-06-07 12:09:18] ❌ 抓取失败：Traceback (most recent call last):
  File "/root/.openclaw/workspace/scripts/crypto_news_fetcher.py", line 372, in <module>
    main()
    ~~~~^^
  File "/root/.openclaw/workspace/scripts/crypto_news_fetcher.py", line 361, in main
    analysis = generate_analysis(all_news)
  File "/root/.openclaw/workspace/scripts/crypto_news_fetcher.py", line 302, in generate_analysis
    tmp_content = ANALYSIS_FILE + '.tmp'
                  ~~~~~~~~~~~~~~^~~~~~~~
TypeError: unsupported operand type(s) for +: 'PosixPath' and 'str'
[2026-06-07 13:09:18] 🚀 开始抓取新闻...
[2026-06-07 13:09:26] ❌ 抓取失败：Traceback (most recent call last):
  File "/root/.openclaw/workspace/scripts/crypto_news_fetcher.py", line 372, in <module>
    main()
    ~~~~^^
  File "/root/.openclaw/workspace/scripts/crypto_news_fetcher.py", line 361, in main
    analysis = generate_analysis(all_news)
  File "/root/.openclaw/workspace/scripts/crypto_news_fetcher.py", line 302, in generate_analysis
    tmp_content = ANALYSIS_FILE + '.tmp'
                  ~~~~~~~~~~~~~~^~~~~~~~
TypeError: unsupported operand type(s) for +: 'PosixPath' and 'str'
[2026-06-07 13:57:47] ============================================================
[2026-06-07 13:57:47] 📰 新闻抓取守护进程启动
[2026-06-07 13:57:47] 抓取间隔：3600秒 (1 小时)
[2026-06-07 13:57:47] ============================================================
[2026-06-07 13:57:47] 🚀 开始抓取新闻...
[2026-06-07 13:57:52] ❌ 抓取失败：Traceback (most recent call last):
  File "/root/.openclaw/workspace/scripts/crypto_news_fetcher.py", line 372, in <module>
    main()
    ~~~~^^
  File "/root/.openclaw/workspace/scripts/crypto_news_fetcher.py", line 361, in main
    analysis = generate_analysis(all_news)
  File "/root/.openclaw/workspace/scripts/crypto_news_fetcher.py", line 302, in generate_analysis
    tmp_content = ANALYSIS_FILE + '.tmp'
                  ~~~~~~~~~~~~~~^~~~~~~~
TypeError: unsupported operand type(s) for +: 'PosixPath' and 'str'
[2026-06-07 14:02:47] 🚀 开始抓取新闻...
[2026-06-07 14:02:54] ❌ 抓取失败：Traceback (most recent call last):
  File "/root/.openclaw/workspace/scripts/crypto_news_fetcher.py", line 372, in <module>
    main()
    ~~~~^^
  File "/root/.openclaw/workspace/scripts/crypto_news_fetcher.py", line 361, in main
    analysis = generate_analysis(all_news)
  File "/root/.openclaw/workspace/scripts/crypto_news_fetcher.py", line 302, in generate_analysis
    tmp_content = ANALYSIS_FILE + '.tmp'
                  ~~~~~~~~~~~~~~^~~~~~~~
TypeError: unsupported operand type(s) for +: 'PosixPath' and 'str'
[2026-06-07 14:03:12] 🚀 开始抓取新闻...
[2026-06-07 14:03:19] ❌ 抓取失败：Traceback (most recent call last):
  File "/root/.openclaw/workspace/scripts/crypto_news_fetcher.py", line 372, in <module>
    main()
    ~~~~^^
  File "/root/.openclaw/workspace/scripts/crypto_news_fetcher.py", line 361, in main
    analysis = generate_analysis(all_news)
  File "/root/.openclaw/workspace/scripts/crypto_news_fetcher.py", line 305, in generate_analysis
    os.replace(tmp_content, str(ANALYSIS_FILE))
    ^^
NameError: name 'os' is not defined. Did you forget to import 'os'?
[2026-06-07 14:03:29] 🚀 开始抓取新闻...
[2026-06-07 14:03:39] ✅ 新闻抓取成功
[2026-06-07 14:57:52] 🚀 开始抓取新闻...
[2026-06-07 14:58:00] ✅ 新闻抓取成功
[2026-06-07 15:58:01] 🚀 开始抓取新闻...
[2026-06-07 15:58:07] ✅ 新闻抓取成功
[2026-06-07 16:58:07] 🚀 开始抓取新闻...
[2026-06-07 16:58:14] ✅ 新闻抓取成功
[2026-06-07 17:58:14] 🚀 开始抓取新闻...
[2026-06-07 17:58:22] ✅ 新闻抓取成功
[2026-06-07 18:58:22] 🚀 开始抓取新闻...
[2026-06-07 18:58:29] ✅ 新闻抓取成功
[2026-06-07 19:58:29] 🚀 开始抓取新闻...
[2026-06-07 19:58:36] ✅ 新闻抓取成功
[2026-06-07 20:58:36] 🚀 开始抓取新闻...
[2026-06-07 20:58:47] ✅ 新闻抓取成功
[2026-06-07 21:58:47] 🚀 开始抓取新闻...
[2026-06-07 21:58:55] ✅ 新闻抓取成功
[2026-06-07 22:58:55] 🚀 开始抓取新闻...
[2026-06-07 22:59:03] ✅ 新闻抓取成功
[2026-06-07 23:59:04] 🚀 开始抓取新闻...
[2026-06-07 23:59:16] ✅ 新闻抓取成功
[2026-06-08 00:59:16] 🚀 开始抓取新闻...
[2026-06-08 00:59:31] ✅ 新闻抓取成功
[2026-06-08 01:59:31] 🚀 开始抓取新闻...
[2026-06-08 01:59:46] ✅ 新闻抓取成功
[2026-06-08 02:59:46] 🚀 开始抓取新闻...
[2026-06-08 03:00:00] ✅ 新闻抓取成功
[2026-06-08 04:00:00] 🚀 开始抓取新闻...
[2026-06-08 04:00:11] ✅ 新闻抓取成功
[2026-06-08 05:00:11] 🚀 开始抓取新闻...
[2026-06-08 05:00:23] ✅ 新闻抓取成功
[2026-06-08 06:00:23] 🚀 开始抓取新闻...
[2026-06-08 06:00:36] ✅ 新闻抓取成功
[2026-06-08 07:00:36] 🚀 开始抓取新闻...
[2026-06-08 07:00:49] ✅ 新闻抓取成功
[2026-06-08 08:00:49] 🚀 开始抓取新闻...
[2026-06-08 08:00:57] ✅ 新闻抓取成功
[2026-06-08 09:00:57] 🚀 开始抓取新闻...
[2026-06-08 09:01:03] ✅ 新闻抓取成功
[2026-06-08 10:19:12] ============================================================
[2026-06-08 10:19:12] 📰 新闻抓取守护进程启动
[2026-06-08 10:19:12] 抓取间隔：3600秒 (1 小时)
[2026-06-08 10:19:12] ============================================================
[2026-06-08 10:19:12] 🚀 开始抓取新闻...
[2026-06-08 10:19:18] ✅ 新闻抓取成功
[2026-06-08 11:19:18] 🚀 开始抓取新闻...
[2026-06-08 11:19:26] ✅ 新闻抓取成功
[2026-06-08 12:19:27] 🚀 开始抓取新闻...
[2026-06-08 12:19:43] ✅ 新闻抓取成功
[2026-06-08 13:19:43] 🚀 开始抓取新闻...
[2026-06-08 13:19:51] ✅ 新闻抓取成功
[2026-06-08 14:19:52] 🚀 开始抓取新闻...
[2026-06-08 14:20:00] ✅ 新闻抓取成功
[2026-06-08 15:20:00] 🚀 开始抓取新闻...
[2026-06-08 15:20:08] ✅ 新闻抓取成功
[2026-06-08 16:20:08] 🚀 开始抓取新闻...
[2026-06-08 16:20:16] ✅ 新闻抓取成功
[2026-06-08 17:20:16] 🚀 开始抓取新闻...
[2026-06-08 17:20:24] ✅ 新闻抓取成功
[2026-06-08 18:20:24] 🚀 开始抓取新闻...
[2026-06-08 18:20:32] ✅ 新闻抓取成功
[2026-06-08 19:20:32] 🚀 开始抓取新闻...
[2026-06-08 19:20:40] ✅ 新闻抓取成功
[2026-06-08 20:20:40] 🚀 开始抓取新闻...
[2026-06-08 20:20:49] ✅ 新闻抓取成功
[2026-06-08 21:20:49] 🚀 开始抓取新闻...
[2026-06-08 21:20:56] ✅ 新闻抓取成功
[2026-06-08 22:20:56] 🚀 开始抓取新闻...
[2026-06-08 22:21:06] ✅ 新闻抓取成功
[2026-06-08 23:21:06] 🚀 开始抓取新闻...
[2026-06-08 23:21:18] ✅ 新闻抓取成功
[2026-06-09 00:21:18] 🚀 开始抓取新闻...
[2026-06-09 00:21:28] ✅ 新闻抓取成功
[2026-06-09 01:21:28] 🚀 开始抓取新闻...
[2026-06-09 01:21:35] ✅ 新闻抓取成功
[2026-06-09 02:21:35] 🚀 开始抓取新闻...
[2026-06-09 02:21:42] ✅ 新闻抓取成功
[2026-06-09 03:21:42] 🚀 开始抓取新闻...
[2026-06-09 03:21:51] ✅ 新闻抓取成功
[2026-06-09 04:21:51] 🚀 开始抓取新闻...
[2026-06-09 04:22:00] ✅ 新闻抓取成功
[2026-06-09 05:22:00] 🚀 开始抓取新闻...
[2026-06-09 05:22:08] ✅ 新闻抓取成功
[2026-06-09 06:22:08] 🚀 开始抓取新闻...
[2026-06-09 06:22:15] ✅ 新闻抓取成功
[2026-06-09 07:22:15] 🚀 开始抓取新闻...
[2026-06-09 07:22:23] ✅ 新闻抓取成功
[2026-06-09 08:22:23] 🚀 开始抓取新闻...
[2026-06-09 08:22:30] ✅ 新闻抓取成功
[2026-06-09 09:22:30] 🚀 开始抓取新闻...
[2026-06-09 09:22:38] ✅ 新闻抓取成功
[2026-06-09 10:22:38] 🚀 开始抓取新闻...
[2026-06-09 10:22:45] ✅ 新闻抓取成功
[2026-06-09 11:22:45] 🚀 开始抓取新闻...
[2026-06-09 11:22:51] ✅ 新闻抓取成功
[2026-06-09 12:22:51] 🚀 开始抓取新闻...
[2026-06-09 12:23:00] ✅ 新闻抓取成功
[2026-06-09 13:23:00] 🚀 开始抓取新闻...
[2026-06-09 13:23:09] ✅ 新闻抓取成功
[2026-06-09 14:23:09] 🚀 开始抓取新闻...
[2026-06-09 14:23:18] ✅ 新闻抓取成功
[2026-06-09 15:23:18] 🚀 开始抓取新闻...
[2026-06-09 15:23:25] ✅ 新闻抓取成功
[2026-06-09 16:23:25] 🚀 开始抓取新闻...
[2026-06-09 16:23:32] ✅ 新闻抓取成功
[2026-06-09 17:23:32] 🚀 开始抓取新闻...
[2026-06-09 17:23:41] ✅ 新闻抓取成功
[2026-06-09 18:23:41] 🚀 开始抓取新闻...
[2026-06-09 18:23:46] ✅ 新闻抓取成功
[2026-06-09 19:23:46] 🚀 开始抓取新闻...
[2026-06-09 19:23:53] ✅ 新闻抓取成功
[2026-06-09 20:23:53] 🚀 开始抓取新闻...
[2026-06-09 20:24:03] ✅ 新闻抓取成功
[2026-06-09 21:08:46] ============================================================
[2026-06-09 21:08:46] 📰 新闻抓取守护进程启动
[2026-06-09 21:08:46] 抓取间隔：3600秒 (1 小时)
[2026-06-09 21:08:46] ============================================================
[2026-06-09 21:08:46] 🚀 开始抓取新闻...
[2026-06-09 21:08:52] ✅ 新闻抓取成功
[2026-06-09 22:08:52] 🚀 开始抓取新闻...
[2026-06-09 22:09:01] ✅ 新闻抓取成功
[2026-06-09 23:09:01] 🚀 开始抓取新闻...
[2026-06-09 23:09:14] ✅ 新闻抓取成功
[2026-06-10 00:09:14] 🚀 开始抓取新闻...
[2026-06-10 00:09:24] ✅ 新闻抓取成功
[2026-06-10 01:09:24] 🚀 开始抓取新闻...
[2026-06-10 01:09:32] ✅ 新闻抓取成功
[2026-06-10 02:09:32] 🚀 开始抓取新闻...
[2026-06-10 02:09:41] ✅ 新闻抓取成功
[2026-06-10 03:09:41] 🚀 开始抓取新闻...
[2026-06-10 03:09:49] ✅ 新闻抓取成功
[2026-06-10 04:09:49] 🚀 开始抓取新闻...
[2026-06-10 04:09:56] ✅ 新闻抓取成功
[2026-06-10 05:09:56] 🚀 开始抓取新闻...
[2026-06-10 05:10:02] ✅ 新闻抓取成功
[2026-06-10 06:10:02] 🚀 开始抓取新闻...
[2026-06-10 06:10:09] ✅ 新闻抓取成功
[2026-06-10 07:10:09] 🚀 开始抓取新闻...
[2026-06-10 07:10:17] ✅ 新闻抓取成功
[2026-06-10 08:10:17] 🚀 开始抓取新闻...
[2026-06-10 08:10:24] ✅ 新闻抓取成功
[2026-06-10 09:10:24] 🚀 开始抓取新闻...
[2026-06-10 09:10:34] ✅ 新闻抓取成功
[2026-06-10 10:10:34] 🚀 开始抓取新闻...
[2026-06-10 10:10:45] ✅ 新闻抓取成功
[2026-06-10 11:10:45] 🚀 开始抓取新闻...
[2026-06-10 11:10:52] ✅ 新闻抓取成功
[2026-06-10 12:10:52] 🚀 开始抓取新闻...
[2026-06-10 12:11:06] ✅ 新闻抓取成功
[2026-06-10 13:11:06] 🚀 开始抓取新闻...
[2026-06-10 13:11:15] ✅ 新闻抓取成功
[2026-06-10 14:11:15] 🚀 开始抓取新闻...
[2026-06-10 14:11:23] ✅ 新闻抓取成功
[2026-06-10 15:11:23] 🚀 开始抓取新闻...
[2026-06-10 15:11:38] ✅ 新闻抓取成功
[2026-06-10 16:11:38] 🚀 开始抓取新闻...
[2026-06-10 16:11:48] ✅ 新闻抓取成功
[2026-06-10 17:11:48] 🚀 开始抓取新闻...
[2026-06-10 17:11:56] ✅ 新闻抓取成功
[2026-06-10 18:11:57] 🚀 开始抓取新闻...
[2026-06-10 18:12:05] ✅ 新闻抓取成功
[2026-06-10 19:12:05] 🚀 开始抓取新闻...
[2026-06-10 19:12:14] ✅ 新闻抓取成功
[2026-06-10 19:18:16] ============================================================
[2026-06-10 19:18:16] 📰 新闻抓取守护进程启动
[2026-06-10 19:18:16] 抓取间隔：3600秒 (1 小时)
[2026-06-10 19:18:16] ============================================================
[2026-06-10 19:18:16] 🚀 开始抓取新闻...
[2026-06-10 19:18:24] ✅ 新闻抓取成功
[2026-06-10 20:18:24] 🚀 开始抓取新闻...
[2026-06-10 20:18:34] ✅ 新闻抓取成功
[2026-06-10 21:18:34] 🚀 开始抓取新闻...
[2026-06-10 21:18:42] ✅ 新闻抓取成功
[2026-06-10 22:18:42] 🚀 开始抓取新闻...
[2026-06-10 22:18:57] ✅ 新闻抓取成功
[2026-06-10 23:18:57] 🚀 开始抓取新闻...
[2026-06-10 23:19:06] ✅ 新闻抓取成功
[2026-06-11 00:19:06] 🚀 开始抓取新闻...
[2026-06-11 00:19:20] ✅ 新闻抓取成功
[2026-06-11 01:19:20] 🚀 开始抓取新闻...
[2026-06-11 01:19:35] ✅ 新闻抓取成功
[2026-06-11 02:19:35] 🚀 开始抓取新闻...
[2026-06-11 02:19:47] ✅ 新闻抓取成功
[2026-06-11 03:19:47] 🚀 开始抓取新闻...
[2026-06-11 03:20:03] ✅ 新闻抓取成功
[2026-06-11 04:20:03] 🚀 开始抓取新闻...
[2026-06-11 04:20:16] ✅ 新闻抓取成功
[2026-06-11 05:20:16] 🚀 开始抓取新闻...
[2026-06-11 05:20:30] ✅ 新闻抓取成功
[2026-06-11 06:20:30] 🚀 开始抓取新闻...
[2026-06-11 06:20:45] ✅ 新闻抓取成功
[2026-06-11 07:20:45] 🚀 开始抓取新闻...
[2026-06-11 07:21:00] ✅ 新闻抓取成功
[2026-06-11 08:21:00] 🚀 开始抓取新闻...
[2026-06-11 08:21:08] ✅ 新闻抓取成功
[2026-06-11 09:21:08] 🚀 开始抓取新闻...
[2026-06-11 09:21:18] ✅ 新闻抓取成功
[2026-06-11 10:21:18] 🚀 开始抓取新闻...
[2026-06-11 10:21:25] ✅ 新闻抓取成功
[2026-06-11 11:21:25] 🚀 开始抓取新闻...
[2026-06-11 11:21:34] ✅ 新闻抓取成功
[2026-06-11 12:21:34] 🚀 开始抓取新闻...
[2026-06-11 12:21:42] ✅ 新闻抓取成功
[2026-06-11 13:21:42] 🚀 开始抓取新闻...
[2026-06-11 13:21:50] ✅ 新闻抓取成功
[2026-06-11 14:21:50] 🚀 开始抓取新闻...
[2026-06-11 14:21:58] ✅ 新闻抓取成功
[2026-06-11 15:21:58] 🚀 开始抓取新闻...
[2026-06-11 15:22:06] ✅ 新闻抓取成功
[2026-06-11 16:22:06] 🚀 开始抓取新闻...
[2026-06-11 16:22:15] ✅ 新闻抓取成功
[2026-06-11 17:22:15] 🚀 开始抓取新闻...
[2026-06-11 17:22:23] ✅ 新闻抓取成功
[2026-06-11 18:22:23] 🚀 开始抓取新闻...
[2026-06-11 18:22:31] ✅ 新闻抓取成功
[2026-06-11 19:22:31] 🚀 开始抓取新闻...
[2026-06-11 19:22:42] ✅ 新闻抓取成功
[2026-06-11 20:22:42] 🚀 开始抓取新闻...
[2026-06-11 20:22:49] ✅ 新闻抓取成功
[2026-06-12 00:56:57] ============================================================
[2026-06-12 00:56:57] 📰 新闻抓取守护进程启动
[2026-06-12 00:56:57] 抓取间隔：3600秒 (1 小时)
[2026-06-12 00:56:57] ============================================================
[2026-06-12 00:56:57] 🚀 开始抓取新闻...
[2026-06-12 00:57:06] ✅ 新闻抓取成功
[2026-06-12 01:57:06] 🚀 开始抓取新闻...
[2026-06-12 01:57:15] ✅ 新闻抓取成功
[2026-06-12 02:57:15] 🚀 开始抓取新闻...
[2026-06-12 02:57:35] ✅ 新闻抓取成功
[2026-06-12 03:57:35] 🚀 开始抓取新闻...
[2026-06-12 03:57:42] ✅ 新闻抓取成功
[2026-06-12 04:57:42] 🚀 开始抓取新闻...
[2026-06-12 04:57:51] ✅ 新闻抓取成功
[2026-06-12 05:57:51] 🚀 开始抓取新闻...
[2026-06-12 05:57:58] ✅ 新闻抓取成功
[2026-06-12 06:57:58] 🚀 开始抓取新闻...
[2026-06-12 06:58:06] ✅ 新闻抓取成功
[2026-06-12 07:58:06] 🚀 开始抓取新闻...
[2026-06-12 07:58:14] ✅ 新闻抓取成功
[2026-06-12 08:58:14] 🚀 开始抓取新闻...
[2026-06-12 08:58:21] ✅ 新闻抓取成功
[2026-06-12 09:58:21] 🚀 开始抓取新闻...
[2026-06-12 09:58:29] ✅ 新闻抓取成功
[2026-06-12 10:58:29] 🚀 开始抓取新闻...
[2026-06-12 10:58:38] ✅ 新闻抓取成功
[2026-06-12 11:58:38] 🚀 开始抓取新闻...
[2026-06-12 11:58:50] ✅ 新闻抓取成功
[2026-06-12 12:58:50] 🚀 开始抓取新闻...
[2026-06-12 12:58:58] ✅ 新闻抓取成功
[2026-06-12 13:58:58] 🚀 开始抓取新闻...
[2026-06-12 13:59:04] ✅ 新闻抓取成功
[2026-06-12 14:59:04] 🚀 开始抓取新闻...
[2026-06-12 14:59:11] ✅ 新闻抓取成功
[2026-06-12 15:59:11] 🚀 开始抓取新闻...
[2026-06-12 15:59:18] ✅ 新闻抓取成功
[2026-06-12 16:59:18] 🚀 开始抓取新闻...
[2026-06-12 16:59:25] ✅ 新闻抓取成功
[2026-06-12 17:59:25] 🚀 开始抓取新闻...
[2026-06-12 17:59:32] ✅ 新闻抓取成功
[2026-06-12 18:59:32] 🚀 开始抓取新闻...
[2026-06-12 18:59:40] ✅ 新闻抓取成功
[2026-06-12 19:59:40] 🚀 开始抓取新闻...
[2026-06-12 19:59:46] ✅ 新闻抓取成功
[2026-06-12 20:59:46] 🚀 开始抓取新闻...
[2026-06-12 20:59:55] ✅ 新闻抓取成功
[2026-06-12 22:02:23] ============================================================
[2026-06-12 22:02:23] 📰 新闻抓取守护进程启动
[2026-06-12 22:02:23] 抓取间隔：3600秒 (1 小时)
[2026-06-12 22:02:23] ============================================================
[2026-06-12 22:02:23] 🚀 开始抓取新闻...
[2026-06-12 22:02:34] ✅ 新闻抓取成功
[2026-06-12 23:02:34] 🚀 开始抓取新闻...
[2026-06-12 23:02:42] ✅ 新闻抓取成功
[2026-06-13 00:02:42] 🚀 开始抓取新闻...
[2026-06-13 00:02:51] ✅ 新闻抓取成功
[2026-06-13 01:02:51] 🚀 开始抓取新闻...
[2026-06-13 01:02:59] ✅ 新闻抓取成功
[2026-06-13 02:02:59] 🚀 开始抓取新闻...
[2026-06-13 02:03:06] ✅ 新闻抓取成功
[2026-06-13 03:03:06] 🚀 开始抓取新闻...
[2026-06-13 03:03:13] ✅ 新闻抓取成功
[2026-06-13 04:03:13] 🚀 开始抓取新闻...
[2026-06-13 04:03:23] ✅ 新闻抓取成功
[2026-06-13 05:03:23] 🚀 开始抓取新闻...
[2026-06-13 05:03:31] ✅ 新闻抓取成功
[2026-06-13 06:03:32] 🚀 开始抓取新闻...
[2026-06-13 06:03:40] ✅ 新闻抓取成功
[2026-06-13 07:03:40] 🚀 开始抓取新闻...
[2026-06-13 07:03:48] ✅ 新闻抓取成功
[2026-06-13 08:03:48] 🚀 开始抓取新闻...
[2026-06-13 08:03:55] ✅ 新闻抓取成功
[2026-06-13 09:03:55] 🚀 开始抓取新闻...
[2026-06-13 09:04:04] ✅ 新闻抓取成功
[2026-06-13 10:04:04] 🚀 开始抓取新闻...
[2026-06-13 10:04:17] ✅ 新闻抓取成功
[2026-06-13 11:04:17] 🚀 开始抓取新闻...
[2026-06-13 11:04:24] ✅ 新闻抓取成功
[2026-06-13 12:04:24] 🚀 开始抓取新闻...
[2026-06-13 12:04:32] ✅ 新闻抓取成功
[2026-06-13 13:04:32] 🚀 开始抓取新闻...
[2026-06-13 13:04:40] ✅ 新闻抓取成功
[2026-06-13 14:04:40] 🚀 开始抓取新闻...
[2026-06-13 14:04:48] ✅ 新闻抓取成功
[2026-06-13 15:04:48] 🚀 开始抓取新闻...
[2026-06-13 15:04:57] ✅ 新闻抓取成功
[2026-06-13 16:04:57] 🚀 开始抓取新闻...
[2026-06-13 16:05:06] ✅ 新闻抓取成功
[2026-06-13 17:05:06] 🚀 开始抓取新闻...
[2026-06-13 17:05:13] ✅ 新闻抓取成功
[2026-06-13 18:05:13] 🚀 开始抓取新闻...
[2026-06-13 18:05:21] ✅ 新闻抓取成功
[2026-06-13 19:05:21] 🚀 开始抓取新闻...
[2026-06-13 19:05:30] ✅ 新闻抓取成功
[2026-06-13 20:05:30] 🚀 开始抓取新闻...
[2026-06-13 20:05:37] ✅ 新闻抓取成功
[2026-06-13 21:05:37] 🚀 开始抓取新闻...
[2026-06-13 21:05:45] ✅ 新闻抓取成功
[2026-06-13 22:05:45] 🚀 开始抓取新闻...
[2026-06-13 22:05:53] ✅ 新闻抓取成功
[2026-06-13 23:05:53] 🚀 开始抓取新闻...
[2026-06-13 23:06:05] ✅ 新闻抓取成功
[2026-06-14 00:06:05] 🚀 开始抓取新闻...
[2026-06-14 00:06:18] ✅ 新闻抓取成功
[2026-06-14 01:06:18] 🚀 开始抓取新闻...
[2026-06-14 01:06:34] ✅ 新闻抓取成功
[2026-06-14 02:06:34] 🚀 开始抓取新闻...
[2026-06-14 02:06:46] ✅ 新闻抓取成功
[2026-06-14 03:06:46] 🚀 开始抓取新闻...
[2026-06-14 03:07:00] ✅ 新闻抓取成功
[2026-06-14 04:07:00] 🚀 开始抓取新闻...
[2026-06-14 04:07:15] ✅ 新闻抓取成功
[2026-06-14 05:07:15] 🚀 开始抓取新闻...
[2026-06-14 05:07:30] ✅ 新闻抓取成功
[2026-06-14 06:07:30] 🚀 开始抓取新闻...
[2026-06-14 06:07:45] ✅ 新闻抓取成功
[2026-06-14 07:07:45] 🚀 开始抓取新闻...
[2026-06-14 07:07:59] ✅ 新闻抓取成功
[2026-06-14 08:07:59] 🚀 开始抓取新闻...
[2026-06-14 08:08:09] ✅ 新闻抓取成功
[2026-06-14 09:08:09] 🚀 开始抓取新闻...
[2026-06-14 09:08:17] ✅ 新闻抓取成功
[2026-06-14 10:08:17] 🚀 开始抓取新闻...
[2026-06-14 10:08:26] ✅ 新闻抓取成功
[2026-06-14 11:08:26] 🚀 开始抓取新闻...
[2026-06-14 11:08:32] ✅ 新闻抓取成功
[2026-06-14 12:08:32] 🚀 开始抓取新闻...
[2026-06-14 12:08:41] ✅ 新闻抓取成功
[2026-06-14 13:08:41] 🚀 开始抓取新闻...
[2026-06-14 13:08:48] ✅ 新闻抓取成功
[2026-06-14 14:08:48] 🚀 开始抓取新闻...
[2026-06-14 14:08:56] ✅ 新闻抓取成功
[2026-06-14 15:08:56] 🚀 开始抓取新闻...
[2026-06-14 15:09:03] ✅ 新闻抓取成功
[2026-06-14 16:09:03] 🚀 开始抓取新闻...
[2026-06-14 16:09:10] ✅ 新闻抓取成功
[2026-06-14 17:09:10] 🚀 开始抓取新闻...
[2026-06-14 17:09:18] ✅ 新闻抓取成功
[2026-06-14 18:09:18] 🚀 开始抓取新闻...
[2026-06-14 18:09:27] ✅ 新闻抓取成功
[2026-06-14 19:09:27] 🚀 开始抓取新闻...
[2026-06-14 19:09:33] ✅ 新闻抓取成功
[2026-06-14 20:09:33] 🚀 开始抓取新闻...
[2026-06-14 20:09:41] ✅ 新闻抓取成功
[2026-06-14 21:09:41] 🚀 开始抓取新闻...
[2026-06-14 21:09:49] ✅ 新闻抓取成功
[2026-06-14 22:09:49] 🚀 开始抓取新闻...
[2026-06-14 22:09:59] ✅ 新闻抓取成功
[2026-06-14 23:09:59] 🚀 开始抓取新闻...
[2026-06-14 23:10:09] ✅ 新闻抓取成功
[2026-06-15 00:10:09] 🚀 开始抓取新闻...
[2026-06-15 00:10:19] ✅ 新闻抓取成功
[2026-06-15 01:10:19] 🚀 开始抓取新闻...
[2026-06-15 01:10:28] ✅ 新闻抓取成功
[2026-06-15 02:10:28] 🚀 开始抓取新闻...
[2026-06-15 02:10:35] ✅ 新闻抓取成功
[2026-06-15 03:10:35] 🚀 开始抓取新闻...
[2026-06-15 03:10:43] ✅ 新闻抓取成功
[2026-06-15 04:10:43] 🚀 开始抓取新闻...
[2026-06-15 04:10:49] ✅ 新闻抓取成功
[2026-06-15 05:10:49] 🚀 开始抓取新闻...
[2026-06-15 05:10:57] ✅ 新闻抓取成功
[2026-06-15 06:10:57] 🚀 开始抓取新闻...
[2026-06-15 06:11:05] ✅ 新闻抓取成功
[2026-06-15 07:11:05] 🚀 开始抓取新闻...
[2026-06-15 07:11:13] ✅ 新闻抓取成功
[2026-06-15 08:11:13] 🚀 开始抓取新闻...
[2026-06-15 08:11:19] ✅ 新闻抓取成功
[2026-06-15 09:11:19] 🚀 开始抓取新闻...
[2026-06-15 09:11:25] ✅ 新闻抓取成功
[2026-06-15 10:11:25] 🚀 开始抓取新闻...
[2026-06-15 10:11:33] ✅ 新闻抓取成功
[2026-06-15 11:11:33] 🚀 开始抓取新闻...
[2026-06-15 11:11:42] ✅ 新闻抓取成功
[2026-06-15 12:11:42] 🚀 开始抓取新闻...
[2026-06-15 12:11:49] ✅ 新闻抓取成功
[2026-06-15 13:11:49] 🚀 开始抓取新闻...
[2026-06-15 13:11:56] ✅ 新闻抓取成功
[2026-06-15 14:11:56] 🚀 开始抓取新闻...
[2026-06-15 14:12:05] ✅ 新闻抓取成功
[2026-06-15 15:12:05] 🚀 开始抓取新闻...
[2026-06-15 15:12:12] ✅ 新闻抓取成功
[2026-06-15 16:12:12] 🚀 开始抓取新闻...
[2026-06-15 16:12:18] ✅ 新闻抓取成功
[2026-06-15 17:12:18] 🚀 开始抓取新闻...
[2026-06-15 17:12:26] ✅ 新闻抓取成功
[2026-06-15 18:12:26] 🚀 开始抓取新闻...
[2026-06-15 18:12:32] ✅ 新闻抓取成功
[2026-06-15 18:53:35] ============================================================
[2026-06-15 18:53:35] 📰 新闻抓取守护进程启动
[2026-06-15 18:53:35] 抓取间隔：3600秒 (1 小时)
[2026-06-15 18:53:35] ============================================================
[2026-06-15 18:53:35] 🚀 开始抓取新闻...
[2026-06-15 18:53:43] ✅ 新闻抓取成功
[2026-06-15 19:53:43] 🚀 开始抓取新闻...
[2026-06-15 19:53:50] ✅ 新闻抓取成功
[2026-06-15 20:53:50] 🚀 开始抓取新闻...
[2026-06-15 20:53:58] ✅ 新闻抓取成功
[2026-06-15 21:53:58] 🚀 开始抓取新闻...
[2026-06-15 21:54:07] ✅ 新闻抓取成功
[2026-06-15 22:54:07] 🚀 开始抓取新闻...
[2026-06-15 22:54:16] ✅ 新闻抓取成功
[2026-06-15 23:54:16] 🚀 开始抓取新闻...
[2026-06-15 23:54:28] ✅ 新闻抓取成功
[2026-06-16 00:54:28] 🚀 开始抓取新闻...
[2026-06-16 00:54:36] ✅ 新闻抓取成功
[2026-06-16 01:54:36] 🚀 开始抓取新闻...
[2026-06-16 01:54:47] ✅ 新闻抓取成功
[2026-06-16 02:54:47] 🚀 开始抓取新闻...
[2026-06-16 02:54:54] ✅ 新闻抓取成功
[2026-06-16 03:54:54] 🚀 开始抓取新闻...
[2026-06-16 03:55:00] ✅ 新闻抓取成功
[2026-06-16 04:55:00] 🚀 开始抓取新闻...
[2026-06-16 04:55:06] ✅ 新闻抓取成功
[2026-06-16 05:55:06] 🚀 开始抓取新闻...
[2026-06-16 05:55:14] ✅ 新闻抓取成功
[2026-06-16 06:55:14] 🚀 开始抓取新闻...
[2026-06-16 06:55:21] ✅ 新闻抓取成功
[2026-06-16 07:55:21] 🚀 开始抓取新闻...
[2026-06-16 07:55:30] ✅ 新闻抓取成功
[2026-06-16 08:55:30] 🚀 开始抓取新闻...
[2026-06-16 08:55:39] ✅ 新闻抓取成功
[2026-06-16 09:55:39] 🚀 开始抓取新闻...
[2026-06-16 09:55:47] ✅ 新闻抓取成功
[2026-06-16 10:55:47] 🚀 开始抓取新闻...
[2026-06-16 10:55:53] ✅ 新闻抓取成功
[2026-06-16 11:55:53] 🚀 开始抓取新闻...
[2026-06-16 11:56:00] ✅ 新闻抓取成功
[2026-06-16 12:56:00] 🚀 开始抓取新闻...
[2026-06-16 12:56:07] ✅ 新闻抓取成功
[2026-06-16 13:31:46] ============================================================
[2026-06-16 13:31:46] 📰 新闻抓取守护进程启动
[2026-06-16 13:31:46] 抓取间隔：3600秒 (1 小时)
[2026-06-16 13:31:46] ============================================================
[2026-06-16 13:31:46] 🚀 开始抓取新闻...
[2026-06-16 13:31:52] ✅ 新闻抓取成功
[2026-06-16 14:31:52] 🚀 开始抓取新闻...
[2026-06-16 14:31:59] ✅ 新闻抓取成功
[2026-06-16 15:31:59] 🚀 开始抓取新闻...
[2026-06-16 15:32:09] ✅ 新闻抓取成功
[2026-06-16 16:32:09] 🚀 开始抓取新闻...
[2026-06-16 16:32:18] ✅ 新闻抓取成功
[2026-06-16 17:32:18] 🚀 开始抓取新闻...
[2026-06-16 17:32:26] ✅ 新闻抓取成功
[2026-06-16 18:32:26] 🚀 开始抓取新闻...
[2026-06-16 18:32:40] ✅ 新闻抓取成功
[2026-06-16 19:13:38] ============================================================
[2026-06-16 19:13:38] 📰 新闻抓取守护进程启动
[2026-06-16 19:13:38] 抓取间隔：3600秒 (1 小时)
[2026-06-16 19:13:38] ============================================================
[2026-06-16 19:13:38] 🚀 开始抓取新闻...
[2026-06-16 19:13:44] ✅ 新闻抓取成功
[2026-06-16 19:48:13] ============================================================
[2026-06-16 19:48:13] 📰 新闻抓取守护进程启动
[2026-06-16 19:48:13] 抓取间隔：3600秒 (1 小时)
[2026-06-16 19:48:13] ============================================================
[2026-06-16 19:48:13] 🚀 开始抓取新闻...
[2026-06-16 19:48:38] ✅ 新闻抓取成功
[2026-06-16 20:48:38] 🚀 开始抓取新闻...
[2026-06-16 20:48:44] ✅ 新闻抓取成功
[2026-06-16 21:48:44] 🚀 开始抓取新闻...
[2026-06-16 21:48:51] ✅ 新闻抓取成功
[2026-06-16 22:48:51] 🚀 开始抓取新闻...
[2026-06-16 22:49:16] ✅ 新闻抓取成功
[2026-06-16 23:49:16] 🚀 开始抓取新闻...
[2026-06-16 23:49:31] ✅ 新闻抓取成功
[2026-06-17 00:49:31] 🚀 开始抓取新闻...
[2026-06-17 00:49:38] ✅ 新闻抓取成功
[2026-06-17 01:49:38] 🚀 开始抓取新闻...
[2026-06-17 01:49:43] ✅ 新闻抓取成功
[2026-06-17 02:49:43] 🚀 开始抓取新闻...
[2026-06-17 02:49:50] ✅ 新闻抓取成功
[2026-06-17 03:49:50] 🚀 开始抓取新闻...
[2026-06-17 03:49:57] ✅ 新闻抓取成功
[2026-06-17 04:49:57] 🚀 开始抓取新闻...
[2026-06-17 04:50:03] ✅ 新闻抓取成功
[2026-06-17 05:50:03] 🚀 开始抓取新闻...
[2026-06-17 05:50:09] ✅ 新闻抓取成功
[2026-06-17 06:50:09] 🚀 开始抓取新闻...
[2026-06-17 06:50:15] ✅ 新闻抓取成功
[2026-06-17 07:50:15] 🚀 开始抓取新闻...
[2026-06-17 07:50:23] ✅ 新闻抓取成功
[2026-06-17 08:50:23] 🚀 开始抓取新闻...
[2026-06-17 08:50:29] ✅ 新闻抓取成功
[2026-06-17 12:42:12] ============================================================
[2026-06-17 12:42:12] 📰 新闻抓取守护进程启动
[2026-06-17 12:42:12] 抓取间隔：3600秒 (1 小时)
[2026-06-17 12:42:12] ============================================================
[2026-06-17 12:42:12] 🚀 开始抓取新闻...
[2026-06-17 12:42:31] ✅ 新闻抓取成功
[2026-06-17 13:42:31] 🚀 开始抓取新闻...
[2026-06-17 13:42:39] ✅ 新闻抓取成功
[2026-06-17 14:42:39] 🚀 开始抓取新闻...
[2026-06-17 14:42:47] ✅ 新闻抓取成功
[2026-06-17 15:42:47] 🚀 开始抓取新闻...
[2026-06-17 15:42:54] ✅ 新闻抓取成功
[2026-06-17 16:42:54] 🚀 开始抓取新闻...
[2026-06-17 16:43:02] ✅ 新闻抓取成功
[2026-06-17 17:43:02] 🚀 开始抓取新闻...
[2026-06-17 17:43:10] ✅ 新闻抓取成功
[2026-06-17 18:43:10] 🚀 开始抓取新闻...
[2026-06-17 18:43:19] ✅ 新闻抓取成功
[2026-06-17 19:43:19] 🚀 开始抓取新闻...
[2026-06-17 19:43:26] ✅ 新闻抓取成功
[2026-06-17 20:43:26] 🚀 开始抓取新闻...
[2026-06-17 20:43:33] ✅ 新闻抓取成功
[2026-06-17 21:43:33] 🚀 开始抓取新闻...
[2026-06-17 21:43:41] ✅ 新闻抓取成功
[2026-06-17 22:43:41] 🚀 开始抓取新闻...
[2026-06-17 22:43:49] ✅ 新闻抓取成功
[2026-06-17 23:43:49] 🚀 开始抓取新闻...
[2026-06-17 23:43:59] ✅ 新闻抓取成功
[2026-06-18 00:43:59] 🚀 开始抓取新闻...
[2026-06-18 00:44:08] ✅ 新闻抓取成功
[2026-06-18 01:44:08] 🚀 开始抓取新闻...
[2026-06-18 01:44:16] ✅ 新闻抓取成功
[2026-06-18 02:44:16] 🚀 开始抓取新闻...
[2026-06-18 02:44:23] ✅ 新闻抓取成功
[2026-06-18 03:44:23] 🚀 开始抓取新闻...
[2026-06-18 03:44:28] ✅ 新闻抓取成功
[2026-06-18 04:44:28] 🚀 开始抓取新闻...
[2026-06-18 04:44:36] ✅ 新闻抓取成功
[2026-06-18 05:44:36] 🚀 开始抓取新闻...
[2026-06-18 05:44:43] ✅ 新闻抓取成功
[2026-06-18 06:44:43] 🚀 开始抓取新闻...
[2026-06-18 06:44:50] ✅ 新闻抓取成功
[2026-06-18 07:44:50] 🚀 开始抓取新闻...
[2026-06-18 07:44:56] ✅ 新闻抓取成功
[2026-06-18 08:44:56] 🚀 开始抓取新闻...
[2026-06-18 08:45:04] ✅ 新闻抓取成功
[2026-06-18 09:45:04] 🚀 开始抓取新闻...
[2026-06-18 09:45:12] ✅ 新闻抓取成功
[2026-06-18 10:45:12] 🚀 开始抓取新闻...
[2026-06-18 10:45:19] ✅ 新闻抓取成功
[2026-06-18 11:45:19] 🚀 开始抓取新闻...
[2026-06-18 11:45:29] ✅ 新闻抓取成功
[2026-06-18 12:45:29] 🚀 开始抓取新闻...
[2026-06-18 12:45:37] ✅ 新闻抓取成功
[2026-06-18 13:45:37] 🚀 开始抓取新闻...
[2026-06-18 13:45:43] ✅ 新闻抓取成功
[2026-06-18 14:45:43] 🚀 开始抓取新闻...
[2026-06-18 14:45:51] ✅ 新闻抓取成功
[2026-06-18 15:45:51] 🚀 开始抓取新闻...
[2026-06-18 15:45:59] ✅ 新闻抓取成功
[2026-06-18 16:45:59] 🚀 开始抓取新闻...
[2026-06-18 16:46:06] ✅ 新闻抓取成功
[2026-06-18 17:46:06] 🚀 开始抓取新闻...
[2026-06-18 17:46:13] ✅ 新闻抓取成功
[2026-06-18 18:46:13] 🚀 开始抓取新闻...
[2026-06-18 18:46:20] ✅ 新闻抓取成功
[2026-06-18 19:46:20] 🚀 开始抓取新闻...
[2026-06-18 19:46:27] ✅ 新闻抓取成功
[2026-06-18 20:46:27] 🚀 开始抓取新闻...
[2026-06-18 20:46:34] ✅ 新闻抓取成功
[2026-06-18 21:46:34] 🚀 开始抓取新闻...
[2026-06-18 21:46:43] ✅ 新闻抓取成功
[2026-06-18 22:46:43] 🚀 开始抓取新闻...
[2026-06-18 22:46:50] ✅ 新闻抓取成功
[2026-06-18 23:46:50] 🚀 开始抓取新闻...
[2026-06-18 23:46:59] ✅ 新闻抓取成功
[2026-06-19 00:46:59] 🚀 开始抓取新闻...
[2026-06-19 00:47:05] ✅ 新闻抓取成功
[2026-06-19 01:47:05] 🚀 开始抓取新闻...
[2026-06-19 01:47:20] ✅ 新闻抓取成功
[2026-06-19 02:47:20] 🚀 开始抓取新闻...
[2026-06-19 02:47:33] ✅ 新闻抓取成功
[2026-06-19 03:47:33] 🚀 开始抓取新闻...
[2026-06-19 03:47:45] ✅ 新闻抓取成功
[2026-06-19 04:47:46] 🚀 开始抓取新闻...
[2026-06-19 04:48:00] ✅ 新闻抓取成功
[2026-06-19 05:48:00] 🚀 开始抓取新闻...
[2026-06-19 05:48:14] ✅ 新闻抓取成功
[2026-06-19 06:48:14] 🚀 开始抓取新闻...
[2026-06-19 06:48:28] ✅ 新闻抓取成功
[2026-06-19 07:48:28] 🚀 开始抓取新闻...
[2026-06-19 07:48:36] ✅ 新闻抓取成功
[2026-06-19 08:48:36] 🚀 开始抓取新闻...
[2026-06-19 08:48:45] ✅ 新闻抓取成功
[2026-06-19 09:48:45] 🚀 开始抓取新闻...
[2026-06-19 09:48:52] ✅ 新闻抓取成功
[2026-06-19 10:48:52] 🚀 开始抓取新闻...
[2026-06-19 10:49:00] ✅ 新闻抓取成功
[2026-06-19 11:49:00] 🚀 开始抓取新闻...
[2026-06-19 11:49:06] ✅ 新闻抓取成功
[2026-06-19 12:49:06] 🚀 开始抓取新闻...
[2026-06-19 12:49:12] ✅ 新闻抓取成功
[2026-06-19 13:49:12] 🚀 开始抓取新闻...
[2026-06-19 13:49:20] ✅ 新闻抓取成功
[2026-06-19 14:49:20] 🚀 开始抓取新闻...
[2026-06-19 14:49:31] ✅ 新闻抓取成功
[2026-06-19 15:49:31] 🚀 开始抓取新闻...
[2026-06-19 15:49:40] ✅ 新闻抓取成功
[2026-06-19 16:49:40] 🚀 开始抓取新闻...
[2026-06-19 16:49:48] ✅ 新闻抓取成功
[2026-06-19 17:49:48] 🚀 开始抓取新闻...
[2026-06-19 17:49:56] ✅ 新闻抓取成功
[2026-06-19 18:49:56] 🚀 开始抓取新闻...
[2026-06-19 18:50:04] ✅ 新闻抓取成功
[2026-06-19 19:50:04] 🚀 开始抓取新闻...
[2026-06-19 19:50:11] ✅ 新闻抓取成功
[2026-06-19 20:50:11] 🚀 开始抓取新闻...
[2026-06-19 20:50:19] ✅ 新闻抓取成功
[2026-06-19 21:50:19] 🚀 开始抓取新闻...
[2026-06-19 21:50:28] ✅ 新闻抓取成功
[2026-06-19 22:50:28] 🚀 开始抓取新闻...
[2026-06-19 22:50:34] ✅ 新闻抓取成功
[2026-06-19 23:50:34] 🚀 开始抓取新闻...
[2026-06-19 23:50:41] ✅ 新闻抓取成功
[2026-06-20 00:50:41] 🚀 开始抓取新闻...
[2026-06-20 00:50:49] ✅ 新闻抓取成功
[2026-06-20 01:50:49] 🚀 开始抓取新闻...
[2026-06-20 01:51:02] ✅ 新闻抓取成功
[2026-06-20 02:51:02] 🚀 开始抓取新闻...
[2026-06-20 02:51:09] ✅ 新闻抓取成功
[2026-06-20 03:51:09] 🚀 开始抓取新闻...
[2026-06-20 03:51:18] ✅ 新闻抓取成功
[2026-06-20 04:51:18] 🚀 开始抓取新闻...
[2026-06-20 04:51:25] ✅ 新闻抓取成功
[2026-06-20 05:51:25] 🚀 开始抓取新闻...
[2026-06-20 05:51:31] ✅ 新闻抓取成功
[2026-06-20 06:51:31] 🚀 开始抓取新闻...
[2026-06-20 06:51:40] ✅ 新闻抓取成功
[2026-06-20 07:51:40] 🚀 开始抓取新闻...
[2026-06-20 07:51:47] ✅ 新闻抓取成功
[2026-06-20 08:51:47] 🚀 开始抓取新闻...
[2026-06-20 08:51:55] ✅ 新闻抓取成功
[2026-06-20 09:51:55] 🚀 开始抓取新闻...
[2026-06-20 09:52:06] ✅ 新闻抓取成功
[2026-06-20 10:52:06] 🚀 开始抓取新闻...
[2026-06-20 10:52:14] ✅ 新闻抓取成功
[2026-06-20 11:52:14] 🚀 开始抓取新闻...
[2026-06-20 11:52:20] ✅ 新闻抓取成功
[2026-06-20 12:52:20] 🚀 开始抓取新闻...
[2026-06-20 12:52:25] ✅ 新闻抓取成功
[2026-06-20 13:52:25] 🚀 开始抓取新闻...
[2026-06-20 13:52:34] ✅ 新闻抓取成功
[2026-06-20 14:52:34] 🚀 开始抓取新闻...
[2026-06-20 14:52:41] ✅ 新闻抓取成功
[2026-06-20 15:52:41] 🚀 开始抓取新闻...
[2026-06-20 15:52:48] ✅ 新闻抓取成功
[2026-06-20 16:52:48] 🚀 开始抓取新闻...
[2026-06-20 16:52:55] ✅ 新闻抓取成功
[2026-06-20 17:52:55] 🚀 开始抓取新闻...
[2026-06-20 17:53:02] ✅ 新闻抓取成功
[2026-06-20 18:53:02] 🚀 开始抓取新闻...
[2026-06-20 18:53:10] ✅ 新闻抓取成功
[2026-06-20 19:53:10] 🚀 开始抓取新闻...
[2026-06-20 19:53:17] ✅ 新闻抓取成功
[2026-06-20 20:53:17] 🚀 开始抓取新闻...
[2026-06-20 20:53:26] ✅ 新闻抓取成功
[2026-06-20 21:53:26] 🚀 开始抓取新闻...
[2026-06-20 21:53:36] ✅ 新闻抓取成功
[2026-06-20 22:53:36] 🚀 开始抓取新闻...
[2026-06-20 22:53:44] ✅ 新闻抓取成功
[2026-06-20 23:53:44] 🚀 开始抓取新闻...
[2026-06-20 23:53:51] ✅ 新闻抓取成功
[2026-06-21 00:53:51] 🚀 开始抓取新闻...
[2026-06-21 00:53:58] ✅ 新闻抓取成功
[2026-06-21 01:53:58] 🚀 开始抓取新闻...
[2026-06-21 01:54:11] ✅ 新闻抓取成功
[2026-06-21 02:54:11] 🚀 开始抓取新闻...
[2026-06-21 02:54:25] ✅ 新闻抓取成功
[2026-06-21 03:54:25] 🚀 开始抓取新闻...
[2026-06-21 03:54:38] ✅ 新闻抓取成功
[2026-06-21 04:54:38] 🚀 开始抓取新闻...
[2026-06-21 04:54:52] ✅ 新闻抓取成功
[2026-06-21 05:54:52] 🚀 开始抓取新闻...
[2026-06-21 05:55:09] ✅ 新闻抓取成功
[2026-06-21 06:55:09] 🚀 开始抓取新闻...
[2026-06-21 06:55:23] ✅ 新闻抓取成功
[2026-06-21 07:55:23] 🚀 开始抓取新闻...
[2026-06-21 07:55:29] ✅ 新闻抓取成功
[2026-06-21 08:55:29] 🚀 开始抓取新闻...
[2026-06-21 08:55:38] ✅ 新闻抓取成功
[2026-06-21 09:55:38] 🚀 开始抓取新闻...
[2026-06-21 09:55:47] ✅ 新闻抓取成功
[2026-06-21 10:55:47] 🚀 开始抓取新闻...
[2026-06-21 10:55:53] ✅ 新闻抓取成功
[2026-06-21 11:55:53] 🚀 开始抓取新闻...
[2026-06-21 11:56:01] ✅ 新闻抓取成功
[2026-06-21 12:56:01] 🚀 开始抓取新闻...
[2026-06-21 12:56:07] ✅ 新闻抓取成功
[2026-06-21 13:56:07] 🚀 开始抓取新闻...
[2026-06-21 13:56:14] ✅ 新闻抓取成功
[2026-06-21 14:56:14] 🚀 开始抓取新闻...
[2026-06-21 14:56:21] ✅ 新闻抓取成功
[2026-06-21 15:56:21] 🚀 开始抓取新闻...
[2026-06-21 15:56:31] ✅ 新闻抓取成功
[2026-06-21 16:56:31] 🚀 开始抓取新闻...
[2026-06-21 16:56:38] ✅ 新闻抓取成功
[2026-06-21 17:56:38] 🚀 开始抓取新闻...
[2026-06-21 17:56:47] ✅ 新闻抓取成功
[2026-06-21 18:56:47] 🚀 开始抓取新闻...
[2026-06-21 18:56:53] ✅ 新闻抓取成功
[2026-06-21 19:56:53] 🚀 开始抓取新闻...
[2026-06-21 19:57:00] ✅ 新闻抓取成功
[2026-06-21 20:57:00] 🚀 开始抓取新闻...
[2026-06-21 20:57:06] ✅ 新闻抓取成功
[2026-06-21 21:57:06] 🚀 开始抓取新闻...
[2026-06-21 21:57:18] ✅ 新闻抓取成功
[2026-06-21 22:57:18] 🚀 开始抓取新闻...
[2026-06-21 22:57:29] ✅ 新闻抓取成功
[2026-06-21 23:57:29] 🚀 开始抓取新闻...
[2026-06-21 23:57:38] ✅ 新闻抓取成功
[2026-06-22 00:57:38] 🚀 开始抓取新闻...
[2026-06-22 00:57:46] ✅ 新闻抓取成功
[2026-06-22 01:57:46] 🚀 开始抓取新闻...
[2026-06-22 01:57:55] ✅ 新闻抓取成功
[2026-06-22 02:57:55] 🚀 开始抓取新闻...
[2026-06-22 02:58:02] ✅ 新闻抓取成功
[2026-06-22 03:58:02] 🚀 开始抓取新闻...
[2026-06-22 03:58:11] ✅ 新闻抓取成功
[2026-06-22 04:58:11] 🚀 开始抓取新闻...
[2026-06-22 04:58:18] ✅ 新闻抓取成功
[2026-06-22 05:58:18] 🚀 开始抓取新闻...
[2026-06-22 05:58:25] ✅ 新闻抓取成功
[2026-06-22 06:58:25] 🚀 开始抓取新闻...
[2026-06-22 06:58:36] ✅ 新闻抓取成功
[2026-06-22 07:58:36] 🚀 开始抓取新闻...
[2026-06-22 07:58:42] ✅ 新闻抓取成功
[2026-06-22 08:58:42] 🚀 开始抓取新闻...
[2026-06-22 08:58:49] ✅ 新闻抓取成功
[2026-06-22 09:58:49] 🚀 开始抓取新闻...
[2026-06-22 09:58:56] ✅ 新闻抓取成功
[2026-06-22 10:58:56] 🚀 开始抓取新闻...
[2026-06-22 10:59:04] ✅ 新闻抓取成功
[2026-06-22 11:59:04] 🚀 开始抓取新闻...
[2026-06-22 11:59:11] ✅ 新闻抓取成功
[2026-06-22 12:59:11] 🚀 开始抓取新闻...
[2026-06-22 12:59:18] ✅ 新闻抓取成功
[2026-06-22 13:59:18] 🚀 开始抓取新闻...
[2026-06-22 13:59:26] ✅ 新闻抓取成功
[2026-06-22 14:59:26] 🚀 开始抓取新闻...
[2026-06-22 14:59:33] ✅ 新闻抓取成功
[2026-06-22 15:59:33] 🚀 开始抓取新闻...
[2026-06-22 15:59:40] ✅ 新闻抓取成功
[2026-06-22 16:59:40] 🚀 开始抓取新闻...
[2026-06-22 16:59:50] ✅ 新闻抓取成功
[2026-06-22 17:59:50] 🚀 开始抓取新闻...
[2026-06-22 17:59:59] ✅ 新闻抓取成功
[2026-06-22 18:59:59] 🚀 开始抓取新闻...
[2026-06-22 19:00:07] ✅ 新闻抓取成功
[2026-06-22 20:00:07] 🚀 开始抓取新闻...
[2026-06-22 20:00:15] ✅ 新闻抓取成功
[2026-06-22 21:00:15] 🚀 开始抓取新闻...
[2026-06-22 21:00:22] ✅ 新闻抓取成功
[2026-06-22 22:00:22] 🚀 开始抓取新闻...
[2026-06-22 22:00:31] ✅ 新闻抓取成功
[2026-06-22 23:00:31] 🚀 开始抓取新闻...
[2026-06-22 23:00:43] ✅ 新闻抓取成功
[2026-06-23 00:00:43] 🚀 开始抓取新闻...
[2026-06-23 00:00:51] ✅ 新闻抓取成功
[2026-06-23 01:00:52] 🚀 开始抓取新闻...
[2026-06-23 01:01:06] ✅ 新闻抓取成功
[2026-06-23 02:01:06] 🚀 开始抓取新闻...
[2026-06-23 02:01:21] ✅ 新闻抓取成功
[2026-06-23 03:01:21] 🚀 开始抓取新闻...
[2026-06-23 03:01:34] ✅ 新闻抓取成功
[2026-06-23 04:01:34] 🚀 开始抓取新闻...
[2026-06-23 04:01:46] ✅ 新闻抓取成功
[2026-06-23 05:01:46] 🚀 开始抓取新闻...
[2026-06-23 05:02:00] ✅ 新闻抓取成功
[2026-06-23 06:02:01] 🚀 开始抓取新闻...
[2026-06-23 06:02:15] ✅ 新闻抓取成功
[2026-06-23 07:02:15] 🚀 开始抓取新闻...
[2026-06-23 07:02:30] ✅ 新闻抓取成功
[2026-06-23 08:02:30] 🚀 开始抓取新闻...
[2026-06-23 08:02:40] ✅ 新闻抓取成功
[2026-06-23 09:02:40] 🚀 开始抓取新闻...
[2026-06-23 09:02:48] ✅ 新闻抓取成功
[2026-06-23 10:02:48] 🚀 开始抓取新闻...
[2026-06-23 10:02:55] ✅ 新闻抓取成功
[2026-06-23 11:02:55] 🚀 开始抓取新闻...
[2026-06-23 11:03:03] ✅ 新闻抓取成功
[2026-06-23 12:03:03] 🚀 开始抓取新闻...
[2026-06-23 12:03:12] ✅ 新闻抓取成功
[2026-06-23 13:03:12] 🚀 开始抓取新闻...
[2026-06-23 13:03:21] ✅ 新闻抓取成功
[2026-06-23 14:03:21] 🚀 开始抓取新闻...
[2026-06-23 14:03:29] ✅ 新闻抓取成功
[2026-06-23 15:03:29] 🚀 开始抓取新闻...
[2026-06-23 15:03:37] ✅ 新闻抓取成功
[2026-06-23 16:03:37] 🚀 开始抓取新闻...
[2026-06-23 16:03:48] ✅ 新闻抓取成功
[2026-06-23 17:03:48] 🚀 开始抓取新闻...
[2026-06-23 17:03:57] ✅ 新闻抓取成功
[2026-06-23 18:03:57] 🚀 开始抓取新闻...
[2026-06-23 18:04:05] ✅ 新闻抓取成功
[2026-06-23 19:04:05] 🚀 开始抓取新闻...
[2026-06-23 19:04:12] ✅ 新闻抓取成功
[2026-06-23 20:04:12] 🚀 开始抓取新闻...
[2026-06-23 20:04:22] ✅ 新闻抓取成功
[2026-06-23 21:04:22] 🚀 开始抓取新闻...
[2026-06-23 21:04:31] ✅ 新闻抓取成功
[2026-06-23 22:04:31] 🚀 开始抓取新闻...
[2026-06-23 22:04:46] ✅ 新闻抓取成功
[2026-06-23 23:04:46] 🚀 开始抓取新闻...
[2026-06-23 23:04:56] ✅ 新闻抓取成功
[2026-06-24 00:04:56] 🚀 开始抓取新闻...
[2026-06-24 00:05:04] ✅ 新闻抓取成功
[2026-06-24 01:05:04] 🚀 开始抓取新闻...
[2026-06-24 01:05:13] ✅ 新闻抓取成功
[2026-06-24 02:05:13] 🚀 开始抓取新闻...
[2026-06-24 02:05:21] ✅ 新闻抓取成功
[2026-06-24 03:05:21] 🚀 开始抓取新闻...
[2026-06-24 03:05:29] ✅ 新闻抓取成功
[2026-06-24 04:05:29] 🚀 开始抓取新闻...
[2026-06-24 04:05:36] ✅ 新闻抓取成功
[2026-06-24 05:05:36] 🚀 开始抓取新闻...
[2026-06-24 05:05:45] ✅ 新闻抓取成功
[2026-06-24 06:05:45] 🚀 开始抓取新闻...
[2026-06-24 06:05:52] ✅ 新闻抓取成功
[2026-06-24 07:05:52] 🚀 开始抓取新闻...
[2026-06-24 07:06:00] ✅ 新闻抓取成功
[2026-06-24 08:06:00] 🚀 开始抓取新闻...
[2026-06-24 08:06:09] ✅ 新闻抓取成功
[2026-06-24 09:06:09] 🚀 开始抓取新闻...
[2026-06-24 09:06:17] ✅ 新闻抓取成功
[2026-06-24 10:06:17] 🚀 开始抓取新闻...
[2026-06-24 10:06:24] ✅ 新闻抓取成功
[2026-06-24 11:06:24] 🚀 开始抓取新闻...
[2026-06-24 11:06:32] ✅ 新闻抓取成功
[2026-06-24 12:06:32] 🚀 开始抓取新闻...
[2026-06-24 12:06:40] ✅ 新闻抓取成功
[2026-06-24 13:06:40] 🚀 开始抓取新闻...
[2026-06-24 13:06:46] ✅ 新闻抓取成功
[2026-06-24 14:06:46] 🚀 开始抓取新闻...
[2026-06-24 14:06:55] ✅ 新闻抓取成功
[2026-06-24 15:06:55] 🚀 开始抓取新闻...
[2026-06-24 15:07:03] ✅ 新闻抓取成功
[2026-06-24 16:07:03] 🚀 开始抓取新闻...
[2026-06-24 16:07:17] ✅ 新闻抓取成功
[2026-06-24 17:07:17] 🚀 开始抓取新闻...
[2026-06-24 17:07:33] ✅ 新闻抓取成功
[2026-06-24 18:07:33] 🚀 开始抓取新闻...
[2026-06-24 18:07:41] ✅ 新闻抓取成功
[2026-06-24 19:07:41] 🚀 开始抓取新闻...
[2026-06-24 19:07:49] ✅ 新闻抓取成功
[2026-06-24 20:07:49] 🚀 开始抓取新闻...
[2026-06-24 20:07:57] ✅ 新闻抓取成功
[2026-06-24 21:07:57] 🚀 开始抓取新闻...
[2026-06-24 21:08:07] ✅ 新闻抓取成功
[2026-06-24 22:08:09] 🚀 开始抓取新闻...
[2026-06-24 22:08:19] ✅ 新闻抓取成功
[2026-06-24 23:08:19] 🚀 开始抓取新闻...
[2026-06-24 23:08:30] ✅ 新闻抓取成功
[2026-06-25 00:08:30] 🚀 开始抓取新闻...
[2026-06-25 00:08:39] ✅ 新闻抓取成功
[2026-06-25 01:08:39] 🚀 开始抓取新闻...
[2026-06-25 01:08:53] ✅ 新闻抓取成功
[2026-06-25 02:08:53] 🚀 开始抓取新闻...
[2026-06-25 02:09:06] ✅ 新闻抓取成功
[2026-06-25 03:09:06] 🚀 开始抓取新闻...
[2026-06-25 03:09:21] ✅ 新闻抓取成功
[2026-06-25 04:09:21] 🚀 开始抓取新闻...
[2026-06-25 04:09:35] ✅ 新闻抓取成功
[2026-06-25 05:09:36] 🚀 开始抓取新闻...
[2026-06-25 05:09:48] ✅ 新闻抓取成功
[2026-06-25 06:09:48] 🚀 开始抓取新闻...
[2026-06-25 06:10:02] ✅ 新闻抓取成功
[2026-06-25 07:10:02] 🚀 开始抓取新闻...
[2026-06-25 07:10:16] ✅ 新闻抓取成功
[2026-06-25 08:10:16] 🚀 开始抓取新闻...
[2026-06-25 08:10:23] ✅ 新闻抓取成功
[2026-06-25 09:10:23] 🚀 开始抓取新闻...
[2026-06-25 09:10:32] ✅ 新闻抓取成功
[2026-06-25 10:10:32] 🚀 开始抓取新闻...
[2026-06-25 10:10:39] ✅ 新闻抓取成功
[2026-06-25 11:10:39] 🚀 开始抓取新闻...
[2026-06-25 11:10:47] ✅ 新闻抓取成功
[2026-06-25 12:10:47] 🚀 开始抓取新闻...
[2026-06-25 12:10:54] ✅ 新闻抓取成功
[2026-06-25 13:10:54] 🚀 开始抓取新闻...
[2026-06-25 13:11:02] ✅ 新闻抓取成功
[2026-06-25 14:11:02] 🚀 开始抓取新闻...
[2026-06-25 14:11:09] ✅ 新闻抓取成功
[2026-06-25 15:11:09] 🚀 开始抓取新闻...
[2026-06-25 15:11:16] ✅ 新闻抓取成功
[2026-06-25 16:11:16] 🚀 开始抓取新闻...
[2026-06-25 16:11:25] ✅ 新闻抓取成功
[2026-06-25 17:11:25] 🚀 开始抓取新闻...
[2026-06-25 17:11:33] ✅ 新闻抓取成功
[2026-06-25 18:11:33] 🚀 开始抓取新闻...
[2026-06-25 18:11:43] ✅ 新闻抓取成功
[2026-06-25 19:11:43] 🚀 开始抓取新闻...
[2026-06-25 19:11:51] ✅ 新闻抓取成功
[2026-06-25 20:11:51] 🚀 开始抓取新闻...
[2026-06-25 20:11:59] ✅ 新闻抓取成功
[2026-06-25 21:11:59] 🚀 开始抓取新闻...
[2026-06-25 21:12:09] ✅ 新闻抓取成功
[2026-06-25 22:12:09] 🚀 开始抓取新闻...
[2026-06-25 22:12:17] ✅ 新闻抓取成功
[2026-06-25 23:12:17] 🚀 开始抓取新闻...
[2026-06-25 23:12:34] ✅ 新闻抓取成功
[2026-06-26 00:12:34] 🚀 开始抓取新闻...
[2026-06-26 00:12:42] ✅ 新闻抓取成功
[2026-06-26 01:12:42] 🚀 开始抓取新闻...
[2026-06-26 01:12:49] ✅ 新闻抓取成功
[2026-06-26 02:12:49] 🚀 开始抓取新闻...
[2026-06-26 02:12:56] ✅ 新闻抓取成功
[2026-06-26 03:12:56] 🚀 开始抓取新闻...
[2026-06-26 03:13:03] ✅ 新闻抓取成功
[2026-06-26 04:13:03] 🚀 开始抓取新闻...
[2026-06-26 04:13:11] ✅ 新闻抓取成功
[2026-06-26 05:13:11] 🚀 开始抓取新闻...
[2026-06-26 05:13:19] ✅ 新闻抓取成功
[2026-06-26 06:13:19] 🚀 开始抓取新闻...
[2026-06-26 06:13:25] ✅ 新闻抓取成功
[2026-06-26 07:13:25] 🚀 开始抓取新闻...
[2026-06-26 07:13:34] ✅ 新闻抓取成功
[2026-06-26 08:13:34] 🚀 开始抓取新闻...
[2026-06-26 08:13:43] ✅ 新闻抓取成功
[2026-06-26 09:13:43] 🚀 开始抓取新闻...
[2026-06-26 09:13:52] ✅ 新闻抓取成功
[2026-06-26 10:13:52] 🚀 开始抓取新闻...
[2026-06-26 10:13:59] ✅ 新闻抓取成功
[2026-06-26 11:13:59] 🚀 开始抓取新闻...
[2026-06-26 11:14:08] ✅ 新闻抓取成功
[2026-06-26 12:14:08] 🚀 开始抓取新闻...
[2026-06-26 12:14:15] ✅ 新闻抓取成功
[2026-06-26 13:14:15] 🚀 开始抓取新闻...
[2026-06-26 13:14:23] ✅ 新闻抓取成功
[2026-06-26 14:14:23] 🚀 开始抓取新闻...
[2026-06-26 14:14:31] ✅ 新闻抓取成功
[2026-06-26 15:14:31] 🚀 开始抓取新闻...
[2026-06-26 15:14:39] ✅ 新闻抓取成功
[2026-06-26 16:14:39] 🚀 开始抓取新闻...
[2026-06-26 16:14:49] ✅ 新闻抓取成功
[2026-06-26 17:14:49] 🚀 开始抓取新闻...
[2026-06-26 17:14:59] ✅ 新闻抓取成功
[2026-06-26 18:14:59] 🚀 开始抓取新闻...
[2026-06-26 18:15:10] ✅ 新闻抓取成功
[2026-06-26 19:15:10] 🚀 开始抓取新闻...
[2026-06-26 19:15:17] ✅ 新闻抓取成功
[2026-06-26 20:15:17] 🚀 开始抓取新闻...
[2026-06-26 20:15:26] ✅ 新闻抓取成功
[2026-06-26 21:15:26] 🚀 开始抓取新闻...
[2026-06-26 21:15:32] ✅ 新闻抓取成功
[2026-06-26 22:15:32] 🚀 开始抓取新闻...
[2026-06-26 22:15:44] ✅ 新闻抓取成功
[2026-06-26 23:15:44] 🚀 开始抓取新闻...
[2026-06-26 23:15:55] ✅ 新闻抓取成功
[2026-06-27 00:15:55] 🚀 开始抓取新闻...
[2026-06-27 00:16:03] ✅ 新闻抓取成功
[2026-06-27 01:16:03] 🚀 开始抓取新闻...
[2026-06-27 01:16:14] ✅ 新闻抓取成功
[2026-06-27 02:16:14] 🚀 开始抓取新闻...
[2026-06-27 02:16:28] ✅ 新闻抓取成功
[2026-06-27 03:16:28] 🚀 开始抓取新闻...
[2026-06-27 03:16:40] ✅ 新闻抓取成功
[2026-06-27 04:16:40] 🚀 开始抓取新闻...
[2026-06-27 04:16:55] ✅ 新闻抓取成功
[2026-06-27 05:16:55] 🚀 开始抓取新闻...
[2026-06-27 05:17:08] ✅ 新闻抓取成功
[2026-06-27 06:17:08] 🚀 开始抓取新闻...
[2026-06-27 06:17:23] ✅ 新闻抓取成功
[2026-06-27 07:17:23] 🚀 开始抓取新闻...
[2026-06-27 07:17:36] ✅ 新闻抓取成功
[2026-06-27 08:17:36] 🚀 开始抓取新闻...
[2026-06-27 08:17:44] ✅ 新闻抓取成功
[2026-06-27 09:17:44] 🚀 开始抓取新闻...
[2026-06-27 09:17:56] ✅ 新闻抓取成功
[2026-06-27 10:17:56] 🚀 开始抓取新闻...
[2026-06-27 10:18:06] ✅ 新闻抓取成功
[2026-06-27 11:18:06] 🚀 开始抓取新闻...
[2026-06-27 11:18:16] ✅ 新闻抓取成功
[2026-06-27 12:18:16] 🚀 开始抓取新闻...
[2026-06-27 12:18:24] ✅ 新闻抓取成功
[2026-06-27 13:18:24] 🚀 开始抓取新闻...
[2026-06-27 13:18:31] ✅ 新闻抓取成功
[2026-06-27 14:18:31] 🚀 开始抓取新闻...
[2026-06-27 14:18:40] ✅ 新闻抓取成功
[2026-06-27 15:18:40] 🚀 开始抓取新闻...
[2026-06-27 15:18:48] ✅ 新闻抓取成功
[2026-06-27 16:18:48] 🚀 开始抓取新闻...
[2026-06-27 16:18:55] ✅ 新闻抓取成功
[2026-06-27 17:18:55] 🚀 开始抓取新闻...
[2026-06-27 17:19:03] ✅ 新闻抓取成功
[2026-06-27 18:19:03] 🚀 开始抓取新闻...
[2026-06-27 18:19:09] ✅ 新闻抓取成功
[2026-06-27 19:19:09] 🚀 开始抓取新闻...
[2026-06-27 19:19:17] ✅ 新闻抓取成功
[2026-06-27 20:19:17] 🚀 开始抓取新闻...
[2026-06-27 20:19:26] ✅ 新闻抓取成功
[2026-06-27 21:19:26] 🚀 开始抓取新闻...
[2026-06-27 21:19:34] ✅ 新闻抓取成功
[2026-06-27 22:19:34] 🚀 开始抓取新闻...
[2026-06-27 22:19:42] ✅ 新闻抓取成功
[2026-06-27 23:19:42] 🚀 开始抓取新闻...
[2026-06-27 23:19:54] ✅ 新闻抓取成功
[2026-06-28 00:19:54] 🚀 开始抓取新闻...
[2026-06-28 00:20:03] ✅ 新闻抓取成功
[2026-06-28 01:20:03] 🚀 开始抓取新闻...
[2026-06-28 01:20:12] ✅ 新闻抓取成功
[2026-06-28 02:20:12] 🚀 开始抓取新闻...
[2026-06-28 02:20:22] ✅ 新闻抓取成功
[2026-06-28 03:20:22] 🚀 开始抓取新闻...
[2026-06-28 03:20:32] ✅ 新闻抓取成功
[2026-06-28 04:20:32] 🚀 开始抓取新闻...
[2026-06-28 04:20:40] ✅ 新闻抓取成功
[2026-06-28 05:20:40] 🚀 开始抓取新闻...
[2026-06-28 05:20:49] ✅ 新闻抓取成功
[2026-06-28 06:20:49] 🚀 开始抓取新闻...
[2026-06-28 06:20:56] ✅ 新闻抓取成功
[2026-06-28 07:20:56] 🚀 开始抓取新闻...
[2026-06-28 07:21:05] ✅ 新闻抓取成功
[2026-06-28 08:21:05] 🚀 开始抓取新闻...
[2026-06-28 08:21:12] ✅ 新闻抓取成功
[2026-06-28 09:21:12] 🚀 开始抓取新闻...
[2026-06-28 09:21:21] ✅ 新闻抓取成功
[2026-06-28 10:21:21] 🚀 开始抓取新闻...
[2026-06-28 10:21:28] ✅ 新闻抓取成功
[2026-06-28 11:21:28] 🚀 开始抓取新闻...
[2026-06-28 11:21:37] ✅ 新闻抓取成功
[2026-06-28 12:21:37] 🚀 开始抓取新闻...
[2026-06-28 12:21:45] ✅ 新闻抓取成功
[2026-06-28 13:21:45] 🚀 开始抓取新闻...
[2026-06-28 13:21:56] ✅ 新闻抓取成功
[2026-06-28 14:21:56] 🚀 开始抓取新闻...
[2026-06-28 14:22:05] ✅ 新闻抓取成功
[2026-06-28 15:22:05] 🚀 开始抓取新闻...
[2026-06-28 15:22:14] ✅ 新闻抓取成功
[2026-06-28 16:22:14] 🚀 开始抓取新闻...
[2026-06-28 16:22:23] ✅ 新闻抓取成功
[2026-06-28 17:22:23] 🚀 开始抓取新闻...
[2026-06-28 17:22:32] ✅ 新闻抓取成功
[2026-06-28 18:22:32] 🚀 开始抓取新闻...
[2026-06-28 18:22:42] ✅ 新闻抓取成功
[2026-06-28 19:22:42] 🚀 开始抓取新闻...
[2026-06-28 19:22:56] ✅ 新闻抓取成功
[2026-06-28 20:22:56] 🚀 开始抓取新闻...
[2026-06-28 20:23:09] ✅ 新闻抓取成功
[2026-06-28 21:23:09] 🚀 开始抓取新闻...
[2026-06-28 21:23:18] ✅ 新闻抓取成功
[2026-06-28 22:23:18] 🚀 开始抓取新闻...
[2026-06-28 22:23:27] ✅ 新闻抓取成功
[2026-06-28 23:23:27] 🚀 开始抓取新闻...
[2026-06-28 23:23:37] ✅ 新闻抓取成功
[2026-06-29 00:23:37] 🚀 开始抓取新闻...
[2026-06-29 00:23:46] ✅ 新闻抓取成功
[2026-06-29 01:23:46] 🚀 开始抓取新闻...
[2026-06-29 01:23:58] ✅ 新闻抓取成功
[2026-06-29 02:23:58] 🚀 开始抓取新闻...
[2026-06-29 02:24:13] ✅ 新闻抓取成功
[2026-06-29 03:24:13] 🚀 开始抓取新闻...
[2026-06-29 03:24:28] ✅ 新闻抓取成功
[2026-06-29 04:24:28] 🚀 开始抓取新闻...
[2026-06-29 04:24:41] ✅ 新闻抓取成功
[2026-06-29 05:24:41] 🚀 开始抓取新闻...
[2026-06-29 05:24:55] ✅ 新闻抓取成功
[2026-06-29 06:24:55] 🚀 开始抓取新闻...
[2026-06-29 06:25:08] ✅ 新闻抓取成功
[2026-06-29 07:25:08] 🚀 开始抓取新闻...
[2026-06-29 07:25:23] ✅ 新闻抓取成功
[2026-06-29 08:25:23] 🚀 开始抓取新闻...
[2026-06-29 08:25:33] ✅ 新闻抓取成功
[2026-06-29 09:25:33] 🚀 开始抓取新闻...
[2026-06-29 09:25:40] ✅ 新闻抓取成功
[2026-06-29 10:25:40] 🚀 开始抓取新闻...
[2026-06-29 10:25:49] ✅ 新闻抓取成功
[2026-06-29 11:25:49] 🚀 开始抓取新闻...
[2026-06-29 11:25:56] ✅ 新闻抓取成功
[2026-06-29 12:25:56] 🚀 开始抓取新闻...
[2026-06-29 12:26:04] ✅ 新闻抓取成功
[2026-06-29 13:26:04] 🚀 开始抓取新闻...
[2026-06-29 13:26:12] ✅ 新闻抓取成功
[2026-06-29 14:26:12] 🚀 开始抓取新闻...
[2026-06-29 14:26:28] ✅ 新闻抓取成功
[2026-06-29 15:26:28] 🚀 开始抓取新闻...
[2026-06-29 15:26:36] ✅ 新闻抓取成功
[2026-06-29 16:26:36] 🚀 开始抓取新闻...
[2026-06-29 16:26:44] ✅ 新闻抓取成功
[2026-06-29 17:26:44] 🚀 开始抓取新闻...
[2026-06-29 17:26:50] ✅ 新闻抓取成功
[2026-06-29 18:26:50] 🚀 开始抓取新闻...
[2026-06-29 18:26:58] ✅ 新闻抓取成功
[2026-06-29 19:26:58] 🚀 开始抓取新闻...
[2026-06-29 19:27:07] ✅ 新闻抓取成功
[2026-06-29 20:27:07] 🚀 开始抓取新闻...
[2026-06-29 20:27:14] ✅ 新闻抓取成功
[2026-06-29 21:27:14] 🚀 开始抓取新闻...
[2026-06-29 21:27:22] ✅ 新闻抓取成功
[2026-06-29 22:27:22] 🚀 开始抓取新闻...
[2026-06-29 22:27:32] ✅ 新闻抓取成功
[2026-06-29 23:27:32] 🚀 开始抓取新闻...
[2026-06-29 23:27:40] ✅ 新闻抓取成功
[2026-06-30 00:27:40] 🚀 开始抓取新闻...
[2026-06-30 00:27:48] ✅ 新闻抓取成功
[2026-06-30 01:27:48] 🚀 开始抓取新闻...
[2026-06-30 01:28:02] ✅ 新闻抓取成功
[2026-06-30 02:28:02] 🚀 开始抓取新闻...
[2026-06-30 02:28:15] ✅ 新闻抓取成功
[2026-06-30 03:28:15] 🚀 开始抓取新闻...
[2026-06-30 03:28:28] ✅ 新闻抓取成功
[2026-06-30 04:28:28] 🚀 开始抓取新闻...
[2026-06-30 04:28:42] ✅ 新闻抓取成功
[2026-06-30 05:28:42] 🚀 开始抓取新闻...
[2026-06-30 05:28:56] ✅ 新闻抓取成功
[2026-06-30 06:28:56] 🚀 开始抓取新闻...
[2026-06-30 06:29:10] ✅ 新闻抓取成功
[2026-06-30 07:29:10] 🚀 开始抓取新闻...
[2026-06-30 07:29:23] ✅ 新闻抓取成功
[2026-06-30 08:29:23] 🚀 开始抓取新闻...
[2026-06-30 08:29:30] ✅ 新闻抓取成功
[2026-06-30 09:29:30] 🚀 开始抓取新闻...
[2026-06-30 09:29:37] ✅ 新闻抓取成功
[2026-06-30 10:29:37] 🚀 开始抓取新闻...
[2026-06-30 10:29:44] ✅ 新闻抓取成功
[2026-06-30 11:29:44] 🚀 开始抓取新闻...
[2026-06-30 11:29:52] ✅ 新闻抓取成功
[2026-06-30 12:29:52] 🚀 开始抓取新闻...
[2026-06-30 12:29:58] ✅ 新闻抓取成功
[2026-06-30 13:29:58] 🚀 开始抓取新闻...
[2026-06-30 13:30:03] ✅ 新闻抓取成功
[2026-06-30 14:30:03] 🚀 开始抓取新闻...
[2026-06-30 14:30:11] ✅ 新闻抓取成功
[2026-06-30 15:30:11] 🚀 开始抓取新闻...
[2026-06-30 15:30:17] ✅ 新闻抓取成功
[2026-06-30 16:30:17] 🚀 开始抓取新闻...
[2026-06-30 16:30:25] ✅ 新闻抓取成功
[2026-06-30 17:30:25] 🚀 开始抓取新闻...
[2026-06-30 17:30:34] ✅ 新闻抓取成功
[2026-06-30 18:30:34] 🚀 开始抓取新闻...
[2026-06-30 18:30:40] ✅ 新闻抓取成功
[2026-06-30 19:30:40] 🚀 开始抓取新闻...
[2026-06-30 19:30:50] ✅ 新闻抓取成功
[2026-06-30 20:30:50] 🚀 开始抓取新闻...
[2026-06-30 20:30:56] ✅ 新闻抓取成功
[2026-06-30 21:30:56] 🚀 开始抓取新闻...
[2026-06-30 21:31:04] ✅ 新闻抓取成功
[2026-06-30 22:31:04] 🚀 开始抓取新闻...
[2026-06-30 22:31:13] ✅ 新闻抓取成功
[2026-06-30 23:31:13] 🚀 开始抓取新闻...
[2026-06-30 23:31:26] ✅ 新闻抓取成功
[2026-07-01 00:31:26] 🚀 开始抓取新闻...
[2026-07-01 00:31:35] ✅ 新闻抓取成功
[2026-07-01 01:31:35] 🚀 开始抓取新闻...
[2026-07-01 01:31:43] ✅ 新闻抓取成功
[2026-07-01 02:31:44] 🚀 开始抓取新闻...
[2026-07-01 02:31:51] ✅ 新闻抓取成功
[2026-07-01 03:31:52] 🚀 开始抓取新闻...
[2026-07-01 03:32:00] ✅ 新闻抓取成功
[2026-07-01 04:32:00] 🚀 开始抓取新闻...
[2026-07-01 04:32:09] ✅ 新闻抓取成功
[2026-07-01 05:32:09] 🚀 开始抓取新闻...
[2026-07-01 05:32:14] ✅ 新闻抓取成功
[2026-07-01 06:32:14] 🚀 开始抓取新闻...
[2026-07-01 06:32:22] ✅ 新闻抓取成功
[2026-07-01 07:32:22] 🚀 开始抓取新闻...
[2026-07-01 07:32:29] ✅ 新闻抓取成功
[2026-07-01 08:32:29] 🚀 开始抓取新闻...
[2026-07-01 08:32:36] ✅ 新闻抓取成功
[2026-07-01 09:32:36] 🚀 开始抓取新闻...
[2026-07-01 09:32:44] ✅ 新闻抓取成功
[2026-07-01 10:32:44] 🚀 开始抓取新闻...
[2026-07-01 10:32:50] ✅ 新闻抓取成功
[2026-07-01 11:32:50] 🚀 开始抓取新闻...
[2026-07-01 11:32:57] ✅ 新闻抓取成功
[2026-07-01 12:32:57] 🚀 开始抓取新闻...
[2026-07-01 12:33:03] ✅ 新闻抓取成功
[2026-07-01 13:33:03] 🚀 开始抓取新闻...
[2026-07-01 13:33:10] ✅ 新闻抓取成功
[2026-07-01 14:33:10] 🚀 开始抓取新闻...
[2026-07-01 14:33:16] ✅ 新闻抓取成功
[2026-07-01 15:33:16] 🚀 开始抓取新闻...
[2026-07-01 15:33:25] ✅ 新闻抓取成功
[2026-07-01 16:33:25] 🚀 开始抓取新闻...
[2026-07-01 16:33:32] ✅ 新闻抓取成功
[2026-07-01 17:33:32] 🚀 开始抓取新闻...
[2026-07-01 17:33:38] ✅ 新闻抓取成功
[2026-07-01 18:33:39] 🚀 开始抓取新闻...
[2026-07-01 18:33:45] ✅ 新闻抓取成功
[2026-07-01 19:33:45] 🚀 开始抓取新闻...
[2026-07-01 19:33:52] ✅ 新闻抓取成功
[2026-07-01 20:33:52] 🚀 开始抓取新闻...
[2026-07-01 20:33:59] ✅ 新闻抓取成功
[2026-07-01 21:33:59] 🚀 开始抓取新闻...
[2026-07-01 21:34:07] ✅ 新闻抓取成功
[2026-07-01 22:34:07] 🚀 开始抓取新闻...
[2026-07-01 22:34:31] ✅ 新闻抓取成功
[2026-07-01 23:34:31] 🚀 开始抓取新闻...
[2026-07-01 23:34:47] ✅ 新闻抓取成功
[2026-07-02 00:34:47] 🚀 开始抓取新闻...
[2026-07-02 00:34:53] ✅ 新闻抓取成功
[2026-07-02 01:34:53] 🚀 开始抓取新闻...
[2026-07-02 01:35:02] ✅ 新闻抓取成功
[2026-07-02 02:35:02] 🚀 开始抓取新闻...
[2026-07-02 02:35:17] ✅ 新闻抓取成功
[2026-07-02 03:35:17] 🚀 开始抓取新闻...
[2026-07-02 03:35:31] ✅ 新闻抓取成功
[2026-07-02 04:35:31] 🚀 开始抓取新闻...
[2026-07-02 04:35:45] ✅ 新闻抓取成功
[2026-07-02 05:35:45] 🚀 开始抓取新闻...
[2026-07-02 05:35:58] ✅ 新闻抓取成功
[2026-07-02 06:35:58] 🚀 开始抓取新闻...
[2026-07-02 06:36:13] ✅ 新闻抓取成功
[2026-07-02 07:36:14] 🚀 开始抓取新闻...
[2026-07-02 07:36:28] ✅ 新闻抓取成功
[2026-07-02 08:36:28] 🚀 开始抓取新闻...
[2026-07-02 08:36:35] ✅ 新闻抓取成功
[2026-07-02 09:36:35] 🚀 开始抓取新闻...
[2026-07-02 09:36:41] ✅ 新闻抓取成功
[2026-07-02 10:36:41] 🚀 开始抓取新闻...
[2026-07-02 10:36:48] ✅ 新闻抓取成功
[2026-07-02 11:36:48] 🚀 开始抓取新闻...
[2026-07-02 11:36:54] ✅ 新闻抓取成功
[2026-07-02 12:36:54] 🚀 开始抓取新闻...
[2026-07-02 12:37:05] ✅ 新闻抓取成功
[2026-07-02 13:37:05] 🚀 开始抓取新闻...
[2026-07-02 13:37:11] ✅ 新闻抓取成功
[2026-07-02 14:37:11] 🚀 开始抓取新闻...
[2026-07-02 14:37:19] ✅ 新闻抓取成功
[2026-07-02 15:37:19] 🚀 开始抓取新闻...
[2026-07-02 15:37:27] ✅ 新闻抓取成功
[2026-07-02 16:37:27] 🚀 开始抓取新闻...
[2026-07-02 16:37:36] ✅ 新闻抓取成功
[2026-07-02 17:37:36] 🚀 开始抓取新闻...
[2026-07-02 17:37:44] ✅ 新闻抓取成功
[2026-07-02 18:37:44] 🚀 开始抓取新闻...
[2026-07-02 18:37:51] ✅ 新闻抓取成功
[2026-07-02 19:37:51] 🚀 开始抓取新闻...
[2026-07-02 19:38:02] ✅ 新闻抓取成功
[2026-07-02 20:38:02] 🚀 开始抓取新闻...
[2026-07-02 20:38:09] ✅ 新闻抓取成功
[2026-07-02 21:38:09] 🚀 开始抓取新闻...
[2026-07-02 21:38:17] ✅ 新闻抓取成功
[2026-07-02 22:38:17] 🚀 开始抓取新闻...
[2026-07-02 22:38:27] ✅ 新闻抓取成功
[2026-07-02 23:38:27] 🚀 开始抓取新闻...
[2026-07-02 23:38:36] ✅ 新闻抓取成功
[2026-07-03 00:38:36] 🚀 开始抓取新闻...
[2026-07-03 00:38:45] ✅ 新闻抓取成功
[2026-07-03 01:38:45] 🚀 开始抓取新闻...
[2026-07-03 01:38:59] ✅ 新闻抓取成功
[2026-07-03 02:38:59] 🚀 开始抓取新闻...
[2026-07-03 02:39:14] ✅ 新闻抓取成功
[2026-07-03 03:39:14] 🚀 开始抓取新闻...
[2026-07-03 03:39:27] ✅ 新闻抓取成功
[2026-07-03 04:39:27] 🚀 开始抓取新闻...
[2026-07-03 04:39:40] ✅ 新闻抓取成功
[2026-07-03 05:39:40] 🚀 开始抓取新闻...
[2026-07-03 05:39:55] ✅ 新闻抓取成功
[2026-07-03 06:39:55] 🚀 开始抓取新闻...
[2026-07-03 06:40:09] ✅ 新闻抓取成功
[2026-07-03 07:40:09] 🚀 开始抓取新闻...
[2026-07-03 07:40:17] ✅ 新闻抓取成功
[2026-07-03 08:40:17] 🚀 开始抓取新闻...
[2026-07-03 08:40:21] ✅ 新闻抓取成功
[2026-07-03 09:40:21] 🚀 开始抓取新闻...
[2026-07-03 09:40:28] ✅ 新闻抓取成功
[2026-07-03 10:40:28] 🚀 开始抓取新闻...
[2026-07-03 10:40:34] ✅ 新闻抓取成功
[2026-07-03 11:40:34] 🚀 开始抓取新闻...
[2026-07-03 11:40:40] ✅ 新闻抓取成功
[2026-07-03 12:40:40] 🚀 开始抓取新闻...
[2026-07-03 12:40:47] ✅ 新闻抓取成功
[2026-07-03 13:40:47] 🚀 开始抓取新闻...
[2026-07-03 13:40:55] ✅ 新闻抓取成功
[2026-07-03 14:40:55] 🚀 开始抓取新闻...
[2026-07-03 14:41:01] ✅ 新闻抓取成功
[2026-07-03 15:41:01] 🚀 开始抓取新闻...
[2026-07-03 15:41:08] ✅ 新闻抓取成功
[2026-07-03 16:41:08] 🚀 开始抓取新闻...
[2026-07-03 16:41:14] ✅ 新闻抓取成功
[2026-07-04 11:37:02] ============================================================
[2026-07-04 11:37:02] 📰 新闻抓取守护进程启动
[2026-07-04 11:37:02] 抓取间隔：3600秒 (1 小时)
[2026-07-04 11:37:02] ============================================================
[2026-07-04 11:37:02] 🚀 开始抓取新闻...
[2026-07-04 11:37:09] ✅ 新闻抓取成功
[2026-07-04 12:37:09] 🚀 开始抓取新闻...
[2026-07-04 12:37:17] ✅ 新闻抓取成功
[2026-07-04 13:37:17] 🚀 开始抓取新闻...
[2026-07-04 13:37:23] ✅ 新闻抓取成功
[2026-07-04 14:37:23] 🚀 开始抓取新闻...
[2026-07-04 14:37:30] ✅ 新闻抓取成功
[2026-07-04 15:37:30] 🚀 开始抓取新闻...
[2026-07-04 15:37:38] ✅ 新闻抓取成功
[2026-07-04 16:37:38] 🚀 开始抓取新闻...
[2026-07-04 16:37:47] ✅ 新闻抓取成功
[2026-07-04 17:37:47] 🚀 开始抓取新闻...
[2026-07-04 17:37:55] ✅ 新闻抓取成功
[2026-07-04 18:37:55] 🚀 开始抓取新闻...
[2026-07-04 18:38:04] ✅ 新闻抓取成功
[2026-07-04 19:38:04] 🚀 开始抓取新闻...
[2026-07-04 19:38:12] ✅ 新闻抓取成功
[2026-07-04 20:38:12] 🚀 开始抓取新闻...
[2026-07-04 20:38:21] ✅ 新闻抓取成功
[2026-07-04 21:38:21] 🚀 开始抓取新闻...
[2026-07-04 21:38:35] ✅ 新闻抓取成功
[2026-07-04 22:38:35] 🚀 开始抓取新闻...
[2026-07-04 22:38:46] ✅ 新闻抓取成功
[2026-07-04 23:38:46] 🚀 开始抓取新闻...
[2026-07-04 23:39:00] ✅ 新闻抓取成功
[2026-07-05 00:39:00] 🚀 开始抓取新闻...
[2026-07-05 00:39:12] ✅ 新闻抓取成功
[2026-07-05 01:39:12] 🚀 开始抓取新闻...
[2026-07-05 01:39:26] ✅ 新闻抓取成功
[2026-07-05 02:39:26] 🚀 开始抓取新闻...
[2026-07-05 02:39:42] ✅ 新闻抓取成功
[2026-07-05 03:39:42] 🚀 开始抓取新闻...
[2026-07-05 03:39:53] ✅ 新闻抓取成功
[2026-07-05 04:39:54] 🚀 开始抓取新闻...
[2026-07-05 04:40:06] ✅ 新闻抓取成功
[2026-07-05 05:40:06] 🚀 开始抓取新闻...
[2026-07-05 05:40:18] ✅ 新闻抓取成功
[2026-07-05 06:40:18] 🚀 开始抓取新闻...
[2026-07-05 06:40:33] ✅ 新闻抓取成功
[2026-07-05 07:40:33] 🚀 开始抓取新闻...
[2026-07-05 07:40:46] ✅ 新闻抓取成功
[2026-07-05 08:40:46] 🚀 开始抓取新闻...
[2026-07-05 08:40:54] ✅ 新闻抓取成功
[2026-07-05 09:40:54] 🚀 开始抓取新闻...
[2026-07-05 09:41:04] ✅ 新闻抓取成功
[2026-07-05 10:41:04] 🚀 开始抓取新闻...
[2026-07-05 10:41:12] ✅ 新闻抓取成功
[2026-07-05 11:41:12] 🚀 开始抓取新闻...
[2026-07-05 11:41:18] ✅ 新闻抓取成功
[2026-07-05 12:41:18] 🚀 开始抓取新闻...
[2026-07-05 12:41:25] ✅ 新闻抓取成功
[2026-07-05 13:41:25] 🚀 开始抓取新闻...
[2026-07-05 13:41:32] ✅ 新闻抓取成功
[2026-07-05 14:41:32] 🚀 开始抓取新闻...
[2026-07-05 14:41:41] ✅ 新闻抓取成功
[2026-07-05 15:41:41] 🚀 开始抓取新闻...
[2026-07-05 15:41:49] ✅ 新闻抓取成功
[2026-07-05 16:41:49] 🚀 开始抓取新闻...
[2026-07-05 16:41:59] ✅ 新闻抓取成功
[2026-07-05 17:41:59] 🚀 开始抓取新闻...
[2026-07-05 17:42:06] ✅ 新闻抓取成功
[2026-07-05 18:42:06] 🚀 开始抓取新闻...
[2026-07-05 18:42:12] ✅ 新闻抓取成功
[2026-07-05 19:42:12] 🚀 开始抓取新闻...
[2026-07-05 19:42:20] ✅ 新闻抓取成功
[2026-07-05 20:42:20] 🚀 开始抓取新闻...
[2026-07-05 20:42:29] ✅ 新闻抓取成功
[2026-07-05 21:42:29] 🚀 开始抓取新闻...
[2026-07-05 21:42:37] ✅ 新闻抓取成功
[2026-07-05 22:42:37] 🚀 开始抓取新闻...
[2026-07-05 22:42:45] ✅ 新闻抓取成功
[2026-07-05 23:42:45] 🚀 开始抓取新闻...
[2026-07-05 23:42:55] ✅ 新闻抓取成功
[2026-07-06 00:42:55] 🚀 开始抓取新闻...
[2026-07-06 00:43:09] ✅ 新闻抓取成功
[2026-07-06 01:43:09] 🚀 开始抓取新闻...
[2026-07-06 01:43:22] ✅ 新闻抓取成功
[2026-07-06 02:43:22] 🚀 开始抓取新闻...
[2026-07-06 02:43:35] ✅ 新闻抓取成功
[2026-07-06 03:43:35] 🚀 开始抓取新闻...
[2026-07-06 03:43:49] ✅ 新闻抓取成功
[2026-07-06 04:43:49] 🚀 开始抓取新闻...
[2026-07-06 04:44:03] ✅ 新闻抓取成功
[2026-07-06 05:44:03] 🚀 开始抓取新闻...
[2026-07-06 05:44:17] ✅ 新闻抓取成功
[2026-07-06 06:44:17] 🚀 开始抓取新闻...
[2026-07-06 06:44:31] ✅ 新闻抓取成功
[2026-07-06 07:44:31] 🚀 开始抓取新闻...
[2026-07-06 07:44:47] ✅ 新闻抓取成功
[2026-07-06 08:44:47] 🚀 开始抓取新闻...
[2026-07-06 08:44:51] ✅ 新闻抓取成功
[2026-07-06 09:44:51] 🚀 开始抓取新闻...
[2026-07-06 09:44:56] ✅ 新闻抓取成功
[2026-07-06 10:44:56] 🚀 开始抓取新闻...
[2026-07-06 10:45:01] ✅ 新闻抓取成功
[2026-07-06 11:45:01] 🚀 开始抓取新闻...
[2026-07-06 11:45:08] ✅ 新闻抓取成功
[2026-07-06 12:45:08] 🚀 开始抓取新闻...
[2026-07-06 12:45:14] ✅ 新闻抓取成功
[2026-07-06 13:45:14] 🚀 开始抓取新闻...
[2026-07-06 13:45:20] ✅ 新闻抓取成功
[2026-07-06 14:45:20] 🚀 开始抓取新闻...
[2026-07-06 14:45:27] ✅ 新闻抓取成功
[2026-07-06 15:45:27] 🚀 开始抓取新闻...
[2026-07-06 15:45:32] ✅ 新闻抓取成功
[2026-07-06 16:45:32] 🚀 开始抓取新闻...
[2026-07-06 16:45:41] ✅ 新闻抓取成功
[2026-07-06 17:45:41] 🚀 开始抓取新闻...
[2026-07-06 17:45:48] ✅ 新闻抓取成功
[2026-07-06 18:45:48] 🚀 开始抓取新闻...
[2026-07-06 18:45:58] ✅ 新闻抓取成功
[2026-07-06 19:45:58] 🚀 开始抓取新闻...
[2026-07-06 19:46:04] ✅ 新闻抓取成功
[2026-07-06 20:46:04] 🚀 开始抓取新闻...
[2026-07-06 20:46:12] ✅ 新闻抓取成功
[2026-07-06 21:46:12] 🚀 开始抓取新闻...
[2026-07-06 21:46:23] ✅ 新闻抓取成功
[2026-07-06 22:46:23] 🚀 开始抓取新闻...
[2026-07-06 22:46:31] ✅ 新闻抓取成功
[2026-07-06 23:46:31] 🚀 开始抓取新闻...
[2026-07-06 23:46:44] ✅ 新闻抓取成功
[2026-07-07 00:46:44] 🚀 开始抓取新闻...
[2026-07-07 00:46:54] ✅ 新闻抓取成功
[2026-07-07 01:46:54] 🚀 开始抓取新闻...
[2026-07-07 01:47:08] ✅ 新闻抓取成功
[2026-07-07 02:47:08] 🚀 开始抓取新闻...
[2026-07-07 02:47:21] ✅ 新闻抓取成功
[2026-07-07 03:47:21] 🚀 开始抓取新闻...
[2026-07-07 03:47:33] ✅ 新闻抓取成功
[2026-07-07 04:47:33] 🚀 开始抓取新闻...
[2026-07-07 04:47:46] ✅ 新闻抓取成功
[2026-07-07 05:47:46] 🚀 开始抓取新闻...
[2026-07-07 05:48:01] ✅ 新闻抓取成功
[2026-07-07 06:48:01] 🚀 开始抓取新闻...
[2026-07-07 06:48:14] ✅ 新闻抓取成功
[2026-07-07 07:48:14] 🚀 开始抓取新闻...
[2026-07-07 07:48:23] ✅ 新闻抓取成功
[2026-07-07 08:48:23] 🚀 开始抓取新闻...
[2026-07-07 08:48:27] ✅ 新闻抓取成功
[2026-07-07 09:48:27] 🚀 开始抓取新闻...
[2026-07-07 09:48:32] ✅ 新闻抓取成功
[2026-07-07 10:48:32] 🚀 开始抓取新闻...
[2026-07-07 10:48:39] ✅ 新闻抓取成功
[2026-07-07 11:48:39] 🚀 开始抓取新闻...
[2026-07-07 11:48:47] ✅ 新闻抓取成功
[2026-07-07 12:48:47] 🚀 开始抓取新闻...
[2026-07-07 12:48:52] ✅ 新闻抓取成功
[2026-07-07 13:48:52] 🚀 开始抓取新闻...
[2026-07-07 13:48:58] ✅ 新闻抓取成功
[2026-07-07 14:48:58] 🚀 开始抓取新闻...
[2026-07-07 14:49:04] ✅ 新闻抓取成功
[2026-07-07 15:49:04] 🚀 开始抓取新闻...
[2026-07-07 15:49:14] ✅ 新闻抓取成功
[2026-07-07 16:49:14] 🚀 开始抓取新闻...
[2026-07-07 16:49:27] ✅ 新闻抓取成功
[2026-07-07 17:49:27] 🚀 开始抓取新闻...
[2026-07-07 17:49:40] ✅ 新闻抓取成功
[2026-07-07 18:49:40] 🚀 开始抓取新闻...
[2026-07-07 18:49:47] ✅ 新闻抓取成功
[2026-07-07 19:49:47] 🚀 开始抓取新闻...
[2026-07-07 19:50:07] ✅ 新闻抓取成功
[2026-07-07 20:50:07] 🚀 开始抓取新闻...
[2026-07-07 20:50:26] ✅ 新闻抓取成功
[2026-07-07 21:50:26] 🚀 开始抓取新闻...
[2026-07-07 21:50:41] ✅ 新闻抓取成功
[2026-07-07 22:50:41] 🚀 开始抓取新闻...
[2026-07-07 22:50:55] ✅ 新闻抓取成功
[2026-07-07 23:50:55] 🚀 开始抓取新闻...
[2026-07-07 23:51:12] ✅ 新闻抓取成功
[2026-07-08 00:51:12] 🚀 开始抓取新闻...
[2026-07-08 00:51:38] ✅ 新闻抓取成功
[2026-07-08 01:51:38] 🚀 开始抓取新闻...
[2026-07-08 01:51:50] ✅ 新闻抓取成功
[2026-07-08 02:51:50] 🚀 开始抓取新闻...
[2026-07-08 02:52:02] ✅ 新闻抓取成功
[2026-07-08 03:52:02] 🚀 开始抓取新闻...
[2026-07-08 03:52:15] ✅ 新闻抓取成功
[2026-07-08 04:52:16] 🚀 开始抓取新闻...
[2026-07-08 04:52:30] ✅ 新闻抓取成功
[2026-07-08 05:52:30] 🚀 开始抓取新闻...
[2026-07-08 05:52:45] ✅ 新闻抓取成功
[2026-07-08 06:52:45] 🚀 开始抓取新闻...
[2026-07-08 06:53:00] ✅ 新闻抓取成功
[2026-07-08 07:53:00] 🚀 开始抓取新闻...
[2026-07-08 07:53:14] ✅ 新闻抓取成功
[2026-07-08 08:53:14] 🚀 开始抓取新闻...
[2026-07-08 08:53:28] ✅ 新闻抓取成功
[2026-07-08 09:53:28] 🚀 开始抓取新闻...
[2026-07-08 09:53:36] ✅ 新闻抓取成功
[2026-07-08 10:53:36] 🚀 开始抓取新闻...
[2026-07-08 10:53:47] ✅ 新闻抓取成功
[2026-07-08 11:53:47] 🚀 开始抓取新闻...
[2026-07-08 11:54:00] ✅ 新闻抓取成功
[2026-07-08 12:54:00] 🚀 开始抓取新闻...
[2026-07-08 12:54:19] ✅ 新闻抓取成功
[2026-07-08 13:54:20] 🚀 开始抓取新闻...
[2026-07-08 13:54:31] ✅ 新闻抓取成功
[2026-07-08 14:54:31] 🚀 开始抓取新闻...
[2026-07-08 14:54:43] ✅ 新闻抓取成功
[2026-07-08 15:54:43] 🚀 开始抓取新闻...
[2026-07-08 15:54:53] ✅ 新闻抓取成功
[2026-07-08 16:54:53] 🚀 开始抓取新闻...
[2026-07-08 16:55:00] ✅ 新闻抓取成功
[2026-07-08 17:55:00] 🚀 开始抓取新闻...
[2026-07-08 17:55:13] ✅ 新闻抓取成功
[2026-07-08 18:55:13] 🚀 开始抓取新闻...
[2026-07-08 18:55:21] ✅ 新闻抓取成功
[2026-07-08 19:55:21] 🚀 开始抓取新闻...
[2026-07-08 19:55:35] ✅ 新闻抓取成功
[2026-07-08 20:55:35] 🚀 开始抓取新闻...
[2026-07-08 20:55:48] ✅ 新闻抓取成功
[2026-07-08 21:55:48] 🚀 开始抓取新闻...
[2026-07-08 21:56:18] ✅ 新闻抓取成功
[2026-07-08 22:56:18] 🚀 开始抓取新闻...
[2026-07-08 22:56:28] ✅ 新闻抓取成功
[2026-07-08 23:56:28] 🚀 开始抓取新闻...
[2026-07-08 23:56:43] ✅ 新闻抓取成功
[2026-07-09 00:56:43] 🚀 开始抓取新闻...
[2026-07-09 00:56:58] ✅ 新闻抓取成功
[2026-07-09 01:56:58] 🚀 开始抓取新闻...
[2026-07-09 01:57:12] ✅ 新闻抓取成功
[2026-07-09 02:57:12] 🚀 开始抓取新闻...
[2026-07-09 02:57:27] ✅ 新闻抓取成功
[2026-07-09 03:57:27] 🚀 开始抓取新闻...
[2026-07-09 03:57:43] ✅ 新闻抓取成功
[2026-07-09 04:57:43] 🚀 开始抓取新闻...
[2026-07-09 04:57:56] ✅ 新闻抓取成功
[2026-07-09 05:57:56] 🚀 开始抓取新闻...
[2026-07-09 05:58:11] ✅ 新闻抓取成功
[2026-07-09 06:58:11] 🚀 开始抓取新闻...
[2026-07-09 06:58:23] ✅ 新闻抓取成功
[2026-07-09 07:58:23] 🚀 开始抓取新闻...
[2026-07-09 07:58:38] ✅ 新闻抓取成功
[2026-07-09 08:58:38] 🚀 开始抓取新闻...
[2026-07-09 08:58:52] ✅ 新闻抓取成功
[2026-07-09 09:58:52] 🚀 开始抓取新闻...
[2026-07-09 09:59:04] ✅ 新闻抓取成功
[2026-07-09 10:59:04] 🚀 开始抓取新闻...
[2026-07-09 10:59:10] ✅ 新闻抓取成功
[2026-07-09 11:59:10] 🚀 开始抓取新闻...
[2026-07-09 11:59:23] ✅ 新闻抓取成功
[2026-07-09 12:59:23] 🚀 开始抓取新闻...
[2026-07-09 12:59:33] ✅ 新闻抓取成功
[2026-07-09 13:59:33] 🚀 开始抓取新闻...
[2026-07-09 13:59:47] ✅ 新闻抓取成功
[2026-07-09 14:59:47] 🚀 开始抓取新闻...
[2026-07-09 15:00:02] ✅ 新闻抓取成功
[2026-07-09 16:00:02] 🚀 开始抓取新闻...
[2026-07-09 16:00:16] ✅ 新闻抓取成功
[2026-07-09 17:00:16] 🚀 开始抓取新闻...
[2026-07-09 17:00:29] ✅ 新闻抓取成功
[2026-07-09 18:00:29] 🚀 开始抓取新闻...
[2026-07-09 18:00:43] ✅ 新闻抓取成功
[2026-07-09 19:00:43] 🚀 开始抓取新闻...
[2026-07-09 19:00:53] ✅ 新闻抓取成功
[2026-07-09 20:00:53] 🚀 开始抓取新闻...
[2026-07-09 20:00:59] ✅ 新闻抓取成功
[2026-07-09 21:00:59] 🚀 开始抓取新闻...
[2026-07-09 21:01:06] ✅ 新闻抓取成功
[2026-07-09 22:01:06] 🚀 开始抓取新闻...
[2026-07-09 22:01:17] ✅ 新闻抓取成功
[2026-07-09 23:01:17] 🚀 开始抓取新闻...
[2026-07-09 23:01:54] ✅ 新闻抓取成功
[2026-07-10 00:01:54] 🚀 开始抓取新闻...
[2026-07-10 00:02:08] ✅ 新闻抓取成功
[2026-07-10 01:02:08] 🚀 开始抓取新闻...
[2026-07-10 01:02:24] ✅ 新闻抓取成功
[2026-07-10 02:02:24] 🚀 开始抓取新闻...
[2026-07-10 02:02:37] ✅ 新闻抓取成功
[2026-07-10 03:02:37] 🚀 开始抓取新闻...
[2026-07-10 03:02:51] ✅ 新闻抓取成功
[2026-07-10 04:02:51] 🚀 开始抓取新闻...
[2026-07-10 04:03:03] ✅ 新闻抓取成功
[2026-07-10 05:03:03] 🚀 开始抓取新闻...
[2026-07-10 05:03:18] ✅ 新闻抓取成功
[2026-07-10 06:03:18] 🚀 开始抓取新闻...
[2026-07-10 06:03:32] ✅ 新闻抓取成功
[2026-07-10 07:03:32] 🚀 开始抓取新闻...
[2026-07-10 07:03:45] ✅ 新闻抓取成功
[2026-07-10 08:03:45] 🚀 开始抓取新闻...
[2026-07-10 08:03:59] ✅ 新闻抓取成功
[2026-07-10 09:03:59] 🚀 开始抓取新闻...
[2026-07-10 09:04:16] ✅ 新闻抓取成功
[2026-07-10 10:04:16] 🚀 开始抓取新闻...
[2026-07-10 10:04:28] ✅ 新闻抓取成功
[2026-07-10 11:04:28] 🚀 开始抓取新闻...
[2026-07-10 11:04:40] ✅ 新闻抓取成功
[2026-07-10 12:04:40] 🚀 开始抓取新闻...
[2026-07-10 12:04:55] ✅ 新闻抓取成功
[2026-07-10 13:04:55] 🚀 开始抓取新闻...
[2026-07-10 13:05:09] ✅ 新闻抓取成功
[2026-07-10 14:05:09] 🚀 开始抓取新闻...
[2026-07-10 14:05:27] ✅ 新闻抓取成功
[2026-07-10 15:05:27] 🚀 开始抓取新闻...
[2026-07-10 15:05:44] ✅ 新闻抓取成功
[2026-07-10 16:05:44] 🚀 开始抓取新闻...
[2026-07-10 16:06:00] ✅ 新闻抓取成功
[2026-07-10 17:06:00] 🚀 开始抓取新闻...
[2026-07-10 17:06:13] ✅ 新闻抓取成功
[2026-07-10 18:06:13] 🚀 开始抓取新闻...
[2026-07-10 18:06:28] ✅ 新闻抓取成功
[2026-07-10 19:06:28] 🚀 开始抓取新闻...
[2026-07-10 19:06:44] ✅ 新闻抓取成功
[2026-07-10 20:06:44] 🚀 开始抓取新闻...
[2026-07-10 20:06:58] ✅ 新闻抓取成功
[2026-07-10 21:06:58] 🚀 开始抓取新闻...
[2026-07-10 21:07:16] ✅ 新闻抓取成功
[2026-07-10 22:07:16] 🚀 开始抓取新闻...
[2026-07-10 22:07:33] ✅ 新闻抓取成功
[2026-07-10 23:07:33] 🚀 开始抓取新闻...
[2026-07-10 23:07:52] ✅ 新闻抓取成功
[2026-07-11 00:07:52] 🚀 开始抓取新闻...
[2026-07-11 00:08:04] ✅ 新闻抓取成功
[2026-07-11 01:08:04] 🚀 开始抓取新闻...
[2026-07-11 01:08:19] ✅ 新闻抓取成功
[2026-07-11 02:08:19] 🚀 开始抓取新闻...
[2026-07-11 02:08:34] ✅ 新闻抓取成功
[2026-07-11 03:08:34] 🚀 开始抓取新闻...
[2026-07-11 03:08:48] ✅ 新闻抓取成功
[2026-07-11 04:08:48] 🚀 开始抓取新闻...
[2026-07-11 04:09:02] ✅ 新闻抓取成功
[2026-07-11 05:09:02] 🚀 开始抓取新闻...
[2026-07-11 05:09:16] ✅ 新闻抓取成功
[2026-07-11 06:09:16] 🚀 开始抓取新闻...
[2026-07-11 06:09:31] ✅ 新闻抓取成功
[2026-07-11 07:09:31] 🚀 开始抓取新闻...
[2026-07-11 07:09:45] ✅ 新闻抓取成功
[2026-07-11 08:09:46] 🚀 开始抓取新闻...
[2026-07-11 08:10:00] ✅ 新闻抓取成功
[2026-07-11 09:10:00] 🚀 开始抓取新闻...
[2026-07-11 09:10:14] ✅ 新闻抓取成功
[2026-07-11 10:10:14] 🚀 开始抓取新闻...
[2026-07-11 10:10:30] ✅ 新闻抓取成功
[2026-07-11 11:10:30] 🚀 开始抓取新闻...
[2026-07-11 11:10:43] ✅ 新闻抓取成功
[2026-07-11 12:10:43] 🚀 开始抓取新闻...
[2026-07-11 12:10:57] ✅ 新闻抓取成功
[2026-07-11 13:10:57] 🚀 开始抓取新闻...
[2026-07-11 13:11:09] ✅ 新闻抓取成功
[2026-07-11 14:11:09] 🚀 开始抓取新闻...
[2026-07-11 14:11:29] ✅ 新闻抓取成功
[2026-07-11 15:11:29] 🚀 开始抓取新闻...
[2026-07-11 15:11:46] ✅ 新闻抓取成功
[2026-07-11 16:11:46] 🚀 开始抓取新闻...
[2026-07-11 16:12:06] ✅ 新闻抓取成功
[2026-07-11 17:12:06] 🚀 开始抓取新闻...
[2026-07-11 17:12:23] ✅ 新闻抓取成功
[2026-07-11 18:12:23] 🚀 开始抓取新闻...
[2026-07-11 18:12:42] ✅ 新闻抓取成功
[2026-07-11 19:12:42] 🚀 开始抓取新闻...
[2026-07-11 19:12:56] ✅ 新闻抓取成功
[2026-07-11 20:12:56] 🚀 开始抓取新闻...
[2026-07-11 20:13:12] ✅ 新闻抓取成功
[2026-07-11 21:13:12] 🚀 开始抓取新闻...
[2026-07-11 21:13:26] ✅ 新闻抓取成功
[2026-07-11 22:13:26] 🚀 开始抓取新闻...
[2026-07-11 22:13:40] ✅ 新闻抓取成功
[2026-07-11 23:13:40] 🚀 开始抓取新闻...
[2026-07-11 23:13:47] ✅ 新闻抓取成功
[2026-07-12 00:13:47] 🚀 开始抓取新闻...
[2026-07-12 00:13:58] ✅ 新闻抓取成功
[2026-07-12 01:13:58] 🚀 开始抓取新闻...
[2026-07-12 01:14:14] ✅ 新闻抓取成功
[2026-07-12 02:14:14] 🚀 开始抓取新闻...
[2026-07-12 02:14:29] ✅ 新闻抓取成功
[2026-07-12 03:14:29] 🚀 开始抓取新闻...
[2026-07-12 03:14:45] ✅ 新闻抓取成功
[2026-07-12 04:14:45] 🚀 开始抓取新闻...
[2026-07-12 04:14:59] ✅ 新闻抓取成功
[2026-07-12 05:14:59] 🚀 开始抓取新闻...
[2026-07-12 05:15:13] ✅ 新闻抓取成功
[2026-07-12 06:15:13] 🚀 开始抓取新闻...
[2026-07-12 06:15:29] ✅ 新闻抓取成功
[2026-07-12 07:15:29] 🚀 开始抓取新闻...
[2026-07-12 07:15:41] ✅ 新闻抓取成功
[2026-07-12 08:15:41] 🚀 开始抓取新闻...
[2026-07-12 08:15:56] ✅ 新闻抓取成功
[2026-07-12 09:15:56] 🚀 开始抓取新闻...
[2026-07-12 09:16:11] ✅ 新闻抓取成功
[2026-07-12 10:16:11] 🚀 开始抓取新闻...
[2026-07-12 10:16:18] ✅ 新闻抓取成功
[2026-07-12 11:16:18] 🚀 开始抓取新闻...
[2026-07-12 11:16:26] ✅ 新闻抓取成功
[2026-07-12 12:16:26] 🚀 开始抓取新闻...
[2026-07-12 12:16:34] ✅ 新闻抓取成功
[2026-07-12 13:16:34] 🚀 开始抓取新闻...
[2026-07-12 13:16:47] ✅ 新闻抓取成功
[2026-07-12 14:16:47] 🚀 开始抓取新闻...
[2026-07-12 14:17:09] ✅ 新闻抓取成功
[2026-07-12 15:17:09] 🚀 开始抓取新闻...
[2026-07-12 15:17:19] ✅ 新闻抓取成功
[2026-07-12 16:17:19] 🚀 开始抓取新闻...
[2026-07-12 16:17:31] ✅ 新闻抓取成功
[2026-07-12 17:17:31] 🚀 开始抓取新闻...
[2026-07-12 17:17:44] ✅ 新闻抓取成功
[2026-07-12 18:17:44] 🚀 开始抓取新闻...
[2026-07-12 18:17:56] ✅ 新闻抓取成功
[2026-07-12 19:17:56] 🚀 开始抓取新闻...
[2026-07-12 19:18:03] ✅ 新闻抓取成功
[2026-07-12 20:18:03] 🚀 开始抓取新闻...
[2026-07-12 20:18:11] ✅ 新闻抓取成功
[2026-07-12 21:18:11] 🚀 开始抓取新闻...
[2026-07-12 21:18:20] ✅ 新闻抓取成功
[2026-07-12 22:18:20] 🚀 开始抓取新闻...
[2026-07-12 22:18:27] ✅ 新闻抓取成功
[2026-07-12 23:18:27] 🚀 开始抓取新闻...
[2026-07-12 23:18:36] ✅ 新闻抓取成功
[2026-07-13 00:18:36] 🚀 开始抓取新闻...
[2026-07-13 00:18:51] ✅ 新闻抓取成功
[2026-07-13 01:18:51] 🚀 开始抓取新闻...
[2026-07-13 01:19:05] ✅ 新闻抓取成功
[2026-07-13 02:19:05] 🚀 开始抓取新闻...
[2026-07-13 02:19:22] ✅ 新闻抓取成功
[2026-07-13 03:19:22] 🚀 开始抓取新闻...
[2026-07-13 03:19:35] ✅ 新闻抓取成功
[2026-07-13 04:19:35] 🚀 开始抓取新闻...
[2026-07-13 04:19:50] ✅ 新闻抓取成功
[2026-07-13 05:19:50] 🚀 开始抓取新闻...
[2026-07-13 05:20:04] ✅ 新闻抓取成功
[2026-07-13 06:20:04] 🚀 开始抓取新闻...
[2026-07-13 06:20:18] ✅ 新闻抓取成功
[2026-07-13 07:20:18] 🚀 开始抓取新闻...
[2026-07-13 07:20:33] ✅ 新闻抓取成功
[2026-07-13 08:20:33] 🚀 开始抓取新闻...
[2026-07-13 08:20:46] ✅ 新闻抓取成功
[2026-07-13 09:20:46] 🚀 开始抓取新闻...
[2026-07-13 09:21:01] ✅ 新闻抓取成功
[2026-07-13 10:21:01] 🚀 开始抓取新闻...
[2026-07-13 10:21:11] ✅ 新闻抓取成功
[2026-07-13 11:21:11] 🚀 开始抓取新闻...
[2026-07-13 11:21:19] ✅ 新闻抓取成功
[2026-07-13 12:21:19] 🚀 开始抓取新闻...
[2026-07-13 12:21:27] ✅ 新闻抓取成功
[2026-07-13 13:21:27] 🚀 开始抓取新闻...
[2026-07-13 13:21:36] ✅ 新闻抓取成功
[2026-07-13 14:21:36] 🚀 开始抓取新闻...
[2026-07-13 14:21:53] ✅ 新闻抓取成功
[2026-07-13 15:21:53] 🚀 开始抓取新闻...
[2026-07-13 15:22:08] ✅ 新闻抓取成功
[2026-07-13 16:22:08] 🚀 开始抓取新闻...
[2026-07-13 16:22:19] ✅ 新闻抓取成功
[2026-07-13 17:22:19] 🚀 开始抓取新闻...
[2026-07-13 17:22:34] ✅ 新闻抓取成功
[2026-07-13 18:22:34] 🚀 开始抓取新闻...
[2026-07-13 18:22:45] ✅ 新闻抓取成功
[2026-07-13 19:22:45] 🚀 开始抓取新闻...
[2026-07-13 19:22:59] ✅ 新闻抓取成功
[2026-07-13 20:22:59] 🚀 开始抓取新闻...
[2026-07-13 20:23:07] ✅ 新闻抓取成功
[2026-07-13 21:23:07] 🚀 开始抓取新闻...
[2026-07-13 21:23:17] ✅ 新闻抓取成功
[2026-07-13 22:23:17] 🚀 开始抓取新闻...
[2026-07-13 22:23:31] ✅ 新闻抓取成功
[2026-07-13 23:23:31] 🚀 开始抓取新闻...
[2026-07-13 23:23:46] ✅ 新闻抓取成功
[2026-07-14 00:23:46] 🚀 开始抓取新闻...
[2026-07-14 00:24:00] ✅ 新闻抓取成功
[2026-07-14 01:24:00] 🚀 开始抓取新闻...
[2026-07-14 01:24:13] ✅ 新闻抓取成功
[2026-07-14 02:24:13] 🚀 开始抓取新闻...
[2026-07-14 02:24:28] ✅ 新闻抓取成功
[2026-07-14 03:24:28] 🚀 开始抓取新闻...
[2026-07-14 03:24:41] ✅ 新闻抓取成功
[2026-07-14 04:24:41] 🚀 开始抓取新闻...
[2026-07-14 04:24:56] ✅ 新闻抓取成功
[2026-07-14 05:24:56] 🚀 开始抓取新闻...
[2026-07-14 05:25:10] ✅ 新闻抓取成功
[2026-07-14 06:25:10] 🚀 开始抓取新闻...
[2026-07-14 06:25:25] ✅ 新闻抓取成功
[2026-07-14 07:25:26] 🚀 开始抓取新闻...
[2026-07-14 07:25:40] ✅ 新闻抓取成功
[2026-07-14 08:25:40] 🚀 开始抓取新闻...
[2026-07-14 08:25:48] ✅ 新闻抓取成功
[2026-07-14 09:25:48] 🚀 开始抓取新闻...
[2026-07-14 09:25:56] ✅ 新闻抓取成功
[2026-07-14 10:25:56] 🚀 开始抓取新闻...
[2026-07-14 10:26:02] ✅ 新闻抓取成功
[2026-07-14 11:26:02] 🚀 开始抓取新闻...
[2026-07-14 11:26:11] ✅ 新闻抓取成功
[2026-07-14 12:26:11] 🚀 开始抓取新闻...
[2026-07-14 12:26:21] ✅ 新闻抓取成功
[2026-07-14 13:26:21] 🚀 开始抓取新闻...
[2026-07-14 13:26:29] ✅ 新闻抓取成功
[2026-07-14 14:26:29] 🚀 开始抓取新闻...
[2026-07-14 14:26:39] ✅ 新闻抓取成功
[2026-07-14 15:26:39] 🚀 开始抓取新闻...
[2026-07-14 15:26:47] ✅ 新闻抓取成功
[2026-07-14 16:26:47] 🚀 开始抓取新闻...
[2026-07-14 16:26:57] ✅ 新闻抓取成功
[2026-07-14 17:26:57] 🚀 开始抓取新闻...
[2026-07-14 17:27:06] ✅ 新闻抓取成功
[2026-07-14 18:27:06] 🚀 开始抓取新闻...
[2026-07-14 18:27:15] ✅ 新闻抓取成功
[2026-07-14 19:27:15] 🚀 开始抓取新闻...
[2026-07-14 19:27:20] ✅ 新闻抓取成功
[2026-07-14 20:27:20] 🚀 开始抓取新闻...
[2026-07-14 20:27:30] ✅ 新闻抓取成功
[2026-07-14 21:27:30] 🚀 开始抓取新闻...
[2026-07-14 21:27:40] ✅ 新闻抓取成功
[2026-07-14 22:27:40] 🚀 开始抓取新闻...
[2026-07-14 22:27:47] ✅ 新闻抓取成功
[2026-07-14 23:27:47] 🚀 开始抓取新闻...
[2026-07-14 23:27:55] ✅ 新闻抓取成功
[2026-07-15 00:27:55] 🚀 开始抓取新闻...
[2026-07-15 00:28:03] ✅ 新闻抓取成功
[2026-07-15 01:28:03] 🚀 开始抓取新闻...
[2026-07-15 01:28:17] ✅ 新闻抓取成功
[2026-07-15 02:28:17] 🚀 开始抓取新闻...
[2026-07-15 02:28:29] ✅ 新闻抓取成功
[2026-07-15 03:28:29] 🚀 开始抓取新闻...
[2026-07-15 03:28:42] ✅ 新闻抓取成功
[2026-07-15 04:28:42] 🚀 开始抓取新闻...
[2026-07-15 04:28:56] ✅ 新闻抓取成功
[2026-07-15 05:28:56] 🚀 开始抓取新闻...
[2026-07-15 05:29:10] ✅ 新闻抓取成功
[2026-07-15 06:29:11] 🚀 开始抓取新闻...
[2026-07-15 06:29:24] ✅ 新闻抓取成功
[2026-07-15 07:29:24] 🚀 开始抓取新闻...
[2026-07-15 07:29:33] ✅ 新闻抓取成功
[2026-07-15 08:29:33] 🚀 开始抓取新闻...
[2026-07-15 08:29:38] ✅ 新闻抓取成功
[2026-07-15 09:29:38] 🚀 开始抓取新闻...
[2026-07-15 09:29:44] ✅ 新闻抓取成功
[2026-07-15 10:29:44] 🚀 开始抓取新闻...
[2026-07-15 10:29:53] ✅ 新闻抓取成功
[2026-07-15 11:29:53] 🚀 开始抓取新闻...
[2026-07-15 11:30:01] ✅ 新闻抓取成功
[2026-07-15 12:30:01] 🚀 开始抓取新闻...
[2026-07-15 12:30:10] ✅ 新闻抓取成功
[2026-07-15 13:30:10] 🚀 开始抓取新闻...
[2026-07-15 13:30:23] ✅ 新闻抓取成功
[2026-07-15 14:30:23] 🚀 开始抓取新闻...
[2026-07-15 14:30:32] ✅ 新闻抓取成功
[2026-07-15 15:30:32] 🚀 开始抓取新闻...
[2026-07-15 15:30:42] ✅ 新闻抓取成功
[2026-07-15 16:30:42] 🚀 开始抓取新闻...
[2026-07-15 16:30:55] ✅ 新闻抓取成功
[2026-07-15 17:30:55] 🚀 开始抓取新闻...
[2026-07-15 17:31:03] ✅ 新闻抓取成功
[2026-07-15 18:31:03] 🚀 开始抓取新闻...
[2026-07-15 18:31:11] ✅ 新闻抓取成功
[2026-07-15 19:31:11] 🚀 开始抓取新闻...
[2026-07-15 19:31:20] ✅ 新闻抓取成功
[2026-07-15 20:31:20] 🚀 开始抓取新闻...
[2026-07-15 20:31:29] ✅ 新闻抓取成功
[2026-07-15 21:31:29] 🚀 开始抓取新闻...
[2026-07-15 21:31:40] ✅ 新闻抓取成功
[2026-07-15 22:31:40] 🚀 开始抓取新闻...
[2026-07-15 22:31:52] ✅ 新闻抓取成功
[2026-07-15 23:31:52] 🚀 开始抓取新闻...
[2026-07-15 23:32:01] ✅ 新闻抓取成功
[2026-07-16 00:32:01] 🚀 开始抓取新闻...
[2026-07-16 00:32:12] ✅ 新闻抓取成功
[2026-07-16 01:32:12] 🚀 开始抓取新闻...
[2026-07-16 01:32:22] ✅ 新闻抓取成功
[2026-07-16 02:32:22] 🚀 开始抓取新闻...
[2026-07-16 02:32:36] ✅ 新闻抓取成功
[2026-07-16 03:32:36] 🚀 开始抓取新闻...
[2026-07-16 03:32:51] ✅ 新闻抓取成功
[2026-07-16 04:32:51] 🚀 开始抓取新闻...
[2026-07-16 04:33:06] ✅ 新闻抓取成功
[2026-07-16 05:33:06] 🚀 开始抓取新闻...
[2026-07-16 05:33:20] ✅ 新闻抓取成功
[2026-07-16 06:33:21] 🚀 开始抓取新闻...
[2026-07-16 06:33:34] ✅ 新闻抓取成功
[2026-07-16 07:33:35] 🚀 开始抓取新闻...
[2026-07-16 07:33:41] ✅ 新闻抓取成功
[2026-07-16 08:33:41] 🚀 开始抓取新闻...
[2026-07-16 08:33:54] ✅ 新闻抓取成功
[2026-07-16 09:33:54] 🚀 开始抓取新闻...
[2026-07-16 09:34:00] ✅ 新闻抓取成功
[2026-07-16 10:34:00] 🚀 开始抓取新闻...
[2026-07-16 10:34:08] ✅ 新闻抓取成功
[2026-07-16 11:34:08] 🚀 开始抓取新闻...
[2026-07-16 11:34:13] ✅ 新闻抓取成功
[2026-07-16 12:34:13] 🚀 开始抓取新闻...
[2026-07-16 12:34:22] ✅ 新闻抓取成功
[2026-07-16 13:34:22] 🚀 开始抓取新闻...
[2026-07-16 13:34:31] ✅ 新闻抓取成功
[2026-07-16 14:34:31] 🚀 开始抓取新闻...
[2026-07-16 14:34:38] ✅ 新闻抓取成功
[2026-07-16 15:34:38] 🚀 开始抓取新闻...
[2026-07-16 15:34:48] ✅ 新闻抓取成功
[2026-07-16 16:34:48] 🚀 开始抓取新闻...
[2026-07-16 16:34:58] ✅ 新闻抓取成功
[2026-07-16 17:34:58] 🚀 开始抓取新闻...
[2026-07-16 17:35:05] ✅ 新闻抓取成功
[2026-07-16 18:35:05] 🚀 开始抓取新闻...
[2026-07-16 18:35:11] ✅ 新闻抓取成功
[2026-07-16 19:35:13] 🚀 开始抓取新闻...
[2026-07-16 19:35:20] ✅ 新闻抓取成功
[2026-07-16 20:35:20] 🚀 开始抓取新闻...
[2026-07-16 20:35:35] ✅ 新闻抓取成功
[2026-07-16 21:35:35] 🚀 开始抓取新闻...
[2026-07-16 21:35:42] ✅ 新闻抓取成功
[2026-07-16 22:35:42] 🚀 开始抓取新闻...
[2026-07-16 22:35:54] ✅ 新闻抓取成功
[2026-07-16 23:35:54] 🚀 开始抓取新闻...
[2026-07-16 23:36:05] ✅ 新闻抓取成功
[2026-07-17 00:36:05] 🚀 开始抓取新闻...
[2026-07-17 00:36:21] ✅ 新闻抓取成功
[2026-07-17 01:36:21] 🚀 开始抓取新闻...
[2026-07-17 01:36:34] ✅ 新闻抓取成功
[2026-07-17 02:36:34] 🚀 开始抓取新闻...
[2026-07-17 02:36:48] ✅ 新闻抓取成功
[2026-07-17 03:36:48] 🚀 开始抓取新闻...
[2026-07-17 03:37:02] ✅ 新闻抓取成功
[2026-07-17 04:37:02] 🚀 开始抓取新闻...
[2026-07-17 04:37:17] ✅ 新闻抓取成功
[2026-07-17 05:37:17] 🚀 开始抓取新闻...
[2026-07-17 05:37:32] ✅ 新闻抓取成功
[2026-07-17 06:37:32] 🚀 开始抓取新闻...
[2026-07-17 06:37:46] ✅ 新闻抓取成功
[2026-07-17 07:37:46] 🚀 开始抓取新闻...
[2026-07-17 07:37:59] ✅ 新闻抓取成功
[2026-07-17 08:37:59] 🚀 开始抓取新闻...
[2026-07-17 08:38:04] ✅ 新闻抓取成功
[2026-07-17 09:38:04] 🚀 开始抓取新闻...
[2026-07-17 09:38:12] ✅ 新闻抓取成功
[2026-07-17 10:38:12] 🚀 开始抓取新闻...
[2026-07-17 10:38:20] ✅ 新闻抓取成功
[2026-07-17 11:38:20] 🚀 开始抓取新闻...
[2026-07-17 11:38:30] ✅ 新闻抓取成功
[2026-07-17 12:38:30] 🚀 开始抓取新闻...
[2026-07-17 12:38:40] ✅ 新闻抓取成功
[2026-07-17 13:38:40] 🚀 开始抓取新闻...
[2026-07-17 13:38:54] ✅ 新闻抓取成功
[2026-07-17 14:38:54] 🚀 开始抓取新闻...
[2026-07-17 14:39:01] ✅ 新闻抓取成功
[2026-07-17 15:39:01] 🚀 开始抓取新闻...
[2026-07-17 15:39:15] ✅ 新闻抓取成功
[2026-07-17 16:39:15] 🚀 开始抓取新闻...
[2026-07-17 16:39:21] ✅ 新闻抓取成功
[2026-07-17 17:39:21] 🚀 开始抓取新闻...
[2026-07-17 17:39:41] ✅ 新闻抓取成功
[2026-07-17 18:39:41] 🚀 开始抓取新闻...
[2026-07-17 18:40:02] ✅ 新闻抓取成功
[2026-07-17 19:40:02] 🚀 开始抓取新闻...
[2026-07-17 19:40:22] ✅ 新闻抓取成功
[2026-07-17 20:40:22] 🚀 开始抓取新闻...
[2026-07-17 20:40:43] ✅ 新闻抓取成功
[2026-07-17 21:40:43] 🚀 开始抓取新闻...
[2026-07-17 21:41:04] ✅ 新闻抓取成功
[2026-07-17 22:41:04] 🚀 开始抓取新闻...
[2026-07-17 22:41:24] ✅ 新闻抓取成功
[2026-07-17 23:41:24] 🚀 开始抓取新闻...
[2026-07-17 23:41:44] ✅ 新闻抓取成功
[2026-07-18 00:41:44] 🚀 开始抓取新闻...
[2026-07-18 00:41:56] ✅ 新闻抓取成功
[2026-07-18 01:41:56] 🚀 开始抓取新闻...
[2026-07-18 01:42:12] ✅ 新闻抓取成功
[2026-07-18 02:42:12] 🚀 开始抓取新闻...
[2026-07-18 02:42:26] ✅ 新闻抓取成功
[2026-07-18 03:42:26] 🚀 开始抓取新闻...
[2026-07-18 03:42:41] ✅ 新闻抓取成功
[2026-07-18 04:42:42] 🚀 开始抓取新闻...
[2026-07-18 04:42:56] ✅ 新闻抓取成功
[2026-07-18 05:42:56] 🚀 开始抓取新闻...
[2026-07-18 05:43:11] ✅ 新闻抓取成功
[2026-07-18 06:43:11] 🚀 开始抓取新闻...
[2026-07-18 06:43:25] ✅ 新闻抓取成功
[2026-07-18 07:43:25] 🚀 开始抓取新闻...
[2026-07-18 07:43:39] ✅ 新闻抓取成功
[2026-07-18 08:43:39] 🚀 开始抓取新闻...
[2026-07-18 08:43:47] ✅ 新闻抓取成功
[2026-07-18 09:43:47] 🚀 开始抓取新闻...
[2026-07-18 09:43:52] ✅ 新闻抓取成功
[2026-07-18 10:43:52] 🚀 开始抓取新闻...
[2026-07-18 10:43:59] ✅ 新闻抓取成功
[2026-07-18 11:44:00] 🚀 开始抓取新闻...
[2026-07-18 11:44:08] ✅ 新闻抓取成功
[2026-07-18 12:44:08] 🚀 开始抓取新闻...
[2026-07-18 12:44:15] ✅ 新闻抓取成功
[2026-07-18 13:44:15] 🚀 开始抓取新闻...
[2026-07-18 13:44:21] ✅ 新闻抓取成功
[2026-07-18 14:44:21] 🚀 开始抓取新闻...
[2026-07-18 14:44:27] ✅ 新闻抓取成功
[2026-07-18 15:44:27] 🚀 开始抓取新闻...
[2026-07-18 15:44:36] ✅ 新闻抓取成功
[2026-07-18 16:44:36] 🚀 开始抓取新闻...
[2026-07-18 16:44:44] ✅ 新闻抓取成功
[2026-07-18 17:44:44] 🚀 开始抓取新闻...
[2026-07-18 17:44:50] ✅ 新闻抓取成功
[2026-07-18 18:44:50] 🚀 开始抓取新闻...
[2026-07-18 18:44:57] ✅ 新闻抓取成功
[2026-07-18 19:44:57] 🚀 开始抓取新闻...
[2026-07-18 19:45:03] ✅ 新闻抓取成功
[2026-07-18 20:45:04] 🚀 开始抓取新闻...
[2026-07-18 20:45:13] ✅ 新闻抓取成功
[2026-07-18 21:45:13] 🚀 开始抓取新闻...
[2026-07-18 21:45:21] ✅ 新闻抓取成功
[2026-07-18 22:45:21] 🚀 开始抓取新闻...
[2026-07-18 22:45:30] ✅ 新闻抓取成功
[2026-07-18 23:45:30] 🚀 开始抓取新闻...
[2026-07-18 23:45:37] ✅ 新闻抓取成功
[2026-07-19 00:45:37] 🚀 开始抓取新闻...
[2026-07-19 00:45:47] ✅ 新闻抓取成功
[2026-07-19 01:45:47] 🚀 开始抓取新闻...
[2026-07-19 01:46:01] ✅ 新闻抓取成功
[2026-07-19 02:46:01] 🚀 开始抓取新闻...
[2026-07-19 02:46:17] ✅ 新闻抓取成功
[2026-07-19 03:46:17] 🚀 开始抓取新闻...
[2026-07-19 03:46:30] ✅ 新闻抓取成功
[2026-07-19 04:46:30] 🚀 开始抓取新闻...
[2026-07-19 04:46:44] ✅ 新闻抓取成功
[2026-07-19 05:46:44] 🚀 开始抓取新闻...
[2026-07-19 05:46:59] ✅ 新闻抓取成功
[2026-07-19 06:46:59] 🚀 开始抓取新闻...
[2026-07-19 06:47:12] ✅ 新闻抓取成功
[2026-07-19 07:47:12] 🚀 开始抓取新闻...
[2026-07-19 07:47:20] ✅ 新闻抓取成功
[2026-07-19 08:47:21] 🚀 开始抓取新闻...
[2026-07-19 08:47:29] ✅ 新闻抓取成功
[2026-07-19 09:47:29] 🚀 开始抓取新闻...
[2026-07-19 09:47:35] ✅ 新闻抓取成功
[2026-07-19 10:47:35] 🚀 开始抓取新闻...
[2026-07-19 10:47:44] ✅ 新闻抓取成功
[2026-07-19 11:47:44] 🚀 开始抓取新闻...
[2026-07-19 11:47:51] ✅ 新闻抓取成功
[2026-07-19 12:47:51] 🚀 开始抓取新闻...
[2026-07-19 12:48:01] ✅ 新闻抓取成功
[2026-07-19 13:48:01] 🚀 开始抓取新闻...
[2026-07-19 13:48:13] ✅ 新闻抓取成功
[2026-07-19 14:48:13] 🚀 开始抓取新闻...
[2026-07-19 14:48:22] ✅ 新闻抓取成功
[2026-07-19 15:48:22] 🚀 开始抓取新闻...
[2026-07-19 15:48:33] ✅ 新闻抓取成功
[2026-07-19 16:48:33] 🚀 开始抓取新闻...
[2026-07-19 16:48:39] ✅ 新闻抓取成功
[2026-07-19 17:48:39] 🚀 开始抓取新闻...
[2026-07-19 17:48:46] ✅ 新闻抓取成功
[2026-07-19 18:48:46] 🚀 开始抓取新闻...
[2026-07-19 18:48:54] ✅ 新闻抓取成功
[2026-07-19 19:48:54] 🚀 开始抓取新闻...
[2026-07-19 19:49:01] ✅ 新闻抓取成功
[2026-07-19 20:49:01] 🚀 开始抓取新闻...
[2026-07-19 20:49:16] ✅ 新闻抓取成功
[2026-07-19 21:49:16] 🚀 开始抓取新闻...
[2026-07-19 21:49:26] ✅ 新闻抓取成功
[2026-07-19 22:49:26] 🚀 开始抓取新闻...
[2026-07-19 22:49:37] ✅ 新闻抓取成功
[2026-07-19 23:49:37] 🚀 开始抓取新闻...
[2026-07-19 23:49:52] ✅ 新闻抓取成功
[2026-07-20 00:49:52] 🚀 开始抓取新闻...
[2026-07-20 00:50:07] ✅ 新闻抓取成功
[2026-07-20 01:50:07] 🚀 开始抓取新闻...
[2026-07-20 01:50:19] ✅ 新闻抓取成功
[2026-07-20 02:50:19] 🚀 开始抓取新闻...
[2026-07-20 02:50:35] ✅ 新闻抓取成功
[2026-07-20 03:50:35] 🚀 开始抓取新闻...
[2026-07-20 03:50:51] ✅ 新闻抓取成功
[2026-07-20 04:50:51] 🚀 开始抓取新闻...
[2026-07-20 04:51:04] ✅ 新闻抓取成功
[2026-07-20 05:51:04] 🚀 开始抓取新闻...
[2026-07-20 05:51:17] ✅ 新闻抓取成功
[2026-07-20 06:51:17] 🚀 开始抓取新闻...
[2026-07-20 06:51:30] ✅ 新闻抓取成功
[2026-07-20 07:51:30] 🚀 开始抓取新闻...
[2026-07-20 07:51:43] ✅ 新闻抓取成功
[2026-07-20 08:51:43] 🚀 开始抓取新闻...
[2026-07-20 08:51:50] ✅ 新闻抓取成功
[2026-07-20 09:51:50] 🚀 开始抓取新闻...
[2026-07-20 09:51:56] ✅ 新闻抓取成功
[2026-07-20 10:51:56] 🚀 开始抓取新闻...
[2026-07-20 10:52:05] ✅ 新闻抓取成功
[2026-07-20 11:52:05] 🚀 开始抓取新闻...
[2026-07-20 11:52:15] ✅ 新闻抓取成功
[2026-07-20 12:52:15] 🚀 开始抓取新闻...
[2026-07-20 12:52:24] ✅ 新闻抓取成功
[2026-07-20 13:52:24] 🚀 开始抓取新闻...
[2026-07-20 13:52:29] ✅ 新闻抓取成功
[2026-07-20 14:52:29] 🚀 开始抓取新闻...
[2026-07-20 14:52:40] ✅ 新闻抓取成功
[2026-07-20 15:52:40] 🚀 开始抓取新闻...
[2026-07-20 15:52:49] ✅ 新闻抓取成功
[2026-07-20 16:52:49] 🚀 开始抓取新闻...
[2026-07-20 16:52:57] ✅ 新闻抓取成功
[2026-07-20 17:52:57] 🚀 开始抓取新闻...
[2026-07-20 17:53:09] ✅ 新闻抓取成功
[2026-07-20 18:53:09] 🚀 开始抓取新闻...
[2026-07-20 18:53:18] ✅ 新闻抓取成功
[2026-07-20 19:53:18] 🚀 开始抓取新闻...
[2026-07-20 19:53:24] ✅ 新闻抓取成功
[2026-07-20 20:53:24] 🚀 开始抓取新闻...
[2026-07-20 20:53:31] ✅ 新闻抓取成功
[2026-07-20 21:53:31] 🚀 开始抓取新闻...
[2026-07-20 21:53:40] ✅ 新闻抓取成功
[2026-07-20 22:53:40] 🚀 开始抓取新闻...
[2026-07-20 22:53:49] ✅ 新闻抓取成功
[2026-07-20 23:53:49] 🚀 开始抓取新闻...
[2026-07-20 23:53:59] ✅ 新闻抓取成功
[2026-07-21 00:53:59] 🚀 开始抓取新闻...
[2026-07-21 00:54:07] ✅ 新闻抓取成功
[2026-07-21 01:54:07] 🚀 开始抓取新闻...
[2026-07-21 01:54:20] ✅ 新闻抓取成功
[2026-07-21 02:54:20] 🚀 开始抓取新闻...
[2026-07-21 02:54:34] ✅ 新闻抓取成功
[2026-07-21 03:54:34] 🚀 开始抓取新闻...
[2026-07-21 03:54:48] ✅ 新闻抓取成功
[2026-07-21 04:54:48] 🚀 开始抓取新闻...
[2026-07-21 04:55:01] ✅ 新闻抓取成功
[2026-07-21 05:55:01] 🚀 开始抓取新闻...
[2026-07-21 05:55:15] ✅ 新闻抓取成功
[2026-07-21 06:55:15] 🚀 开始抓取新闻...
[2026-07-21 06:55:29] ✅ 新闻抓取成功
[2026-07-21 07:55:29] 🚀 开始抓取新闻...
[2026-07-21 07:55:36] ✅ 新闻抓取成功
[2026-07-21 08:55:36] 🚀 开始抓取新闻...
[2026-07-21 08:55:42] ✅ 新闻抓取成功
[2026-07-21 09:55:42] 🚀 开始抓取新闻...
[2026-07-21 09:55:47] ✅ 新闻抓取成功
[2026-07-21 10:55:47] 🚀 开始抓取新闻...
[2026-07-21 10:55:54] ✅ 新闻抓取成功
[2026-07-21 11:55:54] 🚀 开始抓取新闻...
[2026-07-21 11:56:03] ✅ 新闻抓取成功
[2026-07-21 12:56:03] 🚀 开始抓取新闻...
[2026-07-21 12:56:10] ✅ 新闻抓取成功
[2026-07-21 13:56:10] 🚀 开始抓取新闻...
[2026-07-21 13:56:21] ✅ 新闻抓取成功
[2026-07-21 14:56:21] 🚀 开始抓取新闻...
[2026-07-21 14:56:30] ✅ 新闻抓取成功
[2026-07-21 15:56:30] 🚀 开始抓取新闻...
[2026-07-21 15:56:39] ✅ 新闻抓取成功
[2026-07-21 16:56:39] 🚀 开始抓取新闻...
[2026-07-21 16:56:49] ✅ 新闻抓取成功
[2026-07-21 17:56:49] 🚀 开始抓取新闻...
[2026-07-21 17:57:01] ✅ 新闻抓取成功
[2026-07-21 18:57:01] 🚀 开始抓取新闻...
[2026-07-21 18:57:07] ✅ 新闻抓取成功
[2026-07-21 19:57:07] 🚀 开始抓取新闻...
[2026-07-21 19:57:15] ✅ 新闻抓取成功
[2026-07-21 20:57:15] 🚀 开始抓取新闻...
[2026-07-21 20:57:29] ✅ 新闻抓取成功
[2026-07-21 21:57:29] 🚀 开始抓取新闻...
[2026-07-21 21:57:44] ✅ 新闻抓取成功
[2026-07-21 22:57:44] 🚀 开始抓取新闻...
[2026-07-21 22:57:52] ✅ 新闻抓取成功
[2026-07-21 23:57:52] 🚀 开始抓取新闻...
[2026-07-21 23:58:06] ✅ 新闻抓取成功
[2026-07-22 00:58:06] 🚀 开始抓取新闻...
[2026-07-22 00:58:16] ✅ 新闻抓取成功
[2026-07-22 01:58:16] 🚀 开始抓取新闻...
[2026-07-22 01:58:21] ✅ 新闻抓取成功
[2026-07-22 02:58:21] 🚀 开始抓取新闻...
[2026-07-22 02:58:28] ✅ 新闻抓取成功
[2026-07-22 03:58:28] 🚀 开始抓取新闻...
[2026-07-22 03:58:36] ✅ 新闻抓取成功
[2026-07-22 04:58:36] 🚀 开始抓取新闻...
[2026-07-22 04:58:41] ✅ 新闻抓取成功
[2026-07-22 05:58:41] 🚀 开始抓取新闻...
[2026-07-22 05:58:49] ✅ 新闻抓取成功
[2026-07-22 06:58:49] 🚀 开始抓取新闻...
[2026-07-22 06:58:56] ✅ 新闻抓取成功
[2026-07-22 07:58:56] 🚀 开始抓取新闻...
[2026-07-22 07:59:03] ✅ 新闻抓取成功
[2026-07-22 08:59:03] 🚀 开始抓取新闻...
[2026-07-22 08:59:09] ✅ 新闻抓取成功
[2026-07-22 09:59:09] 🚀 开始抓取新闻...
[2026-07-22 09:59:18] ✅ 新闻抓取成功
[2026-07-22 10:59:18] 🚀 开始抓取新闻...
[2026-07-22 10:59:26] ✅ 新闻抓取成功
[2026-07-22 11:59:26] 🚀 开始抓取新闻...
[2026-07-22 11:59:54] ✅ 新闻抓取成功
[2026-07-22 12:59:54] 🚀 开始抓取新闻...
[2026-07-22 13:00:04] ✅ 新闻抓取成功
[2026-07-22 14:00:04] 🚀 开始抓取新闻...
[2026-07-22 14:00:16] ✅ 新闻抓取成功
[2026-07-22 15:00:16] 🚀 开始抓取新闻...
[2026-07-22 15:00:25] ✅ 新闻抓取成功
[2026-07-22 16:00:25] 🚀 开始抓取新闻...
[2026-07-22 16:00:42] ✅ 新闻抓取成功
[2026-07-22 17:00:42] 🚀 开始抓取新闻...
[2026-07-22 17:00:54] ✅ 新闻抓取成功
[2026-07-22 18:00:54] 🚀 开始抓取新闻...
[2026-07-22 18:01:02] ✅ 新闻抓取成功
[2026-07-22 19:01:02] 🚀 开始抓取新闻...
[2026-07-22 19:01:16] ✅ 新闻抓取成功
[2026-07-22 20:01:16] 🚀 开始抓取新闻...
[2026-07-22 20:01:25] ✅ 新闻抓取成功
[2026-07-22 21:01:25] 🚀 开始抓取新闻...
[2026-07-22 21:01:35] ✅ 新闻抓取成功
[2026-07-22 22:01:35] 🚀 开始抓取新闻...
[2026-07-22 22:01:45] ✅ 新闻抓取成功
[2026-07-22 23:01:45] 🚀 开始抓取新闻...
[2026-07-22 23:01:52] ✅ 新闻抓取成功
[2026-07-23 00:01:52] 🚀 开始抓取新闻...
[2026-07-23 00:02:05] ✅ 新闻抓取成功
[2026-07-23 01:02:05] 🚀 开始抓取新闻...
[2026-07-23 01:02:18] ✅ 新闻抓取成功
[2026-07-23 02:02:18] 🚀 开始抓取新闻...
[2026-07-23 02:02:33] ✅ 新闻抓取成功
[2026-07-23 03:02:33] 🚀 开始抓取新闻...
[2026-07-23 03:02:47] ✅ 新闻抓取成功
[2026-07-23 04:02:47] 🚀 开始抓取新闻...
[2026-07-23 04:03:02] ✅ 新闻抓取成功
[2026-07-23 05:03:02] 🚀 开始抓取新闻...
[2026-07-23 05:03:16] ✅ 新闻抓取成功
[2026-07-23 06:03:16] 🚀 开始抓取新闻...
[2026-07-23 06:03:32] ✅ 新闻抓取成功
[2026-07-23 07:03:32] 🚀 开始抓取新闻...
[2026-07-23 07:03:44] ✅ 新闻抓取成功
[2026-07-23 08:03:44] 🚀 开始抓取新闻...
[2026-07-23 08:03:51] ✅ 新闻抓取成功
[2026-07-23 09:03:51] 🚀 开始抓取新闻...
[2026-07-23 09:03:59] ✅ 新闻抓取成功
[2026-07-23 10:03:59] 🚀 开始抓取新闻...
[2026-07-23 10:04:05] ✅ 新闻抓取成功
[2026-07-23 11:04:05] 🚀 开始抓取新闻...
[2026-07-23 11:04:13] ✅ 新闻抓取成功
[2026-07-23 12:04:13] 🚀 开始抓取新闻...
[2026-07-23 12:04:21] ✅ 新闻抓取成功
[2026-07-23 13:04:21] 🚀 开始抓取新闻...
[2026-07-23 13:04:30] ✅ 新闻抓取成功
[2026-07-23 14:04:30] 🚀 开始抓取新闻...
[2026-07-23 14:04:40] ✅ 新闻抓取成功
[2026-07-23 15:04:40] 🚀 开始抓取新闻...
[2026-07-23 15:04:49] ✅ 新闻抓取成功
[2026-07-23 16:04:49] 🚀 开始抓取新闻...
[2026-07-23 16:05:00] ✅ 新闻抓取成功
[2026-07-23 17:05:00] 🚀 开始抓取新闻...
[2026-07-23 17:05:12] ✅ 新闻抓取成功
[2026-07-23 18:05:12] 🚀 开始抓取新闻...
[2026-07-23 18:05:25] ✅ 新闻抓取成功
[2026-07-23 19:05:25] 🚀 开始抓取新闻...
[2026-07-23 19:05:32] ✅ 新闻抓取成功
[2026-07-23 20:05:32] 🚀 开始抓取新闻...
[2026-07-23 20:05:43] ✅ 新闻抓取成功
[2026-07-23 21:05:43] 🚀 开始抓取新闻...
[2026-07-23 21:05:53] ✅ 新闻抓取成功
[2026-07-23 22:05:53] 🚀 开始抓取新闻...
[2026-07-23 22:06:14] ✅ 新闻抓取成功
[2026-07-23 23:06:15] 🚀 开始抓取新闻...
[2026-07-23 23:06:35] ✅ 新闻抓取成功
[2026-07-24 00:06:35] 🚀 开始抓取新闻...
[2026-07-24 00:06:54] ✅ 新闻抓取成功
[2026-07-24 01:06:54] 🚀 开始抓取新闻...
[2026-07-24 01:07:08] ✅ 新闻抓取成功
[2026-07-24 02:07:08] 🚀 开始抓取新闻...
[2026-07-24 02:07:22] ✅ 新闻抓取成功
[2026-07-24 03:07:22] 🚀 开始抓取新闻...
[2026-07-24 03:07:35] ✅ 新闻抓取成功
[2026-07-24 04:07:35] 🚀 开始抓取新闻...
[2026-07-24 04:07:50] ✅ 新闻抓取成功
[2026-07-24 05:07:50] 🚀 开始抓取新闻...
[2026-07-24 05:08:04] ✅ 新闻抓取成功
[2026-07-24 06:08:04] 🚀 开始抓取新闻...
[2026-07-24 06:08:18] ✅ 新闻抓取成功
[2026-07-24 07:08:18] 🚀 开始抓取新闻...
[2026-07-24 07:08:32] ✅ 新闻抓取成功
[2026-07-24 08:08:32] 🚀 开始抓取新闻...
[2026-07-24 08:08:45] ✅ 新闻抓取成功
[2026-07-24 09:08:45] 🚀 开始抓取新闻...
[2026-07-24 09:08:50] ✅ 新闻抓取成功
[2026-07-24 10:08:50] 🚀 开始抓取新闻...
[2026-07-24 10:08:56] ✅ 新闻抓取成功
[2026-07-24 11:08:56] 🚀 开始抓取新闻...
[2026-07-24 11:09:03] ✅ 新闻抓取成功
[2026-07-24 12:09:03] 🚀 开始抓取新闻...
[2026-07-24 12:09:11] ✅ 新闻抓取成功
[2026-07-24 13:09:11] 🚀 开始抓取新闻...
[2026-07-24 13:09:17] ✅ 新闻抓取成功
[2026-07-24 14:09:17] 🚀 开始抓取新闻...
[2026-07-24 14:09:27] ✅ 新闻抓取成功
[2026-07-24 15:09:27] 🚀 开始抓取新闻...
[2026-07-24 15:09:35] ✅ 新闻抓取成功
[2026-07-24 16:09:35] 🚀 开始抓取新闻...
[2026-07-24 16:09:44] ✅ 新闻抓取成功
[2026-07-24 17:09:44] 🚀 开始抓取新闻...
[2026-07-24 17:09:57] ✅ 新闻抓取成功
[2026-07-24 18:09:57] 🚀 开始抓取新闻...
[2026-07-24 18:10:04] ✅ 新闻抓取成功
[2026-07-24 19:10:04] 🚀 开始抓取新闻...
[2026-07-24 19:10:21] ✅ 新闻抓取成功
[2026-07-24 20:10:21] 🚀 开始抓取新闻...
[2026-07-24 20:10:29] ✅ 新闻抓取成功
[2026-07-24 21:10:29] 🚀 开始抓取新闻...
[2026-07-24 21:10:40] ✅ 新闻抓取成功
[2026-07-24 22:10:40] 🚀 开始抓取新闻...
[2026-07-24 22:10:58] ✅ 新闻抓取成功
[2026-07-24 23:10:58] 🚀 开始抓取新闻...
[2026-07-24 23:11:07] ✅ 新闻抓取成功
[2026-07-25 00:11:07] 🚀 开始抓取新闻...
[2026-07-25 00:11:22] ✅ 新闻抓取成功
[2026-07-25 01:11:22] 🚀 开始抓取新闻...
[2026-07-25 01:11:38] ✅ 新闻抓取成功
[2026-07-25 02:11:38] 🚀 开始抓取新闻...
[2026-07-25 02:11:53] ✅ 新闻抓取成功
[2026-07-25 03:11:53] 🚀 开始抓取新闻...
[2026-07-25 03:12:07] ✅ 新闻抓取成功
[2026-07-25 04:12:07] 🚀 开始抓取新闻...
[2026-07-25 04:12:20] ✅ 新闻抓取成功
[2026-07-25 05:12:20] 🚀 开始抓取新闻...
[2026-07-25 05:12:34] ✅ 新闻抓取成功
[2026-07-25 06:12:34] 🚀 开始抓取新闻...
[2026-07-25 06:12:48] ✅ 新闻抓取成功
[2026-07-25 07:12:48] 🚀 开始抓取新闻...
[2026-07-25 07:13:02] ✅ 新闻抓取成功
[2026-07-25 08:13:02] 🚀 开始抓取新闻...
[2026-07-25 08:13:09] ✅ 新闻抓取成功
[2026-07-25 09:13:09] 🚀 开始抓取新闻...
[2026-07-25 09:13:15] ✅ 新闻抓取成功
[2026-07-25 10:13:15] 🚀 开始抓取新闻...
[2026-07-25 10:13:19] ✅ 新闻抓取成功
[2026-07-25 11:13:20] 🚀 开始抓取新闻...
[2026-07-25 11:13:27] ✅ 新闻抓取成功
[2026-07-25 12:13:27] 🚀 开始抓取新闻...
[2026-07-25 12:13:33] ✅ 新闻抓取成功
[2026-07-25 13:13:33] 🚀 开始抓取新闻...
[2026-07-25 13:13:44] ✅ 新闻抓取成功
[2026-07-25 14:13:44] 🚀 开始抓取新闻...
[2026-07-25 14:13:56] ✅ 新闻抓取成功
[2026-07-25 15:13:56] 🚀 开始抓取新闻...
[2026-07-25 15:14:03] ✅ 新闻抓取成功
[2026-07-25 16:14:03] 🚀 开始抓取新闻...
[2026-07-25 16:14:13] ✅ 新闻抓取成功
[2026-07-25 17:14:13] 🚀 开始抓取新闻...
[2026-07-25 17:14:21] ✅ 新闻抓取成功
[2026-07-25 18:14:21] 🚀 开始抓取新闻...
[2026-07-25 18:14:29] ✅ 新闻抓取成功
[2026-07-25 19:14:29] 🚀 开始抓取新闻...
[2026-07-25 19:14:35] ✅ 新闻抓取成功
[2026-07-25 20:14:35] 🚀 开始抓取新闻...
[2026-07-25 20:14:44] ✅ 新闻抓取成功
[2026-07-25 21:14:44] 🚀 开始抓取新闻...
[2026-07-25 21:14:58] ✅ 新闻抓取成功
[2026-07-25 22:14:58] 🚀 开始抓取新闻...
[2026-07-25 22:15:10] ✅ 新闻抓取成功
[2026-07-25 23:15:10] 🚀 开始抓取新闻...
[2026-07-25 23:15:24] ✅ 新闻抓取成功
[2026-07-26 00:15:24] 🚀 开始抓取新闻...
[2026-07-26 00:15:39] ✅ 新闻抓取成功
[2026-07-26 01:15:39] 🚀 开始抓取新闻...
[2026-07-26 01:15:53] ✅ 新闻抓取成功
[2026-07-26 02:15:53] 🚀 开始抓取新闻...
[2026-07-26 02:16:07] ✅ 新闻抓取成功
[2026-07-26 03:16:07] 🚀 开始抓取新闻...
[2026-07-26 03:16:21] ✅ 新闻抓取成功
[2026-07-26 04:16:21] 🚀 开始抓取新闻...
[2026-07-26 04:16:35] ✅ 新闻抓取成功
[2026-07-26 05:16:35] 🚀 开始抓取新闻...
[2026-07-26 05:16:49] ✅ 新闻抓取成功
[2026-07-26 06:16:49] 🚀 开始抓取新闻...
[2026-07-26 06:17:02] ✅ 新闻抓取成功
[2026-07-26 07:17:02] 🚀 开始抓取新闻...
[2026-07-26 07:17:14] ✅ 新闻抓取成功
[2026-07-26 08:17:14] 🚀 开始抓取新闻...
[2026-07-26 08:17:23] ✅ 新闻抓取成功
[2026-07-26 09:17:23] 🚀 开始抓取新闻...
[2026-07-26 09:17:31] ✅ 新闻抓取成功
[2026-07-26 10:17:31] 🚀 开始抓取新闻...
[2026-07-26 10:17:40] ✅ 新闻抓取成功
[2026-07-26 11:17:40] 🚀 开始抓取新闻...
[2026-07-26 11:17:47] ✅ 新闻抓取成功
[2026-07-26 12:17:47] 🚀 开始抓取新闻...
[2026-07-26 12:17:55] ✅ 新闻抓取成功
[2026-07-26 13:17:55] 🚀 开始抓取新闻...
[2026-07-26 13:18:04] ✅ 新闻抓取成功
[2026-07-26 14:18:04] 🚀 开始抓取新闻...
[2026-07-26 14:18:11] ✅ 新闻抓取成功
[2026-07-26 15:18:11] 🚀 开始抓取新闻...
[2026-07-26 15:18:22] ✅ 新闻抓取成功
[2026-07-26 16:18:22] 🚀 开始抓取新闻...
[2026-07-26 16:18:32] ✅ 新闻抓取成功
[2026-07-26 17:18:32] 🚀 开始抓取新闻...
[2026-07-26 17:18:42] ✅ 新闻抓取成功
[2026-07-26 18:18:42] 🚀 开始抓取新闻...
[2026-07-26 18:18:49] ✅ 新闻抓取成功
[2026-07-26 19:18:49] 🚀 开始抓取新闻...
[2026-07-26 19:19:03] ✅ 新闻抓取成功
[2026-07-26 20:19:03] 🚀 开始抓取新闻...
[2026-07-26 20:19:10] ✅ 新闻抓取成功
[2026-07-26 21:19:10] 🚀 开始抓取新闻...
[2026-07-26 21:19:16] ✅ 新闻抓取成功
[2026-07-26 22:19:16] 🚀 开始抓取新闻...
[2026-07-26 22:19:26] ✅ 新闻抓取成功
[2026-07-26 23:19:26] 🚀 开始抓取新闻...
[2026-07-26 23:19:34] ✅ 新闻抓取成功
[2026-07-27 00:19:34] 🚀 开始抓取新闻...
[2026-07-27 00:19:49] ✅ 新闻抓取成功
[2026-07-27 01:19:49] 🚀 开始抓取新闻...
[2026-07-27 01:20:03] ✅ 新闻抓取成功
[2026-07-27 02:20:03] 🚀 开始抓取新闻...
[2026-07-27 02:20:17] ✅ 新闻抓取成功
[2026-07-27 03:20:17] 🚀 开始抓取新闻...
[2026-07-27 03:20:32] ✅ 新闻抓取成功
[2026-07-27 04:20:32] 🚀 开始抓取新闻...
[2026-07-27 04:20:45] ✅ 新闻抓取成功
[2026-07-27 05:20:45] 🚀 开始抓取新闻...
[2026-07-27 05:20:59] ✅ 新闻抓取成功
[2026-07-27 06:20:59] 🚀 开始抓取新闻...
[2026-07-27 06:21:13] ✅ 新闻抓取成功
[2026-07-27 07:21:13] 🚀 开始抓取新闻...
[2026-07-27 07:21:27] ✅ 新闻抓取成功
[2026-07-27 08:21:27] 🚀 开始抓取新闻...
[2026-07-27 08:21:32] ✅ 新闻抓取成功
[2026-07-27 09:21:32] 🚀 开始抓取新闻...
[2026-07-27 09:21:41] ✅ 新闻抓取成功
[2026-07-27 10:21:41] 🚀 开始抓取新闻...
[2026-07-27 10:21:49] ✅ 新闻抓取成功
[2026-07-27 11:21:49] 🚀 开始抓取新闻...
[2026-07-27 11:21:56] ✅ 新闻抓取成功
[2026-07-27 12:21:56] 🚀 开始抓取新闻...
[2026-07-27 12:22:01] ✅ 新闻抓取成功
[2026-07-27 13:22:01] 🚀 开始抓取新闻...
[2026-07-27 13:22:13] ✅ 新闻抓取成功
[2026-07-27 14:22:13] 🚀 开始抓取新闻...
[2026-07-27 14:22:22] ✅ 新闻抓取成功
[2026-07-27 15:22:22] 🚀 开始抓取新闻...
[2026-07-27 15:22:32] ✅ 新闻抓取成功
[2026-07-27 16:22:32] 🚀 开始抓取新闻...
[2026-07-27 16:22:41] ✅ 新闻抓取成功
[2026-07-27 17:22:41] 🚀 开始抓取新闻...
[2026-07-27 17:22:50] ✅ 新闻抓取成功
[2026-07-27 18:22:50] 🚀 开始抓取新闻...
[2026-07-27 18:22:56] ✅ 新闻抓取成功
[2026-07-27 19:22:56] 🚀 开始抓取新闻...
[2026-07-27 19:23:02] ✅ 新闻抓取成功
[2026-07-27 20:23:02] 🚀 开始抓取新闻...
[2026-07-27 20:23:16] ✅ 新闻抓取成功
[2026-07-27 21:23:16] 🚀 开始抓取新闻...
[2026-07-27 21:23:27] ✅ 新闻抓取成功
[2026-07-27 22:23:27] 🚀 开始抓取新闻...
[2026-07-27 22:23:36] ✅ 新闻抓取成功
[2026-07-27 23:23:36] 🚀 开始抓取新闻...
[2026-07-27 23:23:49] ✅ 新闻抓取成功
[2026-07-28 00:23:49] 🚀 开始抓取新闻...
[2026-07-28 00:24:03] ✅ 新闻抓取成功
[2026-07-28 01:24:03] 🚀 开始抓取新闻...
[2026-07-28 01:24:18] ✅ 新闻抓取成功
[2026-07-28 02:24:18] 🚀 开始抓取新闻...
[2026-07-28 02:24:32] ✅ 新闻抓取成功
[2026-07-28 03:24:32] 🚀 开始抓取新闻...
[2026-07-28 03:24:48] ✅ 新闻抓取成功
[2026-07-28 04:24:48] 🚀 开始抓取新闻...
[2026-07-28 04:25:02] ✅ 新闻抓取成功
[2026-07-28 05:25:02] 🚀 开始抓取新闻...
[2026-07-28 05:25:16] ✅ 新闻抓取成功
[2026-07-28 06:25:16] 🚀 开始抓取新闻...
[2026-07-28 06:25:29] ✅ 新闻抓取成功
[2026-07-28 07:25:29] 🚀 开始抓取新闻...
[2026-07-28 07:25:36] ✅ 新闻抓取成功
[2026-07-28 08:25:36] 🚀 开始抓取新闻...
[2026-07-28 08:25:41] ✅ 新闻抓取成功
[2026-07-28 09:25:41] 🚀 开始抓取新闻...
[2026-07-28 09:25:47] ✅ 新闻抓取成功
[2026-07-28 10:25:47] 🚀 开始抓取新闻...
[2026-07-28 10:25:56] ✅ 新闻抓取成功
[2026-07-28 11:25:56] 🚀 开始抓取新闻...
[2026-07-28 11:26:02] ✅ 新闻抓取成功
[2026-07-28 12:26:02] 🚀 开始抓取新闻...
[2026-07-28 12:26:09] ✅ 新闻抓取成功
[2026-07-28 13:26:09] 🚀 开始抓取新闻...
[2026-07-28 13:26:19] ✅ 新闻抓取成功
[2026-07-28 14:26:19] 🚀 开始抓取新闻...
[2026-07-28 14:26:29] ✅ 新闻抓取成功
[2026-07-28 15:26:29] 🚀 开始抓取新闻...
[2026-07-28 15:26:35] ✅ 新闻抓取成功
[2026-07-28 16:26:35] 🚀 开始抓取新闻...
[2026-07-28 16:26:43] ✅ 新闻抓取成功
[2026-07-28 17:26:43] 🚀 开始抓取新闻...
[2026-07-28 17:26:54] ✅ 新闻抓取成功
[2026-07-28 18:26:54] 🚀 开始抓取新闻...
[2026-07-28 18:27:00] ✅ 新闻抓取成功
[2026-07-28 19:27:00] 🚀 开始抓取新闻...
[2026-07-28 19:27:25] ✅ 新闻抓取成功
[2026-07-28 20:27:25] 🚀 开始抓取新闻...
[2026-07-28 20:27:34] ✅ 新闻抓取成功
[2026-07-28 21:27:34] 🚀 开始抓取新闻...
[2026-07-28 21:27:41] ✅ 新闻抓取成功
[2026-07-28 22:27:41] 🚀 开始抓取新闻...
[2026-07-28 22:27:49] ✅ 新闻抓取成功
[2026-07-28 23:27:49] 🚀 开始抓取新闻...
[2026-07-28 23:27:58] ✅ 新闻抓取成功
[2026-07-29 00:27:58] 🚀 开始抓取新闻...
[2026-07-29 00:28:11] ✅ 新闻抓取成功
[2026-07-29 01:28:11] 🚀 开始抓取新闻...
[2026-07-29 01:28:26] ✅ 新闻抓取成功
[2026-07-29 02:28:26] 🚀 开始抓取新闻...
[2026-07-29 02:28:40] ✅ 新闻抓取成功
[2026-07-29 03:28:40] 🚀 开始抓取新闻...
[2026-07-29 03:28:54] ✅ 新闻抓取成功
[2026-07-29 04:28:54] 🚀 开始抓取新闻...
[2026-07-29 04:29:09] ✅ 新闻抓取成功
[2026-07-29 05:29:09] 🚀 开始抓取新闻...
[2026-07-29 05:29:23] ✅ 新闻抓取成功
[2026-07-29 06:29:23] 🚀 开始抓取新闻...
[2026-07-29 06:29:37] ✅ 新闻抓取成功
[2026-07-29 07:29:37] 🚀 开始抓取新闻...
[2026-07-29 07:29:41] ✅ 新闻抓取成功
[2026-07-29 08:29:41] 🚀 开始抓取新闻...
[2026-07-29 08:29:46] ✅ 新闻抓取成功
[2026-07-29 09:29:46] 🚀 开始抓取新闻...
[2026-07-29 09:29:53] ✅ 新闻抓取成功
[2026-07-29 10:29:53] 🚀 开始抓取新闻...
[2026-07-29 10:30:06] ✅ 新闻抓取成功
[2026-07-29 11:30:06] 🚀 开始抓取新闻...
[2026-07-29 11:30:18] ✅ 新闻抓取成功
[2026-07-29 12:30:18] 🚀 开始抓取新闻...
[2026-07-29 12:30:28] ✅ 新闻抓取成功
[2026-07-29 13:30:28] 🚀 开始抓取新闻...
[2026-07-29 13:30:38] ✅ 新闻抓取成功
[2026-07-29 14:30:38] 🚀 开始抓取新闻...
[2026-07-29 14:30:58] ✅ 新闻抓取成功
[2026-07-29 15:30:58] 🚀 开始抓取新闻...
[2026-07-29 15:31:18] ✅ 新闻抓取成功
[2026-07-29 16:31:18] 🚀 开始抓取新闻...
[2026-07-29 16:31:38] ✅ 新闻抓取成功
[2026-07-29 17:31:38] 🚀 开始抓取新闻...
[2026-07-29 17:31:58] ✅ 新闻抓取成功
[2026-07-29 18:31:58] 🚀 开始抓取新闻...
[2026-07-29 18:32:18] ✅ 新闻抓取成功
[2026-07-29 19:32:18] 🚀 开始抓取新闻...
[2026-07-29 19:32:38] ✅ 新闻抓取成功
[2026-07-29 20:32:38] 🚀 开始抓取新闻...
[2026-07-29 20:32:58] ✅ 新闻抓取成功
[2026-07-29 21:32:59] 🚀 开始抓取新闻...
[2026-07-29 21:33:18] ✅ 新闻抓取成功
[2026-07-29 22:33:18] 🚀 开始抓取新闻...
[2026-07-29 22:33:38] ✅ 新闻抓取成功
[2026-07-29 23:33:38] 🚀 开始抓取新闻...
[2026-07-29 23:33:58] ✅ 新闻抓取成功
[2026-07-30 00:33:59] 🚀 开始抓取新闻...
[2026-07-30 00:34:18] ✅ 新闻抓取成功
[2026-07-30 01:34:18] 🚀 开始抓取新闻...
[2026-07-30 01:34:38] ✅ 新闻抓取成功
[2026-07-30 02:34:38] 🚀 开始抓取新闻...
[2026-07-30 02:34:58] ✅ 新闻抓取成功
[2026-07-30 03:34:58] 🚀 开始抓取新闻...
[2026-07-30 03:35:18] ✅ 新闻抓取成功
[2026-07-30 04:35:18] 🚀 开始抓取新闻...
[2026-07-30 04:35:31] ✅ 新闻抓取成功
[2026-07-30 05:35:31] 🚀 开始抓取新闻...
[2026-07-30 05:35:45] ✅ 新闻抓取成功
[2026-07-30 06:35:45] 🚀 开始抓取新闻...
[2026-07-30 06:36:00] ✅ 新闻抓取成功
[2026-07-30 07:36:00] 🚀 开始抓取新闻...
[2026-07-30 07:36:15] ✅ 新闻抓取成功
[2026-07-30 08:36:15] 🚀 开始抓取新闻...
[2026-07-30 08:36:30] ✅ 新闻抓取成功
[2026-07-30 09:36:30] 🚀 开始抓取新闻...
[2026-07-30 09:36:44] ✅ 新闻抓取成功
[2026-07-30 10:36:45] 🚀 开始抓取新闻...
[2026-07-30 10:36:59] ✅ 新闻抓取成功
[2026-07-30 11:36:59] 🚀 开始抓取新闻...
[2026-07-30 11:37:13] ✅ 新闻抓取成功
[2026-07-30 12:37:13] 🚀 开始抓取新闻...
[2026-07-30 12:37:28] ✅ 新闻抓取成功
[2026-07-30 13:37:28] 🚀 开始抓取新闻...
[2026-07-30 13:37:42] ✅ 新闻抓取成功
[2026-07-30 14:37:42] 🚀 开始抓取新闻...
[2026-07-30 14:37:57] ✅ 新闻抓取成功
[2026-07-30 15:37:57] 🚀 开始抓取新闻...
[2026-07-30 15:38:13] ✅ 新闻抓取成功
[2026-07-30 16:38:13] 🚀 开始抓取新闻...
[2026-07-30 16:38:27] ✅ 新闻抓取成功
[2026-07-30 17:38:27] 🚀 开始抓取新闻...
[2026-07-30 17:38:43] ✅ 新闻抓取成功
[2026-07-30 18:38:43] 🚀 开始抓取新闻...
[2026-07-30 18:38:59] ✅ 新闻抓取成功
[2026-07-30 19:38:59] 🚀 开始抓取新闻...
[2026-07-30 19:39:12] ✅ 新闻抓取成功
[2026-07-30 20:39:12] 🚀 开始抓取新闻...
[2026-07-30 20:39:28] ✅ 新闻抓取成功
[2026-07-30 21:39:28] 🚀 开始抓取新闻...
[2026-07-30 21:39:42] ✅ 新闻抓取成功
[2026-07-30 22:39:42] 🚀 开始抓取新闻...
[2026-07-30 22:39:56] ✅ 新闻抓取成功
[2026-07-30 23:39:57] 🚀 开始抓取新闻...
[2026-07-30 23:40:13] ✅ 新闻抓取成功
[2026-07-31 00:40:13] 🚀 开始抓取新闻...
[2026-07-31 00:40:26] ✅ 新闻抓取成功
[2026-07-31 01:40:26] 🚀 开始抓取新闻...
[2026-07-31 01:40:38] ✅ 新闻抓取成功
[2026-07-31 02:40:39] 🚀 开始抓取新闻...
[2026-07-31 02:40:53] ✅ 新闻抓取成功
[2026-07-31 03:40:53] 🚀 开始抓取新闻...
[2026-07-31 03:41:08] ✅ 新闻抓取成功
[2026-07-31 04:41:10] 🚀 开始抓取新闻...
[2026-07-31 04:41:26] ✅ 新闻抓取成功
[2026-07-31 05:41:26] 🚀 开始抓取新闻...
[2026-07-31 05:41:40] ✅ 新闻抓取成功
[2026-07-31 06:41:40] 🚀 开始抓取新闻...
[2026-07-31 06:41:55] ✅ 新闻抓取成功
[2026-07-31 07:41:55] 🚀 开始抓取新闻...
[2026-07-31 07:42:09] ✅ 新闻抓取成功
[2026-07-31 08:42:09] 🚀 开始抓取新闻...
[2026-07-31 08:42:15] ✅ 新闻抓取成功
[2026-07-31 09:42:15] 🚀 开始抓取新闻...
[2026-07-31 09:42:20] ✅ 新闻抓取成功
[2026-07-31 10:42:20] 🚀 开始抓取新闻...
[2026-07-31 10:42:29] ✅ 新闻抓取成功
[2026-07-31 11:42:29] 🚀 开始抓取新闻...
[2026-07-31 11:42:36] ✅ 新闻抓取成功
[2026-07-31 12:42:36] 🚀 开始抓取新闻...
[2026-07-31 12:42:45] ✅ 新闻抓取成功
[2026-07-31 13:42:45] 🚀 开始抓取新闻...
[2026-07-31 13:42:53] ✅ 新闻抓取成功
[2026-07-31 14:42:53] 🚀 开始抓取新闻...
[2026-07-31 14:43:03] ✅ 新闻抓取成功
[2026-07-31 15:43:03] 🚀 开始抓取新闻...
[2026-07-31 15:43:15] ✅ 新闻抓取成功
[2026-07-31 16:43:15] 🚀 开始抓取新闻...
[2026-07-31 16:43:25] ✅ 新闻抓取成功
[2026-07-31 17:43:25] 🚀 开始抓取新闻...
[2026-07-31 17:43:33] ✅ 新闻抓取成功
[2026-07-31 18:43:33] 🚀 开始抓取新闻...
[2026-07-31 18:43:42] ✅ 新闻抓取成功
[2026-07-31 19:43:42] 🚀 开始抓取新闻...
[2026-07-31 19:43:52] ✅ 新闻抓取成功
[2026-07-31 20:43:52] 🚀 开始抓取新闻...
[2026-07-31 20:44:01] ✅ 新闻抓取成功
[2026-07-31 21:44:01] 🚀 开始抓取新闻...
[2026-07-31 21:44:11] ✅ 新闻抓取成功
[2026-07-31 22:44:11] 🚀 开始抓取新闻...
[2026-07-31 22:44:24] ✅ 新闻抓取成功
[2026-07-31 23:44:24] 🚀 开始抓取新闻...
[2026-07-31 23:44:36] ✅ 新闻抓取成功
[2026-08-01 00:44:36] 🚀 开始抓取新闻...
[2026-08-01 00:44:51] ✅ 新闻抓取成功
[2026-08-03 01:37:56] ============================================================
[2026-08-03 01:37:56] 📰 新闻抓取守护进程启动
[2026-08-03 01:37:56] 抓取间隔：3600秒 (1 小时)
[2026-08-03 01:37:56] ============================================================
[2026-08-03 01:37:56] 🚀 开始抓取新闻...
[2026-08-03 01:38:02] ✅ 新闻抓取成功
[2026-08-03 02:38:02] 🚀 开始抓取新闻...
[2026-08-03 02:38:10] ✅ 新闻抓取成功
[2026-08-03 03:38:10] 🚀 开始抓取新闻...
[2026-08-03 03:38:17] ✅ 新闻抓取成功
[2026-08-03 04:38:17] 🚀 开始抓取新闻...
[2026-08-03 04:38:24] ✅ 新闻抓取成功
[2026-08-03 05:38:25] 🚀 开始抓取新闻...
[2026-08-03 05:38:29] ✅ 新闻抓取成功
[2026-08-03 06:38:29] 🚀 开始抓取新闻...
[2026-08-03 06:38:37] ✅ 新闻抓取成功
[2026-08-03 07:38:37] 🚀 开始抓取新闻...
[2026-08-03 07:38:41] ✅ 新闻抓取成功
[2026-08-03 08:38:41] 🚀 开始抓取新闻...
[2026-08-03 08:38:45] ✅ 新闻抓取成功
[2026-08-03 09:38:45] 🚀 开始抓取新闻...
[2026-08-03 09:38:52] ✅ 新闻抓取成功
[2026-08-03 10:38:52] 🚀 开始抓取新闻...
[2026-08-03 10:38:58] ✅ 新闻抓取成功
[2026-08-03 11:15:59] ============================================================
[2026-08-03 11:15:59] 📰 新闻抓取守护进程启动
[2026-08-03 11:15:59] 抓取间隔：3600秒 (1 小时)
[2026-08-03 11:15:59] ============================================================
[2026-08-03 11:15:59] 🚀 开始抓取新闻...
[2026-08-03 11:16:04] ✅ 新闻抓取成功
[2026-08-03 11:18:35] ============================================================
[2026-08-03 11:18:35] 📰 新闻抓取守护进程启动
[2026-08-03 11:18:35] 抓取间隔：3600秒 (1 小时)
[2026-08-03 11:18:35] ============================================================
[2026-08-03 11:18:35] 🚀 开始抓取新闻...
[2026-08-03 11:18:39] ✅ 新闻抓取成功
[2026-08-03 11:31:17] ============================================================
[2026-08-03 11:31:17] 📰 新闻抓取守护进程启动
[2026-08-03 11:31:17] 抓取间隔：3600秒 (1 小时)
[2026-08-03 11:31:17] ============================================================
[2026-08-03 11:31:17] 🚀 开始抓取新闻...
[2026-08-03 11:31:22] ✅ 新闻抓取成功
[2026-08-03 12:31:23] 🚀 开始抓取新闻...
[2026-08-03 12:31:27] ✅ 新闻抓取成功
[2026-08-03 13:31:27] 🚀 开始抓取新闻...
[2026-08-03 13:31:33] ✅ 新闻抓取成功
[2026-08-03 14:31:34] 🚀 开始抓取新闻...
[2026-08-03 14:31:38] ✅ 新闻抓取成功
[2026-08-03 14:51:47] ============================================================
[2026-08-03 14:51:47] 📰 新闻抓取守护进程启动
[2026-08-03 14:51:47] 抓取间隔：3600秒 (1 小时)
[2026-08-03 14:51:47] ============================================================
[2026-08-03 14:51:47] 🚀 开始抓取新闻...
[2026-08-03 14:51:52] ✅ 新闻抓取成功
[2026-08-03 15:02:22] ============================================================
[2026-08-03 15:02:22] 📰 新闻抓取守护进程启动
[2026-08-03 15:02:22] 抓取间隔：3600秒 (1 小时)
[2026-08-03 15:02:22] ============================================================
[2026-08-03 15:02:22] 🚀 开始抓取新闻...
[2026-08-03 15:02:28] ✅ 新闻抓取成功
