2026-05-24 23:38:01,198 [WARNING] K 线重试 2/5 SOL: HTTPSConnectionPool(host='testnet.binancefuture.com', port=443): Max retries exceeded with url: /fapi/v1/klines?symbol=SOLUSDT&interval=1h&limit=60 (Caused by SSLError(SSLEOFError(8, '[SSL: UNEXPECTED_EOF_WHILE_READING] EOF occurred in violation of protocol (_ssl.c:1033)')))
2026-05-24 23:38:01,904 [WARNING] K 线重试 3/5 SOL: HTTPSConnectionPool(host='testnet.binancefuture.com', port=443): Max retries exceeded with url: /fapi/v1/klines?symbol=SOLUSDT&interval=1h&limit=60 (Caused by SSLError(SSLEOFError(8, '[SSL: UNEXPECTED_EOF_WHILE_READING] EOF occurred in violation of protocol (_ssl.c:1033)')))
2026-05-24 23:38:02,439 [WARNING] K 线重试 4/5 SOL: HTTPSConnectionPool(host='testnet.binancefuture.com', port=443): Max retries exceeded with url: /fapi/v1/klines?symbol=SOLUSDT&interval=1h&limit=60 (Caused by SSLError(SSLEOFError(8, '[SSL: UNEXPECTED_EOF_WHILE_READING] EOF occurred in violation of protocol (_ssl.c:1033)')))
2026-05-24 23:38:03,684 [ERROR] K 线失败 SOL (5 次重试耗尽): HTTPSConnectionPool(host='testnet.binancefuture.com', port=443): Max retries exceeded with url: /fapi/v1/klines?symbol=SOLUSDT&interval=1h&limit=60 (Caused by SSLError(SSLEOFError(8, '[SSL: UNEXPECTED_EOF_WHILE_READING] EOF occurred in violation of protocol (_ssl.c:1033)')))
2026-05-24 23:38:04,074 [WARNING] 24hr Ticker failed SOL: HTTPSConnectionPool(host='testnet.binancefuture.com', port=443): Max retries exceeded with url: /fapi/v1/ticker/24hr?symbol=SOLUSDT (Caused by SSLError(SSLEOFError(8, '[SSL: UNEXPECTED_EOF_WHILE_READING] EOF occurred in violation of protocol (_ssl.c:1033)')))
2026-05-24 23:38:04,075 [ERROR] 24h klines failed all fallbacks SOL
2026-05-24 23:38:05,476 [WARNING] K 线重试 1/5 BNB: HTTPSConnectionPool(host='testnet.binancefuture.com', port=443): Max retries exceeded with url: /fapi/v1/klines?symbol=BNBUSDT&interval=15m&limit=100 (Caused by SSLError(SSLEOFError(8, '[SSL: UNEXPECTED_EOF_WHILE_READING] EOF occurred in violation of protocol (_ssl.c:1033)')))
2026-05-24 23:38:05,789 [WARNING] K 线重试 2/5 BNB: HTTPSConnectionPool(host='testnet.binancefuture.com', port=443): Max retries exceeded with url: /fapi/v1/klines?symbol=BNBUSDT&interval=15m&limit=100 (Caused by SSLError(SSLEOFError(8, '[SSL: UNEXPECTED_EOF_WHILE_READING] EOF occurred in violation of protocol (_ssl.c:1033)')))
2026-05-24 23:38:06,665 [WARNING] K 线重试 3/5 BNB: HTTPSConnectionPool(host='testnet.binancefuture.com', port=443): Max retries exceeded with url: /fapi/v1/klines?symbol=BNBUSDT&interval=15m&limit=100 (Caused by SSLError(SSLEOFError(8, '[SSL: UNEXPECTED_EOF_WHILE_READING] EOF occurred in violation of protocol (_ssl.c:1033)')))
2026-05-24 23:38:07,221 [WARNING] K 线重试 4/5 BNB: HTTPSConnectionPool(host='testnet.binancefuture.com', port=443): Max retries exceeded with url: /fapi/v1/klines?symbol=BNBUSDT&interval=15m&limit=100 (Caused by SSLError(SSLEOFError(8, '[SSL: UNEXPECTED_EOF_WHILE_READING] EOF occurred in violation of protocol (_ssl.c:1033)')))
2026-05-24 23:38:18,109 [ERROR] K 线失败 BNB (5 次重试耗尽): ('Connection aborted.', ConnectionResetError(104, 'Connection reset by peer'))
2026-05-24 23:38:23,163 [WARNING] K 线重试 1/5 BNB: HTTPSConnectionPool(host='testnet.binancefuture.com', port=443): Max retries exceeded with url: /fapi/v1/klines?symbol=BNBUSDT&interval=1h&limit=60 (Caused by SSLError(SSLEOFError(8, '[SSL: UNEXPECTED_EOF_WHILE_READING] EOF occurred in violation of protocol (_ssl.c:1033)')))
2026-05-24 23:38:26,741 [WARNING] K 线重试 2/5 BNB: HTTPSConnectionPool(host='testnet.binancefuture.com', port=443): Max retries exceeded with url: /fapi/v1/klines?symbol=BNBUSDT&interval=1h&limit=60 (Caused by SSLError(SSLEOFError(8, '[SSL: UNEXPECTED_EOF_WHILE_READING] EOF occurred in violation of protocol (_ssl.c:1033)')))
2026-05-24 23:38:26,960 [WARNING] K 线重试 3/5 BNB: HTTPSConnectionPool(host='testnet.binancefuture.com', port=443): Max retries exceeded with url: /fapi/v1/klines?symbol=BNBUSDT&interval=1h&limit=60 (Caused by SSLError(SSLEOFError(8, '[SSL: UNEXPECTED_EOF_WHILE_READING] EOF occurred in violation of protocol (_ssl.c:1033)')))
2026-05-24 23:38:29,943 [WARNING] K 线重试 4/5 BNB: HTTPSConnectionPool(host='testnet.binancefuture.com', port=443): Max retries exceeded with url: /fapi/v1/klines?symbol=BNBUSDT&interval=1h&limit=60 (Caused by SSLError(SSLEOFError(8, '[SSL: UNEXPECTED_EOF_WHILE_READING] EOF occurred in violation of protocol (_ssl.c:1033)')))
2026-05-24 23:38:45,428 [ERROR] K 线失败 BNB (5 次重试耗尽): HTTPSConnectionPool(host='testnet.binancefuture.com', port=443): Max retries exceeded with url: /fapi/v1/klines?symbol=BNBUSDT&interval=1h&limit=60 (Caused by SSLError(SSLEOFError(8, '[SSL: UNEXPECTED_EOF_WHILE_READING] EOF occurred in violation of protocol (_ssl.c:1033)')))
2026-05-24 23:38:51,437 [WARNING] 24hr Ticker failed BNB: HTTPSConnectionPool(host='testnet.binancefuture.com', port=443): Max retries exceeded with url: /fapi/v1/ticker/24hr?symbol=BNBUSDT (Caused by SSLError(SSLEOFError(8, '[SSL: UNEXPECTED_EOF_WHILE_READING] EOF occurred in violation of protocol (_ssl.c:1033)')))
2026-05-24 23:38:51,437 [ERROR] 24h klines failed all fallbacks BNB
2026-05-24 23:38:58,582 [WARNING] K 线重试 1/5 DOT: HTTPSConnectionPool(host='testnet.binancefuture.com', port=443): Max retries exceeded with url: /fapi/v1/klines?symbol=DOTUSDT&interval=15m&limit=100 (Caused by SSLError(SSLEOFError(8, '[SSL: UNEXPECTED_EOF_WHILE_READING] EOF occurred in violation of protocol (_ssl.c:1033)')))
2026-05-24 23:39:02,324 [WARNING] K 线重试 2/5 DOT: HTTPSConnectionPool(host='testnet.binancefuture.com', port=443): Max retries exceeded with url: /fapi/v1/klines?symbol=DOTUSDT&interval=15m&limit=100 (Caused by SSLError(SSLEOFError(8, '[SSL: UNEXPECTED_EOF_WHILE_READING] EOF occurred in violation of protocol (_ssl.c:1033)')))
2026-05-24 23:39:05,052 [WARNING] K 线重试 3/5 DOT: HTTPSConnectionPool(host='testnet.binancefuture.com', port=443): Max retries exceeded with url: /fapi/v1/klines?symbol=DOTUSDT&interval=15m&limit=100 (Caused by SSLError(SSLEOFError(8, '[SSL: UNEXPECTED_EOF_WHILE_READING] EOF occurred in violation of protocol (_ssl.c:1033)')))
2026-05-24 23:39:07,002 [WARNING] K 线重试 4/5 DOT: HTTPSConnectionPool(host='testnet.binancefuture.com', port=443): Max retries exceeded with url: /fapi/v1/klines?symbol=DOTUSDT&interval=15m&limit=100 (Caused by SSLError(SSLEOFError(8, '[SSL: UNEXPECTED_EOF_WHILE_READING] EOF occurred in violation of protocol (_ssl.c:1033)')))
2026-05-24 23:39:21,477 [ERROR] K 线失败 DOT (5 次重试耗尽): HTTPSConnectionPool(host='testnet.binancefuture.com', port=443): Max retries exceeded with url: /fapi/v1/klines?symbol=DOTUSDT&interval=15m&limit=100 (Caused by SSLError(SSLEOFError(8, '[SSL: UNEXPECTED_EOF_WHILE_READING] EOF occurred in violation of protocol (_ssl.c:1033)')))
2026-05-24 23:39:24,481 [WARNING] K 线重试 1/5 DOT: HTTPSConnectionPool(host='testnet.binancefuture.com', port=443): Max retries exceeded with url: /fapi/v1/klines?symbol=DOTUSDT&interval=1h&limit=60 (Caused by SSLError(SSLEOFError(8, '[SSL: UNEXPECTED_EOF_WHILE_READING] EOF occurred in violation of protocol (_ssl.c:1033)')))
2026-05-24 23:39:27,911 [WARNING] K 线重试 2/5 DOT: HTTPSConnectionPool(host='testnet.binancefuture.com', port=443): Max retries exceeded with url: /fapi/v1/klines?symbol=DOTUSDT&interval=1h&limit=60 (Caused by SSLError(SSLEOFError(8, '[SSL: UNEXPECTED_EOF_WHILE_READING] EOF occurred in violation of protocol (_ssl.c:1033)')))
2026-05-24 23:39:29,631 [WARNING] K 线重试 3/5 DOT: HTTPSConnectionPool(host='testnet.binancefuture.com', port=443): Max retries exceeded with url: /fapi/v1/klines?symbol=DOTUSDT&interval=1h&limit=60 (Caused by SSLError(SSLEOFError(8, '[SSL: UNEXPECTED_EOF_WHILE_READING] EOF occurred in violation of protocol (_ssl.c:1033)')))
2026-05-24 23:39:31,495 [WARNING] K 线重试 4/5 DOT: HTTPSConnectionPool(host='testnet.binancefuture.com', port=443): Max retries exceeded with url: /fapi/v1/klines?symbol=DOTUSDT&interval=1h&limit=60 (Caused by SSLError(SSLEOFError(8, '[SSL: UNEXPECTED_EOF_WHILE_READING] EOF occurred in violation of protocol (_ssl.c:1033)')))
2026-05-24 23:39:32,784 [ERROR] K 线失败 DOT (5 次重试耗尽): HTTPSConnectionPool(host='testnet.binancefuture.com', port=443): Max retries exceeded with url: /fapi/v1/klines?symbol=DOTUSDT&interval=1h&limit=60 (Caused by SSLError(SSLEOFError(8, '[SSL: UNEXPECTED_EOF_WHILE_READING] EOF occurred in violation of protocol (_ssl.c:1033)')))
2026-05-24 23:39:34,926 [WARNING] 24hr Ticker failed DOT: HTTPSConnectionPool(host='testnet.binancefuture.com', port=443): Max retries exceeded with url: /fapi/v1/ticker/24hr?symbol=DOTUSDT (Caused by SSLError(SSLEOFError(8, '[SSL: UNEXPECTED_EOF_WHILE_READING] EOF occurred in violation of protocol (_ssl.c:1033)')))
2026-05-24 23:39:34,927 [ERROR] 24h klines failed all fallbacks DOT
2026-05-24 23:39:36,171 [WARNING] K 线重试 1/5 LINK: HTTPSConnectionPool(host='testnet.binancefuture.com', port=443): Max retries exceeded with url: /fapi/v1/klines?symbol=LINKUSDT&interval=15m&limit=100 (Caused by SSLError(SSLEOFError(8, '[SSL: UNEXPECTED_EOF_WHILE_READING] EOF occurred in violation of protocol (_ssl.c:1033)')))
2026-05-24 23:39:36,371 [WARNING] K 线重试 2/5 LINK: HTTPSConnectionPool(host='testnet.binancefuture.com', port=443): Max retries exceeded with url: /fapi/v1/klines?symbol=LINKUSDT&interval=15m&limit=100 (Caused by SSLError(SSLEOFError(8, '[SSL: UNEXPECTED_EOF_WHILE_READING] EOF occurred in violation of protocol (_ssl.c:1033)')))
2026-05-24 23:39:37,541 [WARNING] K 线重试 3/5 LINK: HTTPSConnectionPool(host='testnet.binancefuture.com', port=443): Max retries exceeded with url: /fapi/v1/klines?symbol=LINKUSDT&interval=15m&limit=100 (Caused by SSLError(SSLEOFError(8, '[SSL: UNEXPECTED_EOF_WHILE_READING] EOF occurred in violation of protocol (_ssl.c:1033)')))
2026-05-24 23:39:37,772 [WARNING] K 线重试 4/5 LINK: HTTPSConnectionPool(host='testnet.binancefuture.com', port=443): Max retries exceeded with url: /fapi/v1/klines?symbol=LINKUSDT&interval=15m&limit=100 (Caused by SSLError(SSLEOFError(8, '[SSL: UNEXPECTED_EOF_WHILE_READING] EOF occurred in violation of protocol (_ssl.c:1033)')))
2026-05-24 23:39:38,022 [ERROR] K 线失败 LINK (5 次重试耗尽): HTTPSConnectionPool(host='testnet.binancefuture.com', port=443): Max retries exceeded with url: /fapi/v1/klines?symbol=LINKUSDT&interval=15m&limit=100 (Caused by SSLError(SSLEOFError(8, '[SSL: UNEXPECTED_EOF_WHILE_READING] EOF occurred in violation of protocol (_ssl.c:1033)')))
2026-05-24 23:39:38,706 [WARNING] K 线重试 1/5 LINK: HTTPSConnectionPool(host='testnet.binancefuture.com', port=443): Max retries exceeded with url: /fapi/v1/klines?symbol=LINKUSDT&interval=1h&limit=60 (Caused by SSLError(SSLEOFError(8, '[SSL: UNEXPECTED_EOF_WHILE_READING] EOF occurred in violation of protocol (_ssl.c:1033)')))
2026-05-24 23:39:39,098 [WARNING] K 线重试 2/5 LINK: HTTPSConnectionPool(host='testnet.binancefuture.com', port=443): Max retries exceeded with url: /fapi/v1/klines?symbol=LINKUSDT&interval=1h&limit=60 (Caused by SSLError(SSLEOFError(8, '[SSL: UNEXPECTED_EOF_WHILE_READING] EOF occurred in violation of protocol (_ssl.c:1033)')))
2026-05-24 23:39:39,304 [WARNING] K 线重试 3/5 LINK: HTTPSConnectionPool(host='testnet.binancefuture.com', port=443): Max retries exceeded with url: /fapi/v1/klines?symbol=LINKUSDT&interval=1h&limit=60 (Caused by SSLError(SSLEOFError(8, '[SSL: UNEXPECTED_EOF_WHILE_READING] EOF occurred in violation of protocol (_ssl.c:1033)')))
2026-05-24 23:39:39,631 [WARNING] K 线重试 4/5 LINK: HTTPSConnectionPool(host='testnet.binancefuture.com', port=443): Max retries exceeded with url: /fapi/v1/klines?symbol=LINKUSDT&interval=1h&limit=60 (Caused by SSLError(SSLEOFError(8, '[SSL: UNEXPECTED_EOF_WHILE_READING] EOF occurred in violation of protocol (_ssl.c:1033)')))
2026-05-24 23:39:39,909 [ERROR] K 线失败 LINK (5 次重试耗尽): HTTPSConnectionPool(host='testnet.binancefuture.com', port=443): Max retries exceeded with url: /fapi/v1/klines?symbol=LINKUSDT&interval=1h&limit=60 (Caused by SSLError(SSLEOFError(8, '[SSL: UNEXPECTED_EOF_WHILE_READING] EOF occurred in violation of protocol (_ssl.c:1033)')))
2026-05-24 23:39:40,184 [WARNING] 24hr Ticker failed LINK: HTTPSConnectionPool(host='testnet.binancefuture.com', port=443): Max retries exceeded with url: /fapi/v1/ticker/24hr?symbol=LINKUSDT (Caused by SSLError(SSLEOFError(8, '[SSL: UNEXPECTED_EOF_WHILE_READING] EOF occurred in violation of protocol (_ssl.c:1033)')))
2026-05-24 23:39:40,184 [ERROR] 24h klines failed all fallbacks LINK
2026-05-24 23:39:42,843 [WARNING] K 线重试 1/5 XRP: HTTPSConnectionPool(host='testnet.binancefuture.com', port=443): Max retries exceeded with url: /fapi/v1/klines?symbol=XRPUSDT&interval=15m&limit=100 (Caused by SSLError(SSLEOFError(8, '[SSL: UNEXPECTED_EOF_WHILE_READING] EOF occurred in violation of protocol (_ssl.c:1033)')))
2026-05-24 23:39:43,579 [WARNING] K 线重试 2/5 XRP: HTTPSConnectionPool(host='testnet.binancefuture.com', port=443): Max retries exceeded with url: /fapi/v1/klines?symbol=XRPUSDT&interval=15m&limit=100 (Caused by SSLError(SSLEOFError(8, '[SSL: UNEXPECTED_EOF_WHILE_READING] EOF occurred in violation of protocol (_ssl.c:1033)')))
2026-05-24 23:39:44,127 [WARNING] K 线重试 3/5 XRP: HTTPSConnectionPool(host='testnet.binancefuture.com', port=443): Max retries exceeded with url: /fapi/v1/klines?symbol=XRPUSDT&interval=15m&limit=100 (Caused by SSLError(SSLEOFError(8, '[SSL: UNEXPECTED_EOF_WHILE_READING] EOF occurred in violation of protocol (_ssl.c:1033)')))
2026-05-24 23:39:44,333 [WARNING] K 线重试 4/5 XRP: HTTPSConnectionPool(host='testnet.binancefuture.com', port=443): Max retries exceeded with url: /fapi/v1/klines?symbol=XRPUSDT&interval=15m&limit=100 (Caused by SSLError(SSLEOFError(8, '[SSL: UNEXPECTED_EOF_WHILE_READING] EOF occurred in violation of protocol (_ssl.c:1033)')))
2026-05-24 23:39:44,560 [ERROR] K 线失败 XRP (5 次重试耗尽): HTTPSConnectionPool(host='testnet.binancefuture.com', port=443): Max retries exceeded with url: /fapi/v1/klines?symbol=XRPUSDT&interval=15m&limit=100 (Caused by SSLError(SSLEOFError(8, '[SSL: UNEXPECTED_EOF_WHILE_READING] EOF occurred in violation of protocol (_ssl.c:1033)')))
2026-05-24 23:39:44,825 [WARNING] K 线重试 1/5 XRP: HTTPSConnectionPool(host='testnet.binancefuture.com', port=443): Max retries exceeded with url: /fapi/v1/klines?symbol=XRPUSDT&interval=1h&limit=60 (Caused by SSLError(SSLEOFError(8, '[SSL: UNEXPECTED_EOF_WHILE_READING] EOF occurred in violation of protocol (_ssl.c:1033)')))
2026-05-24 23:39:46,172 [WARNING] K 线重试 2/5 XRP: HTTPSConnectionPool(host='testnet.binancefuture.com', port=443): Max retries exceeded with url: /fapi/v1/klines?symbol=XRPUSDT&interval=1h&limit=60 (Caused by SSLError(SSLEOFError(8, '[SSL: UNEXPECTED_EOF_WHILE_READING] EOF occurred in violation of protocol (_ssl.c:1033)')))
2026-05-24 23:39:46,950 [WARNING] K 线重试 3/5 XRP: HTTPSConnectionPool(host='testnet.binancefuture.com', port=443): Max retries exceeded with url: /fapi/v1/klines?symbol=XRPUSDT&interval=1h&limit=60 (Caused by SSLError(SSLEOFError(8, '[SSL: UNEXPECTED_EOF_WHILE_READING] EOF occurred in violation of protocol (_ssl.c:1033)')))
2026-05-24 23:39:48,445 [WARNING] K 线重试 4/5 XRP: HTTPSConnectionPool(host='testnet.binancefuture.com', port=443): Max retries exceeded with url: /fapi/v1/klines?symbol=XRPUSDT&interval=1h&limit=60 (Caused by SSLError(SSLEOFError(8, '[SSL: UNEXPECTED_EOF_WHILE_READING] EOF occurred in violation of protocol (_ssl.c:1033)')))
2026-05-24 23:39:48,726 [ERROR] K 线失败 XRP (5 次重试耗尽): HTTPSConnectionPool(host='testnet.binancefuture.com', port=443): Max retries exceeded with url: /fapi/v1/klines?symbol=XRPUSDT&interval=1h&limit=60 (Caused by SSLError(SSLEOFError(8, '[SSL: UNEXPECTED_EOF_WHILE_READING] EOF occurred in violation of protocol (_ssl.c:1033)')))
2026-05-24 23:39:49,224 [WARNING] 24hr Ticker failed XRP: HTTPSConnectionPool(host='testnet.binancefuture.com', port=443): Max retries exceeded with url: /fapi/v1/ticker/24hr?symbol=XRPUSDT (Caused by SSLError(SSLEOFError(8, '[SSL: UNEXPECTED_EOF_WHILE_READING] EOF occurred in violation of protocol (_ssl.c:1033)')))
2026-05-24 23:39:49,224 [ERROR] 24h klines failed all fallbacks XRP
2026-05-24 23:39:56,939 [WARNING] WebSocket 断线，5 秒后重连：Cannot connect to host stream.binancefuture.com:443 ssl:default [None]
2026-05-24 23:40:02,924 [WARNING] WebSocket 断线，5 秒后重连：Cannot connect to host stream.binancefuture.com:443 ssl:default [None]
2026-05-24 23:40:09,377 [WARNING] WebSocket 断线，5 秒后重连：Cannot connect to host stream.binancefuture.com:443 ssl:default [None]
2026-05-24 23:40:15,153 [WARNING] WebSocket 断线，5 秒后重连：Cannot connect to host stream.binancefuture.com:443 ssl:default [None]
2026-05-24 23:40:22,724 [WARNING] WebSocket 断线，5 秒后重连：Cannot connect to host stream.binancefuture.com:443 ssl:default [None]
2026-05-24 23:40:28,006 [WARNING] WebSocket 断线，5 秒后重连：Cannot connect to host stream.binancefuture.com:443 ssl:default [None]
2026-05-24 23:40:34,203 [WARNING] WebSocket 断线，5 秒后重连：Cannot connect to host stream.binancefuture.com:443 ssl:default [None]
2026-05-24 23:40:39,214 [WARNING] K 线重试 1/5 BTC: HTTPSConnectionPool(host='testnet.binancefuture.com', port=443): Max retries exceeded with url: /fapi/v1/klines?symbol=BTCUSDT&interval=15m&limit=100 (Caused by SSLError(SSLEOFError(8, '[SSL: UNEXPECTED_EOF_WHILE_READING] EOF occurred in violation of protocol (_ssl.c:1033)')))
2026-05-24 23:40:39,601 [WARNING] K 线重试 2/5 BTC: HTTPSConnectionPool(host='testnet.binancefuture.com', port=443): Max retries exceeded with url: /fapi/v1/klines?symbol=BTCUSDT&interval=15m&limit=100 (Caused by SSLError(SSLEOFError(8, '[SSL: UNEXPECTED_EOF_WHILE_READING] EOF occurred in violation of protocol (_ssl.c:1033)')))
2026-05-24 23:40:39,838 [WARNING] K 线重试 3/5 BTC: HTTPSConnectionPool(host='testnet.binancefuture.com', port=443): Max retries exceeded with url: /fapi/v1/klines?symbol=BTCUSDT&interval=15m&limit=100 (Caused by SSLError(SSLEOFError(8, '[SSL: UNEXPECTED_EOF_WHILE_READING] EOF occurred in violation of protocol (_ssl.c:1033)')))
2026-05-24 23:40:40,610 [WARNING] K 线重试 4/5 BTC: HTTPSConnectionPool(host='testnet.binancefuture.com', port=443): Max retries exceeded with url: /fapi/v1/klines?symbol=BTCUSDT&interval=15m&limit=100 (Caused by SSLError(SSLEOFError(8, '[SSL: UNEXPECTED_EOF_WHILE_READING] EOF occurred in violation of protocol (_ssl.c:1033)')))
2026-05-24 23:40:40,810 [ERROR] K 线失败 BTC (5 次重试耗尽): HTTPSConnectionPool(host='testnet.binancefuture.com', port=443): Max retries exceeded with url: /fapi/v1/klines?symbol=BTCUSDT&interval=15m&limit=100 (Caused by SSLError(SSLEOFError(8, '[SSL: UNEXPECTED_EOF_WHILE_READING] EOF occurred in violation of protocol (_ssl.c:1033)')))
2026-05-24 23:40:41,201 [WARNING] K 线重试 1/5 BTC: HTTPSConnectionPool(host='testnet.binancefuture.com', port=443): Max retries exceeded with url: /fapi/v1/klines?symbol=BTCUSDT&interval=1h&limit=60 (Caused by SSLError(SSLEOFError(8, '[SSL: UNEXPECTED_EOF_WHILE_READING] EOF occurred in violation of protocol (_ssl.c:1033)')))
2026-05-24 23:40:41,811 [WARNING] K 线重试 2/5 BTC: HTTPSConnectionPool(host='testnet.binancefuture.com', port=443): Max retries exceeded with url: /fapi/v1/klines?symbol=BTCUSDT&interval=1h&limit=60 (Caused by SSLError(SSLEOFError(8, '[SSL: UNEXPECTED_EOF_WHILE_READING] EOF occurred in violation of protocol (_ssl.c:1033)')))
2026-05-24 23:40:41,975 [WARNING] K 线重试 3/5 BTC: HTTPSConnectionPool(host='testnet.binancefuture.com', port=443): Max retries exceeded with url: /fapi/v1/klines?symbol=BTCUSDT&interval=1h&limit=60 (Caused by SSLError(SSLEOFError(8, '[SSL: UNEXPECTED_EOF_WHILE_READING] EOF occurred in violation of protocol (_ssl.c:1033)')))
2026-05-24 23:40:42,140 [WARNING] K 线重试 4/5 BTC: HTTPSConnectionPool(host='testnet.binancefuture.com', port=443): Max retries exceeded with url: /fapi/v1/klines?symbol=BTCUSDT&interval=1h&limit=60 (Caused by SSLError(SSLEOFError(8, '[SSL: UNEXPECTED_EOF_WHILE_READING] EOF occurred in violation of protocol (_ssl.c:1033)')))
2026-05-24 23:40:42,806 [ERROR] K 线失败 BTC (5 次重试耗尽): HTTPSConnectionPool(host='testnet.binancefuture.com', port=443): Max retries exceeded with url: /fapi/v1/klines?symbol=BTCUSDT&interval=1h&limit=60 (Caused by SSLError(SSLEOFError(8, '[SSL: UNEXPECTED_EOF_WHILE_READING] EOF occurred in violation of protocol (_ssl.c:1033)')))
2026-05-24 23:40:43,408 [WARNING] 24hr Ticker failed BTC: HTTPSConnectionPool(host='testnet.binancefuture.com', port=443): Max retries exceeded with url: /fapi/v1/ticker/24hr?symbol=BTCUSDT (Caused by SSLError(SSLEOFError(8, '[SSL: UNEXPECTED_EOF_WHILE_READING] EOF occurred in violation of protocol (_ssl.c:1033)')))
2026-05-24 23:40:43,408 [ERROR] 24h klines failed all fallbacks BTC
2026-05-24 23:40:43,676 [WARNING] K 线重试 1/5 ETH: HTTPSConnectionPool(host='testnet.binancefuture.com', port=443): Max retries exceeded with url: /fapi/v1/klines?symbol=ETHUSDT&interval=15m&limit=100 (Caused by SSLError(SSLEOFError(8, '[SSL: UNEXPECTED_EOF_WHILE_READING] EOF occurred in violation of protocol (_ssl.c:1033)')))
2026-05-24 23:40:43,908 [WARNING] K 线重试 2/5 ETH: HTTPSConnectionPool(host='testnet.binancefuture.com', port=443): Max retries exceeded with url: /fapi/v1/klines?symbol=ETHUSDT&interval=15m&limit=100 (Caused by SSLError(SSLEOFError(8, '[SSL: UNEXPECTED_EOF_WHILE_READING] EOF occurred in violation of protocol (_ssl.c:1033)')))
2026-05-24 23:40:44,157 [WARNING] K 线重试 3/5 ETH: HTTPSConnectionPool(host='testnet.binancefuture.com', port=443): Max retries exceeded with url: /fapi/v1/klines?symbol=ETHUSDT&interval=15m&limit=100 (Caused by SSLError(SSLEOFError(8, '[SSL: UNEXPECTED_EOF_WHILE_READING] EOF occurred in violation of protocol (_ssl.c:1033)')))
2026-05-24 23:40:44,384 [WARNING] K 线重试 4/5 ETH: HTTPSConnectionPool(host='testnet.binancefuture.com', port=443): Max retries exceeded with url: /fapi/v1/klines?symbol=ETHUSDT&interval=15m&limit=100 (Caused by SSLError(SSLEOFError(8, '[SSL: UNEXPECTED_EOF_WHILE_READING] EOF occurred in violation of protocol (_ssl.c:1033)')))
2026-05-24 23:40:45,044 [ERROR] K 线失败 ETH (5 次重试耗尽): HTTPSConnectionPool(host='testnet.binancefuture.com', port=443): Max retries exceeded with url: /fapi/v1/klines?symbol=ETHUSDT&interval=15m&limit=100 (Caused by SSLError(SSLEOFError(8, '[SSL: UNEXPECTED_EOF_WHILE_READING] EOF occurred in violation of protocol (_ssl.c:1033)')))
2026-05-24 23:40:45,211 [WARNING] K 线重试 1/5 ETH: HTTPSConnectionPool(host='testnet.binancefuture.com', port=443): Max retries exceeded with url: /fapi/v1/klines?symbol=ETHUSDT&interval=1h&limit=60 (Caused by SSLError(SSLEOFError(8, '[SSL: UNEXPECTED_EOF_WHILE_READING] EOF occurred in violation of protocol (_ssl.c:1033)')))
2026-05-24 23:40:46,522 [WARNING] K 线重试 2/5 ETH: HTTPSConnectionPool(host='testnet.binancefuture.com', port=443): Max retries exceeded with url: /fapi/v1/klines?symbol=ETHUSDT&interval=1h&limit=60 (Caused by SSLError(SSLEOFError(8, '[SSL: UNEXPECTED_EOF_WHILE_READING] EOF occurred in violation of protocol (_ssl.c:1033)')))
2026-05-24 23:40:47,334 [WARNING] K 线重试 3/5 ETH: HTTPSConnectionPool(host='testnet.binancefuture.com', port=443): Max retries exceeded with url: /fapi/v1/klines?symbol=ETHUSDT&interval=1h&limit=60 (Caused by SSLError(SSLEOFError(8, '[SSL: UNEXPECTED_EOF_WHILE_READING] EOF occurred in violation of protocol (_ssl.c:1033)')))
2026-05-24 23:40:49,134 [WARNING] K 线重试 4/5 ETH: HTTPSConnectionPool(host='testnet.binancefuture.com', port=443): Max retries exceeded with url: /fapi/v1/klines?symbol=ETHUSDT&interval=1h&limit=60 (Caused by SSLError(SSLEOFError(8, '[SSL: UNEXPECTED_EOF_WHILE_READING] EOF occurred in violation of protocol (_ssl.c:1033)')))
2026-05-24 23:40:49,661 [ERROR] K 线失败 ETH (5 次重试耗尽): HTTPSConnectionPool(host='testnet.binancefuture.com', port=443): Max retries exceeded with url: /fapi/v1/klines?symbol=ETHUSDT&interval=1h&limit=60 (Caused by SSLError(SSLEOFError(8, '[SSL: UNEXPECTED_EOF_WHILE_READING] EOF occurred in violation of protocol (_ssl.c:1033)')))
2026-05-24 23:40:49,864 [WARNING] 24hr Ticker failed ETH: HTTPSConnectionPool(host='testnet.binancefuture.com', port=443): Max retries exceeded with url: /fapi/v1/ticker/24hr?symbol=ETHUSDT (Caused by SSLError(SSLEOFError(8, '[SSL: UNEXPECTED_EOF_WHILE_READING] EOF occurred in violation of protocol (_ssl.c:1033)')))
2026-05-24 23:40:49,864 [ERROR] 24h klines failed all fallbacks ETH
2026-05-24 23:40:50,035 [WARNING] K 线重试 1/5 SOL: HTTPSConnectionPool(host='testnet.binancefuture.com', port=443): Max retries exceeded with url: /fapi/v1/klines?symbol=SOLUSDT&interval=15m&limit=100 (Caused by SSLError(SSLEOFError(8, '[SSL: UNEXPECTED_EOF_WHILE_READING] EOF occurred in violation of protocol (_ssl.c:1033)')))
2026-05-24 23:40:50,788 [WARNING] K 线重试 2/5 SOL: HTTPSConnectionPool(host='testnet.binancefuture.com', port=443): Max retries exceeded with url: /fapi/v1/klines?symbol=SOLUSDT&interval=15m&limit=100 (Caused by SSLError(SSLEOFError(8, '[SSL: UNEXPECTED_EOF_WHILE_READING] EOF occurred in violation of protocol (_ssl.c:1033)')))
2026-05-24 23:40:51,034 [WARNING] K 线重试 3/5 SOL: HTTPSConnectionPool(host='testnet.binancefuture.com', port=443): Max retries exceeded with url: /fapi/v1/klines?symbol=SOLUSDT&interval=15m&limit=100 (Caused by SSLError(SSLEOFError(8, '[SSL: UNEXPECTED_EOF_WHILE_READING] EOF occurred in violation of protocol (_ssl.c:1033)')))
2026-05-24 23:40:51,271 [WARNING] K 线重试 4/5 SOL: HTTPSConnectionPool(host='testnet.binancefuture.com', port=443): Max retries exceeded with url: /fapi/v1/klines?symbol=SOLUSDT&interval=15m&limit=100 (Caused by SSLError(SSLEOFError(8, '[SSL: UNEXPECTED_EOF_WHILE_READING] EOF occurred in violation of protocol (_ssl.c:1033)')))
2026-05-24 23:40:52,800 [ERROR] K 线失败 SOL (5 次重试耗尽): HTTPSConnectionPool(host='testnet.binancefuture.com', port=443): Max retries exceeded with url: /fapi/v1/klines?symbol=SOLUSDT&interval=15m&limit=100 (Caused by SSLError(SSLEOFError(8, '[SSL: UNEXPECTED_EOF_WHILE_READING] EOF occurred in violation of protocol (_ssl.c:1033)')))
2026-05-24 23:40:53,012 [WARNING] K 线重试 1/5 SOL: HTTPSConnectionPool(host='testnet.binancefuture.com', port=443): Max retries exceeded with url: /fapi/v1/klines?symbol=SOLUSDT&interval=1h&limit=60 (Caused by SSLError(SSLEOFError(8, '[SSL: UNEXPECTED_EOF_WHILE_READING] EOF occurred in violation of protocol (_ssl.c:1033)')))
2026-05-24 23:40:53,654 [WARNING] K 线重试 2/5 SOL: HTTPSConnectionPool(host='testnet.binancefuture.com', port=443): Max retries exceeded with url: /fapi/v1/klines?symbol=SOLUSDT&interval=1h&limit=60 (Caused by SSLError(SSLEOFError(8, '[SSL: UNEXPECTED_EOF_WHILE_READING] EOF occurred in violation of protocol (_ssl.c:1033)')))
2026-05-24 23:40:54,401 [WARNING] K 线重试 3/5 SOL: HTTPSConnectionPool(host='testnet.binancefuture.com', port=443): Max retries exceeded with url: /fapi/v1/klines?symbol=SOLUSDT&interval=1h&limit=60 (Caused by SSLError(SSLEOFError(8, '[SSL: UNEXPECTED_EOF_WHILE_READING] EOF occurred in violation of protocol (_ssl.c:1033)')))
2026-05-24 23:40:55,367 [WARNING] K 线重试 4/5 SOL: HTTPSConnectionPool(host='testnet.binancefuture.com', port=443): Max retries exceeded with url: /fapi/v1/klines?symbol=SOLUSDT&interval=1h&limit=60 (Caused by SSLError(SSLEOFError(8, '[SSL: UNEXPECTED_EOF_WHILE_READING] EOF occurred in violation of protocol (_ssl.c:1033)')))
2026-05-24 23:40:55,596 [ERROR] K 线失败 SOL (5 次重试耗尽): HTTPSConnectionPool(host='testnet.binancefuture.com', port=443): Max retries exceeded with url: /fapi/v1/klines?symbol=SOLUSDT&interval=1h&limit=60 (Caused by SSLError(SSLEOFError(8, '[SSL: UNEXPECTED_EOF_WHILE_READING] EOF occurred in violation of protocol (_ssl.c:1033)')))
2026-05-24 23:40:55,968 [WARNING] 24hr Ticker failed SOL: HTTPSConnectionPool(host='testnet.binancefuture.com', port=443): Max retries exceeded with url: /fapi/v1/ticker/24hr?symbol=SOLUSDT (Caused by SSLError(SSLEOFError(8, '[SSL: UNEXPECTED_EOF_WHILE_READING] EOF occurred in violation of protocol (_ssl.c:1033)')))
2026-05-24 23:40:55,969 [ERROR] 24h klines failed all fallbacks SOL
2026-05-24 23:40:56,344 [WARNING] K 线重试 1/5 BNB: HTTPSConnectionPool(host='testnet.binancefuture.com', port=443): Max retries exceeded with url: /fapi/v1/klines?symbol=BNBUSDT&interval=15m&limit=100 (Caused by SSLError(SSLEOFError(8, '[SSL: UNEXPECTED_EOF_WHILE_READING] EOF occurred in violation of protocol (_ssl.c:1033)')))
2026-05-24 23:40:56,520 [WARNING] K 线重试 2/5 BNB: HTTPSConnectionPool(host='testnet.binancefuture.com', port=443): Max retries exceeded with url: /fapi/v1/klines?symbol=BNBUSDT&interval=15m&limit=100 (Caused by SSLError(SSLEOFError(8, '[SSL: UNEXPECTED_EOF_WHILE_READING] EOF occurred in violation of protocol (_ssl.c:1033)')))
2026-05-24 23:40:56,702 [WARNING] K 线重试 3/5 BNB: HTTPSConnectionPool(host='testnet.binancefuture.com', port=443): Max retries exceeded with url: /fapi/v1/klines?symbol=BNBUSDT&interval=15m&limit=100 (Caused by SSLError(SSLEOFError(8, '[SSL: UNEXPECTED_EOF_WHILE_READING] EOF occurred in violation of protocol (_ssl.c:1033)')))
2026-05-24 23:40:57,304 [WARNING] K 线重试 4/5 BNB: HTTPSConnectionPool(host='testnet.binancefuture.com', port=443): Max retries exceeded with url: /fapi/v1/klines?symbol=BNBUSDT&interval=15m&limit=100 (Caused by SSLError(SSLEOFError(8, '[SSL: UNEXPECTED_EOF_WHILE_READING] EOF occurred in violation of protocol (_ssl.c:1033)')))
2026-05-24 23:40:57,548 [ERROR] K 线失败 BNB (5 次重试耗尽): HTTPSConnectionPool(host='testnet.binancefuture.com', port=443): Max retries exceeded with url: /fapi/v1/klines?symbol=BNBUSDT&interval=15m&limit=100 (Caused by SSLError(SSLEOFError(8, '[SSL: UNEXPECTED_EOF_WHILE_READING] EOF occurred in violation of protocol (_ssl.c:1033)')))
2026-05-24 23:40:59,108 [WARNING] K 线重试 1/5 BNB: HTTPSConnectionPool(host='testnet.binancefuture.com', port=443): Max retries exceeded with url: /fapi/v1/klines?symbol=BNBUSDT&interval=1h&limit=60 (Caused by SSLError(SSLEOFError(8, '[SSL: UNEXPECTED_EOF_WHILE_READING] EOF occurred in violation of protocol (_ssl.c:1033)')))
2026-05-24 23:40:59,848 [WARNING] K 线重试 2/5 BNB: HTTPSConnectionPool(host='testnet.binancefuture.com', port=443): Max retries exceeded with url: /fapi/v1/klines?symbol=BNBUSDT&interval=1h&limit=60 (Caused by SSLError(SSLEOFError(8, '[SSL: UNEXPECTED_EOF_WHILE_READING] EOF occurred in violation of protocol (_ssl.c:1033)')))
2026-05-24 23:41:00,081 [WARNING] K 线重试 3/5 BNB: HTTPSConnectionPool(host='testnet.binancefuture.com', port=443): Max retries exceeded with url: /fapi/v1/klines?symbol=BNBUSDT&interval=1h&limit=60 (Caused by SSLError(SSLEOFError(8, '[SSL: UNEXPECTED_EOF_WHILE_READING] EOF occurred in violation of protocol (_ssl.c:1033)')))
2026-05-24 23:41:00,256 [WARNING] K 线重试 4/5 BNB: HTTPSConnectionPool(host='testnet.binancefuture.com', port=443): Max retries exceeded with url: /fapi/v1/klines?symbol=BNBUSDT&interval=1h&limit=60 (Caused by SSLError(SSLEOFError(8, '[SSL: UNEXPECTED_EOF_WHILE_READING] EOF occurred in violation of protocol (_ssl.c:1033)')))
2026-05-24 23:41:00,438 [ERROR] K 线失败 BNB (5 次重试耗尽): HTTPSConnectionPool(host='testnet.binancefuture.com', port=443): Max retries exceeded with url: /fapi/v1/klines?symbol=BNBUSDT&interval=1h&limit=60 (Caused by SSLError(SSLEOFError(8, '[SSL: UNEXPECTED_EOF_WHILE_READING] EOF occurred in violation of protocol (_ssl.c:1033)')))
2026-05-24 23:41:01,714 [WARNING] 24hr Ticker failed BNB: HTTPSConnectionPool(host='testnet.binancefuture.com', port=443): Max retries exceeded with url: /fapi/v1/ticker/24hr?symbol=BNBUSDT (Caused by SSLError(SSLEOFError(8, '[SSL: UNEXPECTED_EOF_WHILE_READING] EOF occurred in violation of protocol (_ssl.c:1033)')))
2026-05-24 23:41:01,715 [ERROR] 24h klines failed all fallbacks BNB
2026-05-24 23:41:02,762 [WARNING] K 线重试 1/5 DOT: HTTPSConnectionPool(host='testnet.binancefuture.com', port=443): Max retries exceeded with url: /fapi/v1/klines?symbol=DOTUSDT&interval=15m&limit=100 (Caused by SSLError(SSLEOFError(8, '[SSL: UNEXPECTED_EOF_WHILE_READING] EOF occurred in violation of protocol (_ssl.c:1033)')))
2026-05-24 23:41:04,039 [WARNING] K 线重试 2/5 DOT: HTTPSConnectionPool(host='testnet.binancefuture.com', port=443): Max retries exceeded with url: /fapi/v1/klines?symbol=DOTUSDT&interval=15m&limit=100 (Caused by SSLError(SSLEOFError(8, '[SSL: UNEXPECTED_EOF_WHILE_READING] EOF occurred in violation of protocol (_ssl.c:1033)')))
2026-05-24 23:41:05,700 [WARNING] K 线重试 3/5 DOT: HTTPSConnectionPool(host='testnet.binancefuture.com', port=443): Max retries exceeded with url: /fapi/v1/klines?symbol=DOTUSDT&interval=15m&limit=100 (Caused by SSLError(SSLEOFError(8, '[SSL: UNEXPECTED_EOF_WHILE_READING] EOF occurred in violation of protocol (_ssl.c:1033)')))
2026-05-24 23:41:06,069 [WARNING] K 线重试 4/5 DOT: HTTPSConnectionPool(host='testnet.binancefuture.com', port=443): Max retries exceeded with url: /fapi/v1/klines?symbol=DOTUSDT&interval=15m&limit=100 (Caused by SSLError(SSLEOFError(8, '[SSL: UNEXPECTED_EOF_WHILE_READING] EOF occurred in violation of protocol (_ssl.c:1033)')))
2026-05-24 23:41:07,511 [ERROR] K 线失败 DOT (5 次重试耗尽): HTTPSConnectionPool(host='testnet.binancefuture.com', port=443): Max retries exceeded with url: /fapi/v1/klines?symbol=DOTUSDT&interval=15m&limit=100 (Caused by SSLError(SSLEOFError(8, '[SSL: UNEXPECTED_EOF_WHILE_READING] EOF occurred in violation of protocol (_ssl.c:1033)')))
2026-05-24 23:41:07,675 [WARNING] K 线重试 1/5 DOT: HTTPSConnectionPool(host='testnet.binancefuture.com', port=443): Max retries exceeded with url: /fapi/v1/klines?symbol=DOTUSDT&interval=1h&limit=60 (Caused by SSLError(SSLEOFError(8, '[SSL: UNEXPECTED_EOF_WHILE_READING] EOF occurred in violation of protocol (_ssl.c:1033)')))
2026-05-24 23:41:08,599 [WARNING] K 线重试 2/5 DOT: HTTPSConnectionPool(host='testnet.binancefuture.com', port=443): Max retries exceeded with url: /fapi/v1/klines?symbol=DOTUSDT&interval=1h&limit=60 (Caused by SSLError(SSLEOFError(8, '[SSL: UNEXPECTED_EOF_WHILE_READING] EOF occurred in violation of protocol (_ssl.c:1033)')))
2026-05-24 23:41:09,801 [WARNING] K 线重试 3/5 DOT: HTTPSConnectionPool(host='testnet.binancefuture.com', port=443): Max retries exceeded with url: /fapi/v1/klines?symbol=DOTUSDT&interval=1h&limit=60 (Caused by SSLError(SSLEOFError(8, '[SSL: UNEXPECTED_EOF_WHILE_READING] EOF occurred in violation of protocol (_ssl.c:1033)')))
2026-05-24 23:41:11,675 [WARNING] K 线重试 4/5 DOT: HTTPSConnectionPool(host='testnet.binancefuture.com', port=443): Max retries exceeded with url: /fapi/v1/klines?symbol=DOTUSDT&interval=1h&limit=60 (Caused by SSLError(SSLEOFError(8, '[SSL: UNEXPECTED_EOF_WHILE_READING] EOF occurred in violation of protocol (_ssl.c:1033)')))
2026-05-24 23:41:12,091 [ERROR] K 线失败 DOT (5 次重试耗尽): HTTPSConnectionPool(host='testnet.binancefuture.com', port=443): Max retries exceeded with url: /fapi/v1/klines?symbol=DOTUSDT&interval=1h&limit=60 (Caused by SSLError(SSLEOFError(8, '[SSL: UNEXPECTED_EOF_WHILE_READING] EOF occurred in violation of protocol (_ssl.c:1033)')))
2026-05-24 23:41:12,402 [WARNING] 24hr Ticker failed DOT: HTTPSConnectionPool(host='testnet.binancefuture.com', port=443): Max retries exceeded with url: /fapi/v1/ticker/24hr?symbol=DOTUSDT (Caused by SSLError(SSLEOFError(8, '[SSL: UNEXPECTED_EOF_WHILE_READING] EOF occurred in violation of protocol (_ssl.c:1033)')))
2026-05-24 23:41:12,402 [ERROR] 24h klines failed all fallbacks DOT
2026-05-24 23:41:13,591 [WARNING] K 线重试 1/5 LINK: HTTPSConnectionPool(host='testnet.binancefuture.com', port=443): Max retries exceeded with url: /fapi/v1/klines?symbol=LINKUSDT&interval=15m&limit=100 (Caused by SSLError(SSLEOFError(8, '[SSL: UNEXPECTED_EOF_WHILE_READING] EOF occurred in violation of protocol (_ssl.c:1033)')))
2026-05-24 23:41:14,133 [WARNING] K 线重试 2/5 LINK: HTTPSConnectionPool(host='testnet.binancefuture.com', port=443): Max retries exceeded with url: /fapi/v1/klines?symbol=LINKUSDT&interval=15m&limit=100 (Caused by SSLError(SSLEOFError(8, '[SSL: UNEXPECTED_EOF_WHILE_READING] EOF occurred in violation of protocol (_ssl.c:1033)')))
2026-05-24 23:41:14,437 [WARNING] K 线重试 3/5 LINK: HTTPSConnectionPool(host='testnet.binancefuture.com', port=443): Max retries exceeded with url: /fapi/v1/klines?symbol=LINKUSDT&interval=15m&limit=100 (Caused by SSLError(SSLEOFError(8, '[SSL: UNEXPECTED_EOF_WHILE_READING] EOF occurred in violation of protocol (_ssl.c:1033)')))
2026-05-24 23:41:16,196 [WARNING] K 线重试 4/5 LINK: HTTPSConnectionPool(host='testnet.binancefuture.com', port=443): Max retries exceeded with url: /fapi/v1/klines?symbol=LINKUSDT&interval=15m&limit=100 (Caused by SSLError(SSLEOFError(8, '[SSL: UNEXPECTED_EOF_WHILE_READING] EOF occurred in violation of protocol (_ssl.c:1033)')))
2026-05-24 23:41:17,061 [ERROR] K 线失败 LINK (5 次重试耗尽): HTTPSConnectionPool(host='testnet.binancefuture.com', port=443): Max retries exceeded with url: /fapi/v1/klines?symbol=LINKUSDT&interval=15m&limit=100 (Caused by SSLError(SSLEOFError(8, '[SSL: UNEXPECTED_EOF_WHILE_READING] EOF occurred in violation of protocol (_ssl.c:1033)')))
2026-05-24 23:41:18,111 [WARNING] K 线重试 1/5 LINK: HTTPSConnectionPool(host='testnet.binancefuture.com', port=443): Max retries exceeded with url: /fapi/v1/klines?symbol=LINKUSDT&interval=1h&limit=60 (Caused by SSLError(SSLEOFError(8, '[SSL: UNEXPECTED_EOF_WHILE_READING] EOF occurred in violation of protocol (_ssl.c:1033)')))
2026-05-24 23:41:19,447 [WARNING] K 线重试 2/5 LINK: HTTPSConnectionPool(host='testnet.binancefuture.com', port=443): Max retries exceeded with url: /fapi/v1/klines?symbol=LINKUSDT&interval=1h&limit=60 (Caused by SSLError(SSLEOFError(8, '[SSL: UNEXPECTED_EOF_WHILE_READING] EOF occurred in violation of protocol (_ssl.c:1033)')))
2026-05-24 23:41:20,908 [WARNING] K 线重试 3/5 LINK: HTTPSConnectionPool(host='testnet.binancefuture.com', port=443): Max retries exceeded with url: /fapi/v1/klines?symbol=LINKUSDT&interval=1h&limit=60 (Caused by SSLError(SSLEOFError(8, '[SSL: UNEXPECTED_EOF_WHILE_READING] EOF occurred in violation of protocol (_ssl.c:1033)')))
2026-05-24 23:41:21,638 [WARNING] K 线重试 4/5 LINK: HTTPSConnectionPool(host='testnet.binancefuture.com', port=443): Max retries exceeded with url: /fapi/v1/klines?symbol=LINKUSDT&interval=1h&limit=60 (Caused by SSLError(SSLEOFError(8, '[SSL: UNEXPECTED_EOF_WHILE_READING] EOF occurred in violation of protocol (_ssl.c:1033)')))
2026-05-24 23:41:22,525 [ERROR] K 线失败 LINK (5 次重试耗尽): HTTPSConnectionPool(host='testnet.binancefuture.com', port=443): Max retries exceeded with url: /fapi/v1/klines?symbol=LINKUSDT&interval=1h&limit=60 (Caused by SSLError(SSLEOFError(8, '[SSL: UNEXPECTED_EOF_WHILE_READING] EOF occurred in violation of protocol (_ssl.c:1033)')))
2026-05-24 23:41:22,935 [WARNING] 24hr Ticker failed LINK: HTTPSConnectionPool(host='testnet.binancefuture.com', port=443): Max retries exceeded with url: /fapi/v1/ticker/24hr?symbol=LINKUSDT (Caused by SSLError(SSLEOFError(8, '[SSL: UNEXPECTED_EOF_WHILE_READING] EOF occurred in violation of protocol (_ssl.c:1033)')))
2026-05-24 23:41:22,936 [ERROR] 24h klines failed all fallbacks LINK
2026-05-24 23:41:23,196 [WARNING] K 线重试 1/5 XRP: HTTPSConnectionPool(host='testnet.binancefuture.com', port=443): Max retries exceeded with url: /fapi/v1/klines?symbol=XRPUSDT&interval=15m&limit=100 (Caused by SSLError(SSLEOFError(8, '[SSL: UNEXPECTED_EOF_WHILE_READING] EOF occurred in violation of protocol (_ssl.c:1033)')))
2026-05-24 23:41:23,445 [WARNING] K 线重试 2/5 XRP: HTTPSConnectionPool(host='testnet.binancefuture.com', port=443): Max retries exceeded with url: /fapi/v1/klines?symbol=XRPUSDT&interval=15m&limit=100 (Caused by SSLError(SSLEOFError(8, '[SSL: UNEXPECTED_EOF_WHILE_READING] EOF occurred in violation of protocol (_ssl.c:1033)')))
2026-05-24 23:41:24,586 [WARNING] K 线重试 3/5 XRP: HTTPSConnectionPool(host='testnet.binancefuture.com', port=443): Max retries exceeded with url: /fapi/v1/klines?symbol=XRPUSDT&interval=15m&limit=100 (Caused by SSLError(SSLEOFError(8, '[SSL: UNEXPECTED_EOF_WHILE_READING] EOF occurred in violation of protocol (_ssl.c:1033)')))
2026-05-24 23:41:24,784 [WARNING] K 线重试 4/5 XRP: HTTPSConnectionPool(host='testnet.binancefuture.com', port=443): Max retries exceeded with url: /fapi/v1/klines?symbol=XRPUSDT&interval=15m&limit=100 (Caused by SSLError(SSLEOFError(8, '[SSL: UNEXPECTED_EOF_WHILE_READING] EOF occurred in violation of protocol (_ssl.c:1033)')))
2026-05-24 23:41:25,694 [ERROR] K 线失败 XRP (5 次重试耗尽): HTTPSConnectionPool(host='testnet.binancefuture.com', port=443): Max retries exceeded with url: /fapi/v1/klines?symbol=XRPUSDT&interval=15m&limit=100 (Caused by SSLError(SSLEOFError(8, '[SSL: UNEXPECTED_EOF_WHILE_READING] EOF occurred in violation of protocol (_ssl.c:1033)')))
2026-05-24 23:41:25,941 [WARNING] K 线重试 1/5 XRP: HTTPSConnectionPool(host='testnet.binancefuture.com', port=443): Max retries exceeded with url: /fapi/v1/klines?symbol=XRPUSDT&interval=1h&limit=60 (Caused by SSLError(SSLEOFError(8, '[SSL: UNEXPECTED_EOF_WHILE_READING] EOF occurred in violation of protocol (_ssl.c:1033)')))
2026-05-24 23:41:26,841 [WARNING] K 线重试 2/5 XRP: HTTPSConnectionPool(host='testnet.binancefuture.com', port=443): Max retries exceeded with url: /fapi/v1/klines?symbol=XRPUSDT&interval=1h&limit=60 (Caused by SSLError(SSLEOFError(8, '[SSL: UNEXPECTED_EOF_WHILE_READING] EOF occurred in violation of protocol (_ssl.c:1033)')))
2026-05-24 23:41:27,236 [WARNING] K 线重试 3/5 XRP: HTTPSConnectionPool(host='testnet.binancefuture.com', port=443): Max retries exceeded with url: /fapi/v1/klines?symbol=XRPUSDT&interval=1h&limit=60 (Caused by SSLError(SSLEOFError(8, '[SSL: UNEXPECTED_EOF_WHILE_READING] EOF occurred in violation of protocol (_ssl.c:1033)')))
2026-05-24 23:41:28,011 [WARNING] K 线重试 4/5 XRP: HTTPSConnectionPool(host='testnet.binancefuture.com', port=443): Max retries exceeded with url: /fapi/v1/klines?symbol=XRPUSDT&interval=1h&limit=60 (Caused by SSLError(SSLEOFError(8, '[SSL: UNEXPECTED_EOF_WHILE_READING] EOF occurred in violation of protocol (_ssl.c:1033)')))
2026-05-24 23:41:29,966 [ERROR] K 线失败 XRP (5 次重试耗尽): HTTPSConnectionPool(host='testnet.binancefuture.com', port=443): Max retries exceeded with url: /fapi/v1/klines?symbol=XRPUSDT&interval=1h&limit=60 (Caused by SSLError(SSLEOFError(8, '[SSL: UNEXPECTED_EOF_WHILE_READING] EOF occurred in violation of protocol (_ssl.c:1033)')))
2026-05-24 23:41:30,828 [WARNING] 24hr Ticker failed XRP: HTTPSConnectionPool(host='testnet.binancefuture.com', port=443): Max retries exceeded with url: /fapi/v1/ticker/24hr?symbol=XRPUSDT (Caused by SSLError(SSLEOFError(8, '[SSL: UNEXPECTED_EOF_WHILE_READING] EOF occurred in violation of protocol (_ssl.c:1033)')))
2026-05-24 23:41:30,829 [ERROR] 24h klines failed all fallbacks XRP
2026-05-24 23:41:35,825 [WARNING] WebSocket 断线，5 秒后重连：Cannot connect to host stream.binancefuture.com:443 ssl:default [None]
2026-05-24 23:41:42,050 [WARNING] WebSocket 断线，5 秒后重连：Cannot connect to host stream.binancefuture.com:443 ssl:default [None]
2026-05-24 23:41:51,319 [WARNING] WebSocket 断线，5 秒后重连：Cannot connect to host stream.binancefuture.com:443 ssl:default [None]
2026-05-24 23:41:56,632 [WARNING] WebSocket 断线，5 秒后重连：Cannot connect to host stream.binancefuture.com:443 ssl:default [None]
2026-05-24 23:42:10,315 [WARNING] WebSocket 断线，5 秒后重连：Cannot connect to host stream.binancefuture.com:443 ssl:default [None]
2026-05-24 23:42:20,072 [WARNING] K 线重试 1/5 BTC: HTTPSConnectionPool(host='testnet.binancefuture.com', port=443): Max retries exceeded with url: /fapi/v1/klines?symbol=BTCUSDT&interval=15m&limit=100 (Caused by SSLError(SSLEOFError(8, '[SSL: UNEXPECTED_EOF_WHILE_READING] EOF occurred in violation of protocol (_ssl.c:1033)')))
2026-05-24 23:42:20,894 [WARNING] K 线重试 2/5 BTC: HTTPSConnectionPool(host='testnet.binancefuture.com', port=443): Max retries exceeded with url: /fapi/v1/klines?symbol=BTCUSDT&interval=15m&limit=100 (Caused by SSLError(SSLEOFError(8, '[SSL: UNEXPECTED_EOF_WHILE_READING] EOF occurred in violation of protocol (_ssl.c:1033)')))
2026-05-24 23:42:21,324 [WARNING] K 线重试 3/5 BTC: HTTPSConnectionPool(host='testnet.binancefuture.com', port=443): Max retries exceeded with url: /fapi/v1/klines?symbol=BTCUSDT&interval=15m&limit=100 (Caused by SSLError(SSLEOFError(8, '[SSL: UNEXPECTED_EOF_WHILE_READING] EOF occurred in violation of protocol (_ssl.c:1033)')))
2026-05-24 23:42:22,614 [WARNING] K 线重试 4/5 BTC: HTTPSConnectionPool(host='testnet.binancefuture.com', port=443): Max retries exceeded with url: /fapi/v1/klines?symbol=BTCUSDT&interval=15m&limit=100 (Caused by SSLError(SSLEOFError(8, '[SSL: UNEXPECTED_EOF_WHILE_READING] EOF occurred in violation of protocol (_ssl.c:1033)')))
2026-05-24 23:42:22,881 [ERROR] K 线失败 BTC (5 次重试耗尽): HTTPSConnectionPool(host='testnet.binancefuture.com', port=443): Max retries exceeded with url: /fapi/v1/klines?symbol=BTCUSDT&interval=15m&limit=100 (Caused by SSLError(SSLEOFError(8, '[SSL: UNEXPECTED_EOF_WHILE_READING] EOF occurred in violation of protocol (_ssl.c:1033)')))
2026-05-24 23:42:23,127 [WARNING] K 线重试 1/5 BTC: HTTPSConnectionPool(host='testnet.binancefuture.com', port=443): Max retries exceeded with url: /fapi/v1/klines?symbol=BTCUSDT&interval=1h&limit=60 (Caused by SSLError(SSLEOFError(8, '[SSL: UNEXPECTED_EOF_WHILE_READING] EOF occurred in violation of protocol (_ssl.c:1033)')))
2026-05-24 23:42:23,543 [WARNING] K 线重试 2/5 BTC: HTTPSConnectionPool(host='testnet.binancefuture.com', port=443): Max retries exceeded with url: /fapi/v1/klines?symbol=BTCUSDT&interval=1h&limit=60 (Caused by SSLError(SSLEOFError(8, '[SSL: UNEXPECTED_EOF_WHILE_READING] EOF occurred in violation of protocol (_ssl.c:1033)')))
2026-05-24 23:42:24,441 [WARNING] K 线重试 3/5 BTC: HTTPSConnectionPool(host='testnet.binancefuture.com', port=443): Max retries exceeded with url: /fapi/v1/klines?symbol=BTCUSDT&interval=1h&limit=60 (Caused by SSLError(SSLEOFError(8, '[SSL: UNEXPECTED_EOF_WHILE_READING] EOF occurred in violation of protocol (_ssl.c:1033)')))
2026-05-24 23:42:25,038 [WARNING] K 线重试 4/5 BTC: HTTPSConnectionPool(host='testnet.binancefuture.com', port=443): Max retries exceeded with url: /fapi/v1/klines?symbol=BTCUSDT&interval=1h&limit=60 (Caused by SSLError(SSLEOFError(8, '[SSL: UNEXPECTED_EOF_WHILE_READING] EOF occurred in violation of protocol (_ssl.c:1033)')))
2026-05-24 23:42:26,789 [ERROR] K 线失败 BTC (5 次重试耗尽): HTTPSConnectionPool(host='testnet.binancefuture.com', port=443): Max retries exceeded with url: /fapi/v1/klines?symbol=BTCUSDT&interval=1h&limit=60 (Caused by SSLError(SSLEOFError(8, '[SSL: UNEXPECTED_EOF_WHILE_READING] EOF occurred in violation of protocol (_ssl.c:1033)')))
2026-05-24 23:42:27,075 [WARNING] 24hr Ticker failed BTC: HTTPSConnectionPool(host='testnet.binancefuture.com', port=443): Max retries exceeded with url: /fapi/v1/ticker/24hr?symbol=BTCUSDT (Caused by SSLError(SSLEOFError(8, '[SSL: UNEXPECTED_EOF_WHILE_READING] EOF occurred in violation of protocol (_ssl.c:1033)')))
2026-05-24 23:42:27,076 [ERROR] 24h klines failed all fallbacks BTC
2026-05-24 23:42:29,702 [WARNING] K 线重试 1/5 ETH: HTTPSConnectionPool(host='testnet.binancefuture.com', port=443): Max retries exceeded with url: /fapi/v1/klines?symbol=ETHUSDT&interval=15m&limit=100 (Caused by SSLError(SSLEOFError(8, '[SSL: UNEXPECTED_EOF_WHILE_READING] EOF occurred in violation of protocol (_ssl.c:1033)')))
2026-05-24 23:42:30,159 [WARNING] K 线重试 2/5 ETH: HTTPSConnectionPool(host='testnet.binancefuture.com', port=443): Max retries exceeded with url: /fapi/v1/klines?symbol=ETHUSDT&interval=15m&limit=100 (Caused by SSLError(SSLEOFError(8, '[SSL: UNEXPECTED_EOF_WHILE_READING] EOF occurred in violation of protocol (_ssl.c:1033)')))
2026-05-24 23:42:31,499 [WARNING] K 线重试 3/5 ETH: HTTPSConnectionPool(host='testnet.binancefuture.com', port=443): Max retries exceeded with url: /fapi/v1/klines?symbol=ETHUSDT&interval=15m&limit=100 (Caused by SSLError(SSLEOFError(8, '[SSL: UNEXPECTED_EOF_WHILE_READING] EOF occurred in violation of protocol (_ssl.c:1033)')))
2026-05-24 23:42:32,162 [WARNING] K 线重试 4/5 ETH: HTTPSConnectionPool(host='testnet.binancefuture.com', port=443): Max retries exceeded with url: /fapi/v1/klines?symbol=ETHUSDT&interval=15m&limit=100 (Caused by SSLError(SSLEOFError(8, '[SSL: UNEXPECTED_EOF_WHILE_READING] EOF occurred in violation of protocol (_ssl.c:1033)')))
2026-05-24 23:42:32,415 [ERROR] K 线失败 ETH (5 次重试耗尽): HTTPSConnectionPool(host='testnet.binancefuture.com', port=443): Max retries exceeded with url: /fapi/v1/klines?symbol=ETHUSDT&interval=15m&limit=100 (Caused by SSLError(SSLEOFError(8, '[SSL: UNEXPECTED_EOF_WHILE_READING] EOF occurred in violation of protocol (_ssl.c:1033)')))
2026-05-24 23:42:32,657 [WARNING] K 线重试 1/5 ETH: HTTPSConnectionPool(host='testnet.binancefuture.com', port=443): Max retries exceeded with url: /fapi/v1/klines?symbol=ETHUSDT&interval=1h&limit=60 (Caused by SSLError(SSLEOFError(8, '[SSL: UNEXPECTED_EOF_WHILE_READING] EOF occurred in violation of protocol (_ssl.c:1033)')))
2026-05-24 23:42:32,872 [WARNING] K 线重试 2/5 ETH: HTTPSConnectionPool(host='testnet.binancefuture.com', port=443): Max retries exceeded with url: /fapi/v1/klines?symbol=ETHUSDT&interval=1h&limit=60 (Caused by SSLError(SSLEOFError(8, '[SSL: UNEXPECTED_EOF_WHILE_READING] EOF occurred in violation of protocol (_ssl.c:1033)')))
2026-05-24 23:42:33,156 [WARNING] K 线重试 3/5 ETH: HTTPSConnectionPool(host='testnet.binancefuture.com', port=443): Max retries exceeded with url: /fapi/v1/klines?symbol=ETHUSDT&interval=1h&limit=60 (Caused by SSLError(SSLEOFError(8, '[SSL: UNEXPECTED_EOF_WHILE_READING] EOF occurred in violation of protocol (_ssl.c:1033)')))
2026-05-24 23:42:33,370 [WARNING] K 线重试 4/5 ETH: HTTPSConnectionPool(host='testnet.binancefuture.com', port=443): Max retries exceeded with url: /fapi/v1/klines?symbol=ETHUSDT&interval=1h&limit=60 (Caused by SSLError(SSLEOFError(8, '[SSL: UNEXPECTED_EOF_WHILE_READING] EOF occurred in violation of protocol (_ssl.c:1033)')))
2026-05-24 23:42:33,603 [ERROR] K 线失败 ETH (5 次重试耗尽): HTTPSConnectionPool(host='testnet.binancefuture.com', port=443): Max retries exceeded with url: /fapi/v1/klines?symbol=ETHUSDT&interval=1h&limit=60 (Caused by SSLError(SSLEOFError(8, '[SSL: UNEXPECTED_EOF_WHILE_READING] EOF occurred in violation of protocol (_ssl.c:1033)')))
2026-05-24 23:42:34,130 [WARNING] 24hr Ticker failed ETH: HTTPSConnectionPool(host='testnet.binancefuture.com', port=443): Max retries exceeded with url: /fapi/v1/ticker/24hr?symbol=ETHUSDT (Caused by SSLError(SSLEOFError(8, '[SSL: UNEXPECTED_EOF_WHILE_READING] EOF occurred in violation of protocol (_ssl.c:1033)')))
2026-05-24 23:42:34,130 [ERROR] 24h klines failed all fallbacks ETH
2026-05-24 23:42:35,492 [WARNING] K 线重试 1/5 SOL: HTTPSConnectionPool(host='testnet.binancefuture.com', port=443): Max retries exceeded with url: /fapi/v1/klines?symbol=SOLUSDT&interval=15m&limit=100 (Caused by SSLError(SSLEOFError(8, '[SSL: UNEXPECTED_EOF_WHILE_READING] EOF occurred in violation of protocol (_ssl.c:1033)')))
2026-05-24 23:42:36,062 [WARNING] K 线重试 2/5 SOL: HTTPSConnectionPool(host='testnet.binancefuture.com', port=443): Max retries exceeded with url: /fapi/v1/klines?symbol=SOLUSDT&interval=15m&limit=100 (Caused by SSLError(SSLEOFError(8, '[SSL: UNEXPECTED_EOF_WHILE_READING] EOF occurred in violation of protocol (_ssl.c:1033)')))
2026-05-24 23:42:36,873 [WARNING] K 线重试 3/5 SOL: HTTPSConnectionPool(host='testnet.binancefuture.com', port=443): Max retries exceeded with url: /fapi/v1/klines?symbol=SOLUSDT&interval=15m&limit=100 (Caused by SSLError(SSLEOFError(8, '[SSL: UNEXPECTED_EOF_WHILE_READING] EOF occurred in violation of protocol (_ssl.c:1033)')))
2026-05-24 23:42:38,789 [WARNING] K 线重试 4/5 SOL: HTTPSConnectionPool(host='testnet.binancefuture.com', port=443): Max retries exceeded with url: /fapi/v1/klines?symbol=SOLUSDT&interval=15m&limit=100 (Caused by SSLError(SSLEOFError(8, '[SSL: UNEXPECTED_EOF_WHILE_READING] EOF occurred in violation of protocol (_ssl.c:1033)')))
2026-05-24 23:42:39,522 [ERROR] K 线失败 SOL (5 次重试耗尽): HTTPSConnectionPool(host='testnet.binancefuture.com', port=443): Max retries exceeded with url: /fapi/v1/klines?symbol=SOLUSDT&interval=15m&limit=100 (Caused by SSLError(SSLEOFError(8, '[SSL: UNEXPECTED_EOF_WHILE_READING] EOF occurred in violation of protocol (_ssl.c:1033)')))
2026-05-24 23:42:39,883 [WARNING] K 线重试 1/5 SOL: HTTPSConnectionPool(host='testnet.binancefuture.com', port=443): Max retries exceeded with url: /fapi/v1/klines?symbol=SOLUSDT&interval=1h&limit=60 (Caused by SSLError(SSLEOFError(8, '[SSL: UNEXPECTED_EOF_WHILE_READING] EOF occurred in violation of protocol (_ssl.c:1033)')))
2026-05-24 23:42:40,621 [WARNING] K 线重试 2/5 SOL: HTTPSConnectionPool(host='testnet.binancefuture.com', port=443): Max retries exceeded with url: /fapi/v1/klines?symbol=SOLUSDT&interval=1h&limit=60 (Caused by SSLError(SSLEOFError(8, '[SSL: UNEXPECTED_EOF_WHILE_READING] EOF occurred in violation of protocol (_ssl.c:1033)')))
2026-05-24 23:42:41,272 [WARNING] K 线重试 3/5 SOL: HTTPSConnectionPool(host='testnet.binancefuture.com', port=443): Max retries exceeded with url: /fapi/v1/klines?symbol=SOLUSDT&interval=1h&limit=60 (Caused by SSLError(SSLEOFError(8, '[SSL: UNEXPECTED_EOF_WHILE_READING] EOF occurred in violation of protocol (_ssl.c:1033)')))
2026-05-24 23:42:42,288 [WARNING] K 线重试 4/5 SOL: HTTPSConnectionPool(host='testnet.binancefuture.com', port=443): Max retries exceeded with url: /fapi/v1/klines?symbol=SOLUSDT&interval=1h&limit=60 (Caused by SSLError(SSLEOFError(8, '[SSL: UNEXPECTED_EOF_WHILE_READING] EOF occurred in violation of protocol (_ssl.c:1033)')))
2026-05-24 23:42:42,561 [ERROR] K 线失败 SOL (5 次重试耗尽): HTTPSConnectionPool(host='testnet.binancefuture.com', port=443): Max retries exceeded with url: /fapi/v1/klines?symbol=SOLUSDT&interval=1h&limit=60 (Caused by SSLError(SSLEOFError(8, '[SSL: UNEXPECTED_EOF_WHILE_READING] EOF occurred in violation of protocol (_ssl.c:1033)')))
2026-05-24 23:42:42,827 [WARNING] 24hr Ticker failed SOL: HTTPSConnectionPool(host='testnet.binancefuture.com', port=443): Max retries exceeded with url: /fapi/v1/ticker/24hr?symbol=SOLUSDT (Caused by SSLError(SSLEOFError(8, '[SSL: UNEXPECTED_EOF_WHILE_READING] EOF occurred in violation of protocol (_ssl.c:1033)')))
2026-05-24 23:42:42,828 [ERROR] 24h klines failed all fallbacks SOL
2026-05-24 23:42:43,077 [WARNING] K 线重试 1/5 BNB: HTTPSConnectionPool(host='testnet.binancefuture.com', port=443): Max retries exceeded with url: /fapi/v1/klines?symbol=BNBUSDT&interval=15m&limit=100 (Caused by SSLError(SSLEOFError(8, '[SSL: UNEXPECTED_EOF_WHILE_READING] EOF occurred in violation of protocol (_ssl.c:1033)')))
2026-05-24 23:42:44,402 [WARNING] K 线重试 2/5 BNB: HTTPSConnectionPool(host='testnet.binancefuture.com', port=443): Max retries exceeded with url: /fapi/v1/klines?symbol=BNBUSDT&interval=15m&limit=100 (Caused by SSLError(SSLEOFError(8, '[SSL: UNEXPECTED_EOF_WHILE_READING] EOF occurred in violation of protocol (_ssl.c:1033)')))
2026-05-24 23:42:44,611 [WARNING] K 线重试 3/5 BNB: HTTPSConnectionPool(host='testnet.binancefuture.com', port=443): Max retries exceeded with url: /fapi/v1/klines?symbol=BNBUSDT&interval=15m&limit=100 (Caused by SSLError(SSLEOFError(8, '[SSL: UNEXPECTED_EOF_WHILE_READING] EOF occurred in violation of protocol (_ssl.c:1033)')))
2026-05-24 23:42:46,012 [WARNING] K 线重试 4/5 BNB: HTTPSConnectionPool(host='testnet.binancefuture.com', port=443): Max retries exceeded with url: /fapi/v1/klines?symbol=BNBUSDT&interval=15m&limit=100 (Caused by SSLError(SSLEOFError(8, '[SSL: UNEXPECTED_EOF_WHILE_READING] EOF occurred in violation of protocol (_ssl.c:1033)')))
2026-05-24 23:42:48,172 [ERROR] K 线失败 BNB (5 次重试耗尽): HTTPSConnectionPool(host='testnet.binancefuture.com', port=443): Max retries exceeded with url: /fapi/v1/klines?symbol=BNBUSDT&interval=15m&limit=100 (Caused by SSLError(SSLEOFError(8, '[SSL: UNEXPECTED_EOF_WHILE_READING] EOF occurred in violation of protocol (_ssl.c:1033)')))
2026-05-24 23:42:48,436 [WARNING] K 线重试 1/5 BNB: HTTPSConnectionPool(host='testnet.binancefuture.com', port=443): Max retries exceeded with url: /fapi/v1/klines?symbol=BNBUSDT&interval=1h&limit=60 (Caused by SSLError(SSLEOFError(8, '[SSL: UNEXPECTED_EOF_WHILE_READING] EOF occurred in violation of protocol (_ssl.c:1033)')))
2026-05-24 23:42:48,645 [WARNING] K 线重试 2/5 BNB: HTTPSConnectionPool(host='testnet.binancefuture.com', port=443): Max retries exceeded with url: /fapi/v1/klines?symbol=BNBUSDT&interval=1h&limit=60 (Caused by SSLError(SSLEOFError(8, '[SSL: UNEXPECTED_EOF_WHILE_READING] EOF occurred in violation of protocol (_ssl.c:1033)')))
2026-05-24 23:42:49,959 [WARNING] K 线重试 3/5 BNB: HTTPSConnectionPool(host='testnet.binancefuture.com', port=443): Max retries exceeded with url: /fapi/v1/klines?symbol=BNBUSDT&interval=1h&limit=60 (Caused by SSLError(SSLEOFError(8, '[SSL: UNEXPECTED_EOF_WHILE_READING] EOF occurred in violation of protocol (_ssl.c:1033)')))
2026-05-24 23:42:50,163 [WARNING] K 线重试 4/5 BNB: HTTPSConnectionPool(host='testnet.binancefuture.com', port=443): Max retries exceeded with url: /fapi/v1/klines?symbol=BNBUSDT&interval=1h&limit=60 (Caused by SSLError(SSLEOFError(8, '[SSL: UNEXPECTED_EOF_WHILE_READING] EOF occurred in violation of protocol (_ssl.c:1033)')))
2026-05-24 23:42:51,738 [ERROR] K 线失败 BNB (5 次重试耗尽): HTTPSConnectionPool(host='testnet.binancefuture.com', port=443): Max retries exceeded with url: /fapi/v1/klines?symbol=BNBUSDT&interval=1h&limit=60 (Caused by SSLError(SSLEOFError(8, '[SSL: UNEXPECTED_EOF_WHILE_READING] EOF occurred in violation of protocol (_ssl.c:1033)')))
2026-05-24 23:42:52,294 [WARNING] 24hr Ticker failed BNB: HTTPSConnectionPool(host='testnet.binancefuture.com', port=443): Max retries exceeded with url: /fapi/v1/ticker/24hr?symbol=BNBUSDT (Caused by SSLError(SSLEOFError(8, '[SSL: UNEXPECTED_EOF_WHILE_READING] EOF occurred in violation of protocol (_ssl.c:1033)')))
2026-05-24 23:42:52,295 [ERROR] 24h klines failed all fallbacks BNB
2026-05-24 23:42:53,680 [WARNING] K 线重试 1/5 DOT: HTTPSConnectionPool(host='testnet.binancefuture.com', port=443): Max retries exceeded with url: /fapi/v1/klines?symbol=DOTUSDT&interval=15m&limit=100 (Caused by SSLError(SSLEOFError(8, '[SSL: UNEXPECTED_EOF_WHILE_READING] EOF occurred in violation of protocol (_ssl.c:1033)')))
2026-05-24 23:42:53,946 [WARNING] K 线重试 2/5 DOT: HTTPSConnectionPool(host='testnet.binancefuture.com', port=443): Max retries exceeded with url: /fapi/v1/klines?symbol=DOTUSDT&interval=15m&limit=100 (Caused by SSLError(SSLEOFError(8, '[SSL: UNEXPECTED_EOF_WHILE_READING] EOF occurred in violation of protocol (_ssl.c:1033)')))
2026-05-24 23:42:54,942 [WARNING] K 线重试 3/5 DOT: HTTPSConnectionPool(host='testnet.binancefuture.com', port=443): Max retries exceeded with url: /fapi/v1/klines?symbol=DOTUSDT&interval=15m&limit=100 (Caused by SSLError(SSLEOFError(8, '[SSL: UNEXPECTED_EOF_WHILE_READING] EOF occurred in violation of protocol (_ssl.c:1033)')))
2026-05-24 23:42:55,356 [WARNING] K 线重试 4/5 DOT: HTTPSConnectionPool(host='testnet.binancefuture.com', port=443): Max retries exceeded with url: /fapi/v1/klines?symbol=DOTUSDT&interval=15m&limit=100 (Caused by SSLError(SSLEOFError(8, '[SSL: UNEXPECTED_EOF_WHILE_READING] EOF occurred in violation of protocol (_ssl.c:1033)')))
2026-05-24 23:42:56,136 [ERROR] K 线失败 DOT (5 次重试耗尽): HTTPSConnectionPool(host='testnet.binancefuture.com', port=443): Max retries exceeded with url: /fapi/v1/klines?symbol=DOTUSDT&interval=15m&limit=100 (Caused by SSLError(SSLEOFError(8, '[SSL: UNEXPECTED_EOF_WHILE_READING] EOF occurred in violation of protocol (_ssl.c:1033)')))
2026-05-24 23:42:56,590 [WARNING] K 线重试 1/5 DOT: HTTPSConnectionPool(host='testnet.binancefuture.com', port=443): Max retries exceeded with url: /fapi/v1/klines?symbol=DOTUSDT&interval=1h&limit=60 (Caused by SSLError(SSLEOFError(8, '[SSL: UNEXPECTED_EOF_WHILE_READING] EOF occurred in violation of protocol (_ssl.c:1033)')))
2026-05-24 23:42:56,974 [WARNING] K 线重试 2/5 DOT: HTTPSConnectionPool(host='testnet.binancefuture.com', port=443): Max retries exceeded with url: /fapi/v1/klines?symbol=DOTUSDT&interval=1h&limit=60 (Caused by SSLError(SSLEOFError(8, '[SSL: UNEXPECTED_EOF_WHILE_READING] EOF occurred in violation of protocol (_ssl.c:1033)')))
2026-05-24 23:42:58,493 [WARNING] K 线重试 3/5 DOT: HTTPSConnectionPool(host='testnet.binancefuture.com', port=443): Max retries exceeded with url: /fapi/v1/klines?symbol=DOTUSDT&interval=1h&limit=60 (Caused by SSLError(SSLEOFError(8, '[SSL: UNEXPECTED_EOF_WHILE_READING] EOF occurred in violation of protocol (_ssl.c:1033)')))
2026-05-24 23:43:00,520 [WARNING] K 线重试 4/5 DOT: HTTPSConnectionPool(host='testnet.binancefuture.com', port=443): Max retries exceeded with url: /fapi/v1/klines?symbol=DOTUSDT&interval=1h&limit=60 (Caused by SSLError(SSLEOFError(8, '[SSL: UNEXPECTED_EOF_WHILE_READING] EOF occurred in violation of protocol (_ssl.c:1033)')))
2026-05-24 23:43:00,873 [ERROR] K 线失败 DOT (5 次重试耗尽): HTTPSConnectionPool(host='testnet.binancefuture.com', port=443): Max retries exceeded with url: /fapi/v1/klines?symbol=DOTUSDT&interval=1h&limit=60 (Caused by SSLError(SSLEOFError(8, '[SSL: UNEXPECTED_EOF_WHILE_READING] EOF occurred in violation of protocol (_ssl.c:1033)')))
2026-05-24 23:43:01,568 [WARNING] 24hr Ticker failed DOT: HTTPSConnectionPool(host='testnet.binancefuture.com', port=443): Max retries exceeded with url: /fapi/v1/ticker/24hr?symbol=DOTUSDT (Caused by SSLError(SSLEOFError(8, '[SSL: UNEXPECTED_EOF_WHILE_READING] EOF occurred in violation of protocol (_ssl.c:1033)')))
2026-05-24 23:43:01,568 [ERROR] 24h klines failed all fallbacks DOT
2026-05-24 23:43:03,013 [WARNING] K 线重试 1/5 LINK: HTTPSConnectionPool(host='testnet.binancefuture.com', port=443): Max retries exceeded with url: /fapi/v1/klines?symbol=LINKUSDT&interval=15m&limit=100 (Caused by SSLError(SSLEOFError(8, '[SSL: UNEXPECTED_EOF_WHILE_READING] EOF occurred in violation of protocol (_ssl.c:1033)')))
2026-05-24 23:43:04,926 [WARNING] K 线重试 2/5 LINK: HTTPSConnectionPool(host='testnet.binancefuture.com', port=443): Max retries exceeded with url: /fapi/v1/klines?symbol=LINKUSDT&interval=15m&limit=100 (Caused by SSLError(SSLEOFError(8, '[SSL: UNEXPECTED_EOF_WHILE_READING] EOF occurred in violation of protocol (_ssl.c:1033)')))
2026-05-24 23:43:05,505 [WARNING] K 线重试 3/5 LINK: HTTPSConnectionPool(host='testnet.binancefuture.com', port=443): Max retries exceeded with url: /fapi/v1/klines?symbol=LINKUSDT&interval=15m&limit=100 (Caused by SSLError(SSLEOFError(8, '[SSL: UNEXPECTED_EOF_WHILE_READING] EOF occurred in violation of protocol (_ssl.c:1033)')))
2026-05-24 23:43:06,296 [WARNING] K 线重试 4/5 LINK: HTTPSConnectionPool(host='testnet.binancefuture.com', port=443): Max retries exceeded with url: /fapi/v1/klines?symbol=LINKUSDT&interval=15m&limit=100 (Caused by SSLError(SSLEOFError(8, '[SSL: UNEXPECTED_EOF_WHILE_READING] EOF occurred in violation of protocol (_ssl.c:1033)')))
2026-05-24 23:43:06,639 [ERROR] K 线失败 LINK (5 次重试耗尽): HTTPSConnectionPool(host='testnet.binancefuture.com', port=443): Max retries exceeded with url: /fapi/v1/klines?symbol=LINKUSDT&interval=15m&limit=100 (Caused by SSLError(SSLEOFError(8, '[SSL: UNEXPECTED_EOF_WHILE_READING] EOF occurred in violation of protocol (_ssl.c:1033)')))
2026-05-24 23:43:07,091 [WARNING] K 线重试 1/5 LINK: HTTPSConnectionPool(host='testnet.binancefuture.com', port=443): Max retries exceeded with url: /fapi/v1/klines?symbol=LINKUSDT&interval=1h&limit=60 (Caused by SSLError(SSLEOFError(8, '[SSL: UNEXPECTED_EOF_WHILE_READING] EOF occurred in violation of protocol (_ssl.c:1033)')))
2026-05-24 23:43:08,025 [WARNING] K 线重试 2/5 LINK: HTTPSConnectionPool(host='testnet.binancefuture.com', port=443): Max retries exceeded with url: /fapi/v1/klines?symbol=LINKUSDT&interval=1h&limit=60 (Caused by SSLError(SSLEOFError(8, '[SSL: UNEXPECTED_EOF_WHILE_READING] EOF occurred in violation of protocol (_ssl.c:1033)')))
2026-05-24 23:43:23,078 [WARNING] K 线重试 3/5 LINK: HTTPSConnectionPool(host='testnet.binancefuture.com', port=443): Read timed out. (read timeout=15)
2026-05-24 23:43:24,735 [WARNING] K 线重试 4/5 LINK: HTTPSConnectionPool(host='testnet.binancefuture.com', port=443): Max retries exceeded with url: /fapi/v1/klines?symbol=LINKUSDT&interval=1h&limit=60 (Caused by SSLError(SSLEOFError(8, '[SSL: UNEXPECTED_EOF_WHILE_READING] EOF occurred in violation of protocol (_ssl.c:1033)')))
2026-05-24 23:43:24,936 [ERROR] K 线失败 LINK (5 次重试耗尽): HTTPSConnectionPool(host='testnet.binancefuture.com', port=443): Max retries exceeded with url: /fapi/v1/klines?symbol=LINKUSDT&interval=1h&limit=60 (Caused by SSLError(SSLEOFError(8, '[SSL: UNEXPECTED_EOF_WHILE_READING] EOF occurred in violation of protocol (_ssl.c:1033)')))
2026-05-24 23:43:25,115 [WARNING] 24hr Ticker failed LINK: HTTPSConnectionPool(host='testnet.binancefuture.com', port=443): Max retries exceeded with url: /fapi/v1/ticker/24hr?symbol=LINKUSDT (Caused by SSLError(SSLEOFError(8, '[SSL: UNEXPECTED_EOF_WHILE_READING] EOF occurred in violation of protocol (_ssl.c:1033)')))
2026-05-24 23:43:25,116 [ERROR] 24h klines failed all fallbacks LINK
2026-05-24 23:43:25,322 [WARNING] K 线重试 1/5 XRP: HTTPSConnectionPool(host='testnet.binancefuture.com', port=443): Max retries exceeded with url: /fapi/v1/klines?symbol=XRPUSDT&interval=15m&limit=100 (Caused by SSLError(SSLEOFError(8, '[SSL: UNEXPECTED_EOF_WHILE_READING] EOF occurred in violation of protocol (_ssl.c:1033)')))
2026-05-24 23:43:25,545 [WARNING] K 线重试 2/5 XRP: HTTPSConnectionPool(host='testnet.binancefuture.com', port=443): Max retries exceeded with url: /fapi/v1/klines?symbol=XRPUSDT&interval=15m&limit=100 (Caused by SSLError(SSLEOFError(8, '[SSL: UNEXPECTED_EOF_WHILE_READING] EOF occurred in violation of protocol (_ssl.c:1033)')))
2026-05-24 23:43:25,957 [WARNING] K 线重试 3/5 XRP: HTTPSConnectionPool(host='testnet.binancefuture.com', port=443): Max retries exceeded with url: /fapi/v1/klines?symbol=XRPUSDT&interval=15m&limit=100 (Caused by SSLError(SSLEOFError(8, '[SSL: UNEXPECTED_EOF_WHILE_READING] EOF occurred in violation of protocol (_ssl.c:1033)')))
2026-05-24 23:43:26,227 [WARNING] K 线重试 4/5 XRP: HTTPSConnectionPool(host='testnet.binancefuture.com', port=443): Max retries exceeded with url: /fapi/v1/klines?symbol=XRPUSDT&interval=15m&limit=100 (Caused by SSLError(SSLEOFError(8, '[SSL: UNEXPECTED_EOF_WHILE_READING] EOF occurred in violation of protocol (_ssl.c:1033)')))
2026-05-24 23:43:26,895 [ERROR] K 线失败 XRP (5 次重试耗尽): HTTPSConnectionPool(host='testnet.binancefuture.com', port=443): Max retries exceeded with url: /fapi/v1/klines?symbol=XRPUSDT&interval=15m&limit=100 (Caused by SSLError(SSLEOFError(8, '[SSL: UNEXPECTED_EOF_WHILE_READING] EOF occurred in violation of protocol (_ssl.c:1033)')))
2026-05-24 23:43:27,144 [WARNING] K 线重试 1/5 XRP: HTTPSConnectionPool(host='testnet.binancefuture.com', port=443): Max retries exceeded with url: /fapi/v1/klines?symbol=XRPUSDT&interval=1h&limit=60 (Caused by SSLError(SSLEOFError(8, '[SSL: UNEXPECTED_EOF_WHILE_READING] EOF occurred in violation of protocol (_ssl.c:1033)')))
2026-05-24 23:43:27,395 [WARNING] K 线重试 2/5 XRP: HTTPSConnectionPool(host='testnet.binancefuture.com', port=443): Max retries exceeded with url: /fapi/v1/klines?symbol=XRPUSDT&interval=1h&limit=60 (Caused by SSLError(SSLEOFError(8, '[SSL: UNEXPECTED_EOF_WHILE_READING] EOF occurred in violation of protocol (_ssl.c:1033)')))
2026-05-24 23:43:28,978 [WARNING] K 线重试 3/5 XRP: HTTPSConnectionPool(host='testnet.binancefuture.com', port=443): Max retries exceeded with url: /fapi/v1/klines?symbol=XRPUSDT&interval=1h&limit=60 (Caused by SSLError(SSLEOFError(8, '[SSL: UNEXPECTED_EOF_WHILE_READING] EOF occurred in violation of protocol (_ssl.c:1033)')))
2026-05-24 23:43:30,278 [WARNING] K 线重试 4/5 XRP: HTTPSConnectionPool(host='testnet.binancefuture.com', port=443): Max retries exceeded with url: /fapi/v1/klines?symbol=XRPUSDT&interval=1h&limit=60 (Caused by SSLError(SSLEOFError(8, '[SSL: UNEXPECTED_EOF_WHILE_READING] EOF occurred in violation of protocol (_ssl.c:1033)')))
2026-05-24 23:43:30,628 [ERROR] K 线失败 XRP (5 次重试耗尽): HTTPSConnectionPool(host='testnet.binancefuture.com', port=443): Max retries exceeded with url: /fapi/v1/klines?symbol=XRPUSDT&interval=1h&limit=60 (Caused by SSLError(SSLEOFError(8, '[SSL: UNEXPECTED_EOF_WHILE_READING] EOF occurred in violation of protocol (_ssl.c:1033)')))
2026-05-24 23:43:30,864 [WARNING] 24hr Ticker failed XRP: HTTPSConnectionPool(host='testnet.binancefuture.com', port=443): Max retries exceeded with url: /fapi/v1/ticker/24hr?symbol=XRPUSDT (Caused by SSLError(SSLEOFError(8, '[SSL: UNEXPECTED_EOF_WHILE_READING] EOF occurred in violation of protocol (_ssl.c:1033)')))
2026-05-24 23:43:30,865 [ERROR] 24h klines failed all fallbacks XRP
2026-05-24 23:43:32,989 [WARNING] WebSocket 断线，5 秒后重连：Connection timeout to host wss://stream.binancefuture.com/stream?streams=btcusdt@ticker/ethusdt@ticker/solusdt@ticker/bnbusdt@ticker/dotusdt@ticker/linkusdt@ticker/xrpusdt@ticker
2026-05-24 23:43:39,515 [WARNING] WebSocket 断线，5 秒后重连：Cannot connect to host stream.binancefuture.com:443 ssl:default [None]
2026-05-24 23:43:44,761 [WARNING] WebSocket 断线，5 秒后重连：Cannot connect to host stream.binancefuture.com:443 ssl:default [None]
2026-05-24 23:43:51,018 [WARNING] WebSocket 断线，5 秒后重连：Cannot connect to host stream.binancefuture.com:443 ssl:default [None]
2026-05-24 23:43:56,403 [WARNING] WebSocket 断线，5 秒后重连：Cannot connect to host stream.binancefuture.com:443 ssl:default [None]
2026-05-24 23:44:05,831 [WARNING] WebSocket 断线，5 秒后重连：Cannot connect to host stream.binancefuture.com:443 ssl:default [None]
2026-05-24 23:44:11,130 [WARNING] WebSocket 断线，5 秒后重连：Cannot connect to host stream.binancefuture.com:443 ssl:default [None]
2026-05-24 23:44:21,167 [WARNING] K 线重试 1/5 BTC: HTTPSConnectionPool(host='testnet.binancefuture.com', port=443): Max retries exceeded with url: /fapi/v1/klines?symbol=BTCUSDT&interval=15m&limit=100 (Caused by SSLError(SSLEOFError(8, '[SSL: UNEXPECTED_EOF_WHILE_READING] EOF occurred in violation of protocol (_ssl.c:1033)')))
2026-05-24 23:44:21,369 [WARNING] K 线重试 2/5 BTC: HTTPSConnectionPool(host='testnet.binancefuture.com', port=443): Max retries exceeded with url: /fapi/v1/klines?symbol=BTCUSDT&interval=15m&limit=100 (Caused by SSLError(SSLEOFError(8, '[SSL: UNEXPECTED_EOF_WHILE_READING] EOF occurred in violation of protocol (_ssl.c:1033)')))
2026-05-24 23:44:21,877 [WARNING] K 线重试 3/5 BTC: HTTPSConnectionPool(host='testnet.binancefuture.com', port=443): Max retries exceeded with url: /fapi/v1/klines?symbol=BTCUSDT&interval=15m&limit=100 (Caused by SSLError(SSLEOFError(8, '[SSL: UNEXPECTED_EOF_WHILE_READING] EOF occurred in violation of protocol (_ssl.c:1033)')))
2026-05-24 23:44:23,883 [WARNING] K 线重试 4/5 BTC: HTTPSConnectionPool(host='testnet.binancefuture.com', port=443): Max retries exceeded with url: /fapi/v1/klines?symbol=BTCUSDT&interval=15m&limit=100 (Caused by SSLError(SSLEOFError(8, '[SSL: UNEXPECTED_EOF_WHILE_READING] EOF occurred in violation of protocol (_ssl.c:1033)')))
2026-05-24 23:44:24,250 [ERROR] K 线失败 BTC (5 次重试耗尽): HTTPSConnectionPool(host='testnet.binancefuture.com', port=443): Max retries exceeded with url: /fapi/v1/klines?symbol=BTCUSDT&interval=15m&limit=100 (Caused by SSLError(SSLEOFError(8, '[SSL: UNEXPECTED_EOF_WHILE_READING] EOF occurred in violation of protocol (_ssl.c:1033)')))
2026-05-24 23:44:24,486 [WARNING] K 线重试 1/5 BTC: HTTPSConnectionPool(host='testnet.binancefuture.com', port=443): Max retries exceeded with url: /fapi/v1/klines?symbol=BTCUSDT&interval=1h&limit=60 (Caused by SSLError(SSLEOFError(8, '[SSL: UNEXPECTED_EOF_WHILE_READING] EOF occurred in violation of protocol (_ssl.c:1033)')))
2026-05-24 23:44:25,795 [WARNING] K 线重试 2/5 BTC: HTTPSConnectionPool(host='testnet.binancefuture.com', port=443): Max retries exceeded with url: /fapi/v1/klines?symbol=BTCUSDT&interval=1h&limit=60 (Caused by SSLError(SSLEOFError(8, '[SSL: UNEXPECTED_EOF_WHILE_READING] EOF occurred in violation of protocol (_ssl.c:1033)')))
2026-05-24 23:44:26,179 [WARNING] K 线重试 3/5 BTC: HTTPSConnectionPool(host='testnet.binancefuture.com', port=443): Max retries exceeded with url: /fapi/v1/klines?symbol=BTCUSDT&interval=1h&limit=60 (Caused by SSLError(SSLEOFError(8, '[SSL: UNEXPECTED_EOF_WHILE_READING] EOF occurred in violation of protocol (_ssl.c:1033)')))
2026-05-24 23:44:27,557 [WARNING] K 线重试 4/5 BTC: HTTPSConnectionPool(host='testnet.binancefuture.com', port=443): Max retries exceeded with url: /fapi/v1/klines?symbol=BTCUSDT&interval=1h&limit=60 (Caused by SSLError(SSLEOFError(8, '[SSL: UNEXPECTED_EOF_WHILE_READING] EOF occurred in violation of protocol (_ssl.c:1033)')))
2026-05-24 23:44:32,634 [ERROR] K 线失败 BTC (5 次重试耗尽): HTTPSConnectionPool(host='testnet.binancefuture.com', port=443): Max retries exceeded with url: /fapi/v1/klines?symbol=BTCUSDT&interval=1h&limit=60 (Caused by SSLError(SSLEOFError(8, '[SSL: UNEXPECTED_EOF_WHILE_READING] EOF occurred in violation of protocol (_ssl.c:1033)')))
2026-05-24 23:44:32,930 [WARNING] 24hr Ticker failed BTC: HTTPSConnectionPool(host='testnet.binancefuture.com', port=443): Max retries exceeded with url: /fapi/v1/ticker/24hr?symbol=BTCUSDT (Caused by SSLError(SSLEOFError(8, '[SSL: UNEXPECTED_EOF_WHILE_READING] EOF occurred in violation of protocol (_ssl.c:1033)')))
2026-05-24 23:44:32,930 [ERROR] 24h klines failed all fallbacks BTC
2026-05-24 23:44:33,475 [WARNING] K 线重试 1/5 ETH: HTTPSConnectionPool(host='testnet.binancefuture.com', port=443): Max retries exceeded with url: /fapi/v1/klines?symbol=ETHUSDT&interval=15m&limit=100 (Caused by SSLError(SSLEOFError(8, '[SSL: UNEXPECTED_EOF_WHILE_READING] EOF occurred in violation of protocol (_ssl.c:1033)')))
2026-05-24 23:44:34,484 [WARNING] K 线重试 2/5 ETH: HTTPSConnectionPool(host='testnet.binancefuture.com', port=443): Max retries exceeded with url: /fapi/v1/klines?symbol=ETHUSDT&interval=15m&limit=100 (Caused by SSLError(SSLEOFError(8, '[SSL: UNEXPECTED_EOF_WHILE_READING] EOF occurred in violation of protocol (_ssl.c:1033)')))
2026-05-24 23:44:35,624 [WARNING] K 线重试 3/5 ETH: HTTPSConnectionPool(host='testnet.binancefuture.com', port=443): Max retries exceeded with url: /fapi/v1/klines?symbol=ETHUSDT&interval=15m&limit=100 (Caused by SSLError(SSLEOFError(8, '[SSL: UNEXPECTED_EOF_WHILE_READING] EOF occurred in violation of protocol (_ssl.c:1033)')))
2026-05-24 23:44:35,926 [WARNING] K 线重试 4/5 ETH: HTTPSConnectionPool(host='testnet.binancefuture.com', port=443): Max retries exceeded with url: /fapi/v1/klines?symbol=ETHUSDT&interval=15m&limit=100 (Caused by SSLError(SSLEOFError(8, '[SSL: UNEXPECTED_EOF_WHILE_READING] EOF occurred in violation of protocol (_ssl.c:1033)')))
2026-05-24 23:44:36,104 [ERROR] K 线失败 ETH (5 次重试耗尽): HTTPSConnectionPool(host='testnet.binancefuture.com', port=443): Max retries exceeded with url: /fapi/v1/klines?symbol=ETHUSDT&interval=15m&limit=100 (Caused by SSLError(SSLEOFError(8, '[SSL: UNEXPECTED_EOF_WHILE_READING] EOF occurred in violation of protocol (_ssl.c:1033)')))
2026-05-24 23:44:38,107 [WARNING] K 线重试 1/5 ETH: HTTPSConnectionPool(host='testnet.binancefuture.com', port=443): Max retries exceeded with url: /fapi/v1/klines?symbol=ETHUSDT&interval=1h&limit=60 (Caused by SSLError(SSLEOFError(8, '[SSL: UNEXPECTED_EOF_WHILE_READING] EOF occurred in violation of protocol (_ssl.c:1033)')))
2026-05-24 23:44:40,877 [WARNING] K 线重试 2/5 ETH: HTTPSConnectionPool(host='testnet.binancefuture.com', port=443): Max retries exceeded with url: /fapi/v1/klines?symbol=ETHUSDT&interval=1h&limit=60 (Caused by SSLError(SSLEOFError(8, '[SSL: UNEXPECTED_EOF_WHILE_READING] EOF occurred in violation of protocol (_ssl.c:1033)')))
2026-05-24 23:44:41,185 [WARNING] K 线重试 3/5 ETH: HTTPSConnectionPool(host='testnet.binancefuture.com', port=443): Max retries exceeded with url: /fapi/v1/klines?symbol=ETHUSDT&interval=1h&limit=60 (Caused by SSLError(SSLEOFError(8, '[SSL: UNEXPECTED_EOF_WHILE_READING] EOF occurred in violation of protocol (_ssl.c:1033)')))
2026-05-24 23:44:41,694 [WARNING] K 线重试 4/5 ETH: HTTPSConnectionPool(host='testnet.binancefuture.com', port=443): Max retries exceeded with url: /fapi/v1/klines?symbol=ETHUSDT&interval=1h&limit=60 (Caused by SSLError(SSLEOFError(8, '[SSL: UNEXPECTED_EOF_WHILE_READING] EOF occurred in violation of protocol (_ssl.c:1033)')))
2026-05-24 23:44:41,996 [ERROR] K 线失败 ETH (5 次重试耗尽): HTTPSConnectionPool(host='testnet.binancefuture.com', port=443): Max retries exceeded with url: /fapi/v1/klines?symbol=ETHUSDT&interval=1h&limit=60 (Caused by SSLError(SSLEOFError(8, '[SSL: UNEXPECTED_EOF_WHILE_READING] EOF occurred in violation of protocol (_ssl.c:1033)')))
2026-05-24 23:44:42,715 [WARNING] 24hr Ticker failed ETH: HTTPSConnectionPool(host='testnet.binancefuture.com', port=443): Max retries exceeded with url: /fapi/v1/ticker/24hr?symbol=ETHUSDT (Caused by SSLError(SSLEOFError(8, '[SSL: UNEXPECTED_EOF_WHILE_READING] EOF occurred in violation of protocol (_ssl.c:1033)')))
2026-05-24 23:44:42,716 [ERROR] 24h klines failed all fallbacks ETH
2026-05-24 23:44:43,545 [WARNING] K 线重试 1/5 SOL: HTTPSConnectionPool(host='testnet.binancefuture.com', port=443): Max retries exceeded with url: /fapi/v1/klines?symbol=SOLUSDT&interval=15m&limit=100 (Caused by SSLError(SSLEOFError(8, '[SSL: UNEXPECTED_EOF_WHILE_READING] EOF occurred in violation of protocol (_ssl.c:1033)')))
2026-05-24 23:44:43,711 [WARNING] K 线重试 2/5 SOL: HTTPSConnectionPool(host='testnet.binancefuture.com', port=443): Max retries exceeded with url: /fapi/v1/klines?symbol=SOLUSDT&interval=15m&limit=100 (Caused by SSLError(SSLEOFError(8, '[SSL: UNEXPECTED_EOF_WHILE_READING] EOF occurred in violation of protocol (_ssl.c:1033)')))
2026-05-24 23:44:43,912 [WARNING] K 线重试 3/5 SOL: HTTPSConnectionPool(host='testnet.binancefuture.com', port=443): Max retries exceeded with url: /fapi/v1/klines?symbol=SOLUSDT&interval=15m&limit=100 (Caused by SSLError(SSLEOFError(8, '[SSL: UNEXPECTED_EOF_WHILE_READING] EOF occurred in violation of protocol (_ssl.c:1033)')))
2026-05-24 23:44:44,148 [WARNING] K 线重试 4/5 SOL: HTTPSConnectionPool(host='testnet.binancefuture.com', port=443): Max retries exceeded with url: /fapi/v1/klines?symbol=SOLUSDT&interval=15m&limit=100 (Caused by SSLError(SSLEOFError(8, '[SSL: UNEXPECTED_EOF_WHILE_READING] EOF occurred in violation of protocol (_ssl.c:1033)')))
2026-05-24 23:44:44,365 [ERROR] K 线失败 SOL (5 次重试耗尽): HTTPSConnectionPool(host='testnet.binancefuture.com', port=443): Max retries exceeded with url: /fapi/v1/klines?symbol=SOLUSDT&interval=15m&limit=100 (Caused by SSLError(SSLEOFError(8, '[SSL: UNEXPECTED_EOF_WHILE_READING] EOF occurred in violation of protocol (_ssl.c:1033)')))
2026-05-24 23:44:44,543 [WARNING] K 线重试 1/5 SOL: HTTPSConnectionPool(host='testnet.binancefuture.com', port=443): Max retries exceeded with url: /fapi/v1/klines?symbol=SOLUSDT&interval=1h&limit=60 (Caused by SSLError(SSLEOFError(8, '[SSL: UNEXPECTED_EOF_WHILE_READING] EOF occurred in violation of protocol (_ssl.c:1033)')))
2026-05-24 23:44:45,382 [WARNING] K 线重试 2/5 SOL: HTTPSConnectionPool(host='testnet.binancefuture.com', port=443): Max retries exceeded with url: /fapi/v1/klines?symbol=SOLUSDT&interval=1h&limit=60 (Caused by SSLError(SSLEOFError(8, '[SSL: UNEXPECTED_EOF_WHILE_READING] EOF occurred in violation of protocol (_ssl.c:1033)')))
2026-05-24 23:44:45,614 [WARNING] K 线重试 3/5 SOL: HTTPSConnectionPool(host='testnet.binancefuture.com', port=443): Max retries exceeded with url: /fapi/v1/klines?symbol=SOLUSDT&interval=1h&limit=60 (Caused by SSLError(SSLEOFError(8, '[SSL: UNEXPECTED_EOF_WHILE_READING] EOF occurred in violation of protocol (_ssl.c:1033)')))
2026-05-24 23:44:46,613 [WARNING] K 线重试 4/5 SOL: HTTPSConnectionPool(host='testnet.binancefuture.com', port=443): Max retries exceeded with url: /fapi/v1/klines?symbol=SOLUSDT&interval=1h&limit=60 (Caused by SSLError(SSLEOFError(8, '[SSL: UNEXPECTED_EOF_WHILE_READING] EOF occurred in violation of protocol (_ssl.c:1033)')))
2026-05-24 23:44:47,335 [ERROR] K 线失败 SOL (5 次重试耗尽): HTTPSConnectionPool(host='testnet.binancefuture.com', port=443): Max retries exceeded with url: /fapi/v1/klines?symbol=SOLUSDT&interval=1h&limit=60 (Caused by SSLError(SSLEOFError(8, '[SSL: UNEXPECTED_EOF_WHILE_READING] EOF occurred in violation of protocol (_ssl.c:1033)')))
2026-05-24 23:44:47,528 [WARNING] 24hr Ticker failed SOL: HTTPSConnectionPool(host='testnet.binancefuture.com', port=443): Max retries exceeded with url: /fapi/v1/ticker/24hr?symbol=SOLUSDT (Caused by SSLError(SSLEOFError(8, '[SSL: UNEXPECTED_EOF_WHILE_READING] EOF occurred in violation of protocol (_ssl.c:1033)')))
2026-05-24 23:44:47,528 [ERROR] 24h klines failed all fallbacks SOL
2026-05-24 23:44:48,858 [WARNING] K 线重试 1/5 BNB: HTTPSConnectionPool(host='testnet.binancefuture.com', port=443): Max retries exceeded with url: /fapi/v1/klines?symbol=BNBUSDT&interval=15m&limit=100 (Caused by SSLError(SSLEOFError(8, '[SSL: UNEXPECTED_EOF_WHILE_READING] EOF occurred in violation of protocol (_ssl.c:1033)')))
2026-05-24 23:44:50,195 [WARNING] K 线重试 2/5 BNB: HTTPSConnectionPool(host='testnet.binancefuture.com', port=443): Max retries exceeded with url: /fapi/v1/klines?symbol=BNBUSDT&interval=15m&limit=100 (Caused by SSLError(SSLEOFError(8, '[SSL: UNEXPECTED_EOF_WHILE_READING] EOF occurred in violation of protocol (_ssl.c:1033)')))
2026-05-24 23:44:50,428 [WARNING] K 线重试 3/5 BNB: HTTPSConnectionPool(host='testnet.binancefuture.com', port=443): Max retries exceeded with url: /fapi/v1/klines?symbol=BNBUSDT&interval=15m&limit=100 (Caused by SSLError(SSLEOFError(8, '[SSL: UNEXPECTED_EOF_WHILE_READING] EOF occurred in violation of protocol (_ssl.c:1033)')))
2026-05-24 23:44:51,231 [WARNING] K 线重试 4/5 BNB: HTTPSConnectionPool(host='testnet.binancefuture.com', port=443): Max retries exceeded with url: /fapi/v1/klines?symbol=BNBUSDT&interval=15m&limit=100 (Caused by SSLError(SSLEOFError(8, '[SSL: UNEXPECTED_EOF_WHILE_READING] EOF occurred in violation of protocol (_ssl.c:1033)')))
2026-05-24 23:44:51,448 [ERROR] K 线失败 BNB (5 次重试耗尽): HTTPSConnectionPool(host='testnet.binancefuture.com', port=443): Max retries exceeded with url: /fapi/v1/klines?symbol=BNBUSDT&interval=15m&limit=100 (Caused by SSLError(SSLEOFError(8, '[SSL: UNEXPECTED_EOF_WHILE_READING] EOF occurred in violation of protocol (_ssl.c:1033)')))
2026-05-24 23:44:51,784 [WARNING] K 线重试 1/5 BNB: HTTPSConnectionPool(host='testnet.binancefuture.com', port=443): Max retries exceeded with url: /fapi/v1/klines?symbol=BNBUSDT&interval=1h&limit=60 (Caused by SSLError(SSLEOFError(8, '[SSL: UNEXPECTED_EOF_WHILE_READING] EOF occurred in violation of protocol (_ssl.c:1033)')))
2026-05-24 23:44:52,966 [WARNING] K 线重试 2/5 BNB: HTTPSConnectionPool(host='testnet.binancefuture.com', port=443): Max retries exceeded with url: /fapi/v1/klines?symbol=BNBUSDT&interval=1h&limit=60 (Caused by SSLError(SSLEOFError(8, '[SSL: UNEXPECTED_EOF_WHILE_READING] EOF occurred in violation of protocol (_ssl.c:1033)')))
2026-05-24 23:44:54,512 [WARNING] K 线重试 3/5 BNB: HTTPSConnectionPool(host='testnet.binancefuture.com', port=443): Max retries exceeded with url: /fapi/v1/klines?symbol=BNBUSDT&interval=1h&limit=60 (Caused by SSLError(SSLEOFError(8, '[SSL: UNEXPECTED_EOF_WHILE_READING] EOF occurred in violation of protocol (_ssl.c:1033)')))
2026-05-24 23:44:55,389 [WARNING] K 线重试 4/5 BNB: HTTPSConnectionPool(host='testnet.binancefuture.com', port=443): Max retries exceeded with url: /fapi/v1/klines?symbol=BNBUSDT&interval=1h&limit=60 (Caused by SSLError(SSLEOFError(8, '[SSL: UNEXPECTED_EOF_WHILE_READING] EOF occurred in violation of protocol (_ssl.c:1033)')))
2026-05-24 23:44:55,634 [ERROR] K 线失败 BNB (5 次重试耗尽): HTTPSConnectionPool(host='testnet.binancefuture.com', port=443): Max retries exceeded with url: /fapi/v1/klines?symbol=BNBUSDT&interval=1h&limit=60 (Caused by SSLError(SSLEOFError(8, '[SSL: UNEXPECTED_EOF_WHILE_READING] EOF occurred in violation of protocol (_ssl.c:1033)')))
2026-05-24 23:44:57,108 [WARNING] 24hr Ticker failed BNB: HTTPSConnectionPool(host='testnet.binancefuture.com', port=443): Max retries exceeded with url: /fapi/v1/ticker/24hr?symbol=BNBUSDT (Caused by SSLError(SSLEOFError(8, '[SSL: UNEXPECTED_EOF_WHILE_READING] EOF occurred in violation of protocol (_ssl.c:1033)')))
2026-05-24 23:44:57,109 [ERROR] 24h klines failed all fallbacks BNB
2026-05-24 23:44:57,818 [WARNING] K 线重试 1/5 DOT: HTTPSConnectionPool(host='testnet.binancefuture.com', port=443): Max retries exceeded with url: /fapi/v1/klines?symbol=DOTUSDT&interval=15m&limit=100 (Caused by SSLError(SSLEOFError(8, '[SSL: UNEXPECTED_EOF_WHILE_READING] EOF occurred in violation of protocol (_ssl.c:1033)')))
2026-05-24 23:44:59,029 [WARNING] K 线重试 2/5 DOT: HTTPSConnectionPool(host='testnet.binancefuture.com', port=443): Max retries exceeded with url: /fapi/v1/klines?symbol=DOTUSDT&interval=15m&limit=100 (Caused by SSLError(SSLEOFError(8, '[SSL: UNEXPECTED_EOF_WHILE_READING] EOF occurred in violation of protocol (_ssl.c:1033)')))
2026-05-24 23:45:00,692 [WARNING] K 线重试 3/5 DOT: HTTPSConnectionPool(host='testnet.binancefuture.com', port=443): Max retries exceeded with url: /fapi/v1/klines?symbol=DOTUSDT&interval=15m&limit=100 (Caused by SSLError(SSLEOFError(8, '[SSL: UNEXPECTED_EOF_WHILE_READING] EOF occurred in violation of protocol (_ssl.c:1033)')))
2026-05-24 23:45:01,916 [WARNING] K 线重试 4/5 DOT: HTTPSConnectionPool(host='testnet.binancefuture.com', port=443): Max retries exceeded with url: /fapi/v1/klines?symbol=DOTUSDT&interval=15m&limit=100 (Caused by SSLError(SSLEOFError(8, '[SSL: UNEXPECTED_EOF_WHILE_READING] EOF occurred in violation of protocol (_ssl.c:1033)')))
2026-05-24 23:45:02,865 [ERROR] K 线失败 DOT (5 次重试耗尽): HTTPSConnectionPool(host='testnet.binancefuture.com', port=443): Max retries exceeded with url: /fapi/v1/klines?symbol=DOTUSDT&interval=15m&limit=100 (Caused by SSLError(SSLEOFError(8, '[SSL: UNEXPECTED_EOF_WHILE_READING] EOF occurred in violation of protocol (_ssl.c:1033)')))
2026-05-24 23:45:03,764 [WARNING] K 线重试 1/5 DOT: HTTPSConnectionPool(host='testnet.binancefuture.com', port=443): Max retries exceeded with url: /fapi/v1/klines?symbol=DOTUSDT&interval=1h&limit=60 (Caused by SSLError(SSLEOFError(8, '[SSL: UNEXPECTED_EOF_WHILE_READING] EOF occurred in violation of protocol (_ssl.c:1033)')))
2026-05-24 23:45:04,055 [WARNING] K 线重试 2/5 DOT: HTTPSConnectionPool(host='testnet.binancefuture.com', port=443): Max retries exceeded with url: /fapi/v1/klines?symbol=DOTUSDT&interval=1h&limit=60 (Caused by SSLError(SSLEOFError(8, '[SSL: UNEXPECTED_EOF_WHILE_READING] EOF occurred in violation of protocol (_ssl.c:1033)')))
2026-05-24 23:45:04,221 [WARNING] K 线重试 3/5 DOT: HTTPSConnectionPool(host='testnet.binancefuture.com', port=443): Max retries exceeded with url: /fapi/v1/klines?symbol=DOTUSDT&interval=1h&limit=60 (Caused by SSLError(SSLEOFError(8, '[SSL: UNEXPECTED_EOF_WHILE_READING] EOF occurred in violation of protocol (_ssl.c:1033)')))
2026-05-24 23:45:04,401 [WARNING] K 线重试 4/5 DOT: HTTPSConnectionPool(host='testnet.binancefuture.com', port=443): Max retries exceeded with url: /fapi/v1/klines?symbol=DOTUSDT&interval=1h&limit=60 (Caused by SSLError(SSLEOFError(8, '[SSL: UNEXPECTED_EOF_WHILE_READING] EOF occurred in violation of protocol (_ssl.c:1033)')))
2026-05-24 23:45:04,755 [ERROR] K 线失败 DOT (5 次重试耗尽): HTTPSConnectionPool(host='testnet.binancefuture.com', port=443): Max retries exceeded with url: /fapi/v1/klines?symbol=DOTUSDT&interval=1h&limit=60 (Caused by SSLError(SSLEOFError(8, '[SSL: UNEXPECTED_EOF_WHILE_READING] EOF occurred in violation of protocol (_ssl.c:1033)')))
2026-05-24 23:45:05,111 [WARNING] 24hr Ticker failed DOT: HTTPSConnectionPool(host='testnet.binancefuture.com', port=443): Max retries exceeded with url: /fapi/v1/ticker/24hr?symbol=DOTUSDT (Caused by SSLError(SSLEOFError(8, '[SSL: UNEXPECTED_EOF_WHILE_READING] EOF occurred in violation of protocol (_ssl.c:1033)')))
2026-05-24 23:45:05,112 [ERROR] 24h klines failed all fallbacks DOT
2026-05-24 23:45:06,416 [WARNING] K 线重试 1/5 LINK: HTTPSConnectionPool(host='testnet.binancefuture.com', port=443): Max retries exceeded with url: /fapi/v1/klines?symbol=LINKUSDT&interval=15m&limit=100 (Caused by SSLError(SSLEOFError(8, '[SSL: UNEXPECTED_EOF_WHILE_READING] EOF occurred in violation of protocol (_ssl.c:1033)')))
2026-05-24 23:45:07,229 [WARNING] K 线重试 2/5 LINK: HTTPSConnectionPool(host='testnet.binancefuture.com', port=443): Max retries exceeded with url: /fapi/v1/klines?symbol=LINKUSDT&interval=15m&limit=100 (Caused by SSLError(SSLEOFError(8, '[SSL: UNEXPECTED_EOF_WHILE_READING] EOF occurred in violation of protocol (_ssl.c:1033)')))
2026-05-24 23:45:07,440 [WARNING] K 线重试 3/5 LINK: HTTPSConnectionPool(host='testnet.binancefuture.com', port=443): Max retries exceeded with url: /fapi/v1/klines?symbol=LINKUSDT&interval=15m&limit=100 (Caused by SSLError(SSLEOFError(8, '[SSL: UNEXPECTED_EOF_WHILE_READING] EOF occurred in violation of protocol (_ssl.c:1033)')))
2026-05-24 23:45:08,681 [WARNING] K 线重试 4/5 LINK: HTTPSConnectionPool(host='testnet.binancefuture.com', port=443): Max retries exceeded with url: /fapi/v1/klines?symbol=LINKUSDT&interval=15m&limit=100 (Caused by SSLError(SSLEOFError(8, '[SSL: UNEXPECTED_EOF_WHILE_READING] EOF occurred in violation of protocol (_ssl.c:1033)')))
2026-05-24 23:45:08,895 [ERROR] K 线失败 LINK (5 次重试耗尽): HTTPSConnectionPool(host='testnet.binancefuture.com', port=443): Max retries exceeded with url: /fapi/v1/klines?symbol=LINKUSDT&interval=15m&limit=100 (Caused by SSLError(SSLEOFError(8, '[SSL: UNEXPECTED_EOF_WHILE_READING] EOF occurred in violation of protocol (_ssl.c:1033)')))
2026-05-24 23:45:09,137 [WARNING] K 线重试 1/5 LINK: HTTPSConnectionPool(host='testnet.binancefuture.com', port=443): Max retries exceeded with url: /fapi/v1/klines?symbol=LINKUSDT&interval=1h&limit=60 (Caused by SSLError(SSLEOFError(8, '[SSL: UNEXPECTED_EOF_WHILE_READING] EOF occurred in violation of protocol (_ssl.c:1033)')))
2026-05-24 23:45:09,927 [WARNING] K 线重试 2/5 LINK: HTTPSConnectionPool(host='testnet.binancefuture.com', port=443): Max retries exceeded with url: /fapi/v1/klines?symbol=LINKUSDT&interval=1h&limit=60 (Caused by SSLError(SSLEOFError(8, '[SSL: UNEXPECTED_EOF_WHILE_READING] EOF occurred in violation of protocol (_ssl.c:1033)')))
2026-05-24 23:45:10,178 [WARNING] K 线重试 3/5 LINK: HTTPSConnectionPool(host='testnet.binancefuture.com', port=443): Max retries exceeded with url: /fapi/v1/klines?symbol=LINKUSDT&interval=1h&limit=60 (Caused by SSLError(SSLEOFError(8, '[SSL: UNEXPECTED_EOF_WHILE_READING] EOF occurred in violation of protocol (_ssl.c:1033)')))
2026-05-24 23:45:11,510 [WARNING] K 线重试 4/5 LINK: HTTPSConnectionPool(host='testnet.binancefuture.com', port=443): Max retries exceeded with url: /fapi/v1/klines?symbol=LINKUSDT&interval=1h&limit=60 (Caused by SSLError(SSLEOFError(8, '[SSL: UNEXPECTED_EOF_WHILE_READING] EOF occurred in violation of protocol (_ssl.c:1033)')))
2026-05-24 23:45:12,450 [ERROR] K 线失败 LINK (5 次重试耗尽): HTTPSConnectionPool(host='testnet.binancefuture.com', port=443): Max retries exceeded with url: /fapi/v1/klines?symbol=LINKUSDT&interval=1h&limit=60 (Caused by SSLError(SSLEOFError(8, '[SSL: UNEXPECTED_EOF_WHILE_READING] EOF occurred in violation of protocol (_ssl.c:1033)')))
2026-05-24 23:45:12,709 [WARNING] 24hr Ticker failed LINK: HTTPSConnectionPool(host='testnet.binancefuture.com', port=443): Max retries exceeded with url: /fapi/v1/ticker/24hr?symbol=LINKUSDT (Caused by SSLError(SSLEOFError(8, '[SSL: UNEXPECTED_EOF_WHILE_READING] EOF occurred in violation of protocol (_ssl.c:1033)')))
2026-05-24 23:45:12,710 [ERROR] 24h klines failed all fallbacks LINK
2026-05-24 23:45:13,393 [WARNING] K 线重试 1/5 XRP: HTTPSConnectionPool(host='testnet.binancefuture.com', port=443): Max retries exceeded with url: /fapi/v1/klines?symbol=XRPUSDT&interval=15m&limit=100 (Caused by SSLError(SSLEOFError(8, '[SSL: UNEXPECTED_EOF_WHILE_READING] EOF occurred in violation of protocol (_ssl.c:1033)')))
2026-05-24 23:45:14,274 [WARNING] K 线重试 2/5 XRP: HTTPSConnectionPool(host='testnet.binancefuture.com', port=443): Max retries exceeded with url: /fapi/v1/klines?symbol=XRPUSDT&interval=15m&limit=100 (Caused by SSLError(SSLEOFError(8, '[SSL: UNEXPECTED_EOF_WHILE_READING] EOF occurred in violation of protocol (_ssl.c:1033)')))
2026-05-24 23:45:14,448 [WARNING] K 线重试 3/5 XRP: HTTPSConnectionPool(host='testnet.binancefuture.com', port=443): Max retries exceeded with url: /fapi/v1/klines?symbol=XRPUSDT&interval=15m&limit=100 (Caused by SSLError(SSLEOFError(8, '[SSL: UNEXPECTED_EOF_WHILE_READING] EOF occurred in violation of protocol (_ssl.c:1033)')))
2026-05-24 23:45:14,648 [WARNING] K 线重试 4/5 XRP: HTTPSConnectionPool(host='testnet.binancefuture.com', port=443): Max retries exceeded with url: /fapi/v1/klines?symbol=XRPUSDT&interval=15m&limit=100 (Caused by SSLError(SSLEOFError(8, '[SSL: UNEXPECTED_EOF_WHILE_READING] EOF occurred in violation of protocol (_ssl.c:1033)')))
2026-05-24 23:45:15,612 [ERROR] K 线失败 XRP (5 次重试耗尽): HTTPSConnectionPool(host='testnet.binancefuture.com', port=443): Max retries exceeded with url: /fapi/v1/klines?symbol=XRPUSDT&interval=15m&limit=100 (Caused by SSLError(SSLEOFError(8, '[SSL: UNEXPECTED_EOF_WHILE_READING] EOF occurred in violation of protocol (_ssl.c:1033)')))
2026-05-24 23:45:17,234 [WARNING] K 线重试 1/5 XRP: HTTPSConnectionPool(host='testnet.binancefuture.com', port=443): Max retries exceeded with url: /fapi/v1/klines?symbol=XRPUSDT&interval=1h&limit=60 (Caused by SSLError(SSLEOFError(8, '[SSL: UNEXPECTED_EOF_WHILE_READING] EOF occurred in violation of protocol (_ssl.c:1033)')))
2026-05-24 23:45:17,454 [WARNING] K 线重试 2/5 XRP: HTTPSConnectionPool(host='testnet.binancefuture.com', port=443): Max retries exceeded with url: /fapi/v1/klines?symbol=XRPUSDT&interval=1h&limit=60 (Caused by SSLError(SSLEOFError(8, '[SSL: UNEXPECTED_EOF_WHILE_READING] EOF occurred in violation of protocol (_ssl.c:1033)')))
2026-05-24 23:45:17,696 [WARNING] K 线重试 3/5 XRP: HTTPSConnectionPool(host='testnet.binancefuture.com', port=443): Max retries exceeded with url: /fapi/v1/klines?symbol=XRPUSDT&interval=1h&limit=60 (Caused by SSLError(SSLEOFError(8, '[SSL: UNEXPECTED_EOF_WHILE_READING] EOF occurred in violation of protocol (_ssl.c:1033)')))
2026-05-24 23:45:17,927 [WARNING] K 线重试 4/5 XRP: HTTPSConnectionPool(host='testnet.binancefuture.com', port=443): Max retries exceeded with url: /fapi/v1/klines?symbol=XRPUSDT&interval=1h&limit=60 (Caused by SSLError(SSLEOFError(8, '[SSL: UNEXPECTED_EOF_WHILE_READING] EOF occurred in violation of protocol (_ssl.c:1033)')))
2026-05-24 23:45:18,776 [ERROR] K 线失败 XRP (5 次重试耗尽): HTTPSConnectionPool(host='testnet.binancefuture.com', port=443): Max retries exceeded with url: /fapi/v1/klines?symbol=XRPUSDT&interval=1h&limit=60 (Caused by SSLError(SSLEOFError(8, '[SSL: UNEXPECTED_EOF_WHILE_READING] EOF occurred in violation of protocol (_ssl.c:1033)')))
2026-05-24 23:45:19,062 [WARNING] 24hr Ticker failed XRP: HTTPSConnectionPool(host='testnet.binancefuture.com', port=443): Max retries exceeded with url: /fapi/v1/ticker/24hr?symbol=XRPUSDT (Caused by SSLError(SSLEOFError(8, '[SSL: UNEXPECTED_EOF_WHILE_READING] EOF occurred in violation of protocol (_ssl.c:1033)')))
2026-05-24 23:45:19,106 [ERROR] 24h klines failed all fallbacks XRP
2026-05-24 23:45:21,751 [WARNING] WebSocket 断线，5 秒后重连：Cannot connect to host stream.binancefuture.com:443 ssl:default [None]
2026-05-24 23:45:27,879 [WARNING] WebSocket 断线，5 秒后重连：Cannot connect to host stream.binancefuture.com:443 ssl:default [None]
2026-05-24 23:45:39,145 [WARNING] WebSocket 断线，5 秒后重连：Cannot connect to host stream.binancefuture.com:443 ssl:default [None]
2026-05-24 23:45:45,107 [WARNING] WebSocket 断线，5 秒后重连：Cannot connect to host stream.binancefuture.com:443 ssl:default [None]
2026-05-24 23:45:52,834 [WARNING] WebSocket 断线，5 秒后重连：Cannot connect to host stream.binancefuture.com:443 ssl:default [None]
2026-05-24 23:45:58,220 [WARNING] WebSocket 断线，5 秒后重连：Cannot connect to host stream.binancefuture.com:443 ssl:default [None]
2026-05-24 23:46:03,948 [WARNING] WebSocket 断线，5 秒后重连：Cannot connect to host stream.binancefuture.com:443 ssl:default [None]
2026-05-24 23:46:09,508 [ERROR] ❌ Binance API 错误：{'error': "HTTPSConnectionPool(host='testnet.binancefuture.com', port=443): Max retries exceeded with url: /fapi/v2/positionRisk?timestamp=1779637567353&recvWindow=30000&signature=41a7a5273f92170ccb90e1b468d970481b884f78c4d1a1b486e1aa8c3df7f884 (Caused by SSLError(SSLEOFError(8, '[SSL: UNEXPECTED_EOF_WHILE_READING] EOF occurred in violation of protocol (_ssl.c:1033)')))", 'clientOrderId': None}
2026-05-24 23:46:09,508 [INFO] 🔄 持仓同步：API 持仓=0，清空本地缓存（原4个）
2026-05-24 23:46:09,513 [INFO] ✅ 持仓同步完成：0 个（API 为空）
2026-05-24 23:46:11,460 [WARNING] K 线重试 1/5 BTC: HTTPSConnectionPool(host='testnet.binancefuture.com', port=443): Max retries exceeded with url: /fapi/v1/klines?symbol=BTCUSDT&interval=15m&limit=100 (Caused by SSLError(SSLEOFError(8, '[SSL: UNEXPECTED_EOF_WHILE_READING] EOF occurred in violation of protocol (_ssl.c:1033)')))
2026-05-24 23:46:12,650 [WARNING] K 线重试 2/5 BTC: HTTPSConnectionPool(host='testnet.binancefuture.com', port=443): Max retries exceeded with url: /fapi/v1/klines?symbol=BTCUSDT&interval=15m&limit=100 (Caused by SSLError(SSLEOFError(8, '[SSL: UNEXPECTED_EOF_WHILE_READING] EOF occurred in violation of protocol (_ssl.c:1033)')))
2026-05-24 23:46:12,858 [WARNING] K 线重试 3/5 BTC: HTTPSConnectionPool(host='testnet.binancefuture.com', port=443): Max retries exceeded with url: /fapi/v1/klines?symbol=BTCUSDT&interval=15m&limit=100 (Caused by SSLError(SSLEOFError(8, '[SSL: UNEXPECTED_EOF_WHILE_READING] EOF occurred in violation of protocol (_ssl.c:1033)')))
2026-05-24 23:46:13,191 [WARNING] K 线重试 4/5 BTC: HTTPSConnectionPool(host='testnet.binancefuture.com', port=443): Max retries exceeded with url: /fapi/v1/klines?symbol=BTCUSDT&interval=15m&limit=100 (Caused by SSLError(SSLEOFError(8, '[SSL: UNEXPECTED_EOF_WHILE_READING] EOF occurred in violation of protocol (_ssl.c:1033)')))
2026-05-24 23:46:13,748 [ERROR] K 线失败 BTC (5 次重试耗尽): HTTPSConnectionPool(host='testnet.binancefuture.com', port=443): Max retries exceeded with url: /fapi/v1/klines?symbol=BTCUSDT&interval=15m&limit=100 (Caused by SSLError(SSLEOFError(8, '[SSL: UNEXPECTED_EOF_WHILE_READING] EOF occurred in violation of protocol (_ssl.c:1033)')))
2026-05-24 23:46:14,881 [WARNING] K 线重试 1/5 BTC: HTTPSConnectionPool(host='testnet.binancefuture.com', port=443): Max retries exceeded with url: /fapi/v1/klines?symbol=BTCUSDT&interval=1h&limit=60 (Caused by SSLError(SSLEOFError(8, '[SSL: UNEXPECTED_EOF_WHILE_READING] EOF occurred in violation of protocol (_ssl.c:1033)')))
2026-05-24 23:46:15,148 [WARNING] K 线重试 2/5 BTC: HTTPSConnectionPool(host='testnet.binancefuture.com', port=443): Max retries exceeded with url: /fapi/v1/klines?symbol=BTCUSDT&interval=1h&limit=60 (Caused by SSLError(SSLEOFError(8, '[SSL: UNEXPECTED_EOF_WHILE_READING] EOF occurred in violation of protocol (_ssl.c:1033)')))
2026-05-24 23:46:16,378 [WARNING] K 线重试 3/5 BTC: HTTPSConnectionPool(host='testnet.binancefuture.com', port=443): Max retries exceeded with url: /fapi/v1/klines?symbol=BTCUSDT&interval=1h&limit=60 (Caused by SSLError(SSLEOFError(8, '[SSL: UNEXPECTED_EOF_WHILE_READING] EOF occurred in violation of protocol (_ssl.c:1033)')))
2026-05-24 23:46:16,569 [WARNING] K 线重试 4/5 BTC: HTTPSConnectionPool(host='testnet.binancefuture.com', port=443): Max retries exceeded with url: /fapi/v1/klines?symbol=BTCUSDT&interval=1h&limit=60 (Caused by SSLError(SSLEOFError(8, '[SSL: UNEXPECTED_EOF_WHILE_READING] EOF occurred in violation of protocol (_ssl.c:1033)')))
2026-05-24 23:46:18,099 [ERROR] K 线失败 BTC (5 次重试耗尽): HTTPSConnectionPool(host='testnet.binancefuture.com', port=443): Max retries exceeded with url: /fapi/v1/klines?symbol=BTCUSDT&interval=1h&limit=60 (Caused by SSLError(SSLEOFError(8, '[SSL: UNEXPECTED_EOF_WHILE_READING] EOF occurred in violation of protocol (_ssl.c:1033)')))
2026-05-24 23:46:18,360 [WARNING] 24hr Ticker failed BTC: HTTPSConnectionPool(host='testnet.binancefuture.com', port=443): Max retries exceeded with url: /fapi/v1/ticker/24hr?symbol=BTCUSDT (Caused by SSLError(SSLEOFError(8, '[SSL: UNEXPECTED_EOF_WHILE_READING] EOF occurred in violation of protocol (_ssl.c:1033)')))
2026-05-24 23:46:18,360 [ERROR] 24h klines failed all fallbacks BTC
2026-05-24 23:46:18,605 [WARNING] K 线重试 1/5 ETH: HTTPSConnectionPool(host='testnet.binancefuture.com', port=443): Max retries exceeded with url: /fapi/v1/klines?symbol=ETHUSDT&interval=15m&limit=100 (Caused by SSLError(SSLEOFError(8, '[SSL: UNEXPECTED_EOF_WHILE_READING] EOF occurred in violation of protocol (_ssl.c:1033)')))
2026-05-24 23:46:19,278 [WARNING] K 线重试 2/5 ETH: HTTPSConnectionPool(host='testnet.binancefuture.com', port=443): Max retries exceeded with url: /fapi/v1/klines?symbol=ETHUSDT&interval=15m&limit=100 (Caused by SSLError(SSLEOFError(8, '[SSL: UNEXPECTED_EOF_WHILE_READING] EOF occurred in violation of protocol (_ssl.c:1033)')))
2026-05-24 23:46:19,671 [WARNING] K 线重试 3/5 ETH: HTTPSConnectionPool(host='testnet.binancefuture.com', port=443): Max retries exceeded with url: /fapi/v1/klines?symbol=ETHUSDT&interval=15m&limit=100 (Caused by SSLError(SSLEOFError(8, '[SSL: UNEXPECTED_EOF_WHILE_READING] EOF occurred in violation of protocol (_ssl.c:1033)')))
2026-05-24 23:46:20,300 [WARNING] K 线重试 4/5 ETH: HTTPSConnectionPool(host='testnet.binancefuture.com', port=443): Max retries exceeded with url: /fapi/v1/klines?symbol=ETHUSDT&interval=15m&limit=100 (Caused by SSLError(SSLEOFError(8, '[SSL: UNEXPECTED_EOF_WHILE_READING] EOF occurred in violation of protocol (_ssl.c:1033)')))
2026-05-24 23:46:20,983 [ERROR] K 线失败 ETH (5 次重试耗尽): HTTPSConnectionPool(host='testnet.binancefuture.com', port=443): Max retries exceeded with url: /fapi/v1/klines?symbol=ETHUSDT&interval=15m&limit=100 (Caused by SSLError(SSLEOFError(8, '[SSL: UNEXPECTED_EOF_WHILE_READING] EOF occurred in violation of protocol (_ssl.c:1033)')))
2026-05-24 23:46:21,252 [WARNING] K 线重试 1/5 ETH: HTTPSConnectionPool(host='testnet.binancefuture.com', port=443): Max retries exceeded with url: /fapi/v1/klines?symbol=ETHUSDT&interval=1h&limit=60 (Caused by SSLError(SSLEOFError(8, '[SSL: UNEXPECTED_EOF_WHILE_READING] EOF occurred in violation of protocol (_ssl.c:1033)')))
2026-05-24 23:46:22,822 [WARNING] K 线重试 2/5 ETH: HTTPSConnectionPool(host='testnet.binancefuture.com', port=443): Max retries exceeded with url: /fapi/v1/klines?symbol=ETHUSDT&interval=1h&limit=60 (Caused by SSLError(SSLEOFError(8, '[SSL: UNEXPECTED_EOF_WHILE_READING] EOF occurred in violation of protocol (_ssl.c:1033)')))
2026-05-24 23:46:23,210 [WARNING] K 线重试 3/5 ETH: HTTPSConnectionPool(host='testnet.binancefuture.com', port=443): Max retries exceeded with url: /fapi/v1/klines?symbol=ETHUSDT&interval=1h&limit=60 (Caused by SSLError(SSLEOFError(8, '[SSL: UNEXPECTED_EOF_WHILE_READING] EOF occurred in violation of protocol (_ssl.c:1033)')))
2026-05-24 23:46:23,464 [WARNING] K 线重试 4/5 ETH: HTTPSConnectionPool(host='testnet.binancefuture.com', port=443): Max retries exceeded with url: /fapi/v1/klines?symbol=ETHUSDT&interval=1h&limit=60 (Caused by SSLError(SSLEOFError(8, '[SSL: UNEXPECTED_EOF_WHILE_READING] EOF occurred in violation of protocol (_ssl.c:1033)')))
2026-05-24 23:46:24,726 [ERROR] K 线失败 ETH (5 次重试耗尽): HTTPSConnectionPool(host='testnet.binancefuture.com', port=443): Max retries exceeded with url: /fapi/v1/klines?symbol=ETHUSDT&interval=1h&limit=60 (Caused by SSLError(SSLEOFError(8, '[SSL: UNEXPECTED_EOF_WHILE_READING] EOF occurred in violation of protocol (_ssl.c:1033)')))
2026-05-24 23:46:25,952 [WARNING] 24hr Ticker failed ETH: HTTPSConnectionPool(host='testnet.binancefuture.com', port=443): Max retries exceeded with url: /fapi/v1/ticker/24hr?symbol=ETHUSDT (Caused by SSLError(SSLEOFError(8, '[SSL: UNEXPECTED_EOF_WHILE_READING] EOF occurred in violation of protocol (_ssl.c:1033)')))
2026-05-24 23:46:25,952 [ERROR] 24h klines failed all fallbacks ETH
2026-05-24 23:46:26,194 [WARNING] K 线重试 1/5 SOL: HTTPSConnectionPool(host='testnet.binancefuture.com', port=443): Max retries exceeded with url: /fapi/v1/klines?symbol=SOLUSDT&interval=15m&limit=100 (Caused by SSLError(SSLEOFError(8, '[SSL: UNEXPECTED_EOF_WHILE_READING] EOF occurred in violation of protocol (_ssl.c:1033)')))
2026-05-24 23:46:27,565 [WARNING] K 线重试 2/5 SOL: HTTPSConnectionPool(host='testnet.binancefuture.com', port=443): Max retries exceeded with url: /fapi/v1/klines?symbol=SOLUSDT&interval=15m&limit=100 (Caused by SSLError(SSLEOFError(8, '[SSL: UNEXPECTED_EOF_WHILE_READING] EOF occurred in violation of protocol (_ssl.c:1033)')))
2026-05-24 23:46:27,758 [WARNING] K 线重试 3/5 SOL: HTTPSConnectionPool(host='testnet.binancefuture.com', port=443): Max retries exceeded with url: /fapi/v1/klines?symbol=SOLUSDT&interval=15m&limit=100 (Caused by SSLError(SSLEOFError(8, '[SSL: UNEXPECTED_EOF_WHILE_READING] EOF occurred in violation of protocol (_ssl.c:1033)')))
2026-05-24 23:46:42,827 [WARNING] K 线重试 4/5 SOL: HTTPSConnectionPool(host='testnet.binancefuture.com', port=443): Read timed out. (read timeout=15)
2026-05-24 23:46:43,683 [ERROR] K 线失败 SOL (5 次重试耗尽): HTTPSConnectionPool(host='testnet.binancefuture.com', port=443): Max retries exceeded with url: /fapi/v1/klines?symbol=SOLUSDT&interval=15m&limit=100 (Caused by SSLError(SSLEOFError(8, '[SSL: UNEXPECTED_EOF_WHILE_READING] EOF occurred in violation of protocol (_ssl.c:1033)')))
2026-05-24 23:46:45,053 [WARNING] K 线重试 1/5 SOL: HTTPSConnectionPool(host='testnet.binancefuture.com', port=443): Max retries exceeded with url: /fapi/v1/klines?symbol=SOLUSDT&interval=1h&limit=60 (Caused by SSLError(SSLEOFError(8, '[SSL: UNEXPECTED_EOF_WHILE_READING] EOF occurred in violation of protocol (_ssl.c:1033)')))
2026-05-24 23:46:45,266 [WARNING] K 线重试 2/5 SOL: HTTPSConnectionPool(host='testnet.binancefuture.com', port=443): Max retries exceeded with url: /fapi/v1/klines?symbol=SOLUSDT&interval=1h&limit=60 (Caused by SSLError(SSLEOFError(8, '[SSL: UNEXPECTED_EOF_WHILE_READING] EOF occurred in violation of protocol (_ssl.c:1033)')))
2026-05-24 23:46:46,028 [WARNING] K 线重试 3/5 SOL: HTTPSConnectionPool(host='testnet.binancefuture.com', port=443): Max retries exceeded with url: /fapi/v1/klines?symbol=SOLUSDT&interval=1h&limit=60 (Caused by SSLError(SSLEOFError(8, '[SSL: UNEXPECTED_EOF_WHILE_READING] EOF occurred in violation of protocol (_ssl.c:1033)')))
2026-05-24 23:46:46,636 [WARNING] K 线重试 4/5 SOL: HTTPSConnectionPool(host='testnet.binancefuture.com', port=443): Max retries exceeded with url: /fapi/v1/klines?symbol=SOLUSDT&interval=1h&limit=60 (Caused by SSLError(SSLEOFError(8, '[SSL: UNEXPECTED_EOF_WHILE_READING] EOF occurred in violation of protocol (_ssl.c:1033)')))
2026-05-24 23:46:46,847 [ERROR] K 线失败 SOL (5 次重试耗尽): HTTPSConnectionPool(host='testnet.binancefuture.com', port=443): Max retries exceeded with url: /fapi/v1/klines?symbol=SOLUSDT&interval=1h&limit=60 (Caused by SSLError(SSLEOFError(8, '[SSL: UNEXPECTED_EOF_WHILE_READING] EOF occurred in violation of protocol (_ssl.c:1033)')))
2026-05-24 23:46:47,032 [WARNING] 24hr Ticker failed SOL: HTTPSConnectionPool(host='testnet.binancefuture.com', port=443): Max retries exceeded with url: /fapi/v1/ticker/24hr?symbol=SOLUSDT (Caused by SSLError(SSLEOFError(8, '[SSL: UNEXPECTED_EOF_WHILE_READING] EOF occurred in violation of protocol (_ssl.c:1033)')))
2026-05-24 23:46:47,033 [ERROR] 24h klines failed all fallbacks SOL
2026-05-24 23:46:47,425 [WARNING] K 线重试 1/5 BNB: HTTPSConnectionPool(host='testnet.binancefuture.com', port=443): Max retries exceeded with url: /fapi/v1/klines?symbol=BNBUSDT&interval=15m&limit=100 (Caused by SSLError(SSLEOFError(8, '[SSL: UNEXPECTED_EOF_WHILE_READING] EOF occurred in violation of protocol (_ssl.c:1033)')))
2026-05-24 23:46:48,044 [WARNING] K 线重试 2/5 BNB: HTTPSConnectionPool(host='testnet.binancefuture.com', port=443): Max retries exceeded with url: /fapi/v1/klines?symbol=BNBUSDT&interval=15m&limit=100 (Caused by SSLError(SSLEOFError(8, '[SSL: UNEXPECTED_EOF_WHILE_READING] EOF occurred in violation of protocol (_ssl.c:1033)')))
2026-05-24 23:46:48,248 [WARNING] K 线重试 3/5 BNB: HTTPSConnectionPool(host='testnet.binancefuture.com', port=443): Max retries exceeded with url: /fapi/v1/klines?symbol=BNBUSDT&interval=15m&limit=100 (Caused by SSLError(SSLEOFError(8, '[SSL: UNEXPECTED_EOF_WHILE_READING] EOF occurred in violation of protocol (_ssl.c:1033)')))
2026-05-24 23:46:49,379 [WARNING] K 线重试 4/5 BNB: HTTPSConnectionPool(host='testnet.binancefuture.com', port=443): Max retries exceeded with url: /fapi/v1/klines?symbol=BNBUSDT&interval=15m&limit=100 (Caused by SSLError(SSLEOFError(8, '[SSL: UNEXPECTED_EOF_WHILE_READING] EOF occurred in violation of protocol (_ssl.c:1033)')))
2026-05-24 23:46:49,576 [ERROR] K 线失败 BNB (5 次重试耗尽): HTTPSConnectionPool(host='testnet.binancefuture.com', port=443): Max retries exceeded with url: /fapi/v1/klines?symbol=BNBUSDT&interval=15m&limit=100 (Caused by SSLError(SSLEOFError(8, '[SSL: UNEXPECTED_EOF_WHILE_READING] EOF occurred in violation of protocol (_ssl.c:1033)')))
2026-05-24 23:46:49,769 [WARNING] K 线重试 1/5 BNB: HTTPSConnectionPool(host='testnet.binancefuture.com', port=443): Max retries exceeded with url: /fapi/v1/klines?symbol=BNBUSDT&interval=1h&limit=60 (Caused by SSLError(SSLEOFError(8, '[SSL: UNEXPECTED_EOF_WHILE_READING] EOF occurred in violation of protocol (_ssl.c:1033)')))
2026-05-24 23:46:51,035 [WARNING] K 线重试 2/5 BNB: HTTPSConnectionPool(host='testnet.binancefuture.com', port=443): Max retries exceeded with url: /fapi/v1/klines?symbol=BNBUSDT&interval=1h&limit=60 (Caused by SSLError(SSLEOFError(8, '[SSL: UNEXPECTED_EOF_WHILE_READING] EOF occurred in violation of protocol (_ssl.c:1033)')))
2026-05-24 23:46:52,215 [WARNING] K 线重试 3/5 BNB: HTTPSConnectionPool(host='testnet.binancefuture.com', port=443): Max retries exceeded with url: /fapi/v1/klines?symbol=BNBUSDT&interval=1h&limit=60 (Caused by SSLError(SSLEOFError(8, '[SSL: UNEXPECTED_EOF_WHILE_READING] EOF occurred in violation of protocol (_ssl.c:1033)')))
2026-05-24 23:46:52,423 [WARNING] K 线重试 4/5 BNB: HTTPSConnectionPool(host='testnet.binancefuture.com', port=443): Max retries exceeded with url: /fapi/v1/klines?symbol=BNBUSDT&interval=1h&limit=60 (Caused by SSLError(SSLEOFError(8, '[SSL: UNEXPECTED_EOF_WHILE_READING] EOF occurred in violation of protocol (_ssl.c:1033)')))
2026-05-24 23:46:52,603 [ERROR] K 线失败 BNB (5 次重试耗尽): HTTPSConnectionPool(host='testnet.binancefuture.com', port=443): Max retries exceeded with url: /fapi/v1/klines?symbol=BNBUSDT&interval=1h&limit=60 (Caused by SSLError(SSLEOFError(8, '[SSL: UNEXPECTED_EOF_WHILE_READING] EOF occurred in violation of protocol (_ssl.c:1033)')))
2026-05-24 23:46:53,279 [WARNING] 24hr Ticker failed BNB: HTTPSConnectionPool(host='testnet.binancefuture.com', port=443): Max retries exceeded with url: /fapi/v1/ticker/24hr?symbol=BNBUSDT (Caused by SSLError(SSLEOFError(8, '[SSL: UNEXPECTED_EOF_WHILE_READING] EOF occurred in violation of protocol (_ssl.c:1033)')))
2026-05-24 23:46:53,280 [ERROR] 24h klines failed all fallbacks BNB
2026-05-24 23:46:53,512 [WARNING] K 线重试 1/5 DOT: HTTPSConnectionPool(host='testnet.binancefuture.com', port=443): Max retries exceeded with url: /fapi/v1/klines?symbol=DOTUSDT&interval=15m&limit=100 (Caused by SSLError(SSLEOFError(8, '[SSL: UNEXPECTED_EOF_WHILE_READING] EOF occurred in violation of protocol (_ssl.c:1033)')))
2026-05-24 23:46:53,856 [WARNING] K 线重试 2/5 DOT: HTTPSConnectionPool(host='testnet.binancefuture.com', port=443): Max retries exceeded with url: /fapi/v1/klines?symbol=DOTUSDT&interval=15m&limit=100 (Caused by SSLError(SSLEOFError(8, '[SSL: UNEXPECTED_EOF_WHILE_READING] EOF occurred in violation of protocol (_ssl.c:1033)')))
2026-05-24 23:46:55,176 [WARNING] K 线重试 3/5 DOT: HTTPSConnectionPool(host='testnet.binancefuture.com', port=443): Max retries exceeded with url: /fapi/v1/klines?symbol=DOTUSDT&interval=15m&limit=100 (Caused by SSLError(SSLEOFError(8, '[SSL: UNEXPECTED_EOF_WHILE_READING] EOF occurred in violation of protocol (_ssl.c:1033)')))
2026-05-24 23:46:55,359 [WARNING] K 线重试 4/5 DOT: HTTPSConnectionPool(host='testnet.binancefuture.com', port=443): Max retries exceeded with url: /fapi/v1/klines?symbol=DOTUSDT&interval=15m&limit=100 (Caused by SSLError(SSLEOFError(8, '[SSL: UNEXPECTED_EOF_WHILE_READING] EOF occurred in violation of protocol (_ssl.c:1033)')))
2026-05-24 23:46:55,829 [ERROR] K 线失败 DOT (5 次重试耗尽): HTTPSConnectionPool(host='testnet.binancefuture.com', port=443): Max retries exceeded with url: /fapi/v1/klines?symbol=DOTUSDT&interval=15m&limit=100 (Caused by SSLError(SSLEOFError(8, '[SSL: UNEXPECTED_EOF_WHILE_READING] EOF occurred in violation of protocol (_ssl.c:1033)')))
2026-05-24 23:46:56,178 [WARNING] K 线重试 1/5 DOT: HTTPSConnectionPool(host='testnet.binancefuture.com', port=443): Max retries exceeded with url: /fapi/v1/klines?symbol=DOTUSDT&interval=1h&limit=60 (Caused by SSLError(SSLEOFError(8, '[SSL: UNEXPECTED_EOF_WHILE_READING] EOF occurred in violation of protocol (_ssl.c:1033)')))
2026-05-24 23:46:56,370 [WARNING] K 线重试 2/5 DOT: HTTPSConnectionPool(host='testnet.binancefuture.com', port=443): Max retries exceeded with url: /fapi/v1/klines?symbol=DOTUSDT&interval=1h&limit=60 (Caused by SSLError(SSLEOFError(8, '[SSL: UNEXPECTED_EOF_WHILE_READING] EOF occurred in violation of protocol (_ssl.c:1033)')))
2026-05-24 23:46:56,565 [WARNING] K 线重试 3/5 DOT: HTTPSConnectionPool(host='testnet.binancefuture.com', port=443): Max retries exceeded with url: /fapi/v1/klines?symbol=DOTUSDT&interval=1h&limit=60 (Caused by SSLError(SSLEOFError(8, '[SSL: UNEXPECTED_EOF_WHILE_READING] EOF occurred in violation of protocol (_ssl.c:1033)')))
2026-05-24 23:46:56,820 [WARNING] K 线重试 4/5 DOT: HTTPSConnectionPool(host='testnet.binancefuture.com', port=443): Max retries exceeded with url: /fapi/v1/klines?symbol=DOTUSDT&interval=1h&limit=60 (Caused by SSLError(SSLEOFError(8, '[SSL: UNEXPECTED_EOF_WHILE_READING] EOF occurred in violation of protocol (_ssl.c:1033)')))
2026-05-24 23:46:57,526 [ERROR] K 线失败 DOT (5 次重试耗尽): HTTPSConnectionPool(host='testnet.binancefuture.com', port=443): Max retries exceeded with url: /fapi/v1/klines?symbol=DOTUSDT&interval=1h&limit=60 (Caused by SSLError(SSLEOFError(8, '[SSL: UNEXPECTED_EOF_WHILE_READING] EOF occurred in violation of protocol (_ssl.c:1033)')))
2026-05-24 23:46:57,738 [WARNING] 24hr Ticker failed DOT: HTTPSConnectionPool(host='testnet.binancefuture.com', port=443): Max retries exceeded with url: /fapi/v1/ticker/24hr?symbol=DOTUSDT (Caused by SSLError(SSLEOFError(8, '[SSL: UNEXPECTED_EOF_WHILE_READING] EOF occurred in violation of protocol (_ssl.c:1033)')))
2026-05-24 23:46:57,738 [ERROR] 24h klines failed all fallbacks DOT
2026-05-24 23:46:58,301 [WARNING] K 线重试 1/5 LINK: HTTPSConnectionPool(host='testnet.binancefuture.com', port=443): Max retries exceeded with url: /fapi/v1/klines?symbol=LINKUSDT&interval=15m&limit=100 (Caused by SSLError(SSLEOFError(8, '[SSL: UNEXPECTED_EOF_WHILE_READING] EOF occurred in violation of protocol (_ssl.c:1033)')))
2026-05-24 23:46:59,075 [WARNING] K 线重试 2/5 LINK: HTTPSConnectionPool(host='testnet.binancefuture.com', port=443): Max retries exceeded with url: /fapi/v1/klines?symbol=LINKUSDT&interval=15m&limit=100 (Caused by SSLError(SSLEOFError(8, '[SSL: UNEXPECTED_EOF_WHILE_READING] EOF occurred in violation of protocol (_ssl.c:1033)')))
2026-05-24 23:46:59,260 [WARNING] K 线重试 3/5 LINK: HTTPSConnectionPool(host='testnet.binancefuture.com', port=443): Max retries exceeded with url: /fapi/v1/klines?symbol=LINKUSDT&interval=15m&limit=100 (Caused by SSLError(SSLEOFError(8, '[SSL: UNEXPECTED_EOF_WHILE_READING] EOF occurred in violation of protocol (_ssl.c:1033)')))
2026-05-24 23:46:59,933 [WARNING] K 线重试 4/5 LINK: HTTPSConnectionPool(host='testnet.binancefuture.com', port=443): Max retries exceeded with url: /fapi/v1/klines?symbol=LINKUSDT&interval=15m&limit=100 (Caused by SSLError(SSLEOFError(8, '[SSL: UNEXPECTED_EOF_WHILE_READING] EOF occurred in violation of protocol (_ssl.c:1033)')))
2026-05-24 23:47:00,128 [ERROR] K 线失败 LINK (5 次重试耗尽): HTTPSConnectionPool(host='testnet.binancefuture.com', port=443): Max retries exceeded with url: /fapi/v1/klines?symbol=LINKUSDT&interval=15m&limit=100 (Caused by SSLError(SSLEOFError(8, '[SSL: UNEXPECTED_EOF_WHILE_READING] EOF occurred in violation of protocol (_ssl.c:1033)')))
2026-05-24 23:47:00,387 [WARNING] K 线重试 1/5 LINK: HTTPSConnectionPool(host='testnet.binancefuture.com', port=443): Max retries exceeded with url: /fapi/v1/klines?symbol=LINKUSDT&interval=1h&limit=60 (Caused by SSLError(SSLEOFError(8, '[SSL: UNEXPECTED_EOF_WHILE_READING] EOF occurred in violation of protocol (_ssl.c:1033)')))
2026-05-24 23:47:00,575 [WARNING] K 线重试 2/5 LINK: HTTPSConnectionPool(host='testnet.binancefuture.com', port=443): Max retries exceeded with url: /fapi/v1/klines?symbol=LINKUSDT&interval=1h&limit=60 (Caused by SSLError(SSLEOFError(8, '[SSL: UNEXPECTED_EOF_WHILE_READING] EOF occurred in violation of protocol (_ssl.c:1033)')))
2026-05-24 23:47:00,998 [WARNING] K 线重试 3/5 LINK: HTTPSConnectionPool(host='testnet.binancefuture.com', port=443): Max retries exceeded with url: /fapi/v1/klines?symbol=LINKUSDT&interval=1h&limit=60 (Caused by SSLError(SSLEOFError(8, '[SSL: UNEXPECTED_EOF_WHILE_READING] EOF occurred in violation of protocol (_ssl.c:1033)')))
2026-05-24 23:47:01,204 [WARNING] K 线重试 4/5 LINK: HTTPSConnectionPool(host='testnet.binancefuture.com', port=443): Max retries exceeded with url: /fapi/v1/klines?symbol=LINKUSDT&interval=1h&limit=60 (Caused by SSLError(SSLEOFError(8, '[SSL: UNEXPECTED_EOF_WHILE_READING] EOF occurred in violation of protocol (_ssl.c:1033)')))
2026-05-24 23:47:01,433 [ERROR] K 线失败 LINK (5 次重试耗尽): HTTPSConnectionPool(host='testnet.binancefuture.com', port=443): Max retries exceeded with url: /fapi/v1/klines?symbol=LINKUSDT&interval=1h&limit=60 (Caused by SSLError(SSLEOFError(8, '[SSL: UNEXPECTED_EOF_WHILE_READING] EOF occurred in violation of protocol (_ssl.c:1033)')))
2026-05-24 23:47:02,595 [WARNING] 24hr Ticker failed LINK: HTTPSConnectionPool(host='testnet.binancefuture.com', port=443): Max retries exceeded with url: /fapi/v1/ticker/24hr?symbol=LINKUSDT (Caused by SSLError(SSLEOFError(8, '[SSL: UNEXPECTED_EOF_WHILE_READING] EOF occurred in violation of protocol (_ssl.c:1033)')))
2026-05-24 23:47:02,595 [ERROR] 24h klines failed all fallbacks LINK
2026-05-24 23:47:02,789 [WARNING] K 线重试 1/5 XRP: HTTPSConnectionPool(host='testnet.binancefuture.com', port=443): Max retries exceeded with url: /fapi/v1/klines?symbol=XRPUSDT&interval=15m&limit=100 (Caused by SSLError(SSLEOFError(8, '[SSL: UNEXPECTED_EOF_WHILE_READING] EOF occurred in violation of protocol (_ssl.c:1033)')))
2026-05-24 23:47:03,792 [WARNING] K 线重试 2/5 XRP: HTTPSConnectionPool(host='testnet.binancefuture.com', port=443): Max retries exceeded with url: /fapi/v1/klines?symbol=XRPUSDT&interval=15m&limit=100 (Caused by SSLError(SSLEOFError(8, '[SSL: UNEXPECTED_EOF_WHILE_READING] EOF occurred in violation of protocol (_ssl.c:1033)')))
2026-05-24 23:47:04,441 [WARNING] K 线重试 3/5 XRP: HTTPSConnectionPool(host='testnet.binancefuture.com', port=443): Max retries exceeded with url: /fapi/v1/klines?symbol=XRPUSDT&interval=15m&limit=100 (Caused by SSLError(SSLEOFError(8, '[SSL: UNEXPECTED_EOF_WHILE_READING] EOF occurred in violation of protocol (_ssl.c:1033)')))
2026-05-24 23:47:04,641 [WARNING] K 线重试 4/5 XRP: HTTPSConnectionPool(host='testnet.binancefuture.com', port=443): Max retries exceeded with url: /fapi/v1/klines?symbol=XRPUSDT&interval=15m&limit=100 (Caused by SSLError(SSLEOFError(8, '[SSL: UNEXPECTED_EOF_WHILE_READING] EOF occurred in violation of protocol (_ssl.c:1033)')))
2026-05-24 23:47:04,829 [ERROR] K 线失败 XRP (5 次重试耗尽): HTTPSConnectionPool(host='testnet.binancefuture.com', port=443): Max retries exceeded with url: /fapi/v1/klines?symbol=XRPUSDT&interval=15m&limit=100 (Caused by SSLError(SSLEOFError(8, '[SSL: UNEXPECTED_EOF_WHILE_READING] EOF occurred in violation of protocol (_ssl.c:1033)')))
2026-05-24 23:47:05,055 [WARNING] K 线重试 1/5 XRP: HTTPSConnectionPool(host='testnet.binancefuture.com', port=443): Max retries exceeded with url: /fapi/v1/klines?symbol=XRPUSDT&interval=1h&limit=60 (Caused by SSLError(SSLEOFError(8, '[SSL: UNEXPECTED_EOF_WHILE_READING] EOF occurred in violation of protocol (_ssl.c:1033)')))
2026-05-24 23:47:05,771 [WARNING] K 线重试 2/5 XRP: HTTPSConnectionPool(host='testnet.binancefuture.com', port=443): Max retries exceeded with url: /fapi/v1/klines?symbol=XRPUSDT&interval=1h&limit=60 (Caused by SSLError(SSLEOFError(8, '[SSL: UNEXPECTED_EOF_WHILE_READING] EOF occurred in violation of protocol (_ssl.c:1033)')))
2026-05-24 23:47:06,690 [WARNING] K 线重试 3/5 XRP: HTTPSConnectionPool(host='testnet.binancefuture.com', port=443): Max retries exceeded with url: /fapi/v1/klines?symbol=XRPUSDT&interval=1h&limit=60 (Caused by SSLError(SSLEOFError(8, '[SSL: UNEXPECTED_EOF_WHILE_READING] EOF occurred in violation of protocol (_ssl.c:1033)')))
2026-05-24 23:47:07,472 [WARNING] K 线重试 4/5 XRP: HTTPSConnectionPool(host='testnet.binancefuture.com', port=443): Max retries exceeded with url: /fapi/v1/klines?symbol=XRPUSDT&interval=1h&limit=60 (Caused by SSLError(SSLEOFError(8, '[SSL: UNEXPECTED_EOF_WHILE_READING] EOF occurred in violation of protocol (_ssl.c:1033)')))
2026-05-24 23:47:08,222 [ERROR] K 线失败 XRP (5 次重试耗尽): HTTPSConnectionPool(host='testnet.binancefuture.com', port=443): Max retries exceeded with url: /fapi/v1/klines?symbol=XRPUSDT&interval=1h&limit=60 (Caused by SSLError(SSLEOFError(8, '[SSL: UNEXPECTED_EOF_WHILE_READING] EOF occurred in violation of protocol (_ssl.c:1033)')))
2026-05-24 23:47:08,482 [WARNING] 24hr Ticker failed XRP: HTTPSConnectionPool(host='testnet.binancefuture.com', port=443): Max retries exceeded with url: /fapi/v1/ticker/24hr?symbol=XRPUSDT (Caused by SSLError(SSLEOFError(8, '[SSL: UNEXPECTED_EOF_WHILE_READING] EOF occurred in violation of protocol (_ssl.c:1033)')))
2026-05-24 23:47:08,483 [ERROR] 24h klines failed all fallbacks XRP
2026-05-24 23:47:08,916 [WARNING] 恐惧贪婪指数获取失败: HTTPSConnectionPool(host='api.alternative.me', port=443): Max retries exceeded with url: /fng/?limit=1 (Caused by SSLError(SSLEOFError(8, '[SSL: UNEXPECTED_EOF_WHILE_READING] EOF occurred in violation of protocol (_ssl.c:1033)')))
2026-05-24 23:47:09,612 [WARNING] 资金费率获取失败 BTC: HTTPSConnectionPool(host='testnet.binancefuture.com', port=443): Max retries exceeded with url: /fapi/v1/fundingRate?symbol=BTCUSDT&limit=1 (Caused by SSLError(SSLEOFError(8, '[SSL: UNEXPECTED_EOF_WHILE_READING] EOF occurred in violation of protocol (_ssl.c:1033)')))
2026-05-24 23:47:09,820 [WARNING] 资金费率获取失败 ETH: HTTPSConnectionPool(host='testnet.binancefuture.com', port=443): Max retries exceeded with url: /fapi/v1/fundingRate?symbol=ETHUSDT&limit=1 (Caused by SSLError(SSLEOFError(8, '[SSL: UNEXPECTED_EOF_WHILE_READING] EOF occurred in violation of protocol (_ssl.c:1033)')))
2026-05-24 23:47:10,776 [WARNING] 资金费率获取失败 SOL: HTTPSConnectionPool(host='testnet.binancefuture.com', port=443): Max retries exceeded with url: /fapi/v1/fundingRate?symbol=SOLUSDT&limit=1 (Caused by SSLError(SSLEOFError(8, '[SSL: UNEXPECTED_EOF_WHILE_READING] EOF occurred in violation of protocol (_ssl.c:1033)')))
2026-05-24 23:47:11,181 [WARNING] 资金费率获取失败 BNB: HTTPSConnectionPool(host='testnet.binancefuture.com', port=443): Max retries exceeded with url: /fapi/v1/fundingRate?symbol=BNBUSDT&limit=1 (Caused by SSLError(SSLEOFError(8, '[SSL: UNEXPECTED_EOF_WHILE_READING] EOF occurred in violation of protocol (_ssl.c:1033)')))
2026-05-24 23:47:11,380 [WARNING] 资金费率获取失败 DOT: HTTPSConnectionPool(host='testnet.binancefuture.com', port=443): Max retries exceeded with url: /fapi/v1/fundingRate?symbol=DOTUSDT&limit=1 (Caused by SSLError(SSLEOFError(8, '[SSL: UNEXPECTED_EOF_WHILE_READING] EOF occurred in violation of protocol (_ssl.c:1033)')))
2026-05-24 23:47:11,560 [WARNING] 资金费率获取失败 LINK: HTTPSConnectionPool(host='testnet.binancefuture.com', port=443): Max retries exceeded with url: /fapi/v1/fundingRate?symbol=LINKUSDT&limit=1 (Caused by SSLError(SSLEOFError(8, '[SSL: UNEXPECTED_EOF_WHILE_READING] EOF occurred in violation of protocol (_ssl.c:1033)')))
2026-05-24 23:47:12,694 [WARNING] 资金费率获取失败 XRP: HTTPSConnectionPool(host='testnet.binancefuture.com', port=443): Max retries exceeded with url: /fapi/v1/fundingRate?symbol=XRPUSDT&limit=1 (Caused by SSLError(SSLEOFError(8, '[SSL: UNEXPECTED_EOF_WHILE_READING] EOF occurred in violation of protocol (_ssl.c:1033)')))
2026-05-24 23:47:20,436 [WARNING] WebSocket 断线，5 秒后重连：Cannot connect to host stream.binancefuture.com:443 ssl:default [None]
2026-05-24 23:47:25,687 [WARNING] WebSocket 断线，5 秒后重连：Cannot connect to host stream.binancefuture.com:443 ssl:default [None]
2026-05-24 23:47:32,247 [WARNING] WebSocket 断线，5 秒后重连：Cannot connect to host stream.binancefuture.com:443 ssl:default [None]
2026-05-24 23:47:38,194 [WARNING] WebSocket 断线，5 秒后重连：Cannot connect to host stream.binancefuture.com:443 ssl:default [None]
2026-05-24 23:47:46,391 [WARNING] WebSocket 断线，5 秒后重连：Cannot connect to host stream.binancefuture.com:443 ssl:default [None]
2026-05-24 23:47:53,699 [WARNING] WebSocket 断线，5 秒后重连：Cannot connect to host stream.binancefuture.com:443 ssl:default [None]
2026-05-24 23:48:03,024 [WARNING] K 线重试 1/5 BTC: HTTPSConnectionPool(host='testnet.binancefuture.com', port=443): Max retries exceeded with url: /fapi/v1/klines?symbol=BTCUSDT&interval=15m&limit=100 (Caused by SSLError(SSLEOFError(8, '[SSL: UNEXPECTED_EOF_WHILE_READING] EOF occurred in violation of protocol (_ssl.c:1033)')))
2026-05-24 23:48:04,357 [WARNING] K 线重试 2/5 BTC: HTTPSConnectionPool(host='testnet.binancefuture.com', port=443): Max retries exceeded with url: /fapi/v1/klines?symbol=BTCUSDT&interval=15m&limit=100 (Caused by SSLError(SSLEOFError(8, '[SSL: UNEXPECTED_EOF_WHILE_READING] EOF occurred in violation of protocol (_ssl.c:1033)')))
2026-05-24 23:48:04,584 [WARNING] K 线重试 3/5 BTC: HTTPSConnectionPool(host='testnet.binancefuture.com', port=443): Max retries exceeded with url: /fapi/v1/klines?symbol=BTCUSDT&interval=15m&limit=100 (Caused by SSLError(SSLEOFError(8, '[SSL: UNEXPECTED_EOF_WHILE_READING] EOF occurred in violation of protocol (_ssl.c:1033)')))
2026-05-24 23:48:04,944 [WARNING] K 线重试 4/5 BTC: HTTPSConnectionPool(host='testnet.binancefuture.com', port=443): Max retries exceeded with url: /fapi/v1/klines?symbol=BTCUSDT&interval=15m&limit=100 (Caused by SSLError(SSLEOFError(8, '[SSL: UNEXPECTED_EOF_WHILE_READING] EOF occurred in violation of protocol (_ssl.c:1033)')))
2026-05-24 23:48:06,234 [ERROR] K 线失败 BTC (5 次重试耗尽): HTTPSConnectionPool(host='testnet.binancefuture.com', port=443): Max retries exceeded with url: /fapi/v1/klines?symbol=BTCUSDT&interval=15m&limit=100 (Caused by SSLError(SSLEOFError(8, '[SSL: UNEXPECTED_EOF_WHILE_READING] EOF occurred in violation of protocol (_ssl.c:1033)')))
2026-05-24 23:48:06,420 [WARNING] K 线重试 1/5 BTC: HTTPSConnectionPool(host='testnet.binancefuture.com', port=443): Max retries exceeded with url: /fapi/v1/klines?symbol=BTCUSDT&interval=1h&limit=60 (Caused by SSLError(SSLEOFError(8, '[SSL: UNEXPECTED_EOF_WHILE_READING] EOF occurred in violation of protocol (_ssl.c:1033)')))
2026-05-24 23:48:08,775 [WARNING] K 线重试 2/5 BTC: HTTPSConnectionPool(host='testnet.binancefuture.com', port=443): Max retries exceeded with url: /fapi/v1/klines?symbol=BTCUSDT&interval=1h&limit=60 (Caused by SSLError(SSLEOFError(8, '[SSL: UNEXPECTED_EOF_WHILE_READING] EOF occurred in violation of protocol (_ssl.c:1033)')))
2026-05-24 23:48:10,644 [WARNING] K 线重试 3/5 BTC: HTTPSConnectionPool(host='testnet.binancefuture.com', port=443): Max retries exceeded with url: /fapi/v1/klines?symbol=BTCUSDT&interval=1h&limit=60 (Caused by SSLError(SSLEOFError(8, '[SSL: UNEXPECTED_EOF_WHILE_READING] EOF occurred in violation of protocol (_ssl.c:1033)')))
2026-05-24 23:48:10,834 [WARNING] K 线重试 4/5 BTC: HTTPSConnectionPool(host='testnet.binancefuture.com', port=443): Max retries exceeded with url: /fapi/v1/klines?symbol=BTCUSDT&interval=1h&limit=60 (Caused by SSLError(SSLEOFError(8, '[SSL: UNEXPECTED_EOF_WHILE_READING] EOF occurred in violation of protocol (_ssl.c:1033)')))
2026-05-24 23:48:12,247 [ERROR] K 线失败 BTC (5 次重试耗尽): HTTPSConnectionPool(host='testnet.binancefuture.com', port=443): Max retries exceeded with url: /fapi/v1/klines?symbol=BTCUSDT&interval=1h&limit=60 (Caused by SSLError(SSLEOFError(8, '[SSL: UNEXPECTED_EOF_WHILE_READING] EOF occurred in violation of protocol (_ssl.c:1033)')))
2026-05-24 23:48:12,484 [WARNING] 24hr Ticker failed BTC: HTTPSConnectionPool(host='testnet.binancefuture.com', port=443): Max retries exceeded with url: /fapi/v1/ticker/24hr?symbol=BTCUSDT (Caused by SSLError(SSLEOFError(8, '[SSL: UNEXPECTED_EOF_WHILE_READING] EOF occurred in violation of protocol (_ssl.c:1033)')))
2026-05-24 23:48:12,485 [ERROR] 24h klines failed all fallbacks BTC
2026-05-24 23:48:14,112 [WARNING] K 线重试 1/5 ETH: HTTPSConnectionPool(host='testnet.binancefuture.com', port=443): Max retries exceeded with url: /fapi/v1/klines?symbol=ETHUSDT&interval=15m&limit=100 (Caused by SSLError(SSLEOFError(8, '[SSL: UNEXPECTED_EOF_WHILE_READING] EOF occurred in violation of protocol (_ssl.c:1033)')))
2026-05-24 23:48:14,349 [WARNING] K 线重试 2/5 ETH: HTTPSConnectionPool(host='testnet.binancefuture.com', port=443): Max retries exceeded with url: /fapi/v1/klines?symbol=ETHUSDT&interval=15m&limit=100 (Caused by SSLError(SSLEOFError(8, '[SSL: UNEXPECTED_EOF_WHILE_READING] EOF occurred in violation of protocol (_ssl.c:1033)')))
2026-05-24 23:48:15,107 [WARNING] K 线重试 3/5 ETH: HTTPSConnectionPool(host='testnet.binancefuture.com', port=443): Max retries exceeded with url: /fapi/v1/klines?symbol=ETHUSDT&interval=15m&limit=100 (Caused by SSLError(SSLEOFError(8, '[SSL: UNEXPECTED_EOF_WHILE_READING] EOF occurred in violation of protocol (_ssl.c:1033)')))
2026-05-24 23:48:16,383 [WARNING] K 线重试 4/5 ETH: HTTPSConnectionPool(host='testnet.binancefuture.com', port=443): Max retries exceeded with url: /fapi/v1/klines?symbol=ETHUSDT&interval=15m&limit=100 (Caused by SSLError(SSLEOFError(8, '[SSL: UNEXPECTED_EOF_WHILE_READING] EOF occurred in violation of protocol (_ssl.c:1033)')))
2026-05-24 23:48:17,143 [ERROR] K 线失败 ETH (5 次重试耗尽): HTTPSConnectionPool(host='testnet.binancefuture.com', port=443): Max retries exceeded with url: /fapi/v1/klines?symbol=ETHUSDT&interval=15m&limit=100 (Caused by SSLError(SSLEOFError(8, '[SSL: UNEXPECTED_EOF_WHILE_READING] EOF occurred in violation of protocol (_ssl.c:1033)')))
2026-05-24 23:48:17,971 [WARNING] K 线重试 1/5 ETH: HTTPSConnectionPool(host='testnet.binancefuture.com', port=443): Max retries exceeded with url: /fapi/v1/klines?symbol=ETHUSDT&interval=1h&limit=60 (Caused by SSLError(SSLEOFError(8, '[SSL: UNEXPECTED_EOF_WHILE_READING] EOF occurred in violation of protocol (_ssl.c:1033)')))
2026-05-24 23:48:18,231 [WARNING] K 线重试 2/5 ETH: HTTPSConnectionPool(host='testnet.binancefuture.com', port=443): Max retries exceeded with url: /fapi/v1/klines?symbol=ETHUSDT&interval=1h&limit=60 (Caused by SSLError(SSLEOFError(8, '[SSL: UNEXPECTED_EOF_WHILE_READING] EOF occurred in violation of protocol (_ssl.c:1033)')))
2026-05-24 23:48:19,047 [WARNING] K 线重试 3/5 ETH: HTTPSConnectionPool(host='testnet.binancefuture.com', port=443): Max retries exceeded with url: /fapi/v1/klines?symbol=ETHUSDT&interval=1h&limit=60 (Caused by SSLError(SSLEOFError(8, '[SSL: UNEXPECTED_EOF_WHILE_READING] EOF occurred in violation of protocol (_ssl.c:1033)')))
2026-05-24 23:48:19,285 [WARNING] K 线重试 4/5 ETH: HTTPSConnectionPool(host='testnet.binancefuture.com', port=443): Max retries exceeded with url: /fapi/v1/klines?symbol=ETHUSDT&interval=1h&limit=60 (Caused by SSLError(SSLEOFError(8, '[SSL: UNEXPECTED_EOF_WHILE_READING] EOF occurred in violation of protocol (_ssl.c:1033)')))
2026-05-24 23:48:19,703 [ERROR] K 线失败 ETH (5 次重试耗尽): HTTPSConnectionPool(host='testnet.binancefuture.com', port=443): Max retries exceeded with url: /fapi/v1/klines?symbol=ETHUSDT&interval=1h&limit=60 (Caused by SSLError(SSLEOFError(8, '[SSL: UNEXPECTED_EOF_WHILE_READING] EOF occurred in violation of protocol (_ssl.c:1033)')))
2026-05-24 23:48:20,417 [WARNING] 24hr Ticker failed ETH: HTTPSConnectionPool(host='testnet.binancefuture.com', port=443): Max retries exceeded with url: /fapi/v1/ticker/24hr?symbol=ETHUSDT (Caused by SSLError(SSLEOFError(8, '[SSL: UNEXPECTED_EOF_WHILE_READING] EOF occurred in violation of protocol (_ssl.c:1033)')))
2026-05-24 23:48:20,417 [ERROR] 24h klines failed all fallbacks ETH
2026-05-24 23:48:21,152 [WARNING] K 线重试 1/5 SOL: HTTPSConnectionPool(host='testnet.binancefuture.com', port=443): Max retries exceeded with url: /fapi/v1/klines?symbol=SOLUSDT&interval=15m&limit=100 (Caused by SSLError(SSLEOFError(8, '[SSL: UNEXPECTED_EOF_WHILE_READING] EOF occurred in violation of protocol (_ssl.c:1033)')))
2026-05-24 23:48:21,425 [WARNING] K 线重试 2/5 SOL: HTTPSConnectionPool(host='testnet.binancefuture.com', port=443): Max retries exceeded with url: /fapi/v1/klines?symbol=SOLUSDT&interval=15m&limit=100 (Caused by SSLError(SSLEOFError(8, '[SSL: UNEXPECTED_EOF_WHILE_READING] EOF occurred in violation of protocol (_ssl.c:1033)')))
2026-05-24 23:48:23,399 [WARNING] K 线重试 3/5 SOL: HTTPSConnectionPool(host='testnet.binancefuture.com', port=443): Max retries exceeded with url: /fapi/v1/klines?symbol=SOLUSDT&interval=15m&limit=100 (Caused by SSLError(SSLEOFError(8, '[SSL: UNEXPECTED_EOF_WHILE_READING] EOF occurred in violation of protocol (_ssl.c:1033)')))
2026-05-24 23:48:24,158 [WARNING] K 线重试 4/5 SOL: HTTPSConnectionPool(host='testnet.binancefuture.com', port=443): Max retries exceeded with url: /fapi/v1/klines?symbol=SOLUSDT&interval=15m&limit=100 (Caused by SSLError(SSLEOFError(8, '[SSL: UNEXPECTED_EOF_WHILE_READING] EOF occurred in violation of protocol (_ssl.c:1033)')))
2026-05-24 23:48:24,791 [ERROR] K 线失败 SOL (5 次重试耗尽): HTTPSConnectionPool(host='testnet.binancefuture.com', port=443): Max retries exceeded with url: /fapi/v1/klines?symbol=SOLUSDT&interval=15m&limit=100 (Caused by SSLError(SSLEOFError(8, '[SSL: UNEXPECTED_EOF_WHILE_READING] EOF occurred in violation of protocol (_ssl.c:1033)')))
2026-05-24 23:48:25,129 [WARNING] K 线重试 1/5 SOL: HTTPSConnectionPool(host='testnet.binancefuture.com', port=443): Max retries exceeded with url: /fapi/v1/klines?symbol=SOLUSDT&interval=1h&limit=60 (Caused by SSLError(SSLEOFError(8, '[SSL: UNEXPECTED_EOF_WHILE_READING] EOF occurred in violation of protocol (_ssl.c:1033)')))
2026-05-24 23:48:26,125 [WARNING] K 线重试 2/5 SOL: HTTPSConnectionPool(host='testnet.binancefuture.com', port=443): Max retries exceeded with url: /fapi/v1/klines?symbol=SOLUSDT&interval=1h&limit=60 (Caused by SSLError(SSLEOFError(8, '[SSL: UNEXPECTED_EOF_WHILE_READING] EOF occurred in violation of protocol (_ssl.c:1033)')))
2026-05-24 23:48:26,347 [WARNING] K 线重试 3/5 SOL: HTTPSConnectionPool(host='testnet.binancefuture.com', port=443): Max retries exceeded with url: /fapi/v1/klines?symbol=SOLUSDT&interval=1h&limit=60 (Caused by SSLError(SSLEOFError(8, '[SSL: UNEXPECTED_EOF_WHILE_READING] EOF occurred in violation of protocol (_ssl.c:1033)')))
2026-05-24 23:48:26,596 [WARNING] K 线重试 4/5 SOL: HTTPSConnectionPool(host='testnet.binancefuture.com', port=443): Max retries exceeded with url: /fapi/v1/klines?symbol=SOLUSDT&interval=1h&limit=60 (Caused by SSLError(SSLEOFError(8, '[SSL: UNEXPECTED_EOF_WHILE_READING] EOF occurred in violation of protocol (_ssl.c:1033)')))
2026-05-24 23:48:27,845 [ERROR] K 线失败 SOL (5 次重试耗尽): HTTPSConnectionPool(host='testnet.binancefuture.com', port=443): Max retries exceeded with url: /fapi/v1/klines?symbol=SOLUSDT&interval=1h&limit=60 (Caused by SSLError(SSLEOFError(8, '[SSL: UNEXPECTED_EOF_WHILE_READING] EOF occurred in violation of protocol (_ssl.c:1033)')))
2026-05-24 23:48:29,130 [WARNING] 24hr Ticker failed SOL: HTTPSConnectionPool(host='testnet.binancefuture.com', port=443): Max retries exceeded with url: /fapi/v1/ticker/24hr?symbol=SOLUSDT (Caused by SSLError(SSLEOFError(8, '[SSL: UNEXPECTED_EOF_WHILE_READING] EOF occurred in violation of protocol (_ssl.c:1033)')))
2026-05-24 23:48:29,131 [ERROR] 24h klines failed all fallbacks SOL
2026-05-24 23:48:30,216 [WARNING] K 线重试 1/5 BNB: HTTPSConnectionPool(host='testnet.binancefuture.com', port=443): Max retries exceeded with url: /fapi/v1/klines?symbol=BNBUSDT&interval=15m&limit=100 (Caused by SSLError(SSLEOFError(8, '[SSL: UNEXPECTED_EOF_WHILE_READING] EOF occurred in violation of protocol (_ssl.c:1033)')))
2026-05-24 23:48:30,480 [WARNING] K 线重试 2/5 BNB: HTTPSConnectionPool(host='testnet.binancefuture.com', port=443): Max retries exceeded with url: /fapi/v1/klines?symbol=BNBUSDT&interval=15m&limit=100 (Caused by SSLError(SSLEOFError(8, '[SSL: UNEXPECTED_EOF_WHILE_READING] EOF occurred in violation of protocol (_ssl.c:1033)')))
2026-05-24 23:48:30,860 [WARNING] K 线重试 3/5 BNB: HTTPSConnectionPool(host='testnet.binancefuture.com', port=443): Max retries exceeded with url: /fapi/v1/klines?symbol=BNBUSDT&interval=15m&limit=100 (Caused by SSLError(SSLEOFError(8, '[SSL: UNEXPECTED_EOF_WHILE_READING] EOF occurred in violation of protocol (_ssl.c:1033)')))
2026-05-24 23:48:31,066 [WARNING] K 线重试 4/5 BNB: HTTPSConnectionPool(host='testnet.binancefuture.com', port=443): Max retries exceeded with url: /fapi/v1/klines?symbol=BNBUSDT&interval=15m&limit=100 (Caused by SSLError(SSLEOFError(8, '[SSL: UNEXPECTED_EOF_WHILE_READING] EOF occurred in violation of protocol (_ssl.c:1033)')))
2026-05-24 23:48:31,355 [ERROR] K 线失败 BNB (5 次重试耗尽): HTTPSConnectionPool(host='testnet.binancefuture.com', port=443): Max retries exceeded with url: /fapi/v1/klines?symbol=BNBUSDT&interval=15m&limit=100 (Caused by SSLError(SSLEOFError(8, '[SSL: UNEXPECTED_EOF_WHILE_READING] EOF occurred in violation of protocol (_ssl.c:1033)')))
2026-05-24 23:48:32,653 [WARNING] K 线重试 1/5 BNB: HTTPSConnectionPool(host='testnet.binancefuture.com', port=443): Max retries exceeded with url: /fapi/v1/klines?symbol=BNBUSDT&interval=1h&limit=60 (Caused by SSLError(SSLEOFError(8, '[SSL: UNEXPECTED_EOF_WHILE_READING] EOF occurred in violation of protocol (_ssl.c:1033)')))
2026-05-24 23:48:32,874 [WARNING] K 线重试 2/5 BNB: HTTPSConnectionPool(host='testnet.binancefuture.com', port=443): Max retries exceeded with url: /fapi/v1/klines?symbol=BNBUSDT&interval=1h&limit=60 (Caused by SSLError(SSLEOFError(8, '[SSL: UNEXPECTED_EOF_WHILE_READING] EOF occurred in violation of protocol (_ssl.c:1033)')))
2026-05-24 23:48:33,175 [WARNING] K 线重试 3/5 BNB: HTTPSConnectionPool(host='testnet.binancefuture.com', port=443): Max retries exceeded with url: /fapi/v1/klines?symbol=BNBUSDT&interval=1h&limit=60 (Caused by SSLError(SSLEOFError(8, '[SSL: UNEXPECTED_EOF_WHILE_READING] EOF occurred in violation of protocol (_ssl.c:1033)')))
2026-05-24 23:48:33,397 [WARNING] K 线重试 4/5 BNB: HTTPSConnectionPool(host='testnet.binancefuture.com', port=443): Max retries exceeded with url: /fapi/v1/klines?symbol=BNBUSDT&interval=1h&limit=60 (Caused by SSLError(SSLEOFError(8, '[SSL: UNEXPECTED_EOF_WHILE_READING] EOF occurred in violation of protocol (_ssl.c:1033)')))
2026-05-24 23:48:34,346 [ERROR] K 线失败 BNB (5 次重试耗尽): HTTPSConnectionPool(host='testnet.binancefuture.com', port=443): Max retries exceeded with url: /fapi/v1/klines?symbol=BNBUSDT&interval=1h&limit=60 (Caused by SSLError(SSLEOFError(8, '[SSL: UNEXPECTED_EOF_WHILE_READING] EOF occurred in violation of protocol (_ssl.c:1033)')))
2026-05-24 23:48:35,049 [WARNING] 24hr Ticker failed BNB: HTTPSConnectionPool(host='testnet.binancefuture.com', port=443): Max retries exceeded with url: /fapi/v1/ticker/24hr?symbol=BNBUSDT (Caused by SSLError(SSLEOFError(8, '[SSL: UNEXPECTED_EOF_WHILE_READING] EOF occurred in violation of protocol (_ssl.c:1033)')))
2026-05-24 23:48:35,049 [ERROR] 24h klines failed all fallbacks BNB
2026-05-24 23:48:36,909 [WARNING] K 线重试 1/5 DOT: HTTPSConnectionPool(host='testnet.binancefuture.com', port=443): Max retries exceeded with url: /fapi/v1/klines?symbol=DOTUSDT&interval=15m&limit=100 (Caused by SSLError(SSLEOFError(8, '[SSL: UNEXPECTED_EOF_WHILE_READING] EOF occurred in violation of protocol (_ssl.c:1033)')))
2026-05-24 23:48:38,081 [WARNING] K 线重试 2/5 DOT: HTTPSConnectionPool(host='testnet.binancefuture.com', port=443): Max retries exceeded with url: /fapi/v1/klines?symbol=DOTUSDT&interval=15m&limit=100 (Caused by SSLError(SSLEOFError(8, '[SSL: UNEXPECTED_EOF_WHILE_READING] EOF occurred in violation of protocol (_ssl.c:1033)')))
2026-05-24 23:48:38,275 [WARNING] K 线重试 3/5 DOT: HTTPSConnectionPool(host='testnet.binancefuture.com', port=443): Max retries exceeded with url: /fapi/v1/klines?symbol=DOTUSDT&interval=15m&limit=100 (Caused by SSLError(SSLEOFError(8, '[SSL: UNEXPECTED_EOF_WHILE_READING] EOF occurred in violation of protocol (_ssl.c:1033)')))
2026-05-24 23:48:38,608 [WARNING] K 线重试 4/5 DOT: HTTPSConnectionPool(host='testnet.binancefuture.com', port=443): Max retries exceeded with url: /fapi/v1/klines?symbol=DOTUSDT&interval=15m&limit=100 (Caused by SSLError(SSLEOFError(8, '[SSL: UNEXPECTED_EOF_WHILE_READING] EOF occurred in violation of protocol (_ssl.c:1033)')))
2026-05-24 23:48:38,844 [ERROR] K 线失败 DOT (5 次重试耗尽): HTTPSConnectionPool(host='testnet.binancefuture.com', port=443): Max retries exceeded with url: /fapi/v1/klines?symbol=DOTUSDT&interval=15m&limit=100 (Caused by SSLError(SSLEOFError(8, '[SSL: UNEXPECTED_EOF_WHILE_READING] EOF occurred in violation of protocol (_ssl.c:1033)')))
2026-05-24 23:48:39,368 [WARNING] K 线重试 1/5 DOT: HTTPSConnectionPool(host='testnet.binancefuture.com', port=443): Max retries exceeded with url: /fapi/v1/klines?symbol=DOTUSDT&interval=1h&limit=60 (Caused by SSLError(SSLEOFError(8, '[SSL: UNEXPECTED_EOF_WHILE_READING] EOF occurred in violation of protocol (_ssl.c:1033)')))
2026-05-24 23:48:39,799 [WARNING] K 线重试 2/5 DOT: HTTPSConnectionPool(host='testnet.binancefuture.com', port=443): Max retries exceeded with url: /fapi/v1/klines?symbol=DOTUSDT&interval=1h&limit=60 (Caused by SSLError(SSLEOFError(8, '[SSL: UNEXPECTED_EOF_WHILE_READING] EOF occurred in violation of protocol (_ssl.c:1033)')))
2026-05-24 23:48:41,746 [WARNING] K 线重试 3/5 DOT: HTTPSConnectionPool(host='testnet.binancefuture.com', port=443): Max retries exceeded with url: /fapi/v1/klines?symbol=DOTUSDT&interval=1h&limit=60 (Caused by SSLError(SSLEOFError(8, '[SSL: UNEXPECTED_EOF_WHILE_READING] EOF occurred in violation of protocol (_ssl.c:1033)')))
2026-05-24 23:48:42,026 [WARNING] K 线重试 4/5 DOT: HTTPSConnectionPool(host='testnet.binancefuture.com', port=443): Max retries exceeded with url: /fapi/v1/klines?symbol=DOTUSDT&interval=1h&limit=60 (Caused by SSLError(SSLEOFError(8, '[SSL: UNEXPECTED_EOF_WHILE_READING] EOF occurred in violation of protocol (_ssl.c:1033)')))
2026-05-24 23:48:43,040 [ERROR] K 线失败 DOT (5 次重试耗尽): HTTPSConnectionPool(host='testnet.binancefuture.com', port=443): Max retries exceeded with url: /fapi/v1/klines?symbol=DOTUSDT&interval=1h&limit=60 (Caused by SSLError(SSLEOFError(8, '[SSL: UNEXPECTED_EOF_WHILE_READING] EOF occurred in violation of protocol (_ssl.c:1033)')))
2026-05-24 23:48:43,332 [WARNING] 24hr Ticker failed DOT: HTTPSConnectionPool(host='testnet.binancefuture.com', port=443): Max retries exceeded with url: /fapi/v1/ticker/24hr?symbol=DOTUSDT (Caused by SSLError(SSLEOFError(8, '[SSL: UNEXPECTED_EOF_WHILE_READING] EOF occurred in violation of protocol (_ssl.c:1033)')))
2026-05-24 23:48:43,332 [ERROR] 24h klines failed all fallbacks DOT
2026-05-24 23:48:44,153 [WARNING] K 线重试 1/5 LINK: HTTPSConnectionPool(host='testnet.binancefuture.com', port=443): Max retries exceeded with url: /fapi/v1/klines?symbol=LINKUSDT&interval=15m&limit=100 (Caused by SSLError(SSLEOFError(8, '[SSL: UNEXPECTED_EOF_WHILE_READING] EOF occurred in violation of protocol (_ssl.c:1033)')))
2026-05-24 23:48:44,785 [WARNING] K 线重试 2/5 LINK: HTTPSConnectionPool(host='testnet.binancefuture.com', port=443): Max retries exceeded with url: /fapi/v1/klines?symbol=LINKUSDT&interval=15m&limit=100 (Caused by SSLError(SSLEOFError(8, '[SSL: UNEXPECTED_EOF_WHILE_READING] EOF occurred in violation of protocol (_ssl.c:1033)')))
2026-05-24 23:48:46,460 [WARNING] K 线重试 3/5 LINK: HTTPSConnectionPool(host='testnet.binancefuture.com', port=443): Max retries exceeded with url: /fapi/v1/klines?symbol=LINKUSDT&interval=15m&limit=100 (Caused by SSLError(SSLEOFError(8, '[SSL: UNEXPECTED_EOF_WHILE_READING] EOF occurred in violation of protocol (_ssl.c:1033)')))
2026-05-24 23:48:47,150 [WARNING] K 线重试 4/5 LINK: HTTPSConnectionPool(host='testnet.binancefuture.com', port=443): Max retries exceeded with url: /fapi/v1/klines?symbol=LINKUSDT&interval=15m&limit=100 (Caused by SSLError(SSLEOFError(8, '[SSL: UNEXPECTED_EOF_WHILE_READING] EOF occurred in violation of protocol (_ssl.c:1033)')))
2026-05-24 23:48:48,362 [ERROR] K 线失败 LINK (5 次重试耗尽): HTTPSConnectionPool(host='testnet.binancefuture.com', port=443): Max retries exceeded with url: /fapi/v1/klines?symbol=LINKUSDT&interval=15m&limit=100 (Caused by SSLError(SSLEOFError(8, '[SSL: UNEXPECTED_EOF_WHILE_READING] EOF occurred in violation of protocol (_ssl.c:1033)')))
2026-05-24 23:48:52,580 [WARNING] K 线重试 1/5 LINK: HTTPSConnectionPool(host='testnet.binancefuture.com', port=443): Max retries exceeded with url: /fapi/v1/klines?symbol=LINKUSDT&interval=1h&limit=60 (Caused by SSLError(SSLEOFError(8, '[SSL: UNEXPECTED_EOF_WHILE_READING] EOF occurred in violation of protocol (_ssl.c:1033)')))
2026-05-24 23:48:53,597 [WARNING] K 线重试 2/5 LINK: HTTPSConnectionPool(host='testnet.binancefuture.com', port=443): Max retries exceeded with url: /fapi/v1/klines?symbol=LINKUSDT&interval=1h&limit=60 (Caused by SSLError(SSLEOFError(8, '[SSL: UNEXPECTED_EOF_WHILE_READING] EOF occurred in violation of protocol (_ssl.c:1033)')))
2026-05-24 23:48:54,391 [WARNING] K 线重试 3/5 LINK: HTTPSConnectionPool(host='testnet.binancefuture.com', port=443): Max retries exceeded with url: /fapi/v1/klines?symbol=LINKUSDT&interval=1h&limit=60 (Caused by SSLError(SSLEOFError(8, '[SSL: UNEXPECTED_EOF_WHILE_READING] EOF occurred in violation of protocol (_ssl.c:1033)')))
2026-05-24 23:48:54,990 [WARNING] K 线重试 4/5 LINK: HTTPSConnectionPool(host='testnet.binancefuture.com', port=443): Max retries exceeded with url: /fapi/v1/klines?symbol=LINKUSDT&interval=1h&limit=60 (Caused by SSLError(SSLEOFError(8, '[SSL: UNEXPECTED_EOF_WHILE_READING] EOF occurred in violation of protocol (_ssl.c:1033)')))
2026-05-24 23:48:55,336 [ERROR] K 线失败 LINK (5 次重试耗尽): HTTPSConnectionPool(host='testnet.binancefuture.com', port=443): Max retries exceeded with url: /fapi/v1/klines?symbol=LINKUSDT&interval=1h&limit=60 (Caused by SSLError(SSLEOFError(8, '[SSL: UNEXPECTED_EOF_WHILE_READING] EOF occurred in violation of protocol (_ssl.c:1033)')))
2026-05-24 23:48:56,365 [WARNING] 24hr Ticker failed LINK: HTTPSConnectionPool(host='testnet.binancefuture.com', port=443): Max retries exceeded with url: /fapi/v1/ticker/24hr?symbol=LINKUSDT (Caused by SSLError(SSLEOFError(8, '[SSL: UNEXPECTED_EOF_WHILE_READING] EOF occurred in violation of protocol (_ssl.c:1033)')))
2026-05-24 23:48:56,365 [ERROR] 24h klines failed all fallbacks LINK
2026-05-24 23:48:56,605 [WARNING] K 线重试 1/5 XRP: HTTPSConnectionPool(host='testnet.binancefuture.com', port=443): Max retries exceeded with url: /fapi/v1/klines?symbol=XRPUSDT&interval=15m&limit=100 (Caused by SSLError(SSLEOFError(8, '[SSL: UNEXPECTED_EOF_WHILE_READING] EOF occurred in violation of protocol (_ssl.c:1033)')))
2026-05-24 23:48:56,785 [WARNING] K 线重试 2/5 XRP: HTTPSConnectionPool(host='testnet.binancefuture.com', port=443): Max retries exceeded with url: /fapi/v1/klines?symbol=XRPUSDT&interval=15m&limit=100 (Caused by SSLError(SSLEOFError(8, '[SSL: UNEXPECTED_EOF_WHILE_READING] EOF occurred in violation of protocol (_ssl.c:1033)')))
2026-05-24 23:48:57,391 [WARNING] K 线重试 3/5 XRP: HTTPSConnectionPool(host='testnet.binancefuture.com', port=443): Max retries exceeded with url: /fapi/v1/klines?symbol=XRPUSDT&interval=15m&limit=100 (Caused by SSLError(SSLEOFError(8, '[SSL: UNEXPECTED_EOF_WHILE_READING] EOF occurred in violation of protocol (_ssl.c:1033)')))
2026-05-24 23:48:58,310 [WARNING] K 线重试 4/5 XRP: HTTPSConnectionPool(host='testnet.binancefuture.com', port=443): Max retries exceeded with url: /fapi/v1/klines?symbol=XRPUSDT&interval=15m&limit=100 (Caused by SSLError(SSLEOFError(8, '[SSL: UNEXPECTED_EOF_WHILE_READING] EOF occurred in violation of protocol (_ssl.c:1033)')))
2026-05-24 23:48:59,428 [ERROR] K 线失败 XRP (5 次重试耗尽): HTTPSConnectionPool(host='testnet.binancefuture.com', port=443): Max retries exceeded with url: /fapi/v1/klines?symbol=XRPUSDT&interval=15m&limit=100 (Caused by SSLError(SSLEOFError(8, '[SSL: UNEXPECTED_EOF_WHILE_READING] EOF occurred in violation of protocol (_ssl.c:1033)')))
2026-05-24 23:48:59,661 [WARNING] K 线重试 1/5 XRP: HTTPSConnectionPool(host='testnet.binancefuture.com', port=443): Max retries exceeded with url: /fapi/v1/klines?symbol=XRPUSDT&interval=1h&limit=60 (Caused by SSLError(SSLEOFError(8, '[SSL: UNEXPECTED_EOF_WHILE_READING] EOF occurred in violation of protocol (_ssl.c:1033)')))
2026-05-24 23:48:59,935 [WARNING] K 线重试 2/5 XRP: HTTPSConnectionPool(host='testnet.binancefuture.com', port=443): Max retries exceeded with url: /fapi/v1/klines?symbol=XRPUSDT&interval=1h&limit=60 (Caused by SSLError(SSLEOFError(8, '[SSL: UNEXPECTED_EOF_WHILE_READING] EOF occurred in violation of protocol (_ssl.c:1033)')))
2026-05-24 23:49:00,225 [WARNING] K 线重试 3/5 XRP: HTTPSConnectionPool(host='testnet.binancefuture.com', port=443): Max retries exceeded with url: /fapi/v1/klines?symbol=XRPUSDT&interval=1h&limit=60 (Caused by SSLError(SSLEOFError(8, '[SSL: UNEXPECTED_EOF_WHILE_READING] EOF occurred in violation of protocol (_ssl.c:1033)')))
2026-05-24 23:49:00,659 [WARNING] K 线重试 4/5 XRP: HTTPSConnectionPool(host='testnet.binancefuture.com', port=443): Max retries exceeded with url: /fapi/v1/klines?symbol=XRPUSDT&interval=1h&limit=60 (Caused by SSLError(SSLEOFError(8, '[SSL: UNEXPECTED_EOF_WHILE_READING] EOF occurred in violation of protocol (_ssl.c:1033)')))
2026-05-24 23:49:00,831 [ERROR] K 线失败 XRP (5 次重试耗尽): HTTPSConnectionPool(host='testnet.binancefuture.com', port=443): Max retries exceeded with url: /fapi/v1/klines?symbol=XRPUSDT&interval=1h&limit=60 (Caused by SSLError(SSLEOFError(8, '[SSL: UNEXPECTED_EOF_WHILE_READING] EOF occurred in violation of protocol (_ssl.c:1033)')))
2026-05-24 23:49:01,216 [WARNING] 24hr Ticker failed XRP: HTTPSConnectionPool(host='testnet.binancefuture.com', port=443): Max retries exceeded with url: /fapi/v1/ticker/24hr?symbol=XRPUSDT (Caused by SSLError(SSLEOFError(8, '[SSL: UNEXPECTED_EOF_WHILE_READING] EOF occurred in violation of protocol (_ssl.c:1033)')))
2026-05-24 23:49:01,216 [ERROR] 24h klines failed all fallbacks XRP
2026-05-24 23:49:04,351 [WARNING] WebSocket 断线，5 秒后重连：Cannot connect to host stream.binancefuture.com:443 ssl:default [None]
2026-05-24 23:49:09,785 [WARNING] WebSocket 断线，5 秒后重连：Cannot connect to host stream.binancefuture.com:443 ssl:default [None]
2026-05-24 23:49:15,065 [WARNING] WebSocket 断线，5 秒后重连：Cannot connect to host stream.binancefuture.com:443 ssl:default [None]
2026-05-24 23:49:20,427 [WARNING] WebSocket 断线，5 秒后重连：Cannot connect to host stream.binancefuture.com:443 ssl:default [None]
2026-05-24 23:49:25,727 [WARNING] WebSocket 断线，5 秒后重连：Cannot connect to host stream.binancefuture.com:443 ssl:default [None]
2026-05-24 23:49:35,158 [WARNING] WebSocket 断线，5 秒后重连：Cannot connect to host stream.binancefuture.com:443 ssl:default [None]
2026-05-24 23:49:40,562 [WARNING] WebSocket 断线，5 秒后重连：Cannot connect to host stream.binancefuture.com:443 ssl:default [None]
2026-05-24 23:49:46,141 [WARNING] WebSocket 断线，5 秒后重连：Cannot connect to host stream.binancefuture.com:443 ssl:default [None]
2026-05-24 23:49:50,363 [WARNING] K 线重试 1/5 BTC: HTTPSConnectionPool(host='testnet.binancefuture.com', port=443): Max retries exceeded with url: /fapi/v1/klines?symbol=BTCUSDT&interval=15m&limit=100 (Caused by SSLError(SSLEOFError(8, '[SSL: UNEXPECTED_EOF_WHILE_READING] EOF occurred in violation of protocol (_ssl.c:1033)')))
2026-05-24 23:49:50,545 [WARNING] K 线重试 2/5 BTC: HTTPSConnectionPool(host='testnet.binancefuture.com', port=443): Max retries exceeded with url: /fapi/v1/klines?symbol=BTCUSDT&interval=15m&limit=100 (Caused by SSLError(SSLEOFError(8, '[SSL: UNEXPECTED_EOF_WHILE_READING] EOF occurred in violation of protocol (_ssl.c:1033)')))
2026-05-24 23:49:50,840 [WARNING] K 线重试 3/5 BTC: HTTPSConnectionPool(host='testnet.binancefuture.com', port=443): Max retries exceeded with url: /fapi/v1/klines?symbol=BTCUSDT&interval=15m&limit=100 (Caused by SSLError(SSLEOFError(8, '[SSL: UNEXPECTED_EOF_WHILE_READING] EOF occurred in violation of protocol (_ssl.c:1033)')))
2026-05-24 23:49:51,014 [WARNING] K 线重试 4/5 BTC: HTTPSConnectionPool(host='testnet.binancefuture.com', port=443): Max retries exceeded with url: /fapi/v1/klines?symbol=BTCUSDT&interval=15m&limit=100 (Caused by SSLError(SSLEOFError(8, '[SSL: UNEXPECTED_EOF_WHILE_READING] EOF occurred in violation of protocol (_ssl.c:1033)')))
2026-05-24 23:49:51,672 [ERROR] K 线失败 BTC (5 次重试耗尽): HTTPSConnectionPool(host='testnet.binancefuture.com', port=443): Max retries exceeded with url: /fapi/v1/klines?symbol=BTCUSDT&interval=15m&limit=100 (Caused by SSLError(SSLEOFError(8, '[SSL: UNEXPECTED_EOF_WHILE_READING] EOF occurred in violation of protocol (_ssl.c:1033)')))
2026-05-24 23:49:51,910 [WARNING] K 线重试 1/5 BTC: HTTPSConnectionPool(host='testnet.binancefuture.com', port=443): Max retries exceeded with url: /fapi/v1/klines?symbol=BTCUSDT&interval=1h&limit=60 (Caused by SSLError(SSLEOFError(8, '[SSL: UNEXPECTED_EOF_WHILE_READING] EOF occurred in violation of protocol (_ssl.c:1033)')))
2026-05-24 23:49:53,252 [WARNING] K 线重试 2/5 BTC: HTTPSConnectionPool(host='testnet.binancefuture.com', port=443): Max retries exceeded with url: /fapi/v1/klines?symbol=BTCUSDT&interval=1h&limit=60 (Caused by SSLError(SSLEOFError(8, '[SSL: UNEXPECTED_EOF_WHILE_READING] EOF occurred in violation of protocol (_ssl.c:1033)')))
2026-05-24 23:49:53,564 [WARNING] K 线重试 3/5 BTC: HTTPSConnectionPool(host='testnet.binancefuture.com', port=443): Max retries exceeded with url: /fapi/v1/klines?symbol=BTCUSDT&interval=1h&limit=60 (Caused by SSLError(SSLEOFError(8, '[SSL: UNEXPECTED_EOF_WHILE_READING] EOF occurred in violation of protocol (_ssl.c:1033)')))
2026-05-24 23:49:54,276 [WARNING] K 线重试 4/5 BTC: HTTPSConnectionPool(host='testnet.binancefuture.com', port=443): Max retries exceeded with url: /fapi/v1/klines?symbol=BTCUSDT&interval=1h&limit=60 (Caused by SSLError(SSLEOFError(8, '[SSL: UNEXPECTED_EOF_WHILE_READING] EOF occurred in violation of protocol (_ssl.c:1033)')))
2026-05-24 23:49:54,983 [ERROR] K 线失败 BTC (5 次重试耗尽): HTTPSConnectionPool(host='testnet.binancefuture.com', port=443): Max retries exceeded with url: /fapi/v1/klines?symbol=BTCUSDT&interval=1h&limit=60 (Caused by SSLError(SSLEOFError(8, '[SSL: UNEXPECTED_EOF_WHILE_READING] EOF occurred in violation of protocol (_ssl.c:1033)')))
2026-05-24 23:49:56,195 [WARNING] 24hr Ticker failed BTC: HTTPSConnectionPool(host='testnet.binancefuture.com', port=443): Max retries exceeded with url: /fapi/v1/ticker/24hr?symbol=BTCUSDT (Caused by SSLError(SSLEOFError(8, '[SSL: UNEXPECTED_EOF_WHILE_READING] EOF occurred in violation of protocol (_ssl.c:1033)')))
2026-05-24 23:49:56,195 [ERROR] 24h klines failed all fallbacks BTC
2026-05-24 23:49:57,906 [WARNING] K 线重试 1/5 ETH: HTTPSConnectionPool(host='testnet.binancefuture.com', port=443): Max retries exceeded with url: /fapi/v1/klines?symbol=ETHUSDT&interval=15m&limit=100 (Caused by SSLError(SSLEOFError(8, '[SSL: UNEXPECTED_EOF_WHILE_READING] EOF occurred in violation of protocol (_ssl.c:1033)')))
2026-05-24 23:49:58,570 [WARNING] K 线重试 2/5 ETH: HTTPSConnectionPool(host='testnet.binancefuture.com', port=443): Max retries exceeded with url: /fapi/v1/klines?symbol=ETHUSDT&interval=15m&limit=100 (Caused by SSLError(SSLEOFError(8, '[SSL: UNEXPECTED_EOF_WHILE_READING] EOF occurred in violation of protocol (_ssl.c:1033)')))
2026-05-24 23:49:58,934 [WARNING] K 线重试 3/5 ETH: HTTPSConnectionPool(host='testnet.binancefuture.com', port=443): Max retries exceeded with url: /fapi/v1/klines?symbol=ETHUSDT&interval=15m&limit=100 (Caused by SSLError(SSLEOFError(8, '[SSL: UNEXPECTED_EOF_WHILE_READING] EOF occurred in violation of protocol (_ssl.c:1033)')))
2026-05-24 23:49:59,171 [WARNING] K 线重试 4/5 ETH: HTTPSConnectionPool(host='testnet.binancefuture.com', port=443): Max retries exceeded with url: /fapi/v1/klines?symbol=ETHUSDT&interval=15m&limit=100 (Caused by SSLError(SSLEOFError(8, '[SSL: UNEXPECTED_EOF_WHILE_READING] EOF occurred in violation of protocol (_ssl.c:1033)')))
2026-05-24 23:50:00,888 [ERROR] K 线失败 ETH (5 次重试耗尽): HTTPSConnectionPool(host='testnet.binancefuture.com', port=443): Max retries exceeded with url: /fapi/v1/klines?symbol=ETHUSDT&interval=15m&limit=100 (Caused by SSLError(SSLEOFError(8, '[SSL: UNEXPECTED_EOF_WHILE_READING] EOF occurred in violation of protocol (_ssl.c:1033)')))
2026-05-24 23:50:01,181 [WARNING] K 线重试 1/5 ETH: HTTPSConnectionPool(host='testnet.binancefuture.com', port=443): Max retries exceeded with url: /fapi/v1/klines?symbol=ETHUSDT&interval=1h&limit=60 (Caused by SSLError(SSLEOFError(8, '[SSL: UNEXPECTED_EOF_WHILE_READING] EOF occurred in violation of protocol (_ssl.c:1033)')))
2026-05-24 23:50:01,369 [WARNING] K 线重试 2/5 ETH: HTTPSConnectionPool(host='testnet.binancefuture.com', port=443): Max retries exceeded with url: /fapi/v1/klines?symbol=ETHUSDT&interval=1h&limit=60 (Caused by SSLError(SSLEOFError(8, '[SSL: UNEXPECTED_EOF_WHILE_READING] EOF occurred in violation of protocol (_ssl.c:1033)')))
2026-05-24 23:50:02,678 [WARNING] K 线重试 3/5 ETH: HTTPSConnectionPool(host='testnet.binancefuture.com', port=443): Max retries exceeded with url: /fapi/v1/klines?symbol=ETHUSDT&interval=1h&limit=60 (Caused by SSLError(SSLEOFError(8, '[SSL: UNEXPECTED_EOF_WHILE_READING] EOF occurred in violation of protocol (_ssl.c:1033)')))
2026-05-24 23:50:02,942 [WARNING] K 线重试 4/5 ETH: HTTPSConnectionPool(host='testnet.binancefuture.com', port=443): Max retries exceeded with url: /fapi/v1/klines?symbol=ETHUSDT&interval=1h&limit=60 (Caused by SSLError(SSLEOFError(8, '[SSL: UNEXPECTED_EOF_WHILE_READING] EOF occurred in violation of protocol (_ssl.c:1033)')))
2026-05-24 23:50:03,228 [ERROR] K 线失败 ETH (5 次重试耗尽): HTTPSConnectionPool(host='testnet.binancefuture.com', port=443): Max retries exceeded with url: /fapi/v1/klines?symbol=ETHUSDT&interval=1h&limit=60 (Caused by SSLError(SSLEOFError(8, '[SSL: UNEXPECTED_EOF_WHILE_READING] EOF occurred in violation of protocol (_ssl.c:1033)')))
2026-05-24 23:50:03,512 [WARNING] 24hr Ticker failed ETH: HTTPSConnectionPool(host='testnet.binancefuture.com', port=443): Max retries exceeded with url: /fapi/v1/ticker/24hr?symbol=ETHUSDT (Caused by SSLError(SSLEOFError(8, '[SSL: UNEXPECTED_EOF_WHILE_READING] EOF occurred in violation of protocol (_ssl.c:1033)')))
2026-05-24 23:50:03,512 [ERROR] 24h klines failed all fallbacks ETH
2026-05-24 23:50:04,105 [WARNING] K 线重试 1/5 SOL: HTTPSConnectionPool(host='testnet.binancefuture.com', port=443): Max retries exceeded with url: /fapi/v1/klines?symbol=SOLUSDT&interval=15m&limit=100 (Caused by SSLError(SSLEOFError(8, '[SSL: UNEXPECTED_EOF_WHILE_READING] EOF occurred in violation of protocol (_ssl.c:1033)')))
2026-05-24 23:50:04,484 [WARNING] K 线重试 2/5 SOL: HTTPSConnectionPool(host='testnet.binancefuture.com', port=443): Max retries exceeded with url: /fapi/v1/klines?symbol=SOLUSDT&interval=15m&limit=100 (Caused by SSLError(SSLEOFError(8, '[SSL: UNEXPECTED_EOF_WHILE_READING] EOF occurred in violation of protocol (_ssl.c:1033)')))
2026-05-24 23:50:04,851 [WARNING] K 线重试 3/5 SOL: HTTPSConnectionPool(host='testnet.binancefuture.com', port=443): Max retries exceeded with url: /fapi/v1/klines?symbol=SOLUSDT&interval=15m&limit=100 (Caused by SSLError(SSLEOFError(8, '[SSL: UNEXPECTED_EOF_WHILE_READING] EOF occurred in violation of protocol (_ssl.c:1033)')))
2026-05-24 23:50:05,438 [WARNING] K 线重试 4/5 SOL: HTTPSConnectionPool(host='testnet.binancefuture.com', port=443): Max retries exceeded with url: /fapi/v1/klines?symbol=SOLUSDT&interval=15m&limit=100 (Caused by SSLError(SSLEOFError(8, '[SSL: UNEXPECTED_EOF_WHILE_READING] EOF occurred in violation of protocol (_ssl.c:1033)')))
2026-05-24 23:50:06,209 [ERROR] K 线失败 SOL (5 次重试耗尽): HTTPSConnectionPool(host='testnet.binancefuture.com', port=443): Max retries exceeded with url: /fapi/v1/klines?symbol=SOLUSDT&interval=15m&limit=100 (Caused by SSLError(SSLEOFError(8, '[SSL: UNEXPECTED_EOF_WHILE_READING] EOF occurred in violation of protocol (_ssl.c:1033)')))
2026-05-24 23:50:06,433 [WARNING] K 线重试 1/5 SOL: HTTPSConnectionPool(host='testnet.binancefuture.com', port=443): Max retries exceeded with url: /fapi/v1/klines?symbol=SOLUSDT&interval=1h&limit=60 (Caused by SSLError(SSLEOFError(8, '[SSL: UNEXPECTED_EOF_WHILE_READING] EOF occurred in violation of protocol (_ssl.c:1033)')))
2026-05-24 23:50:06,637 [WARNING] K 线重试 2/5 SOL: HTTPSConnectionPool(host='testnet.binancefuture.com', port=443): Max retries exceeded with url: /fapi/v1/klines?symbol=SOLUSDT&interval=1h&limit=60 (Caused by SSLError(SSLEOFError(8, '[SSL: UNEXPECTED_EOF_WHILE_READING] EOF occurred in violation of protocol (_ssl.c:1033)')))
2026-05-24 23:50:06,820 [WARNING] K 线重试 3/5 SOL: HTTPSConnectionPool(host='testnet.binancefuture.com', port=443): Max retries exceeded with url: /fapi/v1/klines?symbol=SOLUSDT&interval=1h&limit=60 (Caused by SSLError(SSLEOFError(8, '[SSL: UNEXPECTED_EOF_WHILE_READING] EOF occurred in violation of protocol (_ssl.c:1033)')))
2026-05-24 23:50:07,553 [WARNING] K 线重试 4/5 SOL: HTTPSConnectionPool(host='testnet.binancefuture.com', port=443): Max retries exceeded with url: /fapi/v1/klines?symbol=SOLUSDT&interval=1h&limit=60 (Caused by SSLError(SSLEOFError(8, '[SSL: UNEXPECTED_EOF_WHILE_READING] EOF occurred in violation of protocol (_ssl.c:1033)')))
2026-05-24 23:50:07,896 [ERROR] K 线失败 SOL (5 次重试耗尽): HTTPSConnectionPool(host='testnet.binancefuture.com', port=443): Max retries exceeded with url: /fapi/v1/klines?symbol=SOLUSDT&interval=1h&limit=60 (Caused by SSLError(SSLEOFError(8, '[SSL: UNEXPECTED_EOF_WHILE_READING] EOF occurred in violation of protocol (_ssl.c:1033)')))
2026-05-24 23:50:09,182 [WARNING] 24hr Ticker failed SOL: HTTPSConnectionPool(host='testnet.binancefuture.com', port=443): Max retries exceeded with url: /fapi/v1/ticker/24hr?symbol=SOLUSDT (Caused by SSLError(SSLEOFError(8, '[SSL: UNEXPECTED_EOF_WHILE_READING] EOF occurred in violation of protocol (_ssl.c:1033)')))
2026-05-24 23:50:09,183 [ERROR] 24h klines failed all fallbacks SOL
2026-05-24 23:50:11,831 [WARNING] K 线重试 1/5 BNB: HTTPSConnectionPool(host='testnet.binancefuture.com', port=443): Max retries exceeded with url: /fapi/v1/klines?symbol=BNBUSDT&interval=15m&limit=100 (Caused by SSLError(SSLEOFError(8, '[SSL: UNEXPECTED_EOF_WHILE_READING] EOF occurred in violation of protocol (_ssl.c:1033)')))
2026-05-24 23:50:12,016 [WARNING] K 线重试 2/5 BNB: HTTPSConnectionPool(host='testnet.binancefuture.com', port=443): Max retries exceeded with url: /fapi/v1/klines?symbol=BNBUSDT&interval=15m&limit=100 (Caused by SSLError(SSLEOFError(8, '[SSL: UNEXPECTED_EOF_WHILE_READING] EOF occurred in violation of protocol (_ssl.c:1033)')))
2026-05-24 23:50:12,274 [WARNING] K 线重试 3/5 BNB: HTTPSConnectionPool(host='testnet.binancefuture.com', port=443): Max retries exceeded with url: /fapi/v1/klines?symbol=BNBUSDT&interval=15m&limit=100 (Caused by SSLError(SSLEOFError(8, '[SSL: UNEXPECTED_EOF_WHILE_READING] EOF occurred in violation of protocol (_ssl.c:1033)')))
2026-05-24 23:50:12,454 [WARNING] K 线重试 4/5 BNB: HTTPSConnectionPool(host='testnet.binancefuture.com', port=443): Max retries exceeded with url: /fapi/v1/klines?symbol=BNBUSDT&interval=15m&limit=100 (Caused by SSLError(SSLEOFError(8, '[SSL: UNEXPECTED_EOF_WHILE_READING] EOF occurred in violation of protocol (_ssl.c:1033)')))
2026-05-24 23:50:13,776 [ERROR] K 线失败 BNB (5 次重试耗尽): HTTPSConnectionPool(host='testnet.binancefuture.com', port=443): Max retries exceeded with url: /fapi/v1/klines?symbol=BNBUSDT&interval=15m&limit=100 (Caused by SSLError(SSLEOFError(8, '[SSL: UNEXPECTED_EOF_WHILE_READING] EOF occurred in violation of protocol (_ssl.c:1033)')))
2026-05-24 23:50:14,123 [WARNING] K 线重试 1/5 BNB: HTTPSConnectionPool(host='testnet.binancefuture.com', port=443): Max retries exceeded with url: /fapi/v1/klines?symbol=BNBUSDT&interval=1h&limit=60 (Caused by SSLError(SSLEOFError(8, '[SSL: UNEXPECTED_EOF_WHILE_READING] EOF occurred in violation of protocol (_ssl.c:1033)')))
2026-05-24 23:50:14,392 [WARNING] K 线重试 2/5 BNB: HTTPSConnectionPool(host='testnet.binancefuture.com', port=443): Max retries exceeded with url: /fapi/v1/klines?symbol=BNBUSDT&interval=1h&limit=60 (Caused by SSLError(SSLEOFError(8, '[SSL: UNEXPECTED_EOF_WHILE_READING] EOF occurred in violation of protocol (_ssl.c:1033)')))
2026-05-24 23:50:14,629 [WARNING] K 线重试 3/5 BNB: HTTPSConnectionPool(host='testnet.binancefuture.com', port=443): Max retries exceeded with url: /fapi/v1/klines?symbol=BNBUSDT&interval=1h&limit=60 (Caused by SSLError(SSLEOFError(8, '[SSL: UNEXPECTED_EOF_WHILE_READING] EOF occurred in violation of protocol (_ssl.c:1033)')))
2026-05-24 23:50:15,515 [WARNING] K 线重试 4/5 BNB: HTTPSConnectionPool(host='testnet.binancefuture.com', port=443): Max retries exceeded with url: /fapi/v1/klines?symbol=BNBUSDT&interval=1h&limit=60 (Caused by SSLError(SSLEOFError(8, '[SSL: UNEXPECTED_EOF_WHILE_READING] EOF occurred in violation of protocol (_ssl.c:1033)')))
2026-05-24 23:50:15,904 [ERROR] K 线失败 BNB (5 次重试耗尽): HTTPSConnectionPool(host='testnet.binancefuture.com', port=443): Max retries exceeded with url: /fapi/v1/klines?symbol=BNBUSDT&interval=1h&limit=60 (Caused by SSLError(SSLEOFError(8, '[SSL: UNEXPECTED_EOF_WHILE_READING] EOF occurred in violation of protocol (_ssl.c:1033)')))
2026-05-24 23:50:17,164 [WARNING] 24hr Ticker failed BNB: HTTPSConnectionPool(host='testnet.binancefuture.com', port=443): Max retries exceeded with url: /fapi/v1/ticker/24hr?symbol=BNBUSDT (Caused by SSLError(SSLEOFError(8, '[SSL: UNEXPECTED_EOF_WHILE_READING] EOF occurred in violation of protocol (_ssl.c:1033)')))
2026-05-24 23:50:17,165 [ERROR] 24h klines failed all fallbacks BNB
2026-05-24 23:50:18,421 [WARNING] K 线重试 1/5 DOT: HTTPSConnectionPool(host='testnet.binancefuture.com', port=443): Max retries exceeded with url: /fapi/v1/klines?symbol=DOTUSDT&interval=15m&limit=100 (Caused by SSLError(SSLEOFError(8, '[SSL: UNEXPECTED_EOF_WHILE_READING] EOF occurred in violation of protocol (_ssl.c:1033)')))
2026-05-24 23:50:18,654 [WARNING] K 线重试 2/5 DOT: HTTPSConnectionPool(host='testnet.binancefuture.com', port=443): Max retries exceeded with url: /fapi/v1/klines?symbol=DOTUSDT&interval=15m&limit=100 (Caused by SSLError(SSLEOFError(8, '[SSL: UNEXPECTED_EOF_WHILE_READING] EOF occurred in violation of protocol (_ssl.c:1033)')))
2026-05-24 23:50:18,896 [WARNING] K 线重试 3/5 DOT: HTTPSConnectionPool(host='testnet.binancefuture.com', port=443): Max retries exceeded with url: /fapi/v1/klines?symbol=DOTUSDT&interval=15m&limit=100 (Caused by SSLError(SSLEOFError(8, '[SSL: UNEXPECTED_EOF_WHILE_READING] EOF occurred in violation of protocol (_ssl.c:1033)')))
2026-05-24 23:50:19,114 [WARNING] K 线重试 4/5 DOT: HTTPSConnectionPool(host='testnet.binancefuture.com', port=443): Max retries exceeded with url: /fapi/v1/klines?symbol=DOTUSDT&interval=15m&limit=100 (Caused by SSLError(SSLEOFError(8, '[SSL: UNEXPECTED_EOF_WHILE_READING] EOF occurred in violation of protocol (_ssl.c:1033)')))
2026-05-24 23:50:22,231 [ERROR] K 线失败 DOT (5 次重试耗尽): HTTPSConnectionPool(host='testnet.binancefuture.com', port=443): Max retries exceeded with url: /fapi/v1/klines?symbol=DOTUSDT&interval=15m&limit=100 (Caused by SSLError(SSLEOFError(8, '[SSL: UNEXPECTED_EOF_WHILE_READING] EOF occurred in violation of protocol (_ssl.c:1033)')))
2026-05-24 23:50:22,477 [WARNING] K 线重试 1/5 DOT: HTTPSConnectionPool(host='testnet.binancefuture.com', port=443): Max retries exceeded with url: /fapi/v1/klines?symbol=DOTUSDT&interval=1h&limit=60 (Caused by SSLError(SSLEOFError(8, '[SSL: UNEXPECTED_EOF_WHILE_READING] EOF occurred in violation of protocol (_ssl.c:1033)')))
2026-05-24 23:50:22,707 [WARNING] K 线重试 2/5 DOT: HTTPSConnectionPool(host='testnet.binancefuture.com', port=443): Max retries exceeded with url: /fapi/v1/klines?symbol=DOTUSDT&interval=1h&limit=60 (Caused by SSLError(SSLEOFError(8, '[SSL: UNEXPECTED_EOF_WHILE_READING] EOF occurred in violation of protocol (_ssl.c:1033)')))
2026-05-24 23:50:22,948 [WARNING] K 线重试 3/5 DOT: HTTPSConnectionPool(host='testnet.binancefuture.com', port=443): Max retries exceeded with url: /fapi/v1/klines?symbol=DOTUSDT&interval=1h&limit=60 (Caused by SSLError(SSLEOFError(8, '[SSL: UNEXPECTED_EOF_WHILE_READING] EOF occurred in violation of protocol (_ssl.c:1033)')))
2026-05-25 08:37:31,366 [INFO] 🔄 已加载 auto_trade_config.json（API key 前缀：4XOtZh5r...10XU）
2026-05-25 08:37:31,367 [INFO] ✅ 自动交易模块已加载
2026-05-25 08:37:31,371 [INFO] 🚀 crypto_signal_monitor v6.0 启动
2026-05-25 08:37:31,372 [INFO] 🔑 当前 Binance API key: 4XOtZh5r...10XU (动态读取，文件改动会自动重载)
2026-05-25 08:37:31,373 [INFO] 等待WebSocket价格流就绪...
2026-05-25 08:37:31,900 [INFO] WebSocket 价格流已连接 (aiohttp + 代理)
2026-05-25 08:37:34,380 [INFO] 价格流就绪: ['LINK', 'BNB', 'ETH', 'BTC', 'DOT', 'XRP', 'SOL']
2026-05-25 08:37:34,381 [INFO] 🔄 从 Binance API 同步持仓...
2026-05-25 08:37:34,800 [INFO] ✅ 从 Binance API 获取 4 个持仓
2026-05-25 08:37:34,804 [INFO] 📊 加载本地缓存 0 个持仓用于保留止盈止损
2026-05-25 08:37:34,804 [INFO] ✅ 同步持仓：DOT SHORT @ $1.35
2026-05-25 08:37:34,804 [INFO] ✅ 同步持仓：ETH SHORT @ $2272.86
2026-05-25 08:37:34,805 [INFO] ✅ 同步持仓：XRP SHORT @ $1.43
2026-05-25 08:37:34,805 [INFO] ✅ 同步持仓：BTC SHORT @ $79818.50
2026-05-25 08:37:34,807 [INFO] ✅ 持仓同步完成：4个
2026-05-25 08:37:34,809 [INFO] 📋 恢复状态：last_report_hour=23, daily_pnl=+0.00U, peak_pnl={} ✅ 熔断已清除
2026-05-25 08:37:35,701 [INFO] ✅ 订单确认 orderId=215213257 status=NEW
2026-05-25 08:37:35,702 [INFO] 📝 平仓结果：{'leverage': {'skipped': True}, 'order': {'orderId': 215213257, 'symbol': 'DOTUSDT', 'status': 'NEW', 'clientOrderId': 'oc_1779669455_6d80bd150e', 'price': '0.000', 'avgPrice': '0.00', 'origQty': '147.9', 'executedQty': '0.0', 'cumQty': '0.0', 'cumQuote': '0.0000', 'timeInForce': 'GTC', 'type': 'MARKET', 'reduceOnly': True, 'closePosition': False, 'side': 'BUY', 'positionSide': 'BOTH', 'stopPrice': '0.000', 'workingType': 'CONTRACT_PRICE', 'priceProtect': False, 'origType': 'MARKET', 'priceMatch': 'NONE', 'selfTradePreventionMode': 'EXPIRE_MAKER', 'goodTillDate': 0, 'updateTime': 1779669456097}, 'quantity_used': 147.9, 'tp_price': None, 'sl_price': None, 'success': True, 'message': ''}
2026-05-25 08:37:35,703 [INFO] ✅ 平仓 DOT TP1 | 入场:1.3510 出场:1.2540 | PnL:7.18% (+14.36USDT) | 平100%仓 | ✅ 平仓成功
2026-05-25 08:37:35,706 [INFO] 🔄 DOT 平仓后已清除冷却记录
2026-05-25 08:37:35,708 [INFO] TP1 触发 DOT，全平移除
2026-05-25 08:37:36,054 [INFO] ✅ 订单确认 orderId=8727774934 status=NEW
2026-05-25 08:37:36,055 [INFO] 📝 平仓结果：{'leverage': {'skipped': True}, 'order': {'orderId': 8727774934, 'symbol': 'ETHUSDT', 'status': 'NEW', 'clientOrderId': 'oc_1779669455_f694d54860', 'price': '0.00', 'avgPrice': '0.00', 'origQty': '0.088', 'executedQty': '0.000', 'cumQty': '0.000', 'cumQuote': '0.00000', 'timeInForce': 'GTC', 'type': 'MARKET', 'reduceOnly': True, 'closePosition': False, 'side': 'BUY', 'positionSide': 'BOTH', 'stopPrice': '0.00', 'workingType': 'CONTRACT_PRICE', 'priceProtect': False, 'origType': 'MARKET', 'priceMatch': 'NONE', 'selfTradePreventionMode': 'EXPIRE_MAKER', 'goodTillDate': 0, 'updateTime': 1779669456454}, 'quantity_used': 0.088, 'tp_price': None, 'sl_price': None, 'success': True, 'message': ''}
2026-05-25 08:37:36,056 [INFO] ✅ 平仓 ETH TP1 | 入场:2272.8600 出场:2104.8000 | PnL:7.39% (+14.79USDT) | 平100%仓 | ✅ 平仓成功
2026-05-25 08:37:36,057 [INFO] 🔄 ETH 平仓后已清除冷却记录
2026-05-25 08:37:36,059 [INFO] TP1 触发 ETH，全平移除
2026-05-25 08:37:36,378 [INFO] ✅ 订单确认 orderId=1647939061 status=NEW
2026-05-25 08:37:36,379 [INFO] 📝 平仓结果：{'leverage': {'skipped': True}, 'order': {'orderId': 1647939061, 'symbol': 'XRPUSDT', 'status': 'NEW', 'clientOrderId': 'oc_1779669456_d6ee50fcc1', 'price': '0.0000', 'avgPrice': '0.00', 'origQty': '139.8', 'executedQty': '0.0', 'cumQty': '0.0', 'cumQuote': '0.00000', 'timeInForce': 'GTC', 'type': 'MARKET', 'reduceOnly': True, 'closePosition': False, 'side': 'BUY', 'positionSide': 'BOTH', 'stopPrice': '0.0000', 'workingType': 'CONTRACT_PRICE', 'priceProtect': False, 'origType': 'MARKET', 'priceMatch': 'NONE', 'selfTradePreventionMode': 'EXPIRE_MAKER', 'goodTillDate': 0, 'updateTime': 1779669456775}, 'quantity_used': 139.8, 'tp_price': None, 'sl_price': None, 'success': True, 'message': ''}
2026-05-25 08:37:36,381 [INFO] ✅ 平仓 XRP TP1 | 入场:1.4297 出场:1.3529 | PnL:5.37% (+10.74USDT) | 平100%仓 | ✅ 平仓成功
2026-05-25 08:37:36,385 [INFO] 🔄 XRP 平仓后已清除冷却记录
2026-05-25 08:37:36,389 [INFO] TP1 触发 XRP，全平移除
2026-05-25 08:37:37,047 [INFO] 📌 BTC 止损单已更新 Binance：80616.6850 → 77908.3700
2026-05-25 08:37:37,050 [INFO] 
==================================================
📊 整点汇报 2026-05-25 08:37
恐惧贪婪指数: 50 (中性)
今日PnL: +39.90 USDT (+39.9%)
持仓数: 1/4
  🔴 BTC SHORT @79818.5000 现价:77137.0000 PnL:+3.36%
  BTC: 77137.0000 (+0.54%)
  ETH: 2104.8000 (-0.57%)
  SOL: 85.4100 (-0.49%)
  BNB: 659.4000 (+0.32%)
  DOT: 1.2540 (-3.17%)
  LINK: 9.4710 (-1.16%)
  XRP: 1.3529 (-0.61%)
==================================================
2026-05-25 08:37:37,053 [INFO] 
📊 评分详情 (2026-05-25 08:37):
2026-05-25 08:37:37,053 [INFO] 📋 整点汇报：持仓数=1, prices 缓存=7
2026-05-25 08:37:37,053 [INFO]   📍 BTC SHORT: entry=79818.5, amount=0, current_price=77137.0
2026-05-25 08:37:37,054 [WARNING] ⚠️ 整点汇报时 indicators 为空，实时计算指标...
2026-05-25 08:37:39,530 [INFO] ✅ 飞书 token 已更新
2026-05-25 08:37:40,137 [INFO] ✅ 飞书推送成功
2026-05-25 08:37:51,003 [INFO] 📌 BTC 止损单已更新 Binance：77908.3700 → 77908.0670
2026-05-25 08:38:22,536 [INFO] ✅ 从 Binance API 获取 1 个持仓
2026-05-25 08:38:22,537 [INFO] 📊 开仓前检查：API 持仓=1, 本地缓存=1, 采用=1/4
2026-05-25 08:38:22,949 [INFO] ✅ 从 Binance API 获取 1 个持仓
2026-05-25 08:38:22,951 [INFO] ⚠️ BTC 已有持仓（api=True, local=True），跳过重复开仓
2026-05-25 08:38:23,370 [INFO] ✅ 从 Binance API 获取 1 个持仓
2026-05-25 08:38:23,372 [INFO] 🤖 ETH 触发 AI：开仓信号确认 (90分)
2026-05-25 08:38:26,548 [INFO] 🤖 AI 预测 ETH: {'direction': '震荡', 'confidence': 0, 'reason': 'RSI中性，价格紧贴阻力位且ATR极低，市场情绪均衡，短期缺乏方向性突破动能'}
2026-05-25 08:38:26,973 [INFO] ✅ 从 Binance API 获取 1 个持仓
2026-05-25 08:38:27,368 [INFO] ✅ 从 Binance API 获取 1 个持仓
2026-05-25 08:38:27,870 [WARNING] ⚠️ ETHUSDT 设置逐仓模式失败：{'code': -4046, 'msg': 'No need to change margin type.'}
2026-05-25 08:38:29,262 [WARNING] ⚠️ ETHUSDT 止损单提交失败：{'code': -4120, 'msg': 'Order type not supported for this endpoint. Please use the Algo Order API endpoints instead.'}
2026-05-25 08:38:29,606 [WARNING] ⚠️ ETHUSDT 止盈单提交失败：{'code': -4120, 'msg': 'Order type not supported for this endpoint. Please use the Algo Order API endpoints instead.'}
2026-05-25 08:38:29,610 [INFO] ✅ 订单确认 orderId=8727776286 status=NEW
2026-05-25 08:38:29,611 [INFO] 📝 下单结果：{'leverage': {'symbol': 'ETHUSDT', 'leverage': 10, 'maxNotionalValue': '30000000'}, 'order': {'orderId': 8727776286, 'symbol': 'ETHUSDT', 'status': 'NEW', 'clientOrderId': 'oc_1779669508_7f71da47c7', 'price': '0.00', 'avgPrice': '0.00', 'origQty': '0.095', 'executedQty': '0.000', 'cumQty': '0.000', 'cumQuote': '0.00000', 'timeInForce': 'GTC', 'type': 'MARKET', 'reduceOnly': False, 'closePosition': False, 'side': 'BUY', 'positionSide': 'BOTH', 'stopPrice': '0.00', 'workingType': 'CONTRACT_PRICE', 'priceProtect': False, 'origType': 'MARKET', 'priceMatch': 'NONE', 'selfTradePreventionMode': 'EXPIRE_MAKER', 'goodTillDate': 0, 'updateTime': 1779669509255}, 'quantity_used': 0.095, 'tp_price': 2189.8, 'sl_price': 2084.52, 'success': True, 'message': ''}
2026-05-25 08:38:29,612 [INFO] 🟢 开多 ETH @2105.58 | 评分:90 | 状态:ranging | AI:震荡(0%) | ✅ 下单成功
2026-05-25 08:38:29,617 [INFO] ✅ ETH 开仓成功，当前持仓：2/4
2026-05-25 08:38:30,010 [INFO] ✅ 从 Binance API 获取 2 个持仓
2026-05-25 08:38:30,012 [INFO] 🤖 SOL 触发 AI：开仓信号确认 (70分)
2026-05-25 08:38:30,021 [INFO] AI跳过(AI冷却中(176s))，使用纯数学决策
2026-05-25 08:38:30,766 [INFO] ✅ 从 Binance API 获取 2 个持仓
2026-05-25 08:38:31,209 [INFO] ✅ 从 Binance API 获取 2 个持仓
2026-05-25 08:38:31,549 [WARNING] ⚠️ SOLUSDT 设置逐仓模式失败：{'code': -4046, 'msg': 'No need to change margin type.'}
2026-05-25 08:38:32,601 [WARNING] ⚠️ SOLUSDT 止损单提交失败：{'code': -4120, 'msg': 'Order type not supported for this endpoint. Please use the Algo Order API endpoints instead.'}
2026-05-25 08:38:32,924 [WARNING] ⚠️ SOLUSDT 止盈单提交失败：{'code': -4120, 'msg': 'Order type not supported for this endpoint. Please use the Algo Order API endpoints instead.'}
2026-05-25 08:38:32,925 [INFO] ✅ 订单确认 orderId=1891458305 status=NEW
2026-05-25 08:38:32,925 [INFO] 📝 下单结果：{'leverage': {'symbol': 'SOLUSDT', 'leverage': 10, 'maxNotionalValue': '1800000'}, 'order': {'orderId': 1891458305, 'symbol': 'SOLUSDT', 'status': 'NEW', 'clientOrderId': 'oc_1779669511_1ecee46a22', 'price': '0.0000', 'avgPrice': '0.00', 'origQty': '2.34', 'executedQty': '0.00', 'cumQty': '0.00', 'cumQuote': '0.000000', 'timeInForce': 'GTC', 'type': 'MARKET', 'reduceOnly': False, 'closePosition': False, 'side': 'BUY', 'positionSide': 'BOTH', 'stopPrice': '0.0000', 'workingType': 'CONTRACT_PRICE', 'priceProtect': False, 'origType': 'MARKET', 'priceMatch': 'NONE', 'selfTradePreventionMode': 'EXPIRE_MAKER', 'goodTillDate': 0, 'updateTime': 1779669512655}, 'quantity_used': 2.34, 'tp_price': 88.86, 'sl_price': 84.59, 'success': True, 'message': ''}
2026-05-25 08:38:32,926 [INFO] 🟢 开多 SOL @85.44 | 评分:70 | 状态:ranging | ✅ 下单成功
2026-05-25 08:38:32,931 [INFO] ✅ SOL 开仓成功，当前持仓：3/4
2026-05-25 08:38:32,931 [INFO] ⚠️ BNB 已达最大持仓数，跳过开仓
2026-05-25 08:40:08,104 [INFO] ✅ 从 Binance API 获取 3 个持仓
2026-05-25 08:40:08,106 [INFO] 📊 开仓前检查：API 持仓=3, 本地缓存=3, 采用=3/4
2026-05-25 08:40:10,272 [INFO] ✅ 从 Binance API 获取 3 个持仓
2026-05-25 08:40:10,274 [INFO] ⚠️ BTC 已有持仓（api=True, local=True），跳过重复开仓
2026-05-25 08:40:10,274 [INFO] ⏳ ETH LONG 冷却中，还需 199秒
2026-05-25 08:40:10,275 [INFO] ⏳ SOL LONG 冷却中，还需 202秒
2026-05-25 08:40:13,055 [INFO] ✅ 从 Binance API 获取 3 个持仓
2026-05-25 08:40:13,057 [INFO] 🤖 BNB 触发 AI：开仓信号确认 (70分)
2026-05-25 08:40:13,791 [INFO] AI跳过(AI冷却中(72s))，使用纯数学决策
2026-05-25 08:40:15,497 [INFO] ✅ 从 Binance API 获取 3 个持仓
2026-05-25 08:40:15,851 [INFO] ✅ 从 Binance API 获取 3 个持仓
2026-05-25 08:40:16,166 [WARNING] ⚠️ BNBUSDT 设置逐仓模式失败：{'code': -4046, 'msg': 'No need to change margin type.'}
2026-05-25 08:40:22,502 [WARNING] ⚠️ BNBUSDT 止损单提交失败：{'code': -4120, 'msg': 'Order type not supported for this endpoint. Please use the Algo Order API endpoints instead.'}
2026-05-25 08:40:23,625 [WARNING] ⚠️ BNBUSDT 止盈单提交失败：{'code': -4120, 'msg': 'Order type not supported for this endpoint. Please use the Algo Order API endpoints instead.'}
2026-05-25 08:40:23,627 [INFO] ✅ 订单确认 orderId=1375087316 status=NEW
2026-05-25 08:40:23,627 [INFO] 📝 下单结果：{'leverage': {'symbol': 'BNBUSDT', 'leverage': 10, 'maxNotionalValue': '1000000'}, 'order': {'orderId': 1375087316, 'symbol': 'BNBUSDT', 'status': 'NEW', 'clientOrderId': 'oc_1779669616_c51694b295', 'price': '0.000', 'avgPrice': '0.00', 'origQty': '0.30', 'executedQty': '0.00', 'cumQty': '0.00', 'cumQuote': '0.00000', 'timeInForce': 'GTC', 'type': 'MARKET', 'reduceOnly': False, 'closePosition': False, 'side': 'BUY', 'positionSide': 'BOTH', 'stopPrice': '0.000', 'workingType': 'CONTRACT_PRICE', 'priceProtect': False, 'origType': 'MARKET', 'priceMatch': 'NONE', 'selfTradePreventionMode': 'EXPIRE_MAKER', 'goodTillDate': 0, 'updateTime': 1779669617223}, 'quantity_used': 0.3, 'tp_price': 685.97, 'sl_price': 652.99, 'success': True, 'message': ''}
2026-05-25 08:40:23,627 [INFO] 🟢 开多 BNB @659.59 | 评分:70 | 状态:ranging | ✅ 下单成功
2026-05-25 08:40:23,973 [INFO] ✅ BNB 开仓成功，当前持仓：4/4
2026-05-25 08:40:23,974 [INFO] ⚠️ DOT 已达最大持仓数，跳过开仓
2026-05-25 08:41:41,623 [INFO] ✅ 从 Binance API 获取 4 个持仓
2026-05-25 08:41:41,624 [INFO] 📊 开仓前检查：API 持仓=4, 本地缓存=4, 采用=4/4
2026-05-25 08:41:41,625 [INFO] ⚠️ BTC 已达最大持仓数，跳过开仓
2026-05-25 08:42:27,414 [INFO] ✅ 从 Binance API 获取 4 个持仓
2026-05-25 08:42:27,416 [INFO] 📊 开仓前检查：API 持仓=4, 本地缓存=4, 采用=4/4
2026-05-25 08:42:27,416 [INFO] ⚠️ BTC 已达最大持仓数，跳过开仓
2026-05-25 08:42:42,642 [INFO] ✅ 飞书推送成功
2026-05-25 08:42:43,250 [INFO] ✅ 飞书推送成功
2026-05-25 08:42:57,882 [INFO] 📌 BTC 止损单已更新 Binance：77908.0670 → 77889.0790
2026-05-25 08:43:27,371 [INFO] ✅ 从 Binance API 获取 4 个持仓
2026-05-25 08:43:28,017 [INFO] 📌 BTC 止损单已更新 Binance：77889.0790 → 77888.5740
2026-05-25 08:43:33,766 [INFO] ✅ 从 Binance API 获取 4 个持仓
2026-05-25 08:43:33,768 [INFO] 📊 开仓前检查：API 持仓=4, 本地缓存=4, 采用=4/4
2026-05-25 08:43:33,768 [INFO] ⚠️ BTC 已达最大持仓数，跳过开仓
2026-05-25 08:43:34,348 [INFO] ✅ 飞书推送成功
2026-05-25 08:43:34,958 [INFO] ✅ 飞书推送成功
2026-05-25 08:43:42,926 [INFO] 📌 BTC 止损单已更新 Binance：77888.5740 → 77887.1600
2026-05-25 08:43:57,676 [INFO] 📌 BTC 止损单已更新 Binance：77887.1600 → 77882.1100
2026-05-25 08:44:12,897 [INFO] 📌 BTC 止损单已更新 Binance：77882.1100 → 77880.9990
2026-05-25 08:44:27,772 [INFO] 📌 BTC 止损单已更新 Binance：77880.9990 → 77880.5950
2026-05-25 08:44:28,155 [INFO] ✅ 从 Binance API 获取 4 个持仓
2026-05-25 08:44:28,157 [INFO] 📊 开仓前检查：API 持仓=4, 本地缓存=4, 采用=4/4
2026-05-25 08:44:28,157 [INFO] ⚠️ BTC 已达最大持仓数，跳过开仓
2026-05-25 08:44:42,679 [INFO] 📌 BTC 止损单已更新 Binance：77880.5950 → 77879.8880
2026-05-25 08:44:57,663 [INFO] 📌 BTC 止损单已更新 Binance：77879.8880 → 77869.2830
2026-05-25 08:45:12,942 [INFO] 📌 BTC 止损单已更新 Binance：77869.2830 → 77867.3640
2026-05-25 08:45:29,387 [INFO] ✅ 从 Binance API 获取 4 个持仓
2026-05-25 08:45:29,390 [INFO] 📊 开仓前检查：API 持仓=4, 本地缓存=4, 采用=4/4
2026-05-25 08:45:29,391 [INFO] ⚠️ BTC 已达最大持仓数，跳过开仓
2026-05-25 08:45:30,038 [INFO] ✅ 飞书推送成功
2026-05-25 08:46:27,947 [INFO] ✅ 从 Binance API 获取 4 个持仓
2026-05-25 08:46:27,950 [INFO] 📊 开仓前检查：API 持仓=4, 本地缓存=4, 采用=4/4
2026-05-25 08:46:27,950 [INFO] ⚠️ BTC 已达最大持仓数，跳过开仓
2026-05-25 08:47:29,124 [INFO] ✅ 从 Binance API 获取 4 个持仓
2026-05-25 08:47:29,127 [INFO] 📊 开仓前检查：API 持仓=4, 本地缓存=4, 采用=4/4
2026-05-25 08:47:29,127 [INFO] ⚠️ BTC 已达最大持仓数，跳过开仓
2026-05-25 08:47:38,778 [WARNING] WebSocket 断线，5 秒后重连：Cannot connect to host stream.binancefuture.com:443 ssl:default [None]
2026-05-25 08:47:54,336 [WARNING] WebSocket 断线，5 秒后重连：Cannot connect to host stream.binancefuture.com:443 ssl:default [None]
2026-05-25 08:47:59,894 [INFO] WebSocket 价格流已连接 (aiohttp + 代理)
2026-05-25 08:48:27,751 [INFO] ✅ 从 Binance API 获取 4 个持仓
2026-05-25 08:48:30,556 [INFO] ✅ 从 Binance API 获取 4 个持仓
2026-05-25 08:48:30,558 [INFO] 📊 开仓前检查：API 持仓=4, 本地缓存=4, 采用=4/4
2026-05-25 08:48:30,558 [INFO] ⚠️ BTC 已达最大持仓数，跳过开仓
2026-05-25 08:49:27,572 [INFO] ✅ 从 Binance API 获取 4 个持仓
2026-05-25 08:49:27,574 [INFO] 📊 开仓前检查：API 持仓=4, 本地缓存=4, 采用=4/4
2026-05-25 08:49:27,575 [INFO] ⚠️ BTC 已达最大持仓数，跳过开仓
2026-05-25 08:50:29,919 [INFO] ✅ 从 Binance API 获取 4 个持仓
2026-05-25 08:50:29,922 [INFO] 📊 开仓前检查：API 持仓=4, 本地缓存=4, 采用=4/4
2026-05-25 08:50:29,922 [INFO] ⚠️ BTC 已达最大持仓数，跳过开仓
2026-05-25 08:51:27,542 [INFO] ✅ 从 Binance API 获取 4 个持仓
2026-05-25 08:51:27,545 [INFO] 📊 开仓前检查：API 持仓=4, 本地缓存=4, 采用=4/4
2026-05-25 08:51:27,546 [INFO] ⚠️ BTC 已达最大持仓数，跳过开仓
2026-05-25 08:52:29,926 [INFO] ✅ 从 Binance API 获取 4 个持仓
2026-05-25 08:52:29,928 [INFO] 📊 开仓前检查：API 持仓=4, 本地缓存=4, 采用=4/4
2026-05-25 08:52:29,928 [INFO] ⚠️ BTC 已达最大持仓数，跳过开仓
2026-05-25 08:53:28,284 [INFO] ✅ 从 Binance API 获取 4 个持仓
2026-05-25 08:53:32,653 [INFO] ✅ 从 Binance API 获取 4 个持仓
2026-05-25 08:53:32,655 [INFO] 📊 开仓前检查：API 持仓=4, 本地缓存=4, 采用=4/4
2026-05-25 08:53:32,655 [INFO] ⚠️ BTC 已达最大持仓数，跳过开仓
2026-05-25 08:54:27,565 [INFO] ✅ 从 Binance API 获取 4 个持仓
2026-05-25 08:54:27,567 [INFO] 📊 开仓前检查：API 持仓=4, 本地缓存=4, 采用=4/4
2026-05-25 08:54:27,568 [INFO] ⚠️ BTC 已达最大持仓数，跳过开仓
2026-05-25 08:56:28,938 [INFO] ✅ 从 Binance API 获取 4 个持仓
2026-05-25 08:56:28,940 [INFO] 📊 开仓前检查：API 持仓=4, 本地缓存=4, 采用=4/4
2026-05-25 08:56:28,940 [INFO] ⚠️ BTC 已达最大持仓数，跳过开仓
2026-05-25 08:57:15,906 [INFO] ✅ 从 Binance API 获取 4 个持仓
2026-05-25 08:57:15,908 [INFO] 📊 开仓前检查：API 持仓=4, 本地缓存=4, 采用=4/4
2026-05-25 08:57:15,908 [INFO] ⚠️ BTC 已达最大持仓数，跳过开仓
2026-05-25 08:58:16,828 [INFO] ✅ 从 Binance API 获取 4 个持仓
2026-05-25 08:58:16,830 [INFO] 📊 开仓前检查：API 持仓=4, 本地缓存=4, 采用=4/4
2026-05-25 08:58:16,830 [INFO] ⚠️ BTC 已达最大持仓数，跳过开仓
2026-05-25 08:59:14,922 [INFO] ✅ 从 Binance API 获取 4 个持仓
2026-05-25 08:59:19,862 [INFO] ✅ 从 Binance API 获取 4 个持仓
2026-05-25 08:59:19,864 [INFO] 📊 开仓前检查：API 持仓=4, 本地缓存=4, 采用=4/4
2026-05-25 08:59:19,864 [INFO] ⚠️ BTC 已达最大持仓数，跳过开仓
2026-05-25 09:00:14,828 [INFO] ✅ 从 Binance API 获取 4 个持仓
2026-05-25 09:00:14,830 [INFO] 📊 开仓前检查：API 持仓=4, 本地缓存=4, 采用=4/4
2026-05-25 09:00:14,831 [INFO] ⚠️ BTC 已达最大持仓数，跳过开仓
2026-05-25 09:01:18,286 [INFO] ✅ 从 Binance API 获取 4 个持仓
2026-05-25 09:01:18,288 [INFO] 📊 开仓前检查：API 持仓=4, 本地缓存=4, 采用=4/4
2026-05-25 09:01:18,289 [INFO] ⚠️ BTC 已达最大持仓数，跳过开仓
2026-05-25 09:01:45,113 [INFO] 📌 BTC 止损单已更新 Binance：77867.3640 → 77850.5980
2026-05-25 09:02:00,449 [INFO] 📌 BTC 止损单已更新 Binance：77850.5980 → 77818.1770
2026-05-25 09:02:15,180 [INFO] 📌 BTC 止损单已更新 Binance：77818.1770 → 77796.3610
2026-05-25 09:02:17,529 [INFO] ✅ 从 Binance API 获取 4 个持仓
2026-05-25 09:02:17,531 [INFO] 📊 开仓前检查：API 持仓=4, 本地缓存=4, 采用=4/4
2026-05-25 09:02:17,531 [INFO] ⚠️ BTC 已达最大持仓数，跳过开仓
2026-05-25 09:03:15,328 [INFO] ✅ 从 Binance API 获取 4 个持仓
2026-05-25 09:03:15,330 [INFO] 📊 开仓前检查：API 持仓=4, 本地缓存=4, 采用=4/4
2026-05-25 09:03:15,330 [INFO] ⚠️ BTC 已达最大持仓数，跳过开仓
2026-05-25 09:04:14,868 [INFO] ✅ 从 Binance API 获取 4 个持仓
2026-05-25 09:04:17,330 [INFO] ✅ 从 Binance API 获取 4 个持仓
2026-05-25 09:04:17,332 [INFO] 📊 开仓前检查：API 持仓=4, 本地缓存=4, 采用=4/4
2026-05-25 09:04:17,332 [INFO] ⚠️ BTC 已达最大持仓数，跳过开仓
2026-05-25 09:05:14,898 [INFO] ✅ 从 Binance API 获取 4 个持仓
2026-05-25 09:05:14,900 [INFO] 📊 开仓前检查：API 持仓=4, 本地缓存=4, 采用=4/4
2026-05-25 09:05:14,900 [INFO] ⚠️ BTC 已达最大持仓数，跳过开仓
2026-05-25 09:06:17,867 [INFO] ✅ 从 Binance API 获取 4 个持仓
2026-05-25 09:06:17,869 [INFO] 📊 开仓前检查：API 持仓=4, 本地缓存=4, 采用=4/4
2026-05-25 09:06:17,869 [INFO] ⚠️ BTC 已达最大持仓数，跳过开仓
2026-05-25 09:07:27,889 [INFO] ✅ 从 Binance API 获取 4 个持仓
2026-05-25 09:07:27,891 [INFO] 📊 开仓前检查：API 持仓=4, 本地缓存=4, 采用=4/4
2026-05-25 09:07:27,892 [INFO] ⚠️ BTC 已达最大持仓数，跳过开仓
2026-05-25 09:07:45,123 [INFO] 
==================================================
📊 整点汇报 2026-05-25 09:07
恐惧贪婪指数: 30 (恐惧)
今日PnL: +39.90 USDT (+39.9%)
持仓数: 4/4
  🔴 BTC SHORT @79818.5000 现价:77077.1000 PnL:+3.43%
  🟢 ETH LONG @2105.5800 现价:2103.9300 PnL:-0.08%
  🟢 SOL LONG @85.4400 现价:85.3800 PnL:-0.07%
  🟢 BNB LONG @659.5900 现价:658.6500 PnL:-0.14%
  BTC: 77077.1000 (+0.39%)
  ETH: 2103.9300 (-0.65%)
  SOL: 85.3800 (-0.54%)
  BNB: 658.6500 (+0.27%)
  DOT: 1.2510 (-3.10%)
  LINK: 9.4610 (-1.20%)
  XRP: 1.3509 (-0.75%)
==================================================
2026-05-25 09:07:45,135 [INFO] 
📊 评分详情 (2026-05-25 09:07):
  BTC: 30分 (RSI:67, 24h:+0.4%, MA60:✗) → 信号：NONE
  ETH: 30分 (RSI:79, 24h:-0.7%, MA60:✗) → 信号：NONE
  SOL: 30分 (RSI:72, 24h:-0.5%, MA60:✗) → 信号：NONE
  BNB: 30分 (RSI:77, 24h:+0.3%, MA60:✗) → 信号：NONE
  DOT: 50分 (RSI:67, 24h:-3.1%, MA60:✗) → 信号：NONE
  LINK: 30分 (RSI:79, 24h:-1.2%, MA60:✗) → 信号：NONE
  XRP: 30分 (RSI:75, 24h:-0.7%, MA60:✗) → 信号：NONE
2026-05-25 09:07:45,136 [INFO] 📋 整点汇报：持仓数=4, prices 缓存=7
2026-05-25 09:07:45,136 [INFO]   📍 BTC SHORT: entry=79818.5, amount=0, current_price=77077.1
2026-05-25 09:07:45,136 [INFO]   📍 ETH LONG: entry=2105.58, amount=0.095, current_price=2103.93
2026-05-25 09:07:45,136 [INFO]   📍 SOL LONG: entry=85.44, amount=2.34, current_price=85.38
2026-05-25 09:07:45,136 [INFO]   📍 BNB LONG: entry=659.59, amount=0.3, current_price=658.65
2026-05-25 09:07:45,894 [INFO] ✅ 飞书推送成功
2026-05-25 09:08:15,565 [INFO] ✅ 从 Binance API 获取 4 个持仓
2026-05-25 09:08:15,567 [INFO] 📊 开仓前检查：API 持仓=4, 本地缓存=4, 采用=4/4
2026-05-25 09:08:15,567 [INFO] ⚠️ BTC 已达最大持仓数，跳过开仓
2026-05-25 09:09:15,628 [INFO] ✅ 从 Binance API 获取 4 个持仓
2026-05-25 09:09:20,189 [INFO] ✅ 从 Binance API 获取 4 个持仓
2026-05-25 09:09:20,192 [INFO] 📊 开仓前检查：API 持仓=4, 本地缓存=4, 采用=4/4
2026-05-25 09:09:20,192 [INFO] ⚠️ BTC 已达最大持仓数，跳过开仓
2026-05-25 09:10:15,488 [INFO] ✅ 从 Binance API 获取 4 个持仓
2026-05-25 09:10:15,489 [INFO] 📊 开仓前检查：API 持仓=4, 本地缓存=4, 采用=4/4
2026-05-25 09:10:15,490 [INFO] ⚠️ BTC 已达最大持仓数，跳过开仓
2026-05-25 09:11:19,708 [INFO] ✅ 从 Binance API 获取 4 个持仓
2026-05-25 09:11:19,710 [INFO] 📊 开仓前检查：API 持仓=4, 本地缓存=4, 采用=4/4
2026-05-25 09:11:19,710 [INFO] ⚠️ BTC 已达最大持仓数，跳过开仓
2026-05-25 09:11:54,688 [INFO] 🔄 已加载 auto_trade_config.json（API key 前缀：4XOtZh5r...10XU）
2026-05-25 09:11:54,690 [INFO] ✅ 自动交易模块已加载
2026-05-25 09:11:54,697 [INFO] 🚀 crypto_signal_monitor v6.0 启动
2026-05-25 09:11:54,699 [INFO] 🔑 当前 Binance API key: 4XOtZh5r...10XU (动态读取，文件改动会自动重载)
2026-05-25 09:11:54,701 [INFO] 等待WebSocket价格流就绪...
2026-05-25 09:11:55,928 [INFO] WebSocket 价格流已连接 (aiohttp + 代理)
2026-05-25 09:11:58,721 [INFO] 价格流就绪: ['XRP', 'BTC', 'LINK', 'SOL', 'BNB', 'DOT', 'ETH']
2026-05-25 09:11:58,722 [INFO] 🔄 从 Binance API 同步持仓...
2026-05-25 09:11:59,529 [INFO] ✅ 从 Binance API 获取 4 个持仓
2026-05-25 09:11:59,542 [INFO] 🔧 持仓 BTC 兼容转换：qty=0.003 → amount
2026-05-25 09:11:59,543 [INFO] 📊 加载本地缓存 4 个持仓用于保留止盈止损
2026-05-25 09:11:59,543 [INFO] ✅ 同步持仓：SOL LONG @ $85.44
2026-05-25 09:11:59,544 [INFO] ✅ 同步持仓：ETH LONG @ $2105.67
2026-05-25 09:11:59,544 [INFO] ✅ 同步持仓：BNB LONG @ $659.59
2026-05-25 09:11:59,544 [INFO] ✅ 同步持仓：BTC SHORT @ $79818.50
2026-05-25 09:11:59,554 [INFO] ✅ 持仓同步完成：4个
2026-05-25 09:11:59,564 [INFO] 📋 恢复状态：last_report_hour=9, daily_pnl=+0.00U, peak_pnl={'BTC': 0.03498437079123254, 'ETH': 0.0007598856372115565, 'SOL': 0.0008192883895131951, 'BNB': 0.0} ✅ 熔断已清除
2026-05-25 09:11:59,569 [INFO] ✅ 恢复 peak_pnl 到 4 个持仓
2026-05-25 09:12:57,507 [INFO] ✅ 从 Binance API 获取 4 个持仓
2026-05-25 09:12:57,509 [INFO] 📊 开仓前检查：API 持仓=4, 本地缓存=4, 采用=4/4
2026-05-25 09:12:57,509 [INFO] ⚠️ BTC 已达最大持仓数，跳过开仓
2026-05-25 09:13:53,953 [INFO] ✅ 从 Binance API 获取 4 个持仓
2026-05-25 09:13:53,955 [INFO] 📊 开仓前检查：API 持仓=4, 本地缓存=4, 采用=4/4
2026-05-25 09:13:53,956 [INFO] ⚠️ BTC 已达最大持仓数，跳过开仓
2026-05-25 09:14:51,552 [INFO] ✅ 从 Binance API 获取 4 个持仓
2026-05-25 09:14:51,554 [INFO] 📊 开仓前检查：API 持仓=4, 本地缓存=4, 采用=4/4
2026-05-25 09:14:51,554 [INFO] ⚠️ BTC 已达最大持仓数，跳过开仓
2026-05-25 09:15:53,016 [INFO] ✅ 从 Binance API 获取 4 个持仓
2026-05-25 09:15:53,019 [INFO] 📊 开仓前检查：API 持仓=4, 本地缓存=4, 采用=4/4
2026-05-25 09:15:53,020 [INFO] ⚠️ BTC 已达最大持仓数，跳过开仓
2026-05-25 09:16:48,751 [INFO] ✅ 从 Binance API 获取 4 个持仓
2026-05-25 09:16:49,025 [WARNING] K 线重试 1/5 BTC: HTTPSConnectionPool(host='testnet.binancefuture.com', port=443): Max retries exceeded with url: /fapi/v1/klines?symbol=BTCUSDT&interval=15m&limit=100 (Caused by SSLError(SSLError(1, '[SSL: RECORD_LAYER_FAILURE] record layer failure (_ssl.c:2658)')))
2026-05-25 09:16:56,976 [INFO] ✅ 从 Binance API 获取 4 个持仓
2026-05-25 09:16:56,978 [INFO] 📊 开仓前检查：API 持仓=4, 本地缓存=4, 采用=4/4
2026-05-25 09:16:56,979 [INFO] ⚠️ BTC 已达最大持仓数，跳过开仓
2026-05-25 09:17:48,418 [INFO] ✅ 从 Binance API 获取 4 个持仓
2026-05-25 09:17:48,420 [INFO] 📊 开仓前检查：API 持仓=4, 本地缓存=4, 采用=4/4
2026-05-25 09:17:48,421 [INFO] ⚠️ BTC 已达最大持仓数，跳过开仓
2026-05-25 09:18:52,255 [INFO] ✅ 从 Binance API 获取 4 个持仓
2026-05-25 09:18:52,256 [INFO] 📊 开仓前检查：API 持仓=4, 本地缓存=4, 采用=4/4
2026-05-25 09:18:52,256 [INFO] ⚠️ BTC 已达最大持仓数，跳过开仓
2026-05-25 09:19:48,954 [INFO] ✅ 从 Binance API 获取 4 个持仓
2026-05-25 09:19:48,956 [INFO] 📊 开仓前检查：API 持仓=4, 本地缓存=4, 采用=4/4
2026-05-25 09:19:48,957 [INFO] ⚠️ BTC 已达最大持仓数，跳过开仓
2026-05-25 09:20:52,926 [INFO] ✅ 从 Binance API 获取 4 个持仓
2026-05-25 09:20:52,929 [INFO] 📊 开仓前检查：API 持仓=4, 本地缓存=4, 采用=4/4
2026-05-25 09:20:52,929 [INFO] ⚠️ BTC 已达最大持仓数，跳过开仓
2026-05-25 09:21:51,292 [INFO] ✅ 从 Binance API 获取 4 个持仓
2026-05-25 09:21:59,550 [INFO] ✅ 从 Binance API 获取 4 个持仓
2026-05-25 09:21:59,552 [INFO] 📊 开仓前检查：API 持仓=4, 本地缓存=4, 采用=4/4
2026-05-25 09:21:59,552 [INFO] ⚠️ BTC 已达最大持仓数，跳过开仓
2026-05-25 09:22:49,478 [INFO] ✅ 从 Binance API 获取 4 个持仓
2026-05-25 09:22:49,481 [INFO] 📊 开仓前检查：API 持仓=4, 本地缓存=4, 采用=4/4
2026-05-25 09:22:49,481 [INFO] ⚠️ BTC 已达最大持仓数，跳过开仓
2026-05-25 09:23:50,619 [INFO] ✅ 从 Binance API 获取 4 个持仓
2026-05-25 09:23:50,621 [INFO] 📊 开仓前检查：API 持仓=4, 本地缓存=4, 采用=4/4
2026-05-25 09:23:50,622 [INFO] ⚠️ BTC 已达最大持仓数，跳过开仓
2026-05-25 09:24:51,259 [INFO] ✅ 从 Binance API 获取 4 个持仓
2026-05-25 09:24:51,261 [INFO] 📊 开仓前检查：API 持仓=4, 本地缓存=4, 采用=4/4
2026-05-25 09:24:51,262 [INFO] ⚠️ BTC 已达最大持仓数，跳过开仓
2026-05-25 09:25:48,536 [INFO] ✅ 从 Binance API 获取 4 个持仓
2026-05-25 09:25:48,540 [INFO] 📊 开仓前检查：API 持仓=4, 本地缓存=4, 采用=4/4
2026-05-25 09:25:48,540 [INFO] ⚠️ BTC 已达最大持仓数，跳过开仓
2026-05-25 09:26:48,654 [INFO] ✅ 从 Binance API 获取 4 个持仓
2026-05-25 09:26:50,985 [INFO] ✅ 从 Binance API 获取 4 个持仓
2026-05-25 09:26:50,986 [INFO] 📊 开仓前检查：API 持仓=4, 本地缓存=4, 采用=4/4
2026-05-25 09:26:50,986 [INFO] ⚠️ BTC 已达最大持仓数，跳过开仓
2026-05-25 09:27:48,839 [INFO] ✅ 从 Binance API 获取 4 个持仓
2026-05-25 09:27:48,841 [INFO] 📊 开仓前检查：API 持仓=4, 本地缓存=4, 采用=4/4
2026-05-25 09:27:48,841 [INFO] ⚠️ BTC 已达最大持仓数，跳过开仓
2026-05-25 09:29:15,394 [INFO] ✅ 从 Binance API 获取 4 个持仓
2026-05-25 09:29:15,396 [INFO] 📊 开仓前检查：API 持仓=4, 本地缓存=4, 采用=4/4
2026-05-25 09:29:15,396 [INFO] ⚠️ BTC 已达最大持仓数，跳过开仓
2026-05-25 09:30:02,570 [INFO] ✅ 从 Binance API 获取 4 个持仓
2026-05-25 09:30:02,571 [INFO] 📊 开仓前检查：API 持仓=4, 本地缓存=4, 采用=4/4
2026-05-25 09:30:02,572 [INFO] ⚠️ BTC 已达最大持仓数，跳过开仓
2026-05-25 09:31:08,131 [INFO] ✅ 从 Binance API 获取 4 个持仓
2026-05-25 09:31:08,133 [INFO] 📊 开仓前检查：API 持仓=4, 本地缓存=4, 采用=4/4
2026-05-25 09:31:08,133 [INFO] ⚠️ BTC 已达最大持仓数，跳过开仓
2026-05-25 09:32:04,473 [INFO] ✅ 从 Binance API 获取 4 个持仓
2026-05-25 09:32:06,979 [INFO] ✅ 从 Binance API 获取 4 个持仓
2026-05-25 09:32:06,982 [INFO] 📊 开仓前检查：API 持仓=4, 本地缓存=4, 采用=4/4
2026-05-25 09:32:06,982 [INFO] ⚠️ BTC 已达最大持仓数，跳过开仓
2026-05-25 09:33:06,747 [INFO] ✅ 从 Binance API 获取 4 个持仓
2026-05-25 09:33:06,752 [INFO] 📊 开仓前检查：API 持仓=4, 本地缓存=4, 采用=4/4
2026-05-25 09:33:06,752 [INFO] ⚠️ BTC 已达最大持仓数，跳过开仓
2026-05-25 09:34:04,717 [INFO] ✅ 从 Binance API 获取 4 个持仓
2026-05-25 09:34:04,719 [INFO] 📊 开仓前检查：API 持仓=4, 本地缓存=4, 采用=4/4
2026-05-25 09:34:04,720 [INFO] ⚠️ BTC 已达最大持仓数，跳过开仓
2026-05-25 09:35:08,353 [INFO] ✅ 从 Binance API 获取 4 个持仓
2026-05-25 09:35:08,355 [INFO] 📊 开仓前检查：API 持仓=4, 本地缓存=4, 采用=4/4
2026-05-25 09:35:08,355 [INFO] ⚠️ BTC 已达最大持仓数，跳过开仓
2026-05-25 09:36:14,297 [INFO] ✅ 从 Binance API 获取 4 个持仓
2026-05-25 09:36:14,299 [INFO] 📊 开仓前检查：API 持仓=4, 本地缓存=4, 采用=4/4
2026-05-25 09:36:14,299 [INFO] ⚠️ BTC 已达最大持仓数，跳过开仓
2026-05-25 09:37:07,554 [INFO] ✅ 从 Binance API 获取 4 个持仓
2026-05-25 09:37:10,337 [INFO] ✅ 从 Binance API 获取 4 个持仓
2026-05-25 09:37:10,340 [INFO] 📊 开仓前检查：API 持仓=4, 本地缓存=4, 采用=4/4
2026-05-25 09:37:10,340 [INFO] ⚠️ BTC 已达最大持仓数，跳过开仓
2026-05-25 09:38:10,342 [INFO] ✅ 从 Binance API 获取 4 个持仓
2026-05-25 09:38:10,344 [INFO] 📊 开仓前检查：API 持仓=4, 本地缓存=4, 采用=4/4
2026-05-25 09:38:10,345 [INFO] ⚠️ BTC 已达最大持仓数，跳过开仓
2026-05-25 09:39:10,775 [INFO] ✅ 从 Binance API 获取 4 个持仓
2026-05-25 09:39:10,777 [INFO] 📊 开仓前检查：API 持仓=4, 本地缓存=4, 采用=4/4
2026-05-25 09:39:10,777 [INFO] ⚠️ BTC 已达最大持仓数，跳过开仓
2026-05-25 09:40:25,103 [INFO] ✅ 从 Binance API 获取 4 个持仓
2026-05-25 09:40:25,108 [INFO] 📊 开仓前检查：API 持仓=4, 本地缓存=4, 采用=4/4
2026-05-25 09:40:25,108 [INFO] ⚠️ BTC 已达最大持仓数，跳过开仓
2026-05-25 09:41:11,042 [INFO] ✅ 从 Binance API 获取 4 个持仓
2026-05-25 09:41:11,044 [INFO] 📊 开仓前检查：API 持仓=4, 本地缓存=4, 采用=4/4
2026-05-25 09:41:11,045 [INFO] ⚠️ BTC 已达最大持仓数，跳过开仓
2026-05-25 09:42:28,706 [INFO] ✅ 从 Binance API 获取 4 个持仓
2026-05-25 09:43:47,361 [INFO] ✅ 从 Binance API 获取 4 个持仓
2026-05-25 09:43:47,363 [INFO] 📊 开仓前检查：API 持仓=4, 本地缓存=4, 采用=4/4
2026-05-25 09:43:47,363 [INFO] ⚠️ BTC 已达最大持仓数，跳过开仓
2026-05-25 09:44:35,512 [INFO] ✅ 从 Binance API 获取 4 个持仓
2026-05-25 09:44:35,515 [INFO] 📊 开仓前检查：API 持仓=4, 本地缓存=4, 采用=4/4
2026-05-25 09:44:35,515 [INFO] ⚠️ BTC 已达最大持仓数，跳过开仓
2026-05-25 09:45:38,872 [INFO] ✅ 从 Binance API 获取 4 个持仓
2026-05-25 09:45:38,875 [INFO] 📊 开仓前检查：API 持仓=4, 本地缓存=4, 采用=4/4
2026-05-25 09:45:38,875 [INFO] ⚠️ BTC 已达最大持仓数，跳过开仓
2026-05-25 09:46:59,747 [INFO] 🔄 已加载 auto_trade_config.json（API key 前缀：4XOtZh5r...10XU）
2026-05-25 09:46:59,749 [INFO] ✅ 自动交易模块已加载
2026-05-25 09:46:59,755 [INFO] 🚀 crypto_signal_monitor v6.0 启动
2026-05-25 09:46:59,756 [INFO] 🔑 当前 Binance API key: 4XOtZh5r...10XU (动态读取，文件改动会自动重载)
2026-05-25 09:46:59,756 [INFO] 等待WebSocket价格流就绪...
2026-05-25 09:47:00,540 [INFO] WebSocket 价格流已连接 (aiohttp + 代理)
2026-05-25 09:47:02,768 [INFO] 价格流就绪: ['XRP', 'SOL', 'ETH', 'BNB', 'DOT', 'BTC', 'LINK']
2026-05-25 09:47:02,770 [INFO] 🔄 从 Binance API 同步持仓...
2026-05-25 09:47:03,487 [INFO] ✅ 从 Binance API 获取 4 个持仓
2026-05-25 09:47:03,491 [INFO] 🔧 持仓 SOL 兼容转换：qty=2.34 → amount
2026-05-25 09:47:03,492 [INFO] 🔧 持仓 ETH 兼容转换：qty=0.095 → amount
2026-05-25 09:47:03,492 [INFO] 🔧 持仓 BNB 兼容转换：qty=0.3 → amount
2026-05-25 09:47:03,492 [INFO] 🔧 持仓 BTC 兼容转换：qty=0.003 → amount
2026-05-25 09:47:03,492 [INFO] 📊 加载本地缓存 4 个持仓用于保留止盈止损
2026-05-25 09:47:03,492 [INFO] ✅ 同步持仓：SOL LONG @ $85.44
2026-05-25 09:47:03,492 [INFO] ✅ 同步持仓：ETH LONG @ $2105.67
2026-05-25 09:47:03,493 [INFO] ✅ 同步持仓：BNB LONG @ $659.59
2026-05-25 09:47:03,493 [INFO] ✅ 同步持仓：BTC SHORT @ $79818.50
2026-05-25 09:47:03,496 [INFO] ✅ 持仓同步完成：4个
2026-05-25 09:47:03,498 [INFO] 📋 恢复状态：last_report_hour=9, daily_pnl=+0.00U, peak_pnl={'SOL': 0.0008192883895131951, 'ETH': 0.0007598856372115565, 'BNB': 0.0006832534183390174, 'BTC': 0.03498437079123254} ✅ 熔断已清除
2026-05-25 09:47:03,500 [INFO] ✅ 恢复 peak_pnl 到 4 个持仓
2026-05-25 09:47:51,605 [INFO] ✅ 从 Binance API 获取 4 个持仓
2026-05-25 09:47:51,607 [INFO] 📊 开仓前检查：API 持仓=4, 本地缓存=4, 采用=4/4
2026-05-25 09:47:51,607 [INFO] ⚠️ BTC 已达最大持仓数，跳过开仓
2026-05-25 09:48:52,057 [INFO] ✅ 从 Binance API 获取 4 个持仓
2026-05-25 09:48:52,060 [INFO] 📊 开仓前检查：API 持仓=4, 本地缓存=4, 采用=4/4
2026-05-25 09:48:52,061 [INFO] ⚠️ BTC 已达最大持仓数，跳过开仓
2026-05-25 09:49:49,612 [INFO] ✅ 从 Binance API 获取 4 个持仓
2026-05-25 09:49:49,614 [INFO] 📊 开仓前检查：API 持仓=4, 本地缓存=4, 采用=4/4
2026-05-25 09:49:49,614 [INFO] ⚠️ BTC 已达最大持仓数，跳过开仓
2026-05-25 09:50:51,308 [INFO] ✅ 从 Binance API 获取 4 个持仓
2026-05-25 09:50:51,311 [INFO] 📊 开仓前检查：API 持仓=4, 本地缓存=4, 采用=4/4
2026-05-25 09:50:51,311 [INFO] ⚠️ BTC 已达最大持仓数，跳过开仓
2026-05-25 09:51:49,748 [INFO] ✅ 从 Binance API 获取 4 个持仓
2026-05-25 09:51:55,034 [INFO] ✅ 从 Binance API 获取 4 个持仓
2026-05-25 09:51:55,036 [INFO] 📊 开仓前检查：API 持仓=4, 本地缓存=4, 采用=4/4
2026-05-25 09:51:55,037 [INFO] ⚠️ BTC 已达最大持仓数，跳过开仓
2026-05-25 09:52:49,597 [INFO] ✅ 从 Binance API 获取 4 个持仓
2026-05-25 09:52:49,598 [INFO] 📊 开仓前检查：API 持仓=4, 本地缓存=4, 采用=4/4
2026-05-25 09:52:49,599 [INFO] ⚠️ BTC 已达最大持仓数，跳过开仓
2026-05-25 09:55:42,261 [INFO] 🔄 已加载 auto_trade_config.json（API key 前缀：4XOtZh5r...10XU）
2026-05-25 09:55:42,262 [INFO] ✅ 自动交易模块已加载
2026-05-25 09:55:42,266 [INFO] 🚀 crypto_signal_monitor v6.0 启动
2026-05-25 09:55:42,267 [INFO] 🔑 当前 Binance API key: 4XOtZh5r...10XU (动态读取，文件改动会自动重载)
2026-05-25 09:55:42,268 [INFO] 等待WebSocket价格流就绪...
2026-05-25 09:55:42,810 [INFO] WebSocket 价格流已连接 (aiohttp + 代理)
2026-05-25 09:55:45,274 [INFO] 价格流就绪: ['SOL', 'LINK', 'BNB', 'DOT', 'ETH', 'XRP', 'BTC']
2026-05-25 09:55:45,275 [INFO] 🔄 从 Binance API 同步持仓...
2026-05-25 09:55:45,684 [INFO] ✅ 从 Binance API 获取 4 个持仓
2026-05-25 09:55:45,689 [INFO] 🔧 持仓 SOL 兼容转换：qty=2.34 → amount
2026-05-25 09:55:45,689 [INFO] 🔧 持仓 ETH 兼容转换：qty=0.095 → amount
2026-05-25 09:55:45,690 [INFO] 🔧 持仓 BNB 兼容转换：qty=0.3 → amount
2026-05-25 09:55:45,690 [INFO] 🔧 持仓 BTC 兼容转换：qty=0.003 → amount
2026-05-25 09:55:45,690 [INFO] 📊 加载本地缓存 4 个持仓用于保留止盈止损
2026-05-25 09:55:45,690 [INFO] ✅ 同步持仓：SOL LONG @ $85.44
2026-05-25 09:55:45,691 [INFO] ✅ 同步持仓：ETH LONG @ $2105.67
2026-05-25 09:55:45,691 [INFO] ✅ 同步持仓：BNB LONG @ $659.59
2026-05-25 09:55:45,691 [INFO] ✅ 同步持仓：BTC SHORT @ $79818.50
2026-05-25 09:55:45,694 [INFO] ✅ 持仓同步完成：4个
2026-05-25 09:55:45,697 [INFO] 📋 恢复状态：last_report_hour=9, daily_pnl=+0.00U, peak_pnl={'SOL': 0.0008192883895131951, 'ETH': 0.0007598856372115565, 'BNB': 0.0006832534183390174, 'BTC': 0.03498437079123254} ✅ 熔断已清除
2026-05-25 09:55:45,699 [INFO] ✅ 恢复 peak_pnl 到 4 个持仓
2026-05-25 09:56:33,640 [INFO] ✅ 从 Binance API 获取 4 个持仓
2026-05-25 09:56:33,642 [INFO] 📊 开仓前检查：API 持仓=4, 本地缓存=4, 采用=4/4
2026-05-25 09:56:33,643 [INFO] ⚠️ BTC 已达最大持仓数，跳过开仓
2026-05-25 09:57:31,884 [INFO] 📌 BTC 止损 Algo 单已更新：80616.6850 → 77794.0380
2026-05-25 09:57:34,263 [INFO] ✅ 从 Binance API 获取 4 个持仓
2026-05-25 09:57:34,265 [INFO] 📊 开仓前检查：API 持仓=4, 本地缓存=4, 采用=4/4
2026-05-25 09:57:34,265 [INFO] ⚠️ BTC 已达最大持仓数，跳过开仓
2026-05-25 09:57:46,827 [INFO] 📌 BTC 止损 Algo 单已更新：77794.0380 → 77786.5640
2026-05-25 09:58:01,907 [INFO] 📌 BTC 止损 Algo 单已更新：77786.5640 → 77785.1500
2026-05-25 09:59:01,987 [INFO] ✅ 从 Binance API 获取 4 个持仓
2026-05-25 09:59:01,990 [INFO] 📊 开仓前检查：API 持仓=4, 本地缓存=4, 采用=4/4
2026-05-25 09:59:01,991 [INFO] ⚠️ BTC 已达最大持仓数，跳过开仓
2026-05-25 09:59:49,208 [INFO] ✅ 从 Binance API 获取 4 个持仓
2026-05-25 09:59:49,210 [INFO] 📊 开仓前检查：API 持仓=4, 本地缓存=4, 采用=4/4
2026-05-25 09:59:49,210 [INFO] ⚠️ BTC 已达最大持仓数，跳过开仓
2026-05-25 10:00:03,115 [INFO] 
==================================================
📊 整点汇报 2026-05-25 10:00
恐惧贪婪指数: 50 (中性)
今日PnL: +0.00 USDT (+0.0%)
持仓数: 4/4
  🟢 SOL LONG @85.4400 现价:84.7800 PnL:-0.77%
  🟢 ETH LONG @2105.6723 现价:2094.0600 PnL:-0.55%
  🟢 BNB LONG @659.5893 现价:656.2200 PnL:-0.51%
  🔴 BTC SHORT @79818.5000 现价:77023.8000 PnL:+3.50%
  BTC: 77023.8000 (+0.25%)
  ETH: 2094.0600 (-1.29%)
  SOL: 84.7800 (-1.38%)
  BNB: 656.2200 (-0.24%)
  DOT: 1.2400 (-4.17%)
  LINK: 9.3810 (-2.18%)
  XRP: 1.3468 (-0.96%)
==================================================
2026-05-25 10:00:03,118 [INFO] 
📊 评分详情 (2026-05-25 10:00):
  BTC: 30分 (RSI:58, 24h:+0.2%, MA60:✗) → 信号：NONE
  ETH: 30分 (RSI:49, 24h:-1.3%, MA60:✗) → 信号：NONE
  SOL: 30分 (RSI:47, 24h:-1.4%, MA60:✗) → 信号：NONE
  BNB: 30分 (RSI:54, 24h:-0.2%, MA60:✗) → 信号：NONE
  DOT: 50分 (RSI:46, 24h:-4.2%, MA60:✗) → 信号：NONE
  LINK: 30分 (RSI:47, 24h:-2.2%, MA60:✗) → 信号：NONE
  XRP: 30分 (RSI:48, 24h:-1.0%, MA60:✗) → 信号：NONE
2026-05-25 10:00:03,118 [INFO] 📋 整点汇报：持仓数=4, prices 缓存=7
2026-05-25 10:00:03,119 [INFO]   📍 SOL LONG: entry=85.44, amount=0, current_price=84.78
2026-05-25 10:00:03,119 [INFO]   📍 ETH LONG: entry=2105.672315789, amount=0, current_price=2094.06
2026-05-25 10:00:03,119 [INFO]   📍 BNB LONG: entry=659.5893333333, amount=0, current_price=656.22
2026-05-25 10:00:03,119 [INFO]   📍 BTC SHORT: entry=79818.5, amount=0, current_price=77023.8
2026-05-25 10:00:04,401 [INFO] ✅ 飞书推送成功
2026-05-25 10:00:48,213 [INFO] ✅ 从 Binance API 获取 4 个持仓
2026-05-25 10:00:53,137 [INFO] ✅ 从 Binance API 获取 4 个持仓
2026-05-25 10:00:53,138 [INFO] 📊 开仓前检查：API 持仓=4, 本地缓存=4, 采用=4/4
2026-05-25 10:00:53,139 [INFO] ⚠️ BTC 已达最大持仓数，跳过开仓
2026-05-25 10:01:48,343 [INFO] ✅ 从 Binance API 获取 4 个持仓
2026-05-25 10:01:48,345 [INFO] 📊 开仓前检查：API 持仓=4, 本地缓存=4, 采用=4/4
2026-05-25 10:01:48,346 [INFO] ⚠️ BTC 已达最大持仓数，跳过开仓
2026-05-25 10:02:55,984 [INFO] ✅ 从 Binance API 获取 4 个持仓
2026-05-25 10:02:55,986 [INFO] 📊 开仓前检查：API 持仓=4, 本地缓存=4, 采用=4/4
2026-05-25 10:02:55,986 [INFO] ⚠️ BTC 已达最大持仓数，跳过开仓
2026-05-25 10:03:51,396 [INFO] ✅ 从 Binance API 获取 4 个持仓
2026-05-25 10:03:51,399 [INFO] 📊 开仓前检查：API 持仓=4, 本地缓存=4, 采用=4/4
2026-05-25 10:03:51,399 [INFO] ⚠️ BTC 已达最大持仓数，跳过开仓
2026-05-25 10:04:53,370 [INFO] ✅ 从 Binance API 获取 4 个持仓
2026-05-25 10:04:53,372 [INFO] 📊 开仓前检查：API 持仓=4, 本地缓存=4, 采用=4/4
2026-05-25 10:04:53,372 [INFO] ⚠️ BTC 已达最大持仓数，跳过开仓
2026-05-25 10:09:02,991 [INFO] 🔄 已加载 auto_trade_config.json（API key 前缀：4XOtZh5r...10XU）
2026-05-25 10:09:02,992 [INFO] ✅ 自动交易模块已加载
2026-05-25 10:09:02,995 [INFO] 🚀 crypto_signal_monitor v6.0 启动
2026-05-25 10:09:02,996 [INFO] 🔑 当前 Binance API key: 4XOtZh5r...10XU (动态读取，文件改动会自动重载)
2026-05-25 10:09:02,997 [INFO] 等待WebSocket价格流就绪...
2026-05-25 10:09:03,546 [INFO] WebSocket 价格流已连接 (aiohttp + 代理)
2026-05-25 10:09:06,006 [INFO] 价格流就绪: ['XRP', 'SOL', 'LINK', 'ETH', 'DOT', 'BNB', 'BTC']
2026-05-25 10:09:06,007 [INFO] 🔄 从 Binance API 同步持仓...
2026-05-25 10:09:06,390 [INFO] ✅ 从 Binance API 获取 4 个持仓
2026-05-25 10:09:06,394 [INFO] 🔧 持仓 SOL 兼容转换：qty=2.34 → amount
2026-05-25 10:09:06,395 [INFO] 🔧 持仓 ETH 兼容转换：qty=0.095 → amount
2026-05-25 10:09:06,395 [INFO] 🔧 持仓 BNB 兼容转换：qty=0.3 → amount
2026-05-25 10:09:06,395 [INFO] 🔧 持仓 BTC 兼容转换：qty=0.003 → amount
2026-05-25 10:09:06,395 [INFO] 📊 加载本地缓存 4 个持仓用于保留止盈止损
2026-05-25 10:09:06,395 [INFO] ✅ 同步持仓：SOL LONG @ $85.44
2026-05-25 10:09:06,395 [INFO] ✅ 同步持仓：ETH LONG @ $2105.67
2026-05-25 10:09:06,396 [INFO] ✅ 同步持仓：BNB LONG @ $659.59
2026-05-25 10:09:06,396 [INFO] ✅ 同步持仓：BTC SHORT @ $79818.50
2026-05-25 10:09:06,398 [INFO] ✅ 持仓同步完成：4个
2026-05-25 10:09:06,400 [INFO] 📋 恢复状态：last_report_hour=10, daily_pnl=+0.00U, peak_pnl={'SOL': 0.0008192883895131951, 'ETH': 0.0007598856372115565, 'BNB': 0.0006832534183390174, 'BTC': 0.035123436296096766} ✅ 熔断已清除
2026-05-25 10:09:06,402 [INFO] ✅ 恢复 peak_pnl 到 4 个持仓
2026-05-25 10:09:54,512 [INFO] ✅ 从 Binance API 获取 4 个持仓
2026-05-25 10:09:54,514 [INFO] 📊 开仓前检查：API 持仓=4, 本地缓存=4, 采用=4/4
2026-05-25 10:09:54,514 [INFO] ⚠️ BTC 已达最大持仓数，跳过开仓
2026-05-25 10:10:52,601 [INFO] ✅ 从 Binance API 获取 4 个持仓
2026-05-25 10:10:52,603 [INFO] 📊 开仓前检查：API 持仓=4, 本地缓存=4, 采用=4/4
2026-05-25 10:10:52,603 [INFO] ⚠️ BTC 已达最大持仓数，跳过开仓
2026-05-25 10:11:54,395 [INFO] ✅ 从 Binance API 获取 4 个持仓
2026-05-25 10:11:54,396 [INFO] 📊 开仓前检查：API 持仓=4, 本地缓存=4, 采用=4/4
2026-05-25 10:11:54,397 [INFO] ⚠️ BTC 已达最大持仓数，跳过开仓
2026-05-25 10:12:52,243 [INFO] ✅ 从 Binance API 获取 4 个持仓
2026-05-25 10:12:52,246 [INFO] 📊 开仓前检查：API 持仓=4, 本地缓存=4, 采用=4/4
2026-05-25 10:12:52,246 [INFO] ⚠️ BTC 已达最大持仓数，跳过开仓
2026-05-25 10:13:52,321 [INFO] ✅ 从 Binance API 获取 4 个持仓
2026-05-25 10:13:57,590 [INFO] ✅ 从 Binance API 获取 4 个持仓
2026-05-25 10:13:57,591 [INFO] 📊 开仓前检查：API 持仓=4, 本地缓存=4, 采用=4/4
2026-05-25 10:13:57,592 [INFO] ⚠️ BTC 已达最大持仓数，跳过开仓
2026-05-25 10:14:52,593 [INFO] ✅ 从 Binance API 获取 4 个持仓
2026-05-25 10:14:52,596 [INFO] 📊 开仓前检查：API 持仓=4, 本地缓存=4, 采用=4/4
2026-05-25 10:14:52,597 [INFO] ⚠️ BTC 已达最大持仓数，跳过开仓
2026-05-25 10:15:54,458 [INFO] ✅ 从 Binance API 获取 4 个持仓
2026-05-25 10:15:54,460 [INFO] 📊 开仓前检查：API 持仓=4, 本地缓存=4, 采用=4/4
2026-05-25 10:15:54,460 [INFO] ⚠️ BTC 已达最大持仓数，跳过开仓
2026-05-25 10:16:52,337 [INFO] ✅ 从 Binance API 获取 4 个持仓
2026-05-25 10:16:52,339 [INFO] 📊 开仓前检查：API 持仓=4, 本地缓存=4, 采用=4/4
2026-05-25 10:16:52,340 [INFO] ⚠️ BTC 已达最大持仓数，跳过开仓
2026-05-25 10:17:54,762 [INFO] ✅ 从 Binance API 获取 4 个持仓
2026-05-25 10:17:54,770 [INFO] 📊 开仓前检查：API 持仓=4, 本地缓存=4, 采用=4/4
2026-05-25 10:17:54,771 [INFO] ⚠️ BTC 已达最大持仓数，跳过开仓
2026-05-25 10:18:52,361 [INFO] ✅ 从 Binance API 获取 4 个持仓
2026-05-25 10:18:52,373 [WARNING] K 线重试 1/5 BTC: HTTPSConnectionPool(host='testnet.binancefuture.com', port=443): Max retries exceeded with url: /fapi/v1/klines?symbol=BTCUSDT&interval=15m&limit=100 (Caused by SSLError(SSLError(1, '[SSL: RECORD_LAYER_FAILURE] record layer failure (_ssl.c:2658)')))
2026-05-25 10:18:54,777 [INFO] ✅ 从 Binance API 获取 4 个持仓
2026-05-25 10:18:54,778 [INFO] 📊 开仓前检查：API 持仓=4, 本地缓存=4, 采用=4/4
2026-05-25 10:18:54,779 [INFO] ⚠️ BTC 已达最大持仓数，跳过开仓
2026-05-25 10:19:52,363 [INFO] ✅ 从 Binance API 获取 4 个持仓
2026-05-25 10:19:52,366 [INFO] 📊 开仓前检查：API 持仓=4, 本地缓存=4, 采用=4/4
2026-05-25 10:19:52,368 [INFO] ⚠️ BTC 已达最大持仓数，跳过开仓
2026-05-25 10:20:54,569 [INFO] ✅ 从 Binance API 获取 4 个持仓
2026-05-25 10:20:54,572 [INFO] 📊 开仓前检查：API 持仓=4, 本地缓存=4, 采用=4/4
2026-05-25 10:20:54,572 [INFO] ⚠️ BTC 已达最大持仓数，跳过开仓
2026-05-25 10:20:55,665 [INFO] 🔄 已加载 auto_trade_config.json（API key 前缀：4XOtZh5r...10XU）
2026-05-25 10:20:55,666 [INFO] ✅ 自动交易模块已加载
2026-05-25 10:20:55,671 [INFO] 🔧 持仓 SOL 数量归一：qty=2.34 amount=None → 2.34
2026-05-25 10:20:55,671 [INFO] 🔧 持仓 ETH 数量归一：qty=0.095 amount=None → 0.095
2026-05-25 10:20:55,671 [INFO] 🔧 持仓 BNB 数量归一：qty=0.3 amount=None → 0.3
2026-05-25 10:20:55,671 [INFO] 🔧 持仓 BTC 数量归一：qty=0.003 amount=None → 0.003
2026-05-25 10:20:56,073 [INFO] ✅ 从 Binance API 获取 4 个持仓
2026-05-25 10:21:26,144 [INFO] 🔄 已加载 auto_trade_config.json（API key 前缀：4XOtZh5r...10XU）
2026-05-25 10:21:26,145 [INFO] ✅ 自动交易模块已加载
2026-05-25 10:21:26,148 [INFO] 🚀 crypto_signal_monitor v6.0 启动
2026-05-25 10:21:26,148 [INFO] 🔑 当前 Binance API key: 4XOtZh5r...10XU (动态读取，文件改动会自动重载)
2026-05-25 10:21:26,149 [INFO] 等待WebSocket价格流就绪...
2026-05-25 10:21:26,749 [INFO] WebSocket 价格流已连接 (aiohttp + 代理)
2026-05-25 10:21:29,161 [INFO] 价格流就绪: ['ETH', 'LINK', 'XRP', 'BTC', 'DOT', 'SOL', 'BNB']
2026-05-25 10:21:29,165 [INFO] 🔄 从 Binance API 同步持仓...
2026-05-25 10:21:29,854 [INFO] ✅ 从 Binance API 获取 4 个持仓
2026-05-25 10:21:29,857 [INFO] 🔧 持仓 SOL 数量归一：qty=2.34 amount=None → 2.34
2026-05-25 10:21:29,858 [INFO] 🔧 持仓 ETH 数量归一：qty=0.095 amount=None → 0.095
2026-05-25 10:21:29,858 [INFO] 🔧 持仓 BNB 数量归一：qty=0.3 amount=None → 0.3
2026-05-25 10:21:29,858 [INFO] 🔧 持仓 BTC 数量归一：qty=0.003 amount=None → 0.003
2026-05-25 10:21:29,858 [INFO] 📊 加载本地缓存 4 个持仓用于保留止盈止损
2026-05-25 10:21:29,858 [INFO] ✅ 同步持仓：SOL LONG @ $85.44
2026-05-25 10:21:29,858 [INFO] ✅ 同步持仓：ETH LONG @ $2105.67
2026-05-25 10:21:29,859 [INFO] ✅ 同步持仓：BNB LONG @ $659.59
2026-05-25 10:21:29,859 [INFO] ✅ 同步持仓：BTC SHORT @ $79818.50
2026-05-25 10:21:29,860 [INFO] ✅ 持仓同步完成：4个
2026-05-25 10:21:29,861 [INFO] 📋 恢复状态：last_report_hour=10, daily_pnl=+0.00U, peak_pnl={'SOL': 0.0026919475655431176, 'ETH': 0.0016515790158436404, 'BNB': 0.0006832534183390174, 'BTC': 0.035123436296096766} ✅ 熔断已清除
2026-05-25 10:21:29,863 [INFO] ✅ 恢复 peak_pnl 到 4 个持仓
2026-05-25 10:22:18,205 [INFO] ✅ 从 Binance API 获取 4 个持仓
2026-05-25 10:22:18,207 [INFO] 📊 开仓前检查：API 持仓=4, 本地缓存=4, 采用=4/4
2026-05-25 10:22:18,207 [INFO] ⚠️ BTC 已达最大持仓数，跳过开仓
2026-05-25 10:23:16,025 [INFO] ✅ 从 Binance API 获取 4 个持仓
2026-05-25 10:23:16,027 [INFO] 📊 开仓前检查：API 持仓=4, 本地缓存=4, 采用=4/4
2026-05-25 10:23:16,027 [INFO] ⚠️ BTC 已达最大持仓数，跳过开仓
2026-05-25 10:23:22,767 [INFO] 🔄 已加载 auto_trade_config.json（API key 前缀：4XOtZh5r...10XU）
2026-05-25 10:23:22,768 [INFO] ✅ 自动交易模块已加载
2026-05-25 10:23:23,429 [INFO] ✅ 从 Binance API 获取 4 个持仓
2026-05-25 10:23:23,431 [INFO] 📋 整点汇报：持仓数=4, prices 缓存=7
2026-05-25 10:23:23,431 [INFO]   📍 SOL LONG: entry=85.44, amount=2.34, current=85.39, pnl=-0.12
2026-05-25 10:23:23,432 [INFO]   📍 ETH LONG: entry=2105.672315789, amount=0.095, current=2103.73, pnl=-0.18
2026-05-25 10:23:23,432 [INFO]   📍 BNB LONG: entry=659.5893333333, amount=0.3, current=658.70688133, pnl=-0.26
2026-05-25 10:23:23,432 [INFO]   📍 BTC SHORT: entry=79818.5, amount=0.003, current=77215.4, pnl=+7.81
2026-05-25 10:23:23,432 [WARNING] ⚠️ 整点汇报时 indicators 为空，实时计算指标...
2026-05-25 10:23:37,784 [INFO] 🔄 已加载 auto_trade_config.json（API key 前缀：4XOtZh5r...10XU）
2026-05-25 10:23:37,785 [INFO] ✅ 自动交易模块已加载
2026-05-25 10:23:38,209 [INFO] ✅ 从 Binance API 获取 4 个持仓
2026-05-25 10:23:38,211 [INFO] 📋 整点汇报：持仓数=4, prices 缓存=7
2026-05-25 10:23:38,211 [INFO]   📍 SOL LONG: entry=85.44, amount=2.34, current=85.36315165, pnl=-0.18
2026-05-25 10:23:38,212 [INFO]   📍 ETH LONG: entry=2105.672315789, amount=0.095, current=2103.33164414, pnl=-0.22
2026-05-25 10:23:38,212 [INFO]   📍 BNB LONG: entry=659.5893333333, amount=0.3, current=658.72, pnl=-0.26
2026-05-25 10:23:38,212 [INFO]   📍 BTC SHORT: entry=79818.5, amount=0.003, current=77202.40952083, pnl=+7.85
2026-05-25 10:23:38,212 [WARNING] ⚠️ 整点汇报时 indicators 为空，实时计算指标...
2026-05-25 10:24:17,127 [INFO] ✅ 从 Binance API 获取 4 个持仓
2026-05-25 10:24:17,130 [INFO] 📊 开仓前检查：API 持仓=4, 本地缓存=4, 采用=4/4
2026-05-25 10:24:17,130 [INFO] ⚠️ BTC 已达最大持仓数，跳过开仓
2026-05-25 10:24:22,709 [INFO] 🔄 已加载 auto_trade_config.json（API key 前缀：4XOtZh5r...10XU）
2026-05-25 10:24:22,710 [INFO] ✅ 自动交易模块已加载
2026-05-25 10:24:23,402 [INFO] ✅ 从 Binance API 获取 4 个持仓
2026-05-25 10:24:23,404 [INFO] 📋 整点汇报：持仓数=4, prices 缓存=7
2026-05-25 10:24:23,404 [INFO]   📍 SOL LONG: entry=85.44, amount=2.34, current=85.27832813, pnl=-0.38
2026-05-25 10:24:23,404 [INFO]   📍 ETH LONG: entry=2105.672315789, amount=0.095, current=2102.63981982, pnl=-0.29
2026-05-25 10:24:23,404 [INFO]   📍 BNB LONG: entry=659.5893333333, amount=0.3, current=658.46, pnl=-0.34
2026-05-25 10:24:23,405 [INFO]   📍 BTC SHORT: entry=79818.5, amount=0.003, current=77185.98141667, pnl=+7.90
2026-05-25 10:24:23,405 [WARNING] ⚠️ 整点汇报时 indicators 为空，实时计算指标...
2026-05-25 10:24:26,683 [INFO] ✅ 飞书推送成功
2026-05-25 10:25:29,021 [INFO] ✅ 从 Binance API 获取 4 个持仓
2026-05-25 10:25:29,023 [INFO] 📊 开仓前检查：API 持仓=4, 本地缓存=4, 采用=4/4
2026-05-25 10:25:29,023 [INFO] ⚠️ BTC 已达最大持仓数，跳过开仓
2026-05-25 10:26:15,822 [INFO] ✅ 从 Binance API 获取 4 个持仓
2026-05-25 10:26:18,457 [INFO] ✅ 从 Binance API 获取 4 个持仓
2026-05-25 10:26:18,459 [INFO] 📊 开仓前检查：API 持仓=4, 本地缓存=4, 采用=4/4
2026-05-25 10:26:18,459 [INFO] ⚠️ BTC 已达最大持仓数，跳过开仓
2026-05-25 10:27:18,341 [INFO] ✅ 从 Binance API 获取 4 个持仓
2026-05-25 10:27:18,344 [INFO] 📊 开仓前检查：API 持仓=4, 本地缓存=4, 采用=4/4
2026-05-25 10:27:18,344 [INFO] ⚠️ BTC 已达最大持仓数，跳过开仓
2026-05-25 10:28:23,491 [INFO] ✅ 从 Binance API 获取 4 个持仓
2026-05-25 10:28:23,493 [INFO] 📊 开仓前检查：API 持仓=4, 本地缓存=4, 采用=4/4
2026-05-25 10:28:23,493 [INFO] ⚠️ BTC 已达最大持仓数，跳过开仓
2026-05-25 10:29:16,919 [INFO] ✅ 从 Binance API 获取 4 个持仓
2026-05-25 10:29:16,921 [INFO] 📊 开仓前检查：API 持仓=4, 本地缓存=4, 采用=4/4
2026-05-25 10:29:16,922 [INFO] ⚠️ BTC 已达最大持仓数，跳过开仓
2026-05-25 10:30:19,389 [INFO] ✅ 从 Binance API 获取 4 个持仓
2026-05-25 10:30:19,391 [INFO] 📊 开仓前检查：API 持仓=4, 本地缓存=4, 采用=4/4
2026-05-25 10:30:19,392 [INFO] ⚠️ BTC 已达最大持仓数，跳过开仓
2026-05-25 10:31:16,640 [INFO] ✅ 从 Binance API 获取 4 个持仓
2026-05-25 10:31:21,013 [INFO] ✅ 从 Binance API 获取 4 个持仓
2026-05-25 10:31:21,015 [INFO] 📊 开仓前检查：API 持仓=4, 本地缓存=4, 采用=4/4
2026-05-25 10:31:21,015 [INFO] ⚠️ BTC 已达最大持仓数，跳过开仓
2026-05-25 10:31:37,808 [INFO] 🔄 已加载 auto_trade_config.json（API key 前缀：4XOtZh5r...10XU）
2026-05-25 10:31:37,809 [INFO] ✅ 自动交易模块已加载
2026-05-25 10:31:40,190 [INFO] 📋 整点汇报已刷新指标：7/7 个币种
2026-05-25 10:32:02,364 [INFO] 🔄 已加载 auto_trade_config.json（API key 前缀：4XOtZh5r...10XU）
2026-05-25 10:32:02,365 [INFO] ✅ 自动交易模块已加载
2026-05-25 10:32:02,370 [INFO] 🚀 crypto_signal_monitor v6.0 启动
2026-05-25 10:32:02,371 [INFO] 🔑 当前 Binance API key: 4XOtZh5r...10XU (动态读取，文件改动会自动重载)
2026-05-25 10:32:02,372 [INFO] 等待WebSocket价格流就绪...
2026-05-25 10:32:03,221 [INFO] WebSocket 价格流已连接 (aiohttp + 代理)
2026-05-25 10:32:05,385 [INFO] 价格流就绪: ['ETH', 'SOL', 'XRP', 'DOT', 'BTC', 'LINK', 'BNB']
2026-05-25 10:32:05,387 [INFO] 🔄 从 Binance API 同步持仓...
2026-05-25 10:32:06,062 [INFO] ✅ 从 Binance API 获取 4 个持仓
2026-05-25 10:32:06,070 [INFO] 📊 加载本地缓存 4 个持仓用于保留止盈止损
2026-05-25 10:32:06,071 [INFO] ✅ 同步持仓：SOL LONG @ $85.44
2026-05-25 10:32:06,071 [INFO] ✅ 同步持仓：ETH LONG @ $2105.67
2026-05-25 10:32:06,071 [INFO] ✅ 同步持仓：BNB LONG @ $659.59
2026-05-25 10:32:06,071 [INFO] ✅ 同步持仓：BTC SHORT @ $79818.50
2026-05-25 10:32:06,078 [INFO] ✅ 持仓同步完成：4个
2026-05-25 10:32:06,085 [INFO] 📋 恢复状态：last_report_hour=10, daily_pnl=+0.00U, peak_pnl={'SOL': 0.0026919475655431176, 'ETH': 0.0016515790158436404, 'BNB': 0.0006832534183390174, 'BTC': 0.035123436296096766} ✅ 熔断已清除
2026-05-25 10:32:06,088 [INFO] ✅ 恢复 peak_pnl 到 4 个持仓
2026-05-25 10:32:53,620 [INFO] 🔄 已加载 auto_trade_config.json（API key 前缀：4XOtZh5r...10XU）
2026-05-25 10:32:53,621 [INFO] ✅ 自动交易模块已加载
2026-05-25 10:32:54,048 [INFO] ✅ 从 Binance API 获取 4 个持仓
2026-05-25 10:32:54,050 [INFO] 📊 开仓前检查：API 持仓=4, 本地缓存=4, 采用=4/4
2026-05-25 10:32:54,051 [INFO] ⚠️ BTC 已达最大持仓数，跳过开仓
2026-05-25 10:32:56,050 [INFO] 📋 整点汇报已刷新指标：7/7 个币种
2026-05-25 10:32:56,472 [INFO] ✅ 从 Binance API 获取 4 个持仓
2026-05-25 10:32:56,474 [INFO] 📋 整点汇报：持仓数=4, prices 缓存=7
2026-05-25 10:32:56,475 [INFO]   📍 SOL LONG: entry=85.44, amount=2.34, current=85.16, pnl=-0.66
2026-05-25 10:32:56,475 [INFO]   📍 ETH LONG: entry=2105.672315789, amount=0.095, current=2100.07, pnl=-0.53
2026-05-25 10:32:56,475 [INFO]   📍 BNB LONG: entry=659.5893333333, amount=0.3, current=658.34961847, pnl=-0.37
2026-05-25 10:32:56,475 [INFO]   📍 BTC SHORT: entry=79818.5, amount=0.003, current=77121.9, pnl=+8.09
2026-05-25 10:32:57,602 [INFO] ✅ 飞书推送成功
2026-05-25 10:33:55,048 [INFO] ✅ 从 Binance API 获取 4 个持仓
2026-05-25 10:33:55,050 [INFO] 📊 开仓前检查：API 持仓=4, 本地缓存=4, 采用=4/4
2026-05-25 10:33:55,051 [INFO] ⚠️ BTC 已达最大持仓数，跳过开仓
2026-05-25 10:34:58,746 [INFO] ✅ 从 Binance API 获取 4 个持仓
2026-05-25 10:34:58,748 [INFO] 📊 开仓前检查：API 持仓=4, 本地缓存=4, 采用=4/4
2026-05-25 10:34:58,749 [INFO] ⚠️ BTC 已达最大持仓数，跳过开仓
2026-05-25 10:35:52,638 [INFO] ✅ 从 Binance API 获取 4 个持仓
2026-05-25 10:35:52,640 [INFO] 📊 开仓前检查：API 持仓=4, 本地缓存=4, 采用=4/4
2026-05-25 10:35:52,640 [INFO] ⚠️ BTC 已达最大持仓数，跳过开仓
2026-05-25 10:36:52,437 [INFO] ✅ 从 Binance API 获取 4 个持仓
2026-05-25 10:36:54,049 [INFO] 🔄 已加载 auto_trade_config.json（API key 前缀：4XOtZh5r...10XU）
2026-05-25 10:36:54,050 [INFO] ✅ 自动交易模块已加载
2026-05-25 10:36:58,966 [INFO] ✅ 从 Binance API 获取 4 个持仓
2026-05-25 10:36:58,970 [INFO] 📊 开仓前检查：API 持仓=4, 本地缓存=4, 采用=4/4
2026-05-25 10:36:58,971 [INFO] ⚠️ BTC 已达最大持仓数，跳过开仓
2026-05-25 10:37:52,415 [INFO] ✅ 从 Binance API 获取 4 个持仓
2026-05-25 10:37:52,417 [INFO] 📊 开仓前检查：API 持仓=4, 本地缓存=4, 采用=4/4
2026-05-25 10:37:52,417 [INFO] ⚠️ BTC 已达最大持仓数，跳过开仓
2026-05-25 10:38:54,673 [INFO] ✅ 从 Binance API 获取 4 个持仓
2026-05-25 10:38:54,675 [INFO] 📊 开仓前检查：API 持仓=4, 本地缓存=4, 采用=4/4
2026-05-25 10:38:54,675 [INFO] ⚠️ BTC 已达最大持仓数，跳过开仓
2026-05-25 10:39:52,889 [INFO] ✅ 从 Binance API 获取 4 个持仓
2026-05-25 10:39:52,891 [INFO] 📊 开仓前检查：API 持仓=4, 本地缓存=4, 采用=4/4
2026-05-25 10:39:52,891 [INFO] ⚠️ BTC 已达最大持仓数，跳过开仓
2026-05-25 10:40:54,478 [INFO] ✅ 从 Binance API 获取 4 个持仓
2026-05-25 10:40:54,481 [INFO] 📊 开仓前检查：API 持仓=4, 本地缓存=4, 采用=4/4
2026-05-25 10:40:54,481 [INFO] ⚠️ BTC 已达最大持仓数，跳过开仓
2026-05-25 10:41:34,674 [INFO] 🔄 已加载 auto_trade_config.json（API key 前缀：4XOtZh5r...10XU）
2026-05-25 10:41:34,675 [INFO] ✅ 自动交易模块已加载
2026-05-25 10:41:52,717 [INFO] ✅ 从 Binance API 获取 4 个持仓
2026-05-25 10:41:55,785 [INFO] ✅ 从 Binance API 获取 4 个持仓
2026-05-25 10:41:55,788 [INFO] 📊 开仓前检查：API 持仓=4, 本地缓存=4, 采用=4/4
2026-05-25 10:41:55,788 [INFO] ⚠️ BTC 已达最大持仓数，跳过开仓
2026-05-25 10:42:12,099 [INFO] 🔄 已加载 auto_trade_config.json（API key 前缀：4XOtZh5r...10XU）
2026-05-25 10:42:12,100 [INFO] ✅ 自动交易模块已加载
2026-05-25 10:42:52,455 [INFO] ✅ 从 Binance API 获取 4 个持仓
2026-05-25 10:42:52,458 [INFO] 📊 开仓前检查：API 持仓=4, 本地缓存=4, 采用=4/4
2026-05-25 10:42:52,460 [INFO] ⚠️ BTC 已达最大持仓数，跳过开仓
2026-05-25 10:43:22,124 [INFO] 🔄 已加载 auto_trade_config.json（API key 前缀：4XOtZh5r...10XU）
2026-05-25 10:43:22,125 [INFO] ✅ 自动交易模块已加载
2026-05-25 10:43:25,110 [INFO] 📋 整点汇报已刷新指标：7/7 个币种
2026-05-25 10:43:48,872 [INFO] 🔄 已加载 auto_trade_config.json（API key 前缀：4XOtZh5r...10XU）
2026-05-25 10:43:48,872 [INFO] ✅ 自动交易模块已加载
2026-05-25 10:43:48,877 [INFO] 🚀 crypto_signal_monitor v6.0 启动
2026-05-25 10:43:48,878 [INFO] 🔑 当前 Binance API key: 4XOtZh5r...10XU (动态读取，文件改动会自动重载)
2026-05-25 10:43:48,879 [INFO] 等待WebSocket价格流就绪...
2026-05-25 10:43:49,448 [INFO] WebSocket 价格流已连接 (aiohttp + 代理)
2026-05-25 10:43:51,892 [INFO] 价格流就绪: ['BNB', 'XRP', 'LINK', 'ETH', 'SOL', 'BTC', 'DOT']
2026-05-25 10:43:51,896 [INFO] 🔄 从 Binance API 同步持仓...
2026-05-25 10:43:52,615 [INFO] ✅ 从 Binance API 获取 4 个持仓
2026-05-25 10:43:52,618 [INFO] 📊 加载本地缓存 4 个持仓用于保留止盈止损
2026-05-25 10:43:52,619 [INFO] ✅ 同步持仓：SOL LONG @ $85.44
2026-05-25 10:43:52,619 [INFO] ✅ 同步持仓：ETH LONG @ $2105.67
2026-05-25 10:43:52,619 [INFO] ✅ 同步持仓：BNB LONG @ $659.59
2026-05-25 10:43:52,619 [INFO] ✅ 同步持仓：BTC SHORT @ $79818.50
2026-05-25 10:43:52,621 [INFO] ✅ 持仓同步完成：4个
2026-05-25 10:43:52,622 [INFO] 📋 恢复状态：last_report_hour=10, daily_pnl=+0.00U, peak_pnl={'SOL': 0.0026919475655431176, 'ETH': 0.0016515790158436404, 'BNB': 0.0006832534183390174, 'BTC': 0.035123436296096766} ✅ 熔断已清除
2026-05-25 10:43:52,624 [INFO] ✅ 恢复 peak_pnl 到 4 个持仓
2026-05-25 10:44:41,970 [INFO] ✅ 从 Binance API 获取 4 个持仓
2026-05-25 10:44:41,972 [INFO] 📊 开仓前检查：API 持仓=4, 本地缓存=4, 采用=4/4
2026-05-25 10:44:41,972 [INFO] ⚠️ BTC 已达最大持仓数，跳过开仓
2026-05-25 10:44:55,173 [INFO] 🔄 已加载 auto_trade_config.json（API key 前缀：4XOtZh5r...10XU）
2026-05-25 10:44:55,174 [INFO] ✅ 自动交易模块已加载
2026-05-25 10:44:57,628 [INFO] 📋 整点汇报已刷新指标：7/7 个币种
2026-05-25 10:44:58,169 [INFO] ✅ 从 Binance API 获取 4 个持仓
2026-05-25 10:44:58,171 [INFO] 📋 整点汇报：持仓数=4, prices 缓存=7
2026-05-25 10:44:58,171 [INFO]   📍 SOL LONG: entry=85.44, amount=2.34, current=85.12, pnl=-0.75
2026-05-25 10:44:58,172 [INFO]   📍 ETH LONG: entry=2105.672315789, amount=0.095, current=2098.39, pnl=-0.69
2026-05-25 10:44:58,172 [INFO]   📍 BNB LONG: entry=659.5893333333, amount=0.3, current=657.31648757, pnl=-0.68
2026-05-25 10:44:58,172 [INFO]   📍 BTC SHORT: entry=79818.5, amount=0.003, current=77128.3, pnl=+8.07
2026-05-25 10:44:59,111 [INFO] ✅ 飞书 token 已更新
2026-05-25 10:45:00,465 [INFO] ✅ 飞书推送成功
2026-05-25 10:45:38,466 [INFO] ✅ 从 Binance API 获取 4 个持仓
2026-05-25 10:45:38,471 [INFO] 📊 开仓前检查：API 持仓=4, 本地缓存=4, 采用=4/4
2026-05-25 10:45:38,471 [INFO] ⚠️ BTC 已达最大持仓数，跳过开仓
2026-05-25 10:46:41,124 [INFO] ✅ 从 Binance API 获取 4 个持仓
2026-05-25 10:46:41,126 [INFO] 📊 开仓前检查：API 持仓=4, 本地缓存=4, 采用=4/4
2026-05-25 10:46:41,126 [INFO] ⚠️ BTC 已达最大持仓数，跳过开仓
2026-05-25 10:47:38,595 [INFO] ✅ 从 Binance API 获取 4 个持仓
2026-05-25 10:47:38,598 [INFO] 📊 开仓前检查：API 持仓=4, 本地缓存=4, 采用=4/4
2026-05-25 10:47:38,599 [INFO] ⚠️ BTC 已达最大持仓数，跳过开仓
2026-05-25 10:48:38,525 [INFO] ✅ 从 Binance API 获取 4 个持仓
2026-05-25 10:48:43,620 [INFO] ✅ 从 Binance API 获取 4 个持仓
2026-05-25 10:48:43,622 [INFO] 📊 开仓前检查：API 持仓=4, 本地缓存=4, 采用=4/4
2026-05-25 10:48:43,622 [INFO] ⚠️ BTC 已达最大持仓数，跳过开仓
2026-05-25 10:49:44,239 [INFO] ✅ 从 Binance API 获取 4 个持仓
2026-05-25 10:49:44,241 [INFO] 📊 开仓前检查：API 持仓=4, 本地缓存=4, 采用=4/4
2026-05-25 10:49:44,241 [INFO] ⚠️ BTC 已达最大持仓数，跳过开仓
2026-05-25 10:50:38,749 [INFO] ✅ 从 Binance API 获取 4 个持仓
2026-05-25 10:50:38,752 [INFO] 📊 开仓前检查：API 持仓=4, 本地缓存=4, 采用=4/4
2026-05-25 10:50:38,752 [INFO] ⚠️ BTC 已达最大持仓数，跳过开仓
2026-05-25 10:52:05,130 [INFO] ✅ 从 Binance API 获取 4 个持仓
2026-05-25 10:52:05,132 [INFO] 📊 开仓前检查：API 持仓=4, 本地缓存=4, 采用=4/4
2026-05-25 10:52:05,132 [INFO] ⚠️ BTC 已达最大持仓数，跳过开仓
2026-05-25 10:52:51,929 [INFO] ✅ 从 Binance API 获取 4 个持仓
2026-05-25 10:52:51,931 [INFO] 📊 开仓前检查：API 持仓=4, 本地缓存=4, 采用=4/4
2026-05-25 10:52:51,932 [INFO] ⚠️ BTC 已达最大持仓数，跳过开仓
2026-05-25 10:53:51,236 [INFO] ✅ 从 Binance API 获取 4 个持仓
2026-05-25 10:53:56,283 [INFO] ✅ 从 Binance API 获取 4 个持仓
2026-05-25 10:53:56,285 [INFO] 📊 开仓前检查：API 持仓=4, 本地缓存=4, 采用=4/4
2026-05-25 10:53:56,285 [INFO] ⚠️ BTC 已达最大持仓数，跳过开仓
2026-05-25 10:55:13,847 [ERROR] ❌ Binance API 错误：{'error': "HTTPSConnectionPool(host='testnet.binancefuture.com', port=443): Max retries exceeded with url: /fapi/v2/positionRisk?timestamp=1779677697506&recvWindow=30000&signature=c2e3aec96a770ee9c8788213ed58ab0729c96b2e1d0cc0780929269c2e20fc8b (Caused by SSLError(SSLEOFError(8, '[SSL: UNEXPECTED_EOF_WHILE_READING] EOF occurred in violation of protocol (_ssl.c:1033)')))", 'clientOrderId': None}
2026-05-25 10:55:13,848 [INFO] 📊 开仓前检查：API 持仓=0, 本地缓存=4, 采用=4/4
2026-05-25 10:55:13,850 [INFO] ⚠️ BTC 已达最大持仓数，跳过开仓
2026-05-25 10:56:02,219 [INFO] ✅ 从 Binance API 获取 4 个持仓
2026-05-25 10:56:02,222 [INFO] 📊 开仓前检查：API 持仓=4, 本地缓存=4, 采用=4/4
2026-05-25 10:56:02,222 [INFO] ⚠️ BTC 已达最大持仓数，跳过开仓
2026-05-25 10:57:02,761 [INFO] ✅ 从 Binance API 获取 4 个持仓
2026-05-25 10:57:02,763 [INFO] 📊 开仓前检查：API 持仓=4, 本地缓存=4, 采用=4/4
2026-05-25 10:57:02,763 [INFO] ⚠️ BTC 已达最大持仓数，跳过开仓
2026-05-25 10:57:59,671 [INFO] ✅ 从 Binance API 获取 4 个持仓
2026-05-25 10:57:59,674 [INFO] 📊 开仓前检查：API 持仓=4, 本地缓存=4, 采用=4/4
2026-05-25 10:57:59,675 [INFO] ⚠️ BTC 已达最大持仓数，跳过开仓
2026-05-25 10:59:23,669 [INFO] ✅ 从 Binance API 获取 4 个持仓
2026-05-25 10:59:31,805 [INFO] ✅ 从 Binance API 获取 4 个持仓
2026-05-25 10:59:31,807 [INFO] 📊 开仓前检查：API 持仓=4, 本地缓存=4, 采用=4/4
2026-05-25 10:59:31,807 [INFO] ⚠️ BTC 已达最大持仓数，跳过开仓
2026-05-25 11:00:02,306 [INFO] 
==================================================
📊 整点汇报 2026-05-25 11:00
恐惧贪婪指数: 30 (恐惧)
今日PnL: +0.00 USDT (+0.0%)
持仓数: 4/4
  🟢 SOL LONG @85.4400 现价:85.0000 PnL:-1.03U (-0.51%)
  🟢 ETH LONG @2105.6723 现价:2097.3000 PnL:-0.80U (-0.40%)
  🟢 BNB LONG @659.5893 现价:657.3700 PnL:-0.67U (-0.34%)
  🔴 BTC SHORT @79818.5000 现价:77060.0000 PnL:+8.28U (+3.46%)
  BTC: 77060.0000 (+0.32%)
  ETH: 2097.3000 (-1.18%)
  SOL: 85.0000 (-1.10%)
  BNB: 657.3700 (-0.12%)
  DOT: 1.2420 (-3.65%)
  LINK: 9.4010 (-1.68%)
  XRP: 1.3463 (-1.07%)
==================================================
2026-05-25 11:00:02,309 [INFO] 
📊 评分详情 (2026-05-25 11:00):
  BTC: 10分 (RSI:60, 24h:+0.3%, MA60:✗) → 信号：NONE
  ETH: 10分 (RSI:54, 24h:-1.2%, MA60:✗) → 信号：NONE
  SOL: 10分 (RSI:50, 24h:-1.1%, MA60:✗) → 信号：NONE
  BNB: 10分 (RSI:56, 24h:-0.1%, MA60:✗) → 信号：NONE
  DOT: 30分 (RSI:52, 24h:-3.6%, MA60:✗) → 信号：NONE
  LINK: 30分 (RSI:50, 24h:-1.7%, MA60:✗) → 信号：NONE
  XRP: 10分 (RSI:48, 24h:-1.1%, MA60:✗) → 信号：NONE
2026-05-25 11:00:02,887 [INFO] 📋 整点汇报已刷新指标：7/7 个币种
2026-05-25 11:00:03,459 [INFO] ✅ 从 Binance API 获取 4 个持仓
2026-05-25 11:00:03,460 [INFO] 📋 整点汇报：持仓数=4, prices 缓存=7
2026-05-25 11:00:03,461 [INFO]   📍 SOL LONG: entry=85.44, amount=2.34, current=85.02102987, pnl=-0.98
2026-05-25 11:00:03,461 [INFO]   📍 ETH LONG: entry=2105.672315789, amount=0.095, current=2097.48645349, pnl=-0.78
2026-05-25 11:00:03,461 [INFO]   📍 BNB LONG: entry=659.5893333333, amount=0.3, current=657.33330488, pnl=-0.68
2026-05-25 11:00:03,461 [INFO]   📍 BTC SHORT: entry=79818.5, amount=0.003, current=77062.0, pnl=+8.27
2026-05-25 11:00:04,424 [INFO] ✅ 飞书推送成功
2026-05-25 11:00:17,917 [INFO] ✅ 从 Binance API 获取 4 个持仓
2026-05-25 11:00:17,920 [INFO] 📊 开仓前检查：API 持仓=4, 本地缓存=4, 采用=4/4
2026-05-25 11:00:17,920 [INFO] ⚠️ BTC 已达最大持仓数，跳过开仓
2026-05-25 11:01:46,686 [INFO] ✅ 从 Binance API 获取 4 个持仓
2026-05-25 11:01:46,688 [INFO] 📊 开仓前检查：API 持仓=4, 本地缓存=4, 采用=4/4
2026-05-25 11:01:46,688 [INFO] ⚠️ BTC 已达最大持仓数，跳过开仓
2026-05-25 11:02:33,674 [INFO] ✅ 从 Binance API 获取 4 个持仓
2026-05-25 11:02:33,676 [INFO] 📊 开仓前检查：API 持仓=4, 本地缓存=4, 采用=4/4
2026-05-25 11:02:33,676 [INFO] ⚠️ BTC 已达最大持仓数，跳过开仓
2026-05-25 11:03:35,741 [INFO] ✅ 从 Binance API 获取 4 个持仓
2026-05-25 11:03:35,744 [INFO] 📊 开仓前检查：API 持仓=4, 本地缓存=4, 采用=4/4
2026-05-25 11:03:35,744 [INFO] ⚠️ BTC 已达最大持仓数，跳过开仓
2026-05-25 11:04:33,423 [INFO] ✅ 从 Binance API 获取 4 个持仓
2026-05-25 11:04:39,430 [INFO] ✅ 从 Binance API 获取 4 个持仓
2026-05-25 11:04:39,432 [INFO] 📊 开仓前检查：API 持仓=4, 本地缓存=4, 采用=4/4
2026-05-25 11:04:39,433 [INFO] ⚠️ BTC 已达最大持仓数，跳过开仓
2026-05-25 11:05:32,848 [INFO] ✅ 从 Binance API 获取 4 个持仓
2026-05-25 11:05:32,850 [INFO] 📊 开仓前检查：API 持仓=4, 本地缓存=4, 采用=4/4
2026-05-25 11:05:32,850 [INFO] ⚠️ BTC 已达最大持仓数，跳过开仓
2026-05-25 11:06:34,928 [INFO] ✅ 从 Binance API 获取 4 个持仓
2026-05-25 11:06:34,930 [INFO] 📊 开仓前检查：API 持仓=4, 本地缓存=4, 采用=4/4
2026-05-25 11:06:34,930 [INFO] ⚠️ BTC 已达最大持仓数，跳过开仓
2026-05-25 11:07:32,627 [INFO] ✅ 从 Binance API 获取 4 个持仓
2026-05-25 11:07:32,628 [INFO] 📊 开仓前检查：API 持仓=4, 本地缓存=4, 采用=4/4
2026-05-25 11:07:32,628 [INFO] ⚠️ BTC 已达最大持仓数，跳过开仓
2026-05-25 11:08:36,357 [INFO] ✅ 从 Binance API 获取 4 个持仓
2026-05-25 11:08:36,360 [INFO] 📊 开仓前检查：API 持仓=4, 本地缓存=4, 采用=4/4
2026-05-25 11:08:36,360 [INFO] ⚠️ BTC 已达最大持仓数，跳过开仓
2026-05-25 11:09:32,946 [INFO] ✅ 从 Binance API 获取 4 个持仓
2026-05-25 11:09:33,653 [INFO] ✅ 从 Binance API 获取 4 个持仓
2026-05-25 11:09:33,655 [INFO] 📊 开仓前检查：API 持仓=4, 本地缓存=4, 采用=4/4
2026-05-25 11:09:33,655 [INFO] ⚠️ BTC 已达最大持仓数，跳过开仓
2026-05-25 11:10:35,144 [INFO] ✅ 从 Binance API 获取 4 个持仓
2026-05-25 11:10:35,146 [INFO] 📊 开仓前检查：API 持仓=4, 本地缓存=4, 采用=4/4
2026-05-25 11:10:35,147 [INFO] ⚠️ BTC 已达最大持仓数，跳过开仓
2026-05-25 11:11:35,984 [INFO] ✅ 从 Binance API 获取 4 个持仓
2026-05-25 11:11:35,986 [INFO] 📊 开仓前检查：API 持仓=4, 本地缓存=4, 采用=4/4
2026-05-25 11:11:35,986 [INFO] ⚠️ BTC 已达最大持仓数，跳过开仓
2026-05-25 11:12:32,750 [INFO] ✅ 从 Binance API 获取 4 个持仓
2026-05-25 11:12:32,752 [INFO] 📊 开仓前检查：API 持仓=4, 本地缓存=4, 采用=4/4
2026-05-25 11:12:32,753 [INFO] ⚠️ BTC 已达最大持仓数，跳过开仓
2026-05-25 11:13:35,117 [INFO] ✅ 从 Binance API 获取 4 个持仓
2026-05-25 11:13:35,119 [INFO] 📊 开仓前检查：API 持仓=4, 本地缓存=4, 采用=4/4
2026-05-25 11:13:35,120 [INFO] ⚠️ BTC 已达最大持仓数，跳过开仓
2026-05-25 11:14:36,305 [INFO] ✅ 从 Binance API 获取 4 个持仓
2026-05-25 11:14:47,964 [WARNING] 资金费率获取失败 BTC: HTTPSConnectionPool(host='testnet.binancefuture.com', port=443): Max retries exceeded with url: /fapi/v1/fundingRate?symbol=BTCUSDT&limit=1 (Caused by SSLError(SSLEOFError(8, '[SSL: UNEXPECTED_EOF_WHILE_READING] EOF occurred in violation of protocol (_ssl.c:1033)')))
2026-05-25 11:14:52,939 [INFO] ✅ 从 Binance API 获取 4 个持仓
2026-05-25 11:14:52,941 [INFO] 📊 开仓前检查：API 持仓=4, 本地缓存=4, 采用=4/4
2026-05-25 11:14:52,941 [INFO] ⚠️ BTC 已达最大持仓数，跳过开仓
2026-05-25 11:15:39,983 [INFO] ✅ 从 Binance API 获取 4 个持仓
2026-05-25 11:15:39,984 [INFO] 📊 开仓前检查：API 持仓=4, 本地缓存=4, 采用=4/4
2026-05-25 11:15:39,985 [INFO] ⚠️ BTC 已达最大持仓数，跳过开仓
2026-05-25 11:16:40,292 [INFO] ✅ 从 Binance API 获取 4 个持仓
2026-05-25 11:16:40,294 [INFO] 📊 开仓前检查：API 持仓=4, 本地缓存=4, 采用=4/4
2026-05-25 11:16:40,295 [INFO] ⚠️ BTC 已达最大持仓数，跳过开仓
2026-05-25 11:17:41,945 [INFO] ✅ 从 Binance API 获取 4 个持仓
2026-05-25 11:17:41,948 [INFO] 📊 开仓前检查：API 持仓=4, 本地缓存=4, 采用=4/4
2026-05-25 11:17:41,948 [INFO] ⚠️ BTC 已达最大持仓数，跳过开仓
2026-05-25 11:18:42,552 [INFO] ✅ 从 Binance API 获取 4 个持仓
2026-05-25 11:18:42,554 [INFO] 📊 开仓前检查：API 持仓=4, 本地缓存=4, 采用=4/4
2026-05-25 11:18:42,554 [INFO] ⚠️ BTC 已达最大持仓数，跳过开仓
2026-05-25 11:19:38,997 [INFO] ✅ 从 Binance API 获取 4 个持仓
2026-05-25 11:19:39,428 [INFO] ✅ 从 Binance API 获取 4 个持仓
2026-05-25 11:19:39,430 [INFO] 📊 开仓前检查：API 持仓=4, 本地缓存=4, 采用=4/4
2026-05-25 11:19:39,430 [INFO] ⚠️ BTC 已达最大持仓数，跳过开仓
2026-05-25 11:20:41,530 [INFO] ✅ 从 Binance API 获取 4 个持仓
2026-05-25 11:20:41,532 [INFO] 📊 开仓前检查：API 持仓=4, 本地缓存=4, 采用=4/4
2026-05-25 11:20:41,532 [INFO] ⚠️ BTC 已达最大持仓数，跳过开仓
2026-05-25 11:21:39,407 [INFO] ✅ 从 Binance API 获取 4 个持仓
2026-05-25 11:21:39,410 [INFO] 📊 开仓前检查：API 持仓=4, 本地缓存=4, 采用=4/4
2026-05-25 11:21:39,410 [INFO] ⚠️ BTC 已达最大持仓数，跳过开仓
2026-05-25 11:22:43,670 [INFO] ✅ 从 Binance API 获取 4 个持仓
2026-05-25 11:22:43,673 [INFO] 📊 开仓前检查：API 持仓=4, 本地缓存=4, 采用=4/4
2026-05-25 11:22:43,673 [INFO] ⚠️ BTC 已达最大持仓数，跳过开仓
2026-05-25 11:23:39,028 [INFO] ✅ 从 Binance API 获取 4 个持仓
2026-05-25 11:23:39,030 [INFO] 📊 开仓前检查：API 持仓=4, 本地缓存=4, 采用=4/4
2026-05-25 11:23:39,031 [INFO] ⚠️ BTC 已达最大持仓数，跳过开仓
2026-05-25 11:24:39,110 [INFO] ✅ 从 Binance API 获取 4 个持仓
2026-05-25 11:24:44,644 [INFO] ✅ 从 Binance API 获取 4 个持仓
2026-05-25 11:24:44,646 [INFO] 📊 开仓前检查：API 持仓=4, 本地缓存=4, 采用=4/4
2026-05-25 11:24:44,647 [INFO] ⚠️ BTC 已达最大持仓数，跳过开仓
2026-05-25 11:25:39,088 [INFO] ✅ 从 Binance API 获取 4 个持仓
2026-05-25 11:25:39,090 [INFO] 📊 开仓前检查：API 持仓=4, 本地缓存=4, 采用=4/4
2026-05-25 11:25:39,090 [INFO] ⚠️ BTC 已达最大持仓数，跳过开仓
2026-05-25 11:26:42,626 [INFO] ✅ 从 Binance API 获取 4 个持仓
2026-05-25 11:26:42,628 [INFO] 📊 开仓前检查：API 持仓=4, 本地缓存=4, 采用=4/4
2026-05-25 11:26:42,628 [INFO] ⚠️ BTC 已达最大持仓数，跳过开仓
2026-05-25 11:27:39,718 [INFO] ✅ 从 Binance API 获取 4 个持仓
2026-05-25 11:27:39,720 [INFO] 📊 开仓前检查：API 持仓=4, 本地缓存=4, 采用=4/4
2026-05-25 11:27:39,721 [INFO] ⚠️ BTC 已达最大持仓数，跳过开仓
2026-05-25 11:28:41,890 [INFO] ✅ 从 Binance API 获取 4 个持仓
2026-05-25 11:28:41,893 [INFO] 📊 开仓前检查：API 持仓=4, 本地缓存=4, 采用=4/4
2026-05-25 11:28:41,893 [INFO] ⚠️ BTC 已达最大持仓数，跳过开仓
2026-05-25 11:29:39,128 [INFO] ✅ 从 Binance API 获取 4 个持仓
2026-05-25 11:29:42,088 [INFO] ✅ 从 Binance API 获取 4 个持仓
2026-05-25 11:29:42,091 [INFO] 📊 开仓前检查：API 持仓=4, 本地缓存=4, 采用=4/4
2026-05-25 11:29:42,091 [INFO] ⚠️ BTC 已达最大持仓数，跳过开仓
2026-05-25 11:30:39,362 [INFO] ✅ 从 Binance API 获取 4 个持仓
2026-05-25 11:30:39,364 [INFO] 📊 开仓前检查：API 持仓=4, 本地缓存=4, 采用=4/4
2026-05-25 11:30:39,365 [INFO] ⚠️ BTC 已达最大持仓数，跳过开仓
2026-05-25 11:31:41,661 [INFO] ✅ 从 Binance API 获取 4 个持仓
2026-05-25 11:31:41,663 [INFO] 📊 开仓前检查：API 持仓=4, 本地缓存=4, 采用=4/4
2026-05-25 11:31:41,664 [INFO] ⚠️ BTC 已达最大持仓数，跳过开仓
2026-05-25 11:32:42,532 [INFO] ✅ 从 Binance API 获取 4 个持仓
2026-05-25 11:32:42,534 [INFO] 📊 开仓前检查：API 持仓=4, 本地缓存=4, 采用=4/4
2026-05-25 11:32:42,534 [INFO] ⚠️ BTC 已达最大持仓数，跳过开仓
2026-05-25 11:33:39,074 [INFO] ✅ 从 Binance API 获取 4 个持仓
2026-05-25 11:33:39,076 [INFO] 📊 开仓前检查：API 持仓=4, 本地缓存=4, 采用=4/4
2026-05-25 11:33:39,076 [INFO] ⚠️ BTC 已达最大持仓数，跳过开仓
2026-05-25 11:35:11,728 [INFO] ✅ 从 Binance API 获取 4 个持仓
2026-05-25 11:35:38,748 [INFO] ✅ 从 Binance API 获取 4 个持仓
2026-05-25 11:35:38,750 [INFO] 📊 开仓前检查：API 持仓=4, 本地缓存=4, 采用=4/4
2026-05-25 11:35:38,750 [INFO] ⚠️ BTC 已达最大持仓数，跳过开仓
2026-05-25 11:36:52,892 [WARNING] K 线重试 1/5 BTC: ('Connection aborted.', ConnectionResetError(104, 'Connection reset by peer'))
2026-05-25 11:37:44,416 [INFO] ✅ 从 Binance API 获取 4 个持仓
2026-05-25 11:37:44,420 [INFO] 📊 开仓前检查：API 持仓=4, 本地缓存=4, 采用=4/4
2026-05-25 11:37:44,421 [INFO] ⚠️ BTC 已达最大持仓数，跳过开仓
2026-05-25 11:38:33,469 [INFO] ✅ 从 Binance API 获取 4 个持仓
2026-05-25 11:38:33,470 [INFO] 📊 开仓前检查：API 持仓=4, 本地缓存=4, 采用=4/4
2026-05-25 11:38:33,471 [INFO] ⚠️ BTC 已达最大持仓数，跳过开仓
2026-05-25 11:39:26,319 [WARNING] WebSocket 断线，5 秒后重连：Cannot connect to host stream.binancefuture.com:443 ssl:default [None]
2026-05-25 11:39:42,395 [WARNING] K 线重试 1/5 BTC: HTTPSConnectionPool(host='testnet.binancefuture.com', port=443): Max retries exceeded with url: /fapi/v1/klines?symbol=BTCUSDT&interval=15m&limit=100 (Caused by SSLError(SSLEOFError(8, '[SSL: UNEXPECTED_EOF_WHILE_READING] EOF occurred in violation of protocol (_ssl.c:1033)')))
2026-05-25 11:39:45,306 [WARNING] K 线重试 2/5 BTC: HTTPSConnectionPool(host='testnet.binancefuture.com', port=443): Max retries exceeded with url: /fapi/v1/klines?symbol=BTCUSDT&interval=15m&limit=100 (Caused by SSLError(SSLEOFError(8, '[SSL: UNEXPECTED_EOF_WHILE_READING] EOF occurred in violation of protocol (_ssl.c:1033)')))
2026-05-25 11:39:48,522 [WARNING] K 线重试 3/5 BTC: HTTPSConnectionPool(host='testnet.binancefuture.com', port=443): Max retries exceeded with url: /fapi/v1/klines?symbol=BTCUSDT&interval=15m&limit=100 (Caused by SSLError(SSLEOFError(8, '[SSL: UNEXPECTED_EOF_WHILE_READING] EOF occurred in violation of protocol (_ssl.c:1033)')))
2026-05-25 11:39:52,633 [WARNING] K 线重试 4/5 BTC: HTTPSConnectionPool(host='testnet.binancefuture.com', port=443): Max retries exceeded with url: /fapi/v1/klines?symbol=BTCUSDT&interval=15m&limit=100 (Caused by SSLError(SSLEOFError(8, '[SSL: UNEXPECTED_EOF_WHILE_READING] EOF occurred in violation of protocol (_ssl.c:1033)')))
2026-05-25 11:39:55,781 [ERROR] K 线失败 BTC (5 次重试耗尽): HTTPSConnectionPool(host='testnet.binancefuture.com', port=443): Max retries exceeded with url: /fapi/v1/klines?symbol=BTCUSDT&interval=15m&limit=100 (Caused by SSLError(SSLEOFError(8, '[SSL: UNEXPECTED_EOF_WHILE_READING] EOF occurred in violation of protocol (_ssl.c:1033)')))
2026-05-25 11:39:59,683 [WARNING] K 线重试 1/5 BTC: HTTPSConnectionPool(host='testnet.binancefuture.com', port=443): Max retries exceeded with url: /fapi/v1/klines?symbol=BTCUSDT&interval=1h&limit=60 (Caused by SSLError(SSLEOFError(8, '[SSL: UNEXPECTED_EOF_WHILE_READING] EOF occurred in violation of protocol (_ssl.c:1033)')))
2026-05-25 11:40:01,501 [WARNING] K 线重试 2/5 BTC: HTTPSConnectionPool(host='testnet.binancefuture.com', port=443): Max retries exceeded with url: /fapi/v1/klines?symbol=BTCUSDT&interval=1h&limit=60 (Caused by SSLError(SSLEOFError(8, '[SSL: UNEXPECTED_EOF_WHILE_READING] EOF occurred in violation of protocol (_ssl.c:1033)')))
2026-05-25 11:40:05,080 [WARNING] K 线重试 3/5 BTC: HTTPSConnectionPool(host='testnet.binancefuture.com', port=443): Max retries exceeded with url: /fapi/v1/klines?symbol=BTCUSDT&interval=1h&limit=60 (Caused by SSLError(SSLEOFError(8, '[SSL: UNEXPECTED_EOF_WHILE_READING] EOF occurred in violation of protocol (_ssl.c:1033)')))
2026-05-25 11:40:07,713 [WARNING] K 线重试 4/5 BTC: HTTPSConnectionPool(host='testnet.binancefuture.com', port=443): Max retries exceeded with url: /fapi/v1/klines?symbol=BTCUSDT&interval=1h&limit=60 (Caused by SSLError(SSLEOFError(8, '[SSL: UNEXPECTED_EOF_WHILE_READING] EOF occurred in violation of protocol (_ssl.c:1033)')))
2026-05-25 11:40:11,119 [ERROR] K 线失败 BTC (5 次重试耗尽): HTTPSConnectionPool(host='testnet.binancefuture.com', port=443): Max retries exceeded with url: /fapi/v1/klines?symbol=BTCUSDT&interval=1h&limit=60 (Caused by SSLError(SSLEOFError(8, '[SSL: UNEXPECTED_EOF_WHILE_READING] EOF occurred in violation of protocol (_ssl.c:1033)')))
2026-05-25 11:40:14,220 [WARNING] 24hr Ticker failed BTC: HTTPSConnectionPool(host='testnet.binancefuture.com', port=443): Max retries exceeded with url: /fapi/v1/ticker/24hr?symbol=BTCUSDT (Caused by SSLError(SSLEOFError(8, '[SSL: UNEXPECTED_EOF_WHILE_READING] EOF occurred in violation of protocol (_ssl.c:1033)')))
2026-05-25 11:40:14,220 [ERROR] 24h klines failed all fallbacks BTC
2026-05-25 11:40:17,540 [WARNING] K 线重试 1/5 ETH: HTTPSConnectionPool(host='testnet.binancefuture.com', port=443): Max retries exceeded with url: /fapi/v1/klines?symbol=ETHUSDT&interval=15m&limit=100 (Caused by SSLError(SSLEOFError(8, '[SSL: UNEXPECTED_EOF_WHILE_READING] EOF occurred in violation of protocol (_ssl.c:1033)')))
2026-05-25 11:40:21,303 [WARNING] K 线重试 2/5 ETH: HTTPSConnectionPool(host='testnet.binancefuture.com', port=443): Max retries exceeded with url: /fapi/v1/klines?symbol=ETHUSDT&interval=15m&limit=100 (Caused by SSLError(SSLEOFError(8, '[SSL: UNEXPECTED_EOF_WHILE_READING] EOF occurred in violation of protocol (_ssl.c:1033)')))
2026-05-25 11:40:24,292 [WARNING] K 线重试 3/5 ETH: HTTPSConnectionPool(host='testnet.binancefuture.com', port=443): Max retries exceeded with url: /fapi/v1/klines?symbol=ETHUSDT&interval=15m&limit=100 (Caused by SSLError(SSLEOFError(8, '[SSL: UNEXPECTED_EOF_WHILE_READING] EOF occurred in violation of protocol (_ssl.c:1033)')))
2026-05-25 11:40:27,582 [WARNING] K 线重试 4/5 ETH: HTTPSConnectionPool(host='testnet.binancefuture.com', port=443): Max retries exceeded with url: /fapi/v1/klines?symbol=ETHUSDT&interval=15m&limit=100 (Caused by SSLError(SSLEOFError(8, '[SSL: UNEXPECTED_EOF_WHILE_READING] EOF occurred in violation of protocol (_ssl.c:1033)')))
2026-05-25 11:40:31,393 [ERROR] K 线失败 ETH (5 次重试耗尽): HTTPSConnectionPool(host='testnet.binancefuture.com', port=443): Max retries exceeded with url: /fapi/v1/klines?symbol=ETHUSDT&interval=15m&limit=100 (Caused by SSLError(SSLEOFError(8, '[SSL: UNEXPECTED_EOF_WHILE_READING] EOF occurred in violation of protocol (_ssl.c:1033)')))
2026-05-25 11:40:33,503 [WARNING] K 线重试 1/5 ETH: HTTPSConnectionPool(host='testnet.binancefuture.com', port=443): Max retries exceeded with url: /fapi/v1/klines?symbol=ETHUSDT&interval=1h&limit=60 (Caused by SSLError(SSLEOFError(8, '[SSL: UNEXPECTED_EOF_WHILE_READING] EOF occurred in violation of protocol (_ssl.c:1033)')))
2026-05-25 11:40:37,032 [WARNING] K 线重试 2/5 ETH: HTTPSConnectionPool(host='testnet.binancefuture.com', port=443): Max retries exceeded with url: /fapi/v1/klines?symbol=ETHUSDT&interval=1h&limit=60 (Caused by SSLError(SSLEOFError(8, '[SSL: UNEXPECTED_EOF_WHILE_READING] EOF occurred in violation of protocol (_ssl.c:1033)')))
2026-05-25 11:40:41,027 [WARNING] K 线重试 3/5 ETH: HTTPSConnectionPool(host='testnet.binancefuture.com', port=443): Max retries exceeded with url: /fapi/v1/klines?symbol=ETHUSDT&interval=1h&limit=60 (Caused by SSLError(SSLEOFError(8, '[SSL: UNEXPECTED_EOF_WHILE_READING] EOF occurred in violation of protocol (_ssl.c:1033)')))
2026-05-25 11:40:44,378 [WARNING] K 线重试 4/5 ETH: HTTPSConnectionPool(host='testnet.binancefuture.com', port=443): Max retries exceeded with url: /fapi/v1/klines?symbol=ETHUSDT&interval=1h&limit=60 (Caused by SSLError(SSLEOFError(8, '[SSL: UNEXPECTED_EOF_WHILE_READING] EOF occurred in violation of protocol (_ssl.c:1033)')))
2026-05-25 11:40:48,207 [ERROR] K 线失败 ETH (5 次重试耗尽): HTTPSConnectionPool(host='testnet.binancefuture.com', port=443): Max retries exceeded with url: /fapi/v1/klines?symbol=ETHUSDT&interval=1h&limit=60 (Caused by SSLError(SSLEOFError(8, '[SSL: UNEXPECTED_EOF_WHILE_READING] EOF occurred in violation of protocol (_ssl.c:1033)')))
2026-05-25 11:40:51,558 [WARNING] 24hr Ticker failed ETH: HTTPSConnectionPool(host='testnet.binancefuture.com', port=443): Max retries exceeded with url: /fapi/v1/ticker/24hr?symbol=ETHUSDT (Caused by SSLError(SSLEOFError(8, '[SSL: UNEXPECTED_EOF_WHILE_READING] EOF occurred in violation of protocol (_ssl.c:1033)')))
2026-05-25 11:40:51,561 [ERROR] 24h klines failed all fallbacks ETH
2026-05-25 11:40:54,725 [WARNING] K 线重试 1/5 SOL: HTTPSConnectionPool(host='testnet.binancefuture.com', port=443): Max retries exceeded with url: /fapi/v1/klines?symbol=SOLUSDT&interval=15m&limit=100 (Caused by SSLError(SSLEOFError(8, '[SSL: UNEXPECTED_EOF_WHILE_READING] EOF occurred in violation of protocol (_ssl.c:1033)')))
2026-05-25 11:40:57,381 [WARNING] K 线重试 2/5 SOL: HTTPSConnectionPool(host='testnet.binancefuture.com', port=443): Max retries exceeded with url: /fapi/v1/klines?symbol=SOLUSDT&interval=15m&limit=100 (Caused by SSLError(SSLEOFError(8, '[SSL: UNEXPECTED_EOF_WHILE_READING] EOF occurred in violation of protocol (_ssl.c:1033)')))
2026-05-25 11:41:00,405 [WARNING] K 线重试 3/5 SOL: HTTPSConnectionPool(host='testnet.binancefuture.com', port=443): Max retries exceeded with url: /fapi/v1/klines?symbol=SOLUSDT&interval=15m&limit=100 (Caused by SSLError(SSLEOFError(8, '[SSL: UNEXPECTED_EOF_WHILE_READING] EOF occurred in violation of protocol (_ssl.c:1033)')))
2026-05-25 11:41:03,031 [WARNING] K 线重试 4/5 SOL: HTTPSConnectionPool(host='testnet.binancefuture.com', port=443): Max retries exceeded with url: /fapi/v1/klines?symbol=SOLUSDT&interval=15m&limit=100 (Caused by SSLError(SSLEOFError(8, '[SSL: UNEXPECTED_EOF_WHILE_READING] EOF occurred in violation of protocol (_ssl.c:1033)')))
2026-05-25 11:41:04,820 [ERROR] K 线失败 SOL (5 次重试耗尽): HTTPSConnectionPool(host='testnet.binancefuture.com', port=443): Max retries exceeded with url: /fapi/v1/klines?symbol=SOLUSDT&interval=15m&limit=100 (Caused by SSLError(SSLEOFError(8, '[SSL: UNEXPECTED_EOF_WHILE_READING] EOF occurred in violation of protocol (_ssl.c:1033)')))
2026-05-25 11:41:07,715 [WARNING] K 线重试 1/5 SOL: HTTPSConnectionPool(host='testnet.binancefuture.com', port=443): Max retries exceeded with url: /fapi/v1/klines?symbol=SOLUSDT&interval=1h&limit=60 (Caused by SSLError(SSLEOFError(8, '[SSL: UNEXPECTED_EOF_WHILE_READING] EOF occurred in violation of protocol (_ssl.c:1033)')))
2026-05-25 11:41:10,928 [WARNING] K 线重试 2/5 SOL: HTTPSConnectionPool(host='testnet.binancefuture.com', port=443): Max retries exceeded with url: /fapi/v1/klines?symbol=SOLUSDT&interval=1h&limit=60 (Caused by SSLError(SSLEOFError(8, '[SSL: UNEXPECTED_EOF_WHILE_READING] EOF occurred in violation of protocol (_ssl.c:1033)')))
2026-05-25 11:41:13,594 [WARNING] K 线重试 3/5 SOL: HTTPSConnectionPool(host='testnet.binancefuture.com', port=443): Max retries exceeded with url: /fapi/v1/klines?symbol=SOLUSDT&interval=1h&limit=60 (Caused by SSLError(SSLEOFError(8, '[SSL: UNEXPECTED_EOF_WHILE_READING] EOF occurred in violation of protocol (_ssl.c:1033)')))
2026-05-25 11:41:16,527 [WARNING] K 线重试 4/5 SOL: HTTPSConnectionPool(host='testnet.binancefuture.com', port=443): Max retries exceeded with url: /fapi/v1/klines?symbol=SOLUSDT&interval=1h&limit=60 (Caused by SSLError(SSLEOFError(8, '[SSL: UNEXPECTED_EOF_WHILE_READING] EOF occurred in violation of protocol (_ssl.c:1033)')))
2026-05-25 11:41:19,835 [ERROR] K 线失败 SOL (5 次重试耗尽): HTTPSConnectionPool(host='testnet.binancefuture.com', port=443): Max retries exceeded with url: /fapi/v1/klines?symbol=SOLUSDT&interval=1h&limit=60 (Caused by SSLError(SSLEOFError(8, '[SSL: UNEXPECTED_EOF_WHILE_READING] EOF occurred in violation of protocol (_ssl.c:1033)')))
2026-05-25 11:41:23,122 [WARNING] 24hr Ticker failed SOL: HTTPSConnectionPool(host='testnet.binancefuture.com', port=443): Max retries exceeded with url: /fapi/v1/ticker/24hr?symbol=SOLUSDT (Caused by SSLError(SSLEOFError(8, '[SSL: UNEXPECTED_EOF_WHILE_READING] EOF occurred in violation of protocol (_ssl.c:1033)')))
2026-05-25 11:41:23,122 [ERROR] 24h klines failed all fallbacks SOL
2026-05-25 11:41:25,976 [WARNING] K 线重试 1/5 BNB: HTTPSConnectionPool(host='testnet.binancefuture.com', port=443): Max retries exceeded with url: /fapi/v1/klines?symbol=BNBUSDT&interval=15m&limit=100 (Caused by SSLError(SSLEOFError(8, '[SSL: UNEXPECTED_EOF_WHILE_READING] EOF occurred in violation of protocol (_ssl.c:1033)')))
2026-05-25 11:41:29,210 [WARNING] K 线重试 2/5 BNB: HTTPSConnectionPool(host='testnet.binancefuture.com', port=443): Max retries exceeded with url: /fapi/v1/klines?symbol=BNBUSDT&interval=15m&limit=100 (Caused by SSLError(SSLEOFError(8, '[SSL: UNEXPECTED_EOF_WHILE_READING] EOF occurred in violation of protocol (_ssl.c:1033)')))
2026-05-25 11:41:32,679 [WARNING] K 线重试 3/5 BNB: HTTPSConnectionPool(host='testnet.binancefuture.com', port=443): Max retries exceeded with url: /fapi/v1/klines?symbol=BNBUSDT&interval=15m&limit=100 (Caused by SSLError(SSLEOFError(8, '[SSL: UNEXPECTED_EOF_WHILE_READING] EOF occurred in violation of protocol (_ssl.c:1033)')))
2026-05-25 11:41:35,890 [WARNING] K 线重试 4/5 BNB: HTTPSConnectionPool(host='testnet.binancefuture.com', port=443): Max retries exceeded with url: /fapi/v1/klines?symbol=BNBUSDT&interval=15m&limit=100 (Caused by SSLError(SSLEOFError(8, '[SSL: UNEXPECTED_EOF_WHILE_READING] EOF occurred in violation of protocol (_ssl.c:1033)')))
2026-05-25 11:41:38,476 [ERROR] K 线失败 BNB (5 次重试耗尽): HTTPSConnectionPool(host='testnet.binancefuture.com', port=443): Max retries exceeded with url: /fapi/v1/klines?symbol=BNBUSDT&interval=15m&limit=100 (Caused by SSLError(SSLEOFError(8, '[SSL: UNEXPECTED_EOF_WHILE_READING] EOF occurred in violation of protocol (_ssl.c:1033)')))
2026-05-25 11:41:41,052 [WARNING] K 线重试 1/5 BNB: HTTPSConnectionPool(host='testnet.binancefuture.com', port=443): Max retries exceeded with url: /fapi/v1/klines?symbol=BNBUSDT&interval=1h&limit=60 (Caused by SSLError(SSLEOFError(8, '[SSL: UNEXPECTED_EOF_WHILE_READING] EOF occurred in violation of protocol (_ssl.c:1033)')))
2026-05-25 11:41:44,175 [WARNING] K 线重试 2/5 BNB: HTTPSConnectionPool(host='testnet.binancefuture.com', port=443): Max retries exceeded with url: /fapi/v1/klines?symbol=BNBUSDT&interval=1h&limit=60 (Caused by SSLError(SSLEOFError(8, '[SSL: UNEXPECTED_EOF_WHILE_READING] EOF occurred in violation of protocol (_ssl.c:1033)')))
2026-05-25 11:41:47,557 [WARNING] K 线重试 3/5 BNB: HTTPSConnectionPool(host='testnet.binancefuture.com', port=443): Max retries exceeded with url: /fapi/v1/klines?symbol=BNBUSDT&interval=1h&limit=60 (Caused by SSLError(SSLEOFError(8, '[SSL: UNEXPECTED_EOF_WHILE_READING] EOF occurred in violation of protocol (_ssl.c:1033)')))
2026-05-25 11:41:48,871 [WARNING] K 线重试 4/5 BNB: HTTPSConnectionPool(host='testnet.binancefuture.com', port=443): Max retries exceeded with url: /fapi/v1/klines?symbol=BNBUSDT&interval=1h&limit=60 (Caused by SSLError(SSLEOFError(8, '[SSL: UNEXPECTED_EOF_WHILE_READING] EOF occurred in violation of protocol (_ssl.c:1033)')))
2026-05-25 11:41:51,220 [ERROR] K 线失败 BNB (5 次重试耗尽): HTTPSConnectionPool(host='testnet.binancefuture.com', port=443): Max retries exceeded with url: /fapi/v1/klines?symbol=BNBUSDT&interval=1h&limit=60 (Caused by SSLError(SSLEOFError(8, '[SSL: UNEXPECTED_EOF_WHILE_READING] EOF occurred in violation of protocol (_ssl.c:1033)')))
2026-05-25 11:41:54,204 [WARNING] 24hr Ticker failed BNB: HTTPSConnectionPool(host='testnet.binancefuture.com', port=443): Max retries exceeded with url: /fapi/v1/ticker/24hr?symbol=BNBUSDT (Caused by SSLError(SSLEOFError(8, '[SSL: UNEXPECTED_EOF_WHILE_READING] EOF occurred in violation of protocol (_ssl.c:1033)')))
2026-05-25 11:41:54,205 [ERROR] 24h klines failed all fallbacks BNB
2026-05-25 11:41:56,784 [WARNING] K 线重试 1/5 DOT: HTTPSConnectionPool(host='testnet.binancefuture.com', port=443): Max retries exceeded with url: /fapi/v1/klines?symbol=DOTUSDT&interval=15m&limit=100 (Caused by SSLError(SSLEOFError(8, '[SSL: UNEXPECTED_EOF_WHILE_READING] EOF occurred in violation of protocol (_ssl.c:1033)')))
2026-05-25 11:41:59,751 [WARNING] K 线重试 2/5 DOT: HTTPSConnectionPool(host='testnet.binancefuture.com', port=443): Max retries exceeded with url: /fapi/v1/klines?symbol=DOTUSDT&interval=15m&limit=100 (Caused by SSLError(SSLEOFError(8, '[SSL: UNEXPECTED_EOF_WHILE_READING] EOF occurred in violation of protocol (_ssl.c:1033)')))
2026-05-25 11:42:02,678 [WARNING] K 线重试 3/5 DOT: HTTPSConnectionPool(host='testnet.binancefuture.com', port=443): Max retries exceeded with url: /fapi/v1/klines?symbol=DOTUSDT&interval=15m&limit=100 (Caused by SSLError(SSLEOFError(8, '[SSL: UNEXPECTED_EOF_WHILE_READING] EOF occurred in violation of protocol (_ssl.c:1033)')))
2026-05-25 11:42:05,772 [WARNING] K 线重试 4/5 DOT: HTTPSConnectionPool(host='testnet.binancefuture.com', port=443): Max retries exceeded with url: /fapi/v1/klines?symbol=DOTUSDT&interval=15m&limit=100 (Caused by SSLError(SSLEOFError(8, '[SSL: UNEXPECTED_EOF_WHILE_READING] EOF occurred in violation of protocol (_ssl.c:1033)')))
2026-05-25 11:42:08,190 [ERROR] K 线失败 DOT (5 次重试耗尽): HTTPSConnectionPool(host='testnet.binancefuture.com', port=443): Max retries exceeded with url: /fapi/v1/klines?symbol=DOTUSDT&interval=15m&limit=100 (Caused by SSLError(SSLEOFError(8, '[SSL: UNEXPECTED_EOF_WHILE_READING] EOF occurred in violation of protocol (_ssl.c:1033)')))
2026-05-25 11:42:11,714 [WARNING] K 线重试 1/5 DOT: HTTPSConnectionPool(host='testnet.binancefuture.com', port=443): Max retries exceeded with url: /fapi/v1/klines?symbol=DOTUSDT&interval=1h&limit=60 (Caused by SSLError(SSLEOFError(8, '[SSL: UNEXPECTED_EOF_WHILE_READING] EOF occurred in violation of protocol (_ssl.c:1033)')))
2026-05-25 11:42:15,160 [WARNING] K 线重试 2/5 DOT: HTTPSConnectionPool(host='testnet.binancefuture.com', port=443): Max retries exceeded with url: /fapi/v1/klines?symbol=DOTUSDT&interval=1h&limit=60 (Caused by SSLError(SSLEOFError(8, '[SSL: UNEXPECTED_EOF_WHILE_READING] EOF occurred in violation of protocol (_ssl.c:1033)')))
2026-05-25 11:42:18,289 [WARNING] K 线重试 3/5 DOT: HTTPSConnectionPool(host='testnet.binancefuture.com', port=443): Max retries exceeded with url: /fapi/v1/klines?symbol=DOTUSDT&interval=1h&limit=60 (Caused by SSLError(SSLEOFError(8, '[SSL: UNEXPECTED_EOF_WHILE_READING] EOF occurred in violation of protocol (_ssl.c:1033)')))
2026-05-25 11:42:21,399 [WARNING] K 线重试 4/5 DOT: HTTPSConnectionPool(host='testnet.binancefuture.com', port=443): Max retries exceeded with url: /fapi/v1/klines?symbol=DOTUSDT&interval=1h&limit=60 (Caused by SSLError(SSLEOFError(8, '[SSL: UNEXPECTED_EOF_WHILE_READING] EOF occurred in violation of protocol (_ssl.c:1033)')))
2026-05-25 11:42:24,292 [ERROR] K 线失败 DOT (5 次重试耗尽): HTTPSConnectionPool(host='testnet.binancefuture.com', port=443): Max retries exceeded with url: /fapi/v1/klines?symbol=DOTUSDT&interval=1h&limit=60 (Caused by SSLError(SSLEOFError(8, '[SSL: UNEXPECTED_EOF_WHILE_READING] EOF occurred in violation of protocol (_ssl.c:1033)')))
2026-05-25 11:42:27,132 [WARNING] 24hr Ticker failed DOT: HTTPSConnectionPool(host='testnet.binancefuture.com', port=443): Max retries exceeded with url: /fapi/v1/ticker/24hr?symbol=DOTUSDT (Caused by SSLError(SSLEOFError(8, '[SSL: UNEXPECTED_EOF_WHILE_READING] EOF occurred in violation of protocol (_ssl.c:1033)')))
2026-05-25 11:42:27,133 [ERROR] 24h klines failed all fallbacks DOT
2026-05-25 11:42:29,267 [WARNING] K 线重试 1/5 LINK: HTTPSConnectionPool(host='testnet.binancefuture.com', port=443): Max retries exceeded with url: /fapi/v1/klines?symbol=LINKUSDT&interval=15m&limit=100 (Caused by SSLError(SSLEOFError(8, '[SSL: UNEXPECTED_EOF_WHILE_READING] EOF occurred in violation of protocol (_ssl.c:1033)')))
2026-05-25 11:42:32,036 [WARNING] K 线重试 2/5 LINK: HTTPSConnectionPool(host='testnet.binancefuture.com', port=443): Max retries exceeded with url: /fapi/v1/klines?symbol=LINKUSDT&interval=15m&limit=100 (Caused by SSLError(SSLEOFError(8, '[SSL: UNEXPECTED_EOF_WHILE_READING] EOF occurred in violation of protocol (_ssl.c:1033)')))
2026-05-25 11:42:35,073 [WARNING] K 线重试 3/5 LINK: HTTPSConnectionPool(host='testnet.binancefuture.com', port=443): Max retries exceeded with url: /fapi/v1/klines?symbol=LINKUSDT&interval=15m&limit=100 (Caused by SSLError(SSLEOFError(8, '[SSL: UNEXPECTED_EOF_WHILE_READING] EOF occurred in violation of protocol (_ssl.c:1033)')))
2026-05-25 11:42:38,252 [WARNING] K 线重试 4/5 LINK: HTTPSConnectionPool(host='testnet.binancefuture.com', port=443): Max retries exceeded with url: /fapi/v1/klines?symbol=LINKUSDT&interval=15m&limit=100 (Caused by SSLError(SSLEOFError(8, '[SSL: UNEXPECTED_EOF_WHILE_READING] EOF occurred in violation of protocol (_ssl.c:1033)')))
2026-05-25 11:42:41,580 [ERROR] K 线失败 LINK (5 次重试耗尽): HTTPSConnectionPool(host='testnet.binancefuture.com', port=443): Max retries exceeded with url: /fapi/v1/klines?symbol=LINKUSDT&interval=15m&limit=100 (Caused by SSLError(SSLEOFError(8, '[SSL: UNEXPECTED_EOF_WHILE_READING] EOF occurred in violation of protocol (_ssl.c:1033)')))
2026-05-25 11:42:44,613 [WARNING] K 线重试 1/5 LINK: HTTPSConnectionPool(host='testnet.binancefuture.com', port=443): Max retries exceeded with url: /fapi/v1/klines?symbol=LINKUSDT&interval=1h&limit=60 (Caused by SSLError(SSLEOFError(8, '[SSL: UNEXPECTED_EOF_WHILE_READING] EOF occurred in violation of protocol (_ssl.c:1033)')))
2026-05-25 11:42:47,234 [WARNING] K 线重试 2/5 LINK: HTTPSConnectionPool(host='testnet.binancefuture.com', port=443): Max retries exceeded with url: /fapi/v1/klines?symbol=LINKUSDT&interval=1h&limit=60 (Caused by SSLError(SSLEOFError(8, '[SSL: UNEXPECTED_EOF_WHILE_READING] EOF occurred in violation of protocol (_ssl.c:1033)')))
2026-05-25 11:42:50,300 [WARNING] K 线重试 3/5 LINK: HTTPSConnectionPool(host='testnet.binancefuture.com', port=443): Max retries exceeded with url: /fapi/v1/klines?symbol=LINKUSDT&interval=1h&limit=60 (Caused by SSLError(SSLEOFError(8, '[SSL: UNEXPECTED_EOF_WHILE_READING] EOF occurred in violation of protocol (_ssl.c:1033)')))
2026-05-25 11:42:53,942 [WARNING] K 线重试 4/5 LINK: HTTPSConnectionPool(host='testnet.binancefuture.com', port=443): Max retries exceeded with url: /fapi/v1/klines?symbol=LINKUSDT&interval=1h&limit=60 (Caused by SSLError(SSLEOFError(8, '[SSL: UNEXPECTED_EOF_WHILE_READING] EOF occurred in violation of protocol (_ssl.c:1033)')))
2026-05-25 11:42:57,550 [ERROR] K 线失败 LINK (5 次重试耗尽): HTTPSConnectionPool(host='testnet.binancefuture.com', port=443): Max retries exceeded with url: /fapi/v1/klines?symbol=LINKUSDT&interval=1h&limit=60 (Caused by SSLError(SSLEOFError(8, '[SSL: UNEXPECTED_EOF_WHILE_READING] EOF occurred in violation of protocol (_ssl.c:1033)')))
2026-05-25 11:43:00,902 [WARNING] 24hr Ticker failed LINK: HTTPSConnectionPool(host='testnet.binancefuture.com', port=443): Max retries exceeded with url: /fapi/v1/ticker/24hr?symbol=LINKUSDT (Caused by SSLError(SSLEOFError(8, '[SSL: UNEXPECTED_EOF_WHILE_READING] EOF occurred in violation of protocol (_ssl.c:1033)')))
2026-05-25 11:43:00,904 [ERROR] 24h klines failed all fallbacks LINK
2026-05-25 11:43:04,526 [WARNING] K 线重试 1/5 XRP: HTTPSConnectionPool(host='testnet.binancefuture.com', port=443): Max retries exceeded with url: /fapi/v1/klines?symbol=XRPUSDT&interval=15m&limit=100 (Caused by SSLError(SSLEOFError(8, '[SSL: UNEXPECTED_EOF_WHILE_READING] EOF occurred in violation of protocol (_ssl.c:1033)')))
2026-05-25 11:43:08,068 [WARNING] K 线重试 2/5 XRP: HTTPSConnectionPool(host='testnet.binancefuture.com', port=443): Max retries exceeded with url: /fapi/v1/klines?symbol=XRPUSDT&interval=15m&limit=100 (Caused by SSLError(SSLEOFError(8, '[SSL: UNEXPECTED_EOF_WHILE_READING] EOF occurred in violation of protocol (_ssl.c:1033)')))
2026-05-25 11:43:11,303 [WARNING] K 线重试 3/5 XRP: HTTPSConnectionPool(host='testnet.binancefuture.com', port=443): Max retries exceeded with url: /fapi/v1/klines?symbol=XRPUSDT&interval=15m&limit=100 (Caused by SSLError(SSLEOFError(8, '[SSL: UNEXPECTED_EOF_WHILE_READING] EOF occurred in violation of protocol (_ssl.c:1033)')))
2026-05-25 11:43:14,518 [WARNING] K 线重试 4/5 XRP: HTTPSConnectionPool(host='testnet.binancefuture.com', port=443): Max retries exceeded with url: /fapi/v1/klines?symbol=XRPUSDT&interval=15m&limit=100 (Caused by SSLError(SSLEOFError(8, '[SSL: UNEXPECTED_EOF_WHILE_READING] EOF occurred in violation of protocol (_ssl.c:1033)')))
2026-05-25 11:43:17,405 [ERROR] K 线失败 XRP (5 次重试耗尽): HTTPSConnectionPool(host='testnet.binancefuture.com', port=443): Max retries exceeded with url: /fapi/v1/klines?symbol=XRPUSDT&interval=15m&limit=100 (Caused by SSLError(SSLEOFError(8, '[SSL: UNEXPECTED_EOF_WHILE_READING] EOF occurred in violation of protocol (_ssl.c:1033)')))
2026-05-25 11:43:21,447 [WARNING] K 线重试 1/5 XRP: HTTPSConnectionPool(host='testnet.binancefuture.com', port=443): Max retries exceeded with url: /fapi/v1/klines?symbol=XRPUSDT&interval=1h&limit=60 (Caused by SSLError(SSLEOFError(8, '[SSL: UNEXPECTED_EOF_WHILE_READING] EOF occurred in violation of protocol (_ssl.c:1033)')))
2026-05-25 11:43:24,848 [WARNING] K 线重试 2/5 XRP: HTTPSConnectionPool(host='testnet.binancefuture.com', port=443): Max retries exceeded with url: /fapi/v1/klines?symbol=XRPUSDT&interval=1h&limit=60 (Caused by SSLError(SSLEOFError(8, '[SSL: UNEXPECTED_EOF_WHILE_READING] EOF occurred in violation of protocol (_ssl.c:1033)')))
2026-05-25 11:43:28,386 [WARNING] K 线重试 3/5 XRP: HTTPSConnectionPool(host='testnet.binancefuture.com', port=443): Max retries exceeded with url: /fapi/v1/klines?symbol=XRPUSDT&interval=1h&limit=60 (Caused by SSLError(SSLEOFError(8, '[SSL: UNEXPECTED_EOF_WHILE_READING] EOF occurred in violation of protocol (_ssl.c:1033)')))
2026-05-25 11:43:31,583 [WARNING] K 线重试 4/5 XRP: HTTPSConnectionPool(host='testnet.binancefuture.com', port=443): Max retries exceeded with url: /fapi/v1/klines?symbol=XRPUSDT&interval=1h&limit=60 (Caused by SSLError(SSLEOFError(8, '[SSL: UNEXPECTED_EOF_WHILE_READING] EOF occurred in violation of protocol (_ssl.c:1033)')))
2026-05-25 11:43:34,243 [ERROR] K 线失败 XRP (5 次重试耗尽): HTTPSConnectionPool(host='testnet.binancefuture.com', port=443): Max retries exceeded with url: /fapi/v1/klines?symbol=XRPUSDT&interval=1h&limit=60 (Caused by SSLError(SSLEOFError(8, '[SSL: UNEXPECTED_EOF_WHILE_READING] EOF occurred in violation of protocol (_ssl.c:1033)')))
2026-05-25 11:43:37,072 [WARNING] 24hr Ticker failed XRP: HTTPSConnectionPool(host='testnet.binancefuture.com', port=443): Max retries exceeded with url: /fapi/v1/ticker/24hr?symbol=XRPUSDT (Caused by SSLError(SSLEOFError(8, '[SSL: UNEXPECTED_EOF_WHILE_READING] EOF occurred in violation of protocol (_ssl.c:1033)')))
2026-05-25 11:43:37,072 [ERROR] 24h klines failed all fallbacks XRP
2026-05-25 11:43:46,162 [ERROR] ❌ Binance API 错误：{'error': "HTTPSConnectionPool(host='testnet.binancefuture.com', port=443): Max retries exceeded with url: /fapi/v2/positionRisk?timestamp=1779680617072&recvWindow=30000&signature=14af8def0ba00404c6b1c7322289448c411cd3d5054f35a5371feb77ed1e7e27 (Caused by SSLError(SSLEOFError(8, '[SSL: UNEXPECTED_EOF_WHILE_READING] EOF occurred in violation of protocol (_ssl.c:1033)')))", 'clientOrderId': None}
2026-05-25 11:43:46,164 [INFO] 📊 开仓前检查：API 持仓=0, 本地缓存=4, 采用=4/4
2026-05-25 11:43:46,165 [INFO] ⚠️ BTC 已达最大持仓数，跳过开仓
2026-05-25 11:44:00,756 [WARNING] WebSocket 断线，5 秒后重连：Cannot connect to host stream.binancefuture.com:443 ssl:default [None]
2026-05-25 11:44:15,658 [WARNING] WebSocket 断线，5 秒后重连：Cannot connect to host stream.binancefuture.com:443 ssl:default [None]
2026-05-25 11:44:44,310 [WARNING] K 线重试 1/5 BTC: HTTPSConnectionPool(host='testnet.binancefuture.com', port=443): Max retries exceeded with url: /fapi/v1/klines?symbol=BTCUSDT&interval=15m&limit=100 (Caused by SSLError(SSLEOFError(8, '[SSL: UNEXPECTED_EOF_WHILE_READING] EOF occurred in violation of protocol (_ssl.c:1033)')))
2026-05-25 11:44:48,104 [WARNING] K 线重试 2/5 BTC: HTTPSConnectionPool(host='testnet.binancefuture.com', port=443): Max retries exceeded with url: /fapi/v1/klines?symbol=BTCUSDT&interval=15m&limit=100 (Caused by SSLError(SSLEOFError(8, '[SSL: UNEXPECTED_EOF_WHILE_READING] EOF occurred in violation of protocol (_ssl.c:1033)')))
2026-05-25 11:44:51,333 [WARNING] K 线重试 3/5 BTC: HTTPSConnectionPool(host='testnet.binancefuture.com', port=443): Max retries exceeded with url: /fapi/v1/klines?symbol=BTCUSDT&interval=15m&limit=100 (Caused by SSLError(SSLEOFError(8, '[SSL: UNEXPECTED_EOF_WHILE_READING] EOF occurred in violation of protocol (_ssl.c:1033)')))
2026-05-25 11:44:55,124 [WARNING] K 线重试 4/5 BTC: HTTPSConnectionPool(host='testnet.binancefuture.com', port=443): Max retries exceeded with url: /fapi/v1/klines?symbol=BTCUSDT&interval=15m&limit=100 (Caused by SSLError(SSLEOFError(8, '[SSL: UNEXPECTED_EOF_WHILE_READING] EOF occurred in violation of protocol (_ssl.c:1033)')))
2026-05-25 11:44:57,969 [ERROR] K 线失败 BTC (5 次重试耗尽): HTTPSConnectionPool(host='testnet.binancefuture.com', port=443): Max retries exceeded with url: /fapi/v1/klines?symbol=BTCUSDT&interval=15m&limit=100 (Caused by SSLError(SSLEOFError(8, '[SSL: UNEXPECTED_EOF_WHILE_READING] EOF occurred in violation of protocol (_ssl.c:1033)')))
2026-05-25 11:45:02,031 [WARNING] K 线重试 1/5 BTC: HTTPSConnectionPool(host='testnet.binancefuture.com', port=443): Max retries exceeded with url: /fapi/v1/klines?symbol=BTCUSDT&interval=1h&limit=60 (Caused by SSLError(SSLEOFError(8, '[SSL: UNEXPECTED_EOF_WHILE_READING] EOF occurred in violation of protocol (_ssl.c:1033)')))
2026-05-25 11:45:04,862 [WARNING] K 线重试 2/5 BTC: HTTPSConnectionPool(host='testnet.binancefuture.com', port=443): Max retries exceeded with url: /fapi/v1/klines?symbol=BTCUSDT&interval=1h&limit=60 (Caused by SSLError(SSLEOFError(8, '[SSL: UNEXPECTED_EOF_WHILE_READING] EOF occurred in violation of protocol (_ssl.c:1033)')))
2026-05-25 11:45:08,648 [WARNING] K 线重试 3/5 BTC: HTTPSConnectionPool(host='testnet.binancefuture.com', port=443): Max retries exceeded with url: /fapi/v1/klines?symbol=BTCUSDT&interval=1h&limit=60 (Caused by SSLError(SSLEOFError(8, '[SSL: UNEXPECTED_EOF_WHILE_READING] EOF occurred in violation of protocol (_ssl.c:1033)')))
2026-05-25 11:45:11,084 [WARNING] K 线重试 4/5 BTC: HTTPSConnectionPool(host='testnet.binancefuture.com', port=443): Max retries exceeded with url: /fapi/v1/klines?symbol=BTCUSDT&interval=1h&limit=60 (Caused by SSLError(SSLEOFError(8, '[SSL: UNEXPECTED_EOF_WHILE_READING] EOF occurred in violation of protocol (_ssl.c:1033)')))
2026-05-25 11:45:14,802 [ERROR] K 线失败 BTC (5 次重试耗尽): HTTPSConnectionPool(host='testnet.binancefuture.com', port=443): Max retries exceeded with url: /fapi/v1/klines?symbol=BTCUSDT&interval=1h&limit=60 (Caused by SSLError(SSLEOFError(8, '[SSL: UNEXPECTED_EOF_WHILE_READING] EOF occurred in violation of protocol (_ssl.c:1033)')))
2026-05-25 11:45:17,181 [WARNING] 24hr Ticker failed BTC: HTTPSConnectionPool(host='testnet.binancefuture.com', port=443): Max retries exceeded with url: /fapi/v1/ticker/24hr?symbol=BTCUSDT (Caused by SSLError(SSLEOFError(8, '[SSL: UNEXPECTED_EOF_WHILE_READING] EOF occurred in violation of protocol (_ssl.c:1033)')))
2026-05-25 11:45:17,181 [ERROR] 24h klines failed all fallbacks BTC
2026-05-25 11:45:21,026 [WARNING] K 线重试 1/5 ETH: HTTPSConnectionPool(host='testnet.binancefuture.com', port=443): Max retries exceeded with url: /fapi/v1/klines?symbol=ETHUSDT&interval=15m&limit=100 (Caused by SSLError(SSLEOFError(8, '[SSL: UNEXPECTED_EOF_WHILE_READING] EOF occurred in violation of protocol (_ssl.c:1033)')))
2026-05-25 11:45:22,672 [WARNING] K 线重试 2/5 ETH: HTTPSConnectionPool(host='testnet.binancefuture.com', port=443): Max retries exceeded with url: /fapi/v1/klines?symbol=ETHUSDT&interval=15m&limit=100 (Caused by SSLError(SSLEOFError(8, '[SSL: UNEXPECTED_EOF_WHILE_READING] EOF occurred in violation of protocol (_ssl.c:1033)')))
2026-05-25 11:45:25,478 [WARNING] K 线重试 3/5 ETH: HTTPSConnectionPool(host='testnet.binancefuture.com', port=443): Max retries exceeded with url: /fapi/v1/klines?symbol=ETHUSDT&interval=15m&limit=100 (Caused by SSLError(SSLEOFError(8, '[SSL: UNEXPECTED_EOF_WHILE_READING] EOF occurred in violation of protocol (_ssl.c:1033)')))
2026-05-25 11:45:28,099 [WARNING] K 线重试 4/5 ETH: HTTPSConnectionPool(host='testnet.binancefuture.com', port=443): Max retries exceeded with url: /fapi/v1/klines?symbol=ETHUSDT&interval=15m&limit=100 (Caused by SSLError(SSLEOFError(8, '[SSL: UNEXPECTED_EOF_WHILE_READING] EOF occurred in violation of protocol (_ssl.c:1033)')))
2026-05-25 11:45:31,969 [ERROR] K 线失败 ETH (5 次重试耗尽): HTTPSConnectionPool(host='testnet.binancefuture.com', port=443): Max retries exceeded with url: /fapi/v1/klines?symbol=ETHUSDT&interval=15m&limit=100 (Caused by SSLError(SSLEOFError(8, '[SSL: UNEXPECTED_EOF_WHILE_READING] EOF occurred in violation of protocol (_ssl.c:1033)')))
2026-05-25 11:45:35,409 [WARNING] K 线重试 1/5 ETH: HTTPSConnectionPool(host='testnet.binancefuture.com', port=443): Max retries exceeded with url: /fapi/v1/klines?symbol=ETHUSDT&interval=1h&limit=60 (Caused by SSLError(SSLEOFError(8, '[SSL: UNEXPECTED_EOF_WHILE_READING] EOF occurred in violation of protocol (_ssl.c:1033)')))
2026-05-25 11:45:38,023 [WARNING] K 线重试 2/5 ETH: HTTPSConnectionPool(host='testnet.binancefuture.com', port=443): Max retries exceeded with url: /fapi/v1/klines?symbol=ETHUSDT&interval=1h&limit=60 (Caused by SSLError(SSLEOFError(8, '[SSL: UNEXPECTED_EOF_WHILE_READING] EOF occurred in violation of protocol (_ssl.c:1033)')))
2026-05-25 11:45:39,689 [WARNING] K 线重试 3/5 ETH: HTTPSConnectionPool(host='testnet.binancefuture.com', port=443): Max retries exceeded with url: /fapi/v1/klines?symbol=ETHUSDT&interval=1h&limit=60 (Caused by SSLError(SSLEOFError(8, '[SSL: UNEXPECTED_EOF_WHILE_READING] EOF occurred in violation of protocol (_ssl.c:1033)')))
2026-05-25 11:45:42,278 [WARNING] K 线重试 4/5 ETH: HTTPSConnectionPool(host='testnet.binancefuture.com', port=443): Max retries exceeded with url: /fapi/v1/klines?symbol=ETHUSDT&interval=1h&limit=60 (Caused by SSLError(SSLEOFError(8, '[SSL: UNEXPECTED_EOF_WHILE_READING] EOF occurred in violation of protocol (_ssl.c:1033)')))
2026-05-25 11:45:45,976 [ERROR] K 线失败 ETH (5 次重试耗尽): HTTPSConnectionPool(host='testnet.binancefuture.com', port=443): Max retries exceeded with url: /fapi/v1/klines?symbol=ETHUSDT&interval=1h&limit=60 (Caused by SSLError(SSLEOFError(8, '[SSL: UNEXPECTED_EOF_WHILE_READING] EOF occurred in violation of protocol (_ssl.c:1033)')))
2026-05-25 11:45:49,846 [WARNING] 24hr Ticker failed ETH: HTTPSConnectionPool(host='testnet.binancefuture.com', port=443): Max retries exceeded with url: /fapi/v1/ticker/24hr?symbol=ETHUSDT (Caused by SSLError(SSLEOFError(8, '[SSL: UNEXPECTED_EOF_WHILE_READING] EOF occurred in violation of protocol (_ssl.c:1033)')))
2026-05-25 11:45:49,847 [ERROR] 24h klines failed all fallbacks ETH
2026-05-25 11:45:52,642 [WARNING] K 线重试 1/5 SOL: HTTPSConnectionPool(host='testnet.binancefuture.com', port=443): Max retries exceeded with url: /fapi/v1/klines?symbol=SOLUSDT&interval=15m&limit=100 (Caused by SSLError(SSLEOFError(8, '[SSL: UNEXPECTED_EOF_WHILE_READING] EOF occurred in violation of protocol (_ssl.c:1033)')))
2026-05-25 11:45:55,791 [WARNING] K 线重试 2/5 SOL: HTTPSConnectionPool(host='testnet.binancefuture.com', port=443): Max retries exceeded with url: /fapi/v1/klines?symbol=SOLUSDT&interval=15m&limit=100 (Caused by SSLError(SSLEOFError(8, '[SSL: UNEXPECTED_EOF_WHILE_READING] EOF occurred in violation of protocol (_ssl.c:1033)')))
2026-05-25 11:45:59,152 [WARNING] K 线重试 3/5 SOL: HTTPSConnectionPool(host='testnet.binancefuture.com', port=443): Max retries exceeded with url: /fapi/v1/klines?symbol=SOLUSDT&interval=15m&limit=100 (Caused by SSLError(SSLEOFError(8, '[SSL: UNEXPECTED_EOF_WHILE_READING] EOF occurred in violation of protocol (_ssl.c:1033)')))
2026-05-25 11:46:01,391 [WARNING] K 线重试 4/5 SOL: HTTPSConnectionPool(host='testnet.binancefuture.com', port=443): Max retries exceeded with url: /fapi/v1/klines?symbol=SOLUSDT&interval=15m&limit=100 (Caused by SSLError(SSLEOFError(8, '[SSL: UNEXPECTED_EOF_WHILE_READING] EOF occurred in violation of protocol (_ssl.c:1033)')))
2026-05-25 11:46:05,042 [ERROR] K 线失败 SOL (5 次重试耗尽): HTTPSConnectionPool(host='testnet.binancefuture.com', port=443): Max retries exceeded with url: /fapi/v1/klines?symbol=SOLUSDT&interval=15m&limit=100 (Caused by SSLError(SSLEOFError(8, '[SSL: UNEXPECTED_EOF_WHILE_READING] EOF occurred in violation of protocol (_ssl.c:1033)')))
2026-05-25 11:46:07,903 [WARNING] K 线重试 1/5 SOL: HTTPSConnectionPool(host='testnet.binancefuture.com', port=443): Max retries exceeded with url: /fapi/v1/klines?symbol=SOLUSDT&interval=1h&limit=60 (Caused by SSLError(SSLEOFError(8, '[SSL: UNEXPECTED_EOF_WHILE_READING] EOF occurred in violation of protocol (_ssl.c:1033)')))
2026-05-25 11:46:10,672 [WARNING] K 线重试 2/5 SOL: HTTPSConnectionPool(host='testnet.binancefuture.com', port=443): Max retries exceeded with url: /fapi/v1/klines?symbol=SOLUSDT&interval=1h&limit=60 (Caused by SSLError(SSLEOFError(8, '[SSL: UNEXPECTED_EOF_WHILE_READING] EOF occurred in violation of protocol (_ssl.c:1033)')))
2026-05-25 11:46:13,201 [WARNING] K 线重试 3/5 SOL: HTTPSConnectionPool(host='testnet.binancefuture.com', port=443): Max retries exceeded with url: /fapi/v1/klines?symbol=SOLUSDT&interval=1h&limit=60 (Caused by SSLError(SSLEOFError(8, '[SSL: UNEXPECTED_EOF_WHILE_READING] EOF occurred in violation of protocol (_ssl.c:1033)')))
2026-05-25 11:46:16,092 [WARNING] K 线重试 4/5 SOL: HTTPSConnectionPool(host='testnet.binancefuture.com', port=443): Max retries exceeded with url: /fapi/v1/klines?symbol=SOLUSDT&interval=1h&limit=60 (Caused by SSLError(SSLEOFError(8, '[SSL: UNEXPECTED_EOF_WHILE_READING] EOF occurred in violation of protocol (_ssl.c:1033)')))
2026-05-25 11:46:19,633 [ERROR] K 线失败 SOL (5 次重试耗尽): HTTPSConnectionPool(host='testnet.binancefuture.com', port=443): Max retries exceeded with url: /fapi/v1/klines?symbol=SOLUSDT&interval=1h&limit=60 (Caused by SSLError(SSLEOFError(8, '[SSL: UNEXPECTED_EOF_WHILE_READING] EOF occurred in violation of protocol (_ssl.c:1033)')))
2026-05-25 11:46:23,618 [WARNING] 24hr Ticker failed SOL: HTTPSConnectionPool(host='testnet.binancefuture.com', port=443): Max retries exceeded with url: /fapi/v1/ticker/24hr?symbol=SOLUSDT (Caused by SSLError(SSLEOFError(8, '[SSL: UNEXPECTED_EOF_WHILE_READING] EOF occurred in violation of protocol (_ssl.c:1033)')))
2026-05-25 11:46:23,619 [ERROR] 24h klines failed all fallbacks SOL
2026-05-25 11:46:25,746 [WARNING] K 线重试 1/5 BNB: HTTPSConnectionPool(host='testnet.binancefuture.com', port=443): Max retries exceeded with url: /fapi/v1/klines?symbol=BNBUSDT&interval=15m&limit=100 (Caused by SSLError(SSLEOFError(8, '[SSL: UNEXPECTED_EOF_WHILE_READING] EOF occurred in violation of protocol (_ssl.c:1033)')))
2026-05-25 11:46:28,398 [WARNING] K 线重试 2/5 BNB: HTTPSConnectionPool(host='testnet.binancefuture.com', port=443): Max retries exceeded with url: /fapi/v1/klines?symbol=BNBUSDT&interval=15m&limit=100 (Caused by SSLError(SSLEOFError(8, '[SSL: UNEXPECTED_EOF_WHILE_READING] EOF occurred in violation of protocol (_ssl.c:1033)')))
2026-05-25 11:46:31,874 [WARNING] K 线重试 3/5 BNB: HTTPSConnectionPool(host='testnet.binancefuture.com', port=443): Max retries exceeded with url: /fapi/v1/klines?symbol=BNBUSDT&interval=15m&limit=100 (Caused by SSLError(SSLEOFError(8, '[SSL: UNEXPECTED_EOF_WHILE_READING] EOF occurred in violation of protocol (_ssl.c:1033)')))
2026-05-25 11:46:35,839 [WARNING] K 线重试 4/5 BNB: HTTPSConnectionPool(host='testnet.binancefuture.com', port=443): Max retries exceeded with url: /fapi/v1/klines?symbol=BNBUSDT&interval=15m&limit=100 (Caused by SSLError(SSLEOFError(8, '[SSL: UNEXPECTED_EOF_WHILE_READING] EOF occurred in violation of protocol (_ssl.c:1033)')))
2026-05-25 11:46:39,134 [ERROR] K 线失败 BNB (5 次重试耗尽): HTTPSConnectionPool(host='testnet.binancefuture.com', port=443): Max retries exceeded with url: /fapi/v1/klines?symbol=BNBUSDT&interval=15m&limit=100 (Caused by SSLError(SSLEOFError(8, '[SSL: UNEXPECTED_EOF_WHILE_READING] EOF occurred in violation of protocol (_ssl.c:1033)')))
2026-05-25 11:46:42,933 [WARNING] K 线重试 1/5 BNB: HTTPSConnectionPool(host='testnet.binancefuture.com', port=443): Max retries exceeded with url: /fapi/v1/klines?symbol=BNBUSDT&interval=1h&limit=60 (Caused by SSLError(SSLEOFError(8, '[SSL: UNEXPECTED_EOF_WHILE_READING] EOF occurred in violation of protocol (_ssl.c:1033)')))
2026-05-25 11:46:45,621 [WARNING] K 线重试 2/5 BNB: HTTPSConnectionPool(host='testnet.binancefuture.com', port=443): Max retries exceeded with url: /fapi/v1/klines?symbol=BNBUSDT&interval=1h&limit=60 (Caused by SSLError(SSLEOFError(8, '[SSL: UNEXPECTED_EOF_WHILE_READING] EOF occurred in violation of protocol (_ssl.c:1033)')))
2026-05-25 11:46:48,907 [WARNING] K 线重试 3/5 BNB: HTTPSConnectionPool(host='testnet.binancefuture.com', port=443): Max retries exceeded with url: /fapi/v1/klines?symbol=BNBUSDT&interval=1h&limit=60 (Caused by SSLError(SSLEOFError(8, '[SSL: UNEXPECTED_EOF_WHILE_READING] EOF occurred in violation of protocol (_ssl.c:1033)')))
2026-05-25 11:46:52,146 [WARNING] K 线重试 4/5 BNB: HTTPSConnectionPool(host='testnet.binancefuture.com', port=443): Max retries exceeded with url: /fapi/v1/klines?symbol=BNBUSDT&interval=1h&limit=60 (Caused by SSLError(SSLEOFError(8, '[SSL: UNEXPECTED_EOF_WHILE_READING] EOF occurred in violation of protocol (_ssl.c:1033)')))
2026-05-25 11:46:55,973 [ERROR] K 线失败 BNB (5 次重试耗尽): HTTPSConnectionPool(host='testnet.binancefuture.com', port=443): Max retries exceeded with url: /fapi/v1/klines?symbol=BNBUSDT&interval=1h&limit=60 (Caused by SSLError(SSLEOFError(8, '[SSL: UNEXPECTED_EOF_WHILE_READING] EOF occurred in violation of protocol (_ssl.c:1033)')))
2026-05-25 11:46:59,465 [WARNING] 24hr Ticker failed BNB: HTTPSConnectionPool(host='testnet.binancefuture.com', port=443): Max retries exceeded with url: /fapi/v1/ticker/24hr?symbol=BNBUSDT (Caused by SSLError(SSLEOFError(8, '[SSL: UNEXPECTED_EOF_WHILE_READING] EOF occurred in violation of protocol (_ssl.c:1033)')))
2026-05-25 11:46:59,466 [ERROR] 24h klines failed all fallbacks BNB
2026-05-25 11:47:01,490 [WARNING] K 线重试 1/5 DOT: HTTPSConnectionPool(host='testnet.binancefuture.com', port=443): Max retries exceeded with url: /fapi/v1/klines?symbol=DOTUSDT&interval=15m&limit=100 (Caused by SSLError(SSLEOFError(8, '[SSL: UNEXPECTED_EOF_WHILE_READING] EOF occurred in violation of protocol (_ssl.c:1033)')))
2026-05-25 11:47:04,032 [WARNING] K 线重试 2/5 DOT: HTTPSConnectionPool(host='testnet.binancefuture.com', port=443): Max retries exceeded with url: /fapi/v1/klines?symbol=DOTUSDT&interval=15m&limit=100 (Caused by SSLError(SSLEOFError(8, '[SSL: UNEXPECTED_EOF_WHILE_READING] EOF occurred in violation of protocol (_ssl.c:1033)')))
2026-05-25 11:47:07,632 [WARNING] K 线重试 3/5 DOT: HTTPSConnectionPool(host='testnet.binancefuture.com', port=443): Max retries exceeded with url: /fapi/v1/klines?symbol=DOTUSDT&interval=15m&limit=100 (Caused by SSLError(SSLEOFError(8, '[SSL: UNEXPECTED_EOF_WHILE_READING] EOF occurred in violation of protocol (_ssl.c:1033)')))
2026-05-25 11:47:10,292 [WARNING] K 线重试 4/5 DOT: HTTPSConnectionPool(host='testnet.binancefuture.com', port=443): Max retries exceeded with url: /fapi/v1/klines?symbol=DOTUSDT&interval=15m&limit=100 (Caused by SSLError(SSLEOFError(8, '[SSL: UNEXPECTED_EOF_WHILE_READING] EOF occurred in violation of protocol (_ssl.c:1033)')))
2026-05-25 11:47:12,961 [ERROR] K 线失败 DOT (5 次重试耗尽): HTTPSConnectionPool(host='testnet.binancefuture.com', port=443): Max retries exceeded with url: /fapi/v1/klines?symbol=DOTUSDT&interval=15m&limit=100 (Caused by SSLError(SSLEOFError(8, '[SSL: UNEXPECTED_EOF_WHILE_READING] EOF occurred in violation of protocol (_ssl.c:1033)')))
2026-05-25 11:47:16,109 [WARNING] K 线重试 1/5 DOT: HTTPSConnectionPool(host='testnet.binancefuture.com', port=443): Max retries exceeded with url: /fapi/v1/klines?symbol=DOTUSDT&interval=1h&limit=60 (Caused by SSLError(SSLEOFError(8, '[SSL: UNEXPECTED_EOF_WHILE_READING] EOF occurred in violation of protocol (_ssl.c:1033)')))
2026-05-25 11:47:19,111 [WARNING] K 线重试 2/5 DOT: HTTPSConnectionPool(host='testnet.binancefuture.com', port=443): Max retries exceeded with url: /fapi/v1/klines?symbol=DOTUSDT&interval=1h&limit=60 (Caused by SSLError(SSLEOFError(8, '[SSL: UNEXPECTED_EOF_WHILE_READING] EOF occurred in violation of protocol (_ssl.c:1033)')))
2026-05-25 11:47:21,721 [WARNING] K 线重试 3/5 DOT: HTTPSConnectionPool(host='testnet.binancefuture.com', port=443): Max retries exceeded with url: /fapi/v1/klines?symbol=DOTUSDT&interval=1h&limit=60 (Caused by SSLError(SSLEOFError(8, '[SSL: UNEXPECTED_EOF_WHILE_READING] EOF occurred in violation of protocol (_ssl.c:1033)')))
2026-05-25 11:47:24,952 [WARNING] K 线重试 4/5 DOT: HTTPSConnectionPool(host='testnet.binancefuture.com', port=443): Max retries exceeded with url: /fapi/v1/klines?symbol=DOTUSDT&interval=1h&limit=60 (Caused by SSLError(SSLEOFError(8, '[SSL: UNEXPECTED_EOF_WHILE_READING] EOF occurred in violation of protocol (_ssl.c:1033)')))
2026-05-25 11:47:27,882 [ERROR] K 线失败 DOT (5 次重试耗尽): HTTPSConnectionPool(host='testnet.binancefuture.com', port=443): Max retries exceeded with url: /fapi/v1/klines?symbol=DOTUSDT&interval=1h&limit=60 (Caused by SSLError(SSLEOFError(8, '[SSL: UNEXPECTED_EOF_WHILE_READING] EOF occurred in violation of protocol (_ssl.c:1033)')))
2026-05-25 11:47:31,059 [WARNING] 24hr Ticker failed DOT: HTTPSConnectionPool(host='testnet.binancefuture.com', port=443): Max retries exceeded with url: /fapi/v1/ticker/24hr?symbol=DOTUSDT (Caused by SSLError(SSLEOFError(8, '[SSL: UNEXPECTED_EOF_WHILE_READING] EOF occurred in violation of protocol (_ssl.c:1033)')))
2026-05-25 11:47:31,061 [ERROR] 24h klines failed all fallbacks DOT
2026-05-25 11:47:34,663 [WARNING] K 线重试 1/5 LINK: HTTPSConnectionPool(host='testnet.binancefuture.com', port=443): Max retries exceeded with url: /fapi/v1/klines?symbol=LINKUSDT&interval=15m&limit=100 (Caused by SSLError(SSLEOFError(8, '[SSL: UNEXPECTED_EOF_WHILE_READING] EOF occurred in violation of protocol (_ssl.c:1033)')))
2026-05-25 11:47:37,501 [WARNING] K 线重试 2/5 LINK: HTTPSConnectionPool(host='testnet.binancefuture.com', port=443): Max retries exceeded with url: /fapi/v1/klines?symbol=LINKUSDT&interval=15m&limit=100 (Caused by SSLError(SSLEOFError(8, '[SSL: UNEXPECTED_EOF_WHILE_READING] EOF occurred in violation of protocol (_ssl.c:1033)')))
2026-05-25 11:47:41,068 [WARNING] K 线重试 3/5 LINK: HTTPSConnectionPool(host='testnet.binancefuture.com', port=443): Max retries exceeded with url: /fapi/v1/klines?symbol=LINKUSDT&interval=15m&limit=100 (Caused by SSLError(SSLEOFError(8, '[SSL: UNEXPECTED_EOF_WHILE_READING] EOF occurred in violation of protocol (_ssl.c:1033)')))
2026-05-25 11:47:44,943 [WARNING] K 线重试 4/5 LINK: HTTPSConnectionPool(host='testnet.binancefuture.com', port=443): Max retries exceeded with url: /fapi/v1/klines?symbol=LINKUSDT&interval=15m&limit=100 (Caused by SSLError(SSLEOFError(8, '[SSL: UNEXPECTED_EOF_WHILE_READING] EOF occurred in violation of protocol (_ssl.c:1033)')))
2026-05-25 11:47:48,606 [ERROR] K 线失败 LINK (5 次重试耗尽): HTTPSConnectionPool(host='testnet.binancefuture.com', port=443): Max retries exceeded with url: /fapi/v1/klines?symbol=LINKUSDT&interval=15m&limit=100 (Caused by SSLError(SSLEOFError(8, '[SSL: UNEXPECTED_EOF_WHILE_READING] EOF occurred in violation of protocol (_ssl.c:1033)')))
2026-05-25 11:47:51,948 [WARNING] K 线重试 1/5 LINK: HTTPSConnectionPool(host='testnet.binancefuture.com', port=443): Max retries exceeded with url: /fapi/v1/klines?symbol=LINKUSDT&interval=1h&limit=60 (Caused by SSLError(SSLEOFError(8, '[SSL: UNEXPECTED_EOF_WHILE_READING] EOF occurred in violation of protocol (_ssl.c:1033)')))
2026-05-25 11:47:54,657 [WARNING] K 线重试 2/5 LINK: HTTPSConnectionPool(host='testnet.binancefuture.com', port=443): Max retries exceeded with url: /fapi/v1/klines?symbol=LINKUSDT&interval=1h&limit=60 (Caused by SSLError(SSLEOFError(8, '[SSL: UNEXPECTED_EOF_WHILE_READING] EOF occurred in violation of protocol (_ssl.c:1033)')))
2026-05-25 11:47:58,437 [WARNING] K 线重试 3/5 LINK: HTTPSConnectionPool(host='testnet.binancefuture.com', port=443): Max retries exceeded with url: /fapi/v1/klines?symbol=LINKUSDT&interval=1h&limit=60 (Caused by SSLError(SSLEOFError(8, '[SSL: UNEXPECTED_EOF_WHILE_READING] EOF occurred in violation of protocol (_ssl.c:1033)')))
2026-05-25 11:48:01,363 [WARNING] K 线重试 4/5 LINK: HTTPSConnectionPool(host='testnet.binancefuture.com', port=443): Max retries exceeded with url: /fapi/v1/klines?symbol=LINKUSDT&interval=1h&limit=60 (Caused by SSLError(SSLEOFError(8, '[SSL: UNEXPECTED_EOF_WHILE_READING] EOF occurred in violation of protocol (_ssl.c:1033)')))
2026-05-25 11:48:04,301 [ERROR] K 线失败 LINK (5 次重试耗尽): HTTPSConnectionPool(host='testnet.binancefuture.com', port=443): Max retries exceeded with url: /fapi/v1/klines?symbol=LINKUSDT&interval=1h&limit=60 (Caused by SSLError(SSLEOFError(8, '[SSL: UNEXPECTED_EOF_WHILE_READING] EOF occurred in violation of protocol (_ssl.c:1033)')))
2026-05-25 11:48:07,091 [WARNING] 24hr Ticker failed LINK: HTTPSConnectionPool(host='testnet.binancefuture.com', port=443): Max retries exceeded with url: /fapi/v1/ticker/24hr?symbol=LINKUSDT (Caused by SSLError(SSLEOFError(8, '[SSL: UNEXPECTED_EOF_WHILE_READING] EOF occurred in violation of protocol (_ssl.c:1033)')))
2026-05-25 11:48:07,092 [ERROR] 24h klines failed all fallbacks LINK
2026-05-25 11:48:10,347 [WARNING] K 线重试 1/5 XRP: HTTPSConnectionPool(host='testnet.binancefuture.com', port=443): Max retries exceeded with url: /fapi/v1/klines?symbol=XRPUSDT&interval=15m&limit=100 (Caused by SSLError(SSLEOFError(8, '[SSL: UNEXPECTED_EOF_WHILE_READING] EOF occurred in violation of protocol (_ssl.c:1033)')))
2026-05-25 11:48:12,996 [WARNING] K 线重试 2/5 XRP: HTTPSConnectionPool(host='testnet.binancefuture.com', port=443): Max retries exceeded with url: /fapi/v1/klines?symbol=XRPUSDT&interval=15m&limit=100 (Caused by SSLError(SSLEOFError(8, '[SSL: UNEXPECTED_EOF_WHILE_READING] EOF occurred in violation of protocol (_ssl.c:1033)')))
2026-05-25 11:48:16,753 [WARNING] K 线重试 3/5 XRP: HTTPSConnectionPool(host='testnet.binancefuture.com', port=443): Max retries exceeded with url: /fapi/v1/klines?symbol=XRPUSDT&interval=15m&limit=100 (Caused by SSLError(SSLEOFError(8, '[SSL: UNEXPECTED_EOF_WHILE_READING] EOF occurred in violation of protocol (_ssl.c:1033)')))
2026-05-25 11:48:19,730 [WARNING] K 线重试 4/5 XRP: HTTPSConnectionPool(host='testnet.binancefuture.com', port=443): Max retries exceeded with url: /fapi/v1/klines?symbol=XRPUSDT&interval=15m&limit=100 (Caused by SSLError(SSLEOFError(8, '[SSL: UNEXPECTED_EOF_WHILE_READING] EOF occurred in violation of protocol (_ssl.c:1033)')))
2026-05-25 11:48:22,356 [ERROR] K 线失败 XRP (5 次重试耗尽): HTTPSConnectionPool(host='testnet.binancefuture.com', port=443): Max retries exceeded with url: /fapi/v1/klines?symbol=XRPUSDT&interval=15m&limit=100 (Caused by SSLError(SSLEOFError(8, '[SSL: UNEXPECTED_EOF_WHILE_READING] EOF occurred in violation of protocol (_ssl.c:1033)')))
2026-05-25 11:48:25,046 [WARNING] K 线重试 1/5 XRP: HTTPSConnectionPool(host='testnet.binancefuture.com', port=443): Max retries exceeded with url: /fapi/v1/klines?symbol=XRPUSDT&interval=1h&limit=60 (Caused by SSLError(SSLEOFError(8, '[SSL: UNEXPECTED_EOF_WHILE_READING] EOF occurred in violation of protocol (_ssl.c:1033)')))
2026-05-25 11:48:27,928 [WARNING] K 线重试 2/5 XRP: HTTPSConnectionPool(host='testnet.binancefuture.com', port=443): Max retries exceeded with url: /fapi/v1/klines?symbol=XRPUSDT&interval=1h&limit=60 (Caused by SSLError(SSLEOFError(8, '[SSL: UNEXPECTED_EOF_WHILE_READING] EOF occurred in violation of protocol (_ssl.c:1033)')))
2026-05-25 11:48:31,285 [WARNING] K 线重试 3/5 XRP: HTTPSConnectionPool(host='testnet.binancefuture.com', port=443): Max retries exceeded with url: /fapi/v1/klines?symbol=XRPUSDT&interval=1h&limit=60 (Caused by SSLError(SSLEOFError(8, '[SSL: UNEXPECTED_EOF_WHILE_READING] EOF occurred in violation of protocol (_ssl.c:1033)')))
2026-05-25 11:48:34,193 [WARNING] K 线重试 4/5 XRP: HTTPSConnectionPool(host='testnet.binancefuture.com', port=443): Max retries exceeded with url: /fapi/v1/klines?symbol=XRPUSDT&interval=1h&limit=60 (Caused by SSLError(SSLEOFError(8, '[SSL: UNEXPECTED_EOF_WHILE_READING] EOF occurred in violation of protocol (_ssl.c:1033)')))
2026-05-25 11:48:38,110 [ERROR] K 线失败 XRP (5 次重试耗尽): HTTPSConnectionPool(host='testnet.binancefuture.com', port=443): Max retries exceeded with url: /fapi/v1/klines?symbol=XRPUSDT&interval=1h&limit=60 (Caused by SSLError(SSLEOFError(8, '[SSL: UNEXPECTED_EOF_WHILE_READING] EOF occurred in violation of protocol (_ssl.c:1033)')))
2026-05-25 11:48:41,551 [WARNING] 24hr Ticker failed XRP: HTTPSConnectionPool(host='testnet.binancefuture.com', port=443): Max retries exceeded with url: /fapi/v1/ticker/24hr?symbol=XRPUSDT (Caused by SSLError(SSLEOFError(8, '[SSL: UNEXPECTED_EOF_WHILE_READING] EOF occurred in violation of protocol (_ssl.c:1033)')))
2026-05-25 11:48:41,553 [ERROR] 24h klines failed all fallbacks XRP
2026-05-25 11:48:52,512 [ERROR] ❌ Binance API 错误：{'error': "HTTPSConnectionPool(host='testnet.binancefuture.com', port=443): Max retries exceeded with url: /fapi/v2/positionRisk?timestamp=1779680921555&recvWindow=30000&signature=719365ca9e5b11fe0463eebe2af0b6faab5f4cc7eebfccfc557f96b68b69d907 (Caused by SSLError(SSLEOFError(8, '[SSL: UNEXPECTED_EOF_WHILE_READING] EOF occurred in violation of protocol (_ssl.c:1033)')))", 'clientOrderId': None}
2026-05-25 11:48:52,513 [INFO] 📊 开仓前检查：API 持仓=0, 本地缓存=4, 采用=4/4
2026-05-25 11:48:52,514 [INFO] ⚠️ BTC 已达最大持仓数，跳过开仓
2026-05-25 11:49:04,190 [WARNING] WebSocket 断线，5 秒后重连：Connection timeout to host wss://stream.binancefuture.com/stream?streams=btcusdt@ticker/ethusdt@ticker/solusdt@ticker/bnbusdt@ticker/dotusdt@ticker/linkusdt@ticker/xrpusdt@ticker
2026-05-25 11:49:20,295 [WARNING] WebSocket 断线，5 秒后重连：Cannot connect to host stream.binancefuture.com:443 ssl:default [None]
2026-05-25 11:49:34,459 [WARNING] WebSocket 断线，5 秒后重连：Cannot connect to host stream.binancefuture.com:443 ssl:default [None]
2026-05-25 11:49:56,729 [ERROR] ❌ Binance API 错误：{'error': "HTTPSConnectionPool(host='testnet.binancefuture.com', port=443): Max retries exceeded with url: /fapi/v2/positionRisk?timestamp=1779680986782&recvWindow=30000&signature=46078787e392832feb750198331e53d192483334cf5f7723dc3272a9ba5ea02e (Caused by SSLError(SSLEOFError(8, '[SSL: UNEXPECTED_EOF_WHILE_READING] EOF occurred in violation of protocol (_ssl.c:1033)')))", 'clientOrderId': None}
2026-05-25 11:49:56,731 [INFO] 🔄 持仓同步：API 持仓=0，清空本地缓存（原4个）
2026-05-25 11:49:56,741 [INFO] ✅ 持仓同步完成：0 个（API 为空）
2026-05-25 11:49:58,979 [WARNING] K 线重试 1/5 BTC: HTTPSConnectionPool(host='testnet.binancefuture.com', port=443): Max retries exceeded with url: /fapi/v1/klines?symbol=BTCUSDT&interval=15m&limit=100 (Caused by SSLError(SSLEOFError(8, '[SSL: UNEXPECTED_EOF_WHILE_READING] EOF occurred in violation of protocol (_ssl.c:1033)')))
2026-05-25 11:50:02,491 [WARNING] K 线重试 2/5 BTC: HTTPSConnectionPool(host='testnet.binancefuture.com', port=443): Max retries exceeded with url: /fapi/v1/klines?symbol=BTCUSDT&interval=15m&limit=100 (Caused by SSLError(SSLEOFError(8, '[SSL: UNEXPECTED_EOF_WHILE_READING] EOF occurred in violation of protocol (_ssl.c:1033)')))
2026-05-25 11:50:06,337 [WARNING] K 线重试 3/5 BTC: HTTPSConnectionPool(host='testnet.binancefuture.com', port=443): Max retries exceeded with url: /fapi/v1/klines?symbol=BTCUSDT&interval=15m&limit=100 (Caused by SSLError(SSLEOFError(8, '[SSL: UNEXPECTED_EOF_WHILE_READING] EOF occurred in violation of protocol (_ssl.c:1033)')))
2026-05-25 11:50:09,642 [WARNING] K 线重试 4/5 BTC: HTTPSConnectionPool(host='testnet.binancefuture.com', port=443): Max retries exceeded with url: /fapi/v1/klines?symbol=BTCUSDT&interval=15m&limit=100 (Caused by SSLError(SSLEOFError(8, '[SSL: UNEXPECTED_EOF_WHILE_READING] EOF occurred in violation of protocol (_ssl.c:1033)')))
2026-05-25 11:50:12,220 [ERROR] K 线失败 BTC (5 次重试耗尽): HTTPSConnectionPool(host='testnet.binancefuture.com', port=443): Max retries exceeded with url: /fapi/v1/klines?symbol=BTCUSDT&interval=15m&limit=100 (Caused by SSLError(SSLEOFError(8, '[SSL: UNEXPECTED_EOF_WHILE_READING] EOF occurred in violation of protocol (_ssl.c:1033)')))
2026-05-25 11:50:15,197 [WARNING] K 线重试 1/5 BTC: HTTPSConnectionPool(host='testnet.binancefuture.com', port=443): Max retries exceeded with url: /fapi/v1/klines?symbol=BTCUSDT&interval=1h&limit=60 (Caused by SSLError(SSLEOFError(8, '[SSL: UNEXPECTED_EOF_WHILE_READING] EOF occurred in violation of protocol (_ssl.c:1033)')))
2026-05-25 11:50:17,999 [WARNING] K 线重试 2/5 BTC: HTTPSConnectionPool(host='testnet.binancefuture.com', port=443): Max retries exceeded with url: /fapi/v1/klines?symbol=BTCUSDT&interval=1h&limit=60 (Caused by SSLError(SSLEOFError(8, '[SSL: UNEXPECTED_EOF_WHILE_READING] EOF occurred in violation of protocol (_ssl.c:1033)')))
2026-05-25 11:50:21,191 [WARNING] K 线重试 3/5 BTC: HTTPSConnectionPool(host='testnet.binancefuture.com', port=443): Max retries exceeded with url: /fapi/v1/klines?symbol=BTCUSDT&interval=1h&limit=60 (Caused by SSLError(SSLEOFError(8, '[SSL: UNEXPECTED_EOF_WHILE_READING] EOF occurred in violation of protocol (_ssl.c:1033)')))
2026-05-25 11:50:24,418 [WARNING] K 线重试 4/5 BTC: HTTPSConnectionPool(host='testnet.binancefuture.com', port=443): Max retries exceeded with url: /fapi/v1/klines?symbol=BTCUSDT&interval=1h&limit=60 (Caused by SSLError(SSLEOFError(8, '[SSL: UNEXPECTED_EOF_WHILE_READING] EOF occurred in violation of protocol (_ssl.c:1033)')))
2026-05-25 11:50:27,050 [ERROR] K 线失败 BTC (5 次重试耗尽): HTTPSConnectionPool(host='testnet.binancefuture.com', port=443): Max retries exceeded with url: /fapi/v1/klines?symbol=BTCUSDT&interval=1h&limit=60 (Caused by SSLError(SSLEOFError(8, '[SSL: UNEXPECTED_EOF_WHILE_READING] EOF occurred in violation of protocol (_ssl.c:1033)')))
2026-05-25 11:50:30,705 [WARNING] 24hr Ticker failed BTC: HTTPSConnectionPool(host='testnet.binancefuture.com', port=443): Max retries exceeded with url: /fapi/v1/ticker/24hr?symbol=BTCUSDT (Caused by SSLError(SSLEOFError(8, '[SSL: UNEXPECTED_EOF_WHILE_READING] EOF occurred in violation of protocol (_ssl.c:1033)')))
2026-05-25 11:50:30,705 [ERROR] 24h klines failed all fallbacks BTC
2026-05-25 11:50:33,131 [WARNING] K 线重试 1/5 ETH: HTTPSConnectionPool(host='testnet.binancefuture.com', port=443): Max retries exceeded with url: /fapi/v1/klines?symbol=ETHUSDT&interval=15m&limit=100 (Caused by SSLError(SSLEOFError(8, '[SSL: UNEXPECTED_EOF_WHILE_READING] EOF occurred in violation of protocol (_ssl.c:1033)')))
2026-05-25 11:50:35,611 [WARNING] K 线重试 2/5 ETH: HTTPSConnectionPool(host='testnet.binancefuture.com', port=443): Max retries exceeded with url: /fapi/v1/klines?symbol=ETHUSDT&interval=15m&limit=100 (Caused by SSLError(SSLEOFError(8, '[SSL: UNEXPECTED_EOF_WHILE_READING] EOF occurred in violation of protocol (_ssl.c:1033)')))
2026-05-25 11:50:39,352 [WARNING] K 线重试 3/5 ETH: HTTPSConnectionPool(host='testnet.binancefuture.com', port=443): Max retries exceeded with url: /fapi/v1/klines?symbol=ETHUSDT&interval=15m&limit=100 (Caused by SSLError(SSLEOFError(8, '[SSL: UNEXPECTED_EOF_WHILE_READING] EOF occurred in violation of protocol (_ssl.c:1033)')))
2026-05-25 11:50:42,306 [WARNING] K 线重试 4/5 ETH: HTTPSConnectionPool(host='testnet.binancefuture.com', port=443): Max retries exceeded with url: /fapi/v1/klines?symbol=ETHUSDT&interval=15m&limit=100 (Caused by SSLError(SSLEOFError(8, '[SSL: UNEXPECTED_EOF_WHILE_READING] EOF occurred in violation of protocol (_ssl.c:1033)')))
2026-05-25 11:50:44,926 [ERROR] K 线失败 ETH (5 次重试耗尽): HTTPSConnectionPool(host='testnet.binancefuture.com', port=443): Max retries exceeded with url: /fapi/v1/klines?symbol=ETHUSDT&interval=15m&limit=100 (Caused by SSLError(SSLEOFError(8, '[SSL: UNEXPECTED_EOF_WHILE_READING] EOF occurred in violation of protocol (_ssl.c:1033)')))
2026-05-25 11:50:46,312 [WARNING] K 线重试 1/5 ETH: HTTPSConnectionPool(host='testnet.binancefuture.com', port=443): Max retries exceeded with url: /fapi/v1/klines?symbol=ETHUSDT&interval=1h&limit=60 (Caused by SSLError(SSLEOFError(8, '[SSL: UNEXPECTED_EOF_WHILE_READING] EOF occurred in violation of protocol (_ssl.c:1033)')))
2026-05-25 11:50:48,526 [WARNING] K 线重试 2/5 ETH: HTTPSConnectionPool(host='testnet.binancefuture.com', port=443): Max retries exceeded with url: /fapi/v1/klines?symbol=ETHUSDT&interval=1h&limit=60 (Caused by SSLError(SSLEOFError(8, '[SSL: UNEXPECTED_EOF_WHILE_READING] EOF occurred in violation of protocol (_ssl.c:1033)')))
2026-05-25 11:50:51,612 [WARNING] K 线重试 3/5 ETH: HTTPSConnectionPool(host='testnet.binancefuture.com', port=443): Max retries exceeded with url: /fapi/v1/klines?symbol=ETHUSDT&interval=1h&limit=60 (Caused by SSLError(SSLEOFError(8, '[SSL: UNEXPECTED_EOF_WHILE_READING] EOF occurred in violation of protocol (_ssl.c:1033)')))
2026-05-25 11:50:55,286 [WARNING] K 线重试 4/5 ETH: HTTPSConnectionPool(host='testnet.binancefuture.com', port=443): Max retries exceeded with url: /fapi/v1/klines?symbol=ETHUSDT&interval=1h&limit=60 (Caused by SSLError(SSLEOFError(8, '[SSL: UNEXPECTED_EOF_WHILE_READING] EOF occurred in violation of protocol (_ssl.c:1033)')))
2026-05-25 11:50:58,083 [ERROR] K 线失败 ETH (5 次重试耗尽): HTTPSConnectionPool(host='testnet.binancefuture.com', port=443): Max retries exceeded with url: /fapi/v1/klines?symbol=ETHUSDT&interval=1h&limit=60 (Caused by SSLError(SSLEOFError(8, '[SSL: UNEXPECTED_EOF_WHILE_READING] EOF occurred in violation of protocol (_ssl.c:1033)')))
2026-05-25 11:51:01,537 [WARNING] 24hr Ticker failed ETH: HTTPSConnectionPool(host='testnet.binancefuture.com', port=443): Max retries exceeded with url: /fapi/v1/ticker/24hr?symbol=ETHUSDT (Caused by SSLError(SSLEOFError(8, '[SSL: UNEXPECTED_EOF_WHILE_READING] EOF occurred in violation of protocol (_ssl.c:1033)')))
2026-05-25 11:51:01,538 [ERROR] 24h klines failed all fallbacks ETH
2026-05-25 11:51:05,227 [WARNING] K 线重试 1/5 SOL: HTTPSConnectionPool(host='testnet.binancefuture.com', port=443): Max retries exceeded with url: /fapi/v1/klines?symbol=SOLUSDT&interval=15m&limit=100 (Caused by SSLError(SSLEOFError(8, '[SSL: UNEXPECTED_EOF_WHILE_READING] EOF occurred in violation of protocol (_ssl.c:1033)')))
2026-05-25 11:51:09,110 [WARNING] K 线重试 2/5 SOL: HTTPSConnectionPool(host='testnet.binancefuture.com', port=443): Max retries exceeded with url: /fapi/v1/klines?symbol=SOLUSDT&interval=15m&limit=100 (Caused by SSLError(SSLEOFError(8, '[SSL: UNEXPECTED_EOF_WHILE_READING] EOF occurred in violation of protocol (_ssl.c:1033)')))
2026-05-25 11:51:11,920 [WARNING] K 线重试 3/5 SOL: HTTPSConnectionPool(host='testnet.binancefuture.com', port=443): Max retries exceeded with url: /fapi/v1/klines?symbol=SOLUSDT&interval=15m&limit=100 (Caused by SSLError(SSLEOFError(8, '[SSL: UNEXPECTED_EOF_WHILE_READING] EOF occurred in violation of protocol (_ssl.c:1033)')))
2026-05-25 11:51:15,643 [WARNING] K 线重试 4/5 SOL: HTTPSConnectionPool(host='testnet.binancefuture.com', port=443): Max retries exceeded with url: /fapi/v1/klines?symbol=SOLUSDT&interval=15m&limit=100 (Caused by SSLError(SSLEOFError(8, '[SSL: UNEXPECTED_EOF_WHILE_READING] EOF occurred in violation of protocol (_ssl.c:1033)')))
2026-05-25 11:51:19,021 [ERROR] K 线失败 SOL (5 次重试耗尽): HTTPSConnectionPool(host='testnet.binancefuture.com', port=443): Max retries exceeded with url: /fapi/v1/klines?symbol=SOLUSDT&interval=15m&limit=100 (Caused by SSLError(SSLEOFError(8, '[SSL: UNEXPECTED_EOF_WHILE_READING] EOF occurred in violation of protocol (_ssl.c:1033)')))
2026-05-25 11:51:21,561 [WARNING] K 线重试 1/5 SOL: HTTPSConnectionPool(host='testnet.binancefuture.com', port=443): Max retries exceeded with url: /fapi/v1/klines?symbol=SOLUSDT&interval=1h&limit=60 (Caused by SSLError(SSLEOFError(8, '[SSL: UNEXPECTED_EOF_WHILE_READING] EOF occurred in violation of protocol (_ssl.c:1033)')))
2026-05-25 11:51:24,480 [WARNING] K 线重试 2/5 SOL: HTTPSConnectionPool(host='testnet.binancefuture.com', port=443): Max retries exceeded with url: /fapi/v1/klines?symbol=SOLUSDT&interval=1h&limit=60 (Caused by SSLError(SSLEOFError(8, '[SSL: UNEXPECTED_EOF_WHILE_READING] EOF occurred in violation of protocol (_ssl.c:1033)')))
2026-05-25 11:51:28,597 [WARNING] K 线重试 3/5 SOL: HTTPSConnectionPool(host='testnet.binancefuture.com', port=443): Max retries exceeded with url: /fapi/v1/klines?symbol=SOLUSDT&interval=1h&limit=60 (Caused by SSLError(SSLEOFError(8, '[SSL: UNEXPECTED_EOF_WHILE_READING] EOF occurred in violation of protocol (_ssl.c:1033)')))
2026-05-25 11:51:32,203 [WARNING] K 线重试 4/5 SOL: HTTPSConnectionPool(host='testnet.binancefuture.com', port=443): Max retries exceeded with url: /fapi/v1/klines?symbol=SOLUSDT&interval=1h&limit=60 (Caused by SSLError(SSLEOFError(8, '[SSL: UNEXPECTED_EOF_WHILE_READING] EOF occurred in violation of protocol (_ssl.c:1033)')))
2026-05-25 11:51:36,162 [ERROR] K 线失败 SOL (5 次重试耗尽): HTTPSConnectionPool(host='testnet.binancefuture.com', port=443): Max retries exceeded with url: /fapi/v1/klines?symbol=SOLUSDT&interval=1h&limit=60 (Caused by SSLError(SSLEOFError(8, '[SSL: UNEXPECTED_EOF_WHILE_READING] EOF occurred in violation of protocol (_ssl.c:1033)')))
2026-05-25 11:51:39,951 [WARNING] 24hr Ticker failed SOL: HTTPSConnectionPool(host='testnet.binancefuture.com', port=443): Max retries exceeded with url: /fapi/v1/ticker/24hr?symbol=SOLUSDT (Caused by SSLError(SSLEOFError(8, '[SSL: UNEXPECTED_EOF_WHILE_READING] EOF occurred in violation of protocol (_ssl.c:1033)')))
2026-05-25 11:51:39,951 [ERROR] 24h klines failed all fallbacks SOL
2026-05-25 11:51:42,805 [WARNING] K 线重试 1/5 BNB: HTTPSConnectionPool(host='testnet.binancefuture.com', port=443): Max retries exceeded with url: /fapi/v1/klines?symbol=BNBUSDT&interval=15m&limit=100 (Caused by SSLError(SSLEOFError(8, '[SSL: UNEXPECTED_EOF_WHILE_READING] EOF occurred in violation of protocol (_ssl.c:1033)')))
2026-05-25 11:51:46,473 [WARNING] K 线重试 2/5 BNB: HTTPSConnectionPool(host='testnet.binancefuture.com', port=443): Max retries exceeded with url: /fapi/v1/klines?symbol=BNBUSDT&interval=15m&limit=100 (Caused by SSLError(SSLEOFError(8, '[SSL: UNEXPECTED_EOF_WHILE_READING] EOF occurred in violation of protocol (_ssl.c:1033)')))
2026-05-25 11:51:49,630 [WARNING] K 线重试 3/5 BNB: HTTPSConnectionPool(host='testnet.binancefuture.com', port=443): Max retries exceeded with url: /fapi/v1/klines?symbol=BNBUSDT&interval=15m&limit=100 (Caused by SSLError(SSLEOFError(8, '[SSL: UNEXPECTED_EOF_WHILE_READING] EOF occurred in violation of protocol (_ssl.c:1033)')))
2026-05-25 11:51:52,695 [WARNING] K 线重试 4/5 BNB: HTTPSConnectionPool(host='testnet.binancefuture.com', port=443): Max retries exceeded with url: /fapi/v1/klines?symbol=BNBUSDT&interval=15m&limit=100 (Caused by SSLError(SSLEOFError(8, '[SSL: UNEXPECTED_EOF_WHILE_READING] EOF occurred in violation of protocol (_ssl.c:1033)')))
2026-05-25 11:51:56,595 [ERROR] K 线失败 BNB (5 次重试耗尽): HTTPSConnectionPool(host='testnet.binancefuture.com', port=443): Max retries exceeded with url: /fapi/v1/klines?symbol=BNBUSDT&interval=15m&limit=100 (Caused by SSLError(SSLEOFError(8, '[SSL: UNEXPECTED_EOF_WHILE_READING] EOF occurred in violation of protocol (_ssl.c:1033)')))
2026-05-25 11:51:59,559 [WARNING] K 线重试 1/5 BNB: HTTPSConnectionPool(host='testnet.binancefuture.com', port=443): Max retries exceeded with url: /fapi/v1/klines?symbol=BNBUSDT&interval=1h&limit=60 (Caused by SSLError(SSLEOFError(8, '[SSL: UNEXPECTED_EOF_WHILE_READING] EOF occurred in violation of protocol (_ssl.c:1033)')))
2026-05-25 11:52:03,120 [WARNING] K 线重试 2/5 BNB: HTTPSConnectionPool(host='testnet.binancefuture.com', port=443): Max retries exceeded with url: /fapi/v1/klines?symbol=BNBUSDT&interval=1h&limit=60 (Caused by SSLError(SSLEOFError(8, '[SSL: UNEXPECTED_EOF_WHILE_READING] EOF occurred in violation of protocol (_ssl.c:1033)')))
2026-05-25 11:52:05,904 [WARNING] K 线重试 3/5 BNB: HTTPSConnectionPool(host='testnet.binancefuture.com', port=443): Max retries exceeded with url: /fapi/v1/klines?symbol=BNBUSDT&interval=1h&limit=60 (Caused by SSLError(SSLEOFError(8, '[SSL: UNEXPECTED_EOF_WHILE_READING] EOF occurred in violation of protocol (_ssl.c:1033)')))
2026-05-25 11:52:08,520 [WARNING] K 线重试 4/5 BNB: HTTPSConnectionPool(host='testnet.binancefuture.com', port=443): Max retries exceeded with url: /fapi/v1/klines?symbol=BNBUSDT&interval=1h&limit=60 (Caused by SSLError(SSLEOFError(8, '[SSL: UNEXPECTED_EOF_WHILE_READING] EOF occurred in violation of protocol (_ssl.c:1033)')))
2026-05-25 11:52:12,194 [ERROR] K 线失败 BNB (5 次重试耗尽): HTTPSConnectionPool(host='testnet.binancefuture.com', port=443): Max retries exceeded with url: /fapi/v1/klines?symbol=BNBUSDT&interval=1h&limit=60 (Caused by SSLError(SSLEOFError(8, '[SSL: UNEXPECTED_EOF_WHILE_READING] EOF occurred in violation of protocol (_ssl.c:1033)')))
2026-05-25 11:52:15,085 [WARNING] 24hr Ticker failed BNB: HTTPSConnectionPool(host='testnet.binancefuture.com', port=443): Max retries exceeded with url: /fapi/v1/ticker/24hr?symbol=BNBUSDT (Caused by SSLError(SSLEOFError(8, '[SSL: UNEXPECTED_EOF_WHILE_READING] EOF occurred in violation of protocol (_ssl.c:1033)')))
2026-05-25 11:52:15,086 [ERROR] 24h klines failed all fallbacks BNB
2026-05-25 11:52:19,160 [WARNING] K 线重试 1/5 DOT: HTTPSConnectionPool(host='testnet.binancefuture.com', port=443): Max retries exceeded with url: /fapi/v1/klines?symbol=DOTUSDT&interval=15m&limit=100 (Caused by SSLError(SSLEOFError(8, '[SSL: UNEXPECTED_EOF_WHILE_READING] EOF occurred in violation of protocol (_ssl.c:1033)')))
2026-05-25 11:52:22,536 [WARNING] K 线重试 2/5 DOT: HTTPSConnectionPool(host='testnet.binancefuture.com', port=443): Max retries exceeded with url: /fapi/v1/klines?symbol=DOTUSDT&interval=15m&limit=100 (Caused by SSLError(SSLEOFError(8, '[SSL: UNEXPECTED_EOF_WHILE_READING] EOF occurred in violation of protocol (_ssl.c:1033)')))
2026-05-25 11:52:24,724 [WARNING] K 线重试 3/5 DOT: HTTPSConnectionPool(host='testnet.binancefuture.com', port=443): Max retries exceeded with url: /fapi/v1/klines?symbol=DOTUSDT&interval=15m&limit=100 (Caused by SSLError(SSLEOFError(8, '[SSL: UNEXPECTED_EOF_WHILE_READING] EOF occurred in violation of protocol (_ssl.c:1033)')))
2026-05-25 11:52:26,738 [WARNING] K 线重试 4/5 DOT: HTTPSConnectionPool(host='testnet.binancefuture.com', port=443): Max retries exceeded with url: /fapi/v1/klines?symbol=DOTUSDT&interval=15m&limit=100 (Caused by SSLError(SSLEOFError(8, '[SSL: UNEXPECTED_EOF_WHILE_READING] EOF occurred in violation of protocol (_ssl.c:1033)')))
2026-05-25 11:52:29,762 [ERROR] K 线失败 DOT (5 次重试耗尽): HTTPSConnectionPool(host='testnet.binancefuture.com', port=443): Max retries exceeded with url: /fapi/v1/klines?symbol=DOTUSDT&interval=15m&limit=100 (Caused by SSLError(SSLEOFError(8, '[SSL: UNEXPECTED_EOF_WHILE_READING] EOF occurred in violation of protocol (_ssl.c:1033)')))
2026-05-25 11:52:32,084 [WARNING] K 线重试 1/5 DOT: HTTPSConnectionPool(host='testnet.binancefuture.com', port=443): Max retries exceeded with url: /fapi/v1/klines?symbol=DOTUSDT&interval=1h&limit=60 (Caused by SSLError(SSLEOFError(8, '[SSL: UNEXPECTED_EOF_WHILE_READING] EOF occurred in violation of protocol (_ssl.c:1033)')))
2026-05-25 11:52:35,322 [WARNING] K 线重试 2/5 DOT: HTTPSConnectionPool(host='testnet.binancefuture.com', port=443): Max retries exceeded with url: /fapi/v1/klines?symbol=DOTUSDT&interval=1h&limit=60 (Caused by SSLError(SSLEOFError(8, '[SSL: UNEXPECTED_EOF_WHILE_READING] EOF occurred in violation of protocol (_ssl.c:1033)')))
2026-05-25 11:52:38,438 [WARNING] K 线重试 3/5 DOT: HTTPSConnectionPool(host='testnet.binancefuture.com', port=443): Max retries exceeded with url: /fapi/v1/klines?symbol=DOTUSDT&interval=1h&limit=60 (Caused by SSLError(SSLEOFError(8, '[SSL: UNEXPECTED_EOF_WHILE_READING] EOF occurred in violation of protocol (_ssl.c:1033)')))
2026-05-25 11:52:41,295 [WARNING] K 线重试 4/5 DOT: HTTPSConnectionPool(host='testnet.binancefuture.com', port=443): Max retries exceeded with url: /fapi/v1/klines?symbol=DOTUSDT&interval=1h&limit=60 (Caused by SSLError(SSLEOFError(8, '[SSL: UNEXPECTED_EOF_WHILE_READING] EOF occurred in violation of protocol (_ssl.c:1033)')))
2026-05-25 11:52:44,653 [ERROR] K 线失败 DOT (5 次重试耗尽): HTTPSConnectionPool(host='testnet.binancefuture.com', port=443): Max retries exceeded with url: /fapi/v1/klines?symbol=DOTUSDT&interval=1h&limit=60 (Caused by SSLError(SSLEOFError(8, '[SSL: UNEXPECTED_EOF_WHILE_READING] EOF occurred in violation of protocol (_ssl.c:1033)')))
2026-05-25 11:52:47,930 [WARNING] 24hr Ticker failed DOT: HTTPSConnectionPool(host='testnet.binancefuture.com', port=443): Max retries exceeded with url: /fapi/v1/ticker/24hr?symbol=DOTUSDT (Caused by SSLError(SSLEOFError(8, '[SSL: UNEXPECTED_EOF_WHILE_READING] EOF occurred in violation of protocol (_ssl.c:1033)')))
2026-05-25 11:52:47,930 [ERROR] 24h klines failed all fallbacks DOT
2026-05-25 11:52:51,416 [WARNING] K 线重试 1/5 LINK: HTTPSConnectionPool(host='testnet.binancefuture.com', port=443): Max retries exceeded with url: /fapi/v1/klines?symbol=LINKUSDT&interval=15m&limit=100 (Caused by SSLError(SSLEOFError(8, '[SSL: UNEXPECTED_EOF_WHILE_READING] EOF occurred in violation of protocol (_ssl.c:1033)')))
2026-05-25 11:52:55,140 [WARNING] K 线重试 2/5 LINK: HTTPSConnectionPool(host='testnet.binancefuture.com', port=443): Max retries exceeded with url: /fapi/v1/klines?symbol=LINKUSDT&interval=15m&limit=100 (Caused by SSLError(SSLEOFError(8, '[SSL: UNEXPECTED_EOF_WHILE_READING] EOF occurred in violation of protocol (_ssl.c:1033)')))
2026-05-25 11:52:58,478 [WARNING] K 线重试 3/5 LINK: HTTPSConnectionPool(host='testnet.binancefuture.com', port=443): Max retries exceeded with url: /fapi/v1/klines?symbol=LINKUSDT&interval=15m&limit=100 (Caused by SSLError(SSLEOFError(8, '[SSL: UNEXPECTED_EOF_WHILE_READING] EOF occurred in violation of protocol (_ssl.c:1033)')))
2026-05-25 11:53:01,287 [WARNING] K 线重试 4/5 LINK: HTTPSConnectionPool(host='testnet.binancefuture.com', port=443): Max retries exceeded with url: /fapi/v1/klines?symbol=LINKUSDT&interval=15m&limit=100 (Caused by SSLError(SSLEOFError(8, '[SSL: UNEXPECTED_EOF_WHILE_READING] EOF occurred in violation of protocol (_ssl.c:1033)')))
2026-05-25 11:53:04,311 [ERROR] K 线失败 LINK (5 次重试耗尽): HTTPSConnectionPool(host='testnet.binancefuture.com', port=443): Max retries exceeded with url: /fapi/v1/klines?symbol=LINKUSDT&interval=15m&limit=100 (Caused by SSLError(SSLEOFError(8, '[SSL: UNEXPECTED_EOF_WHILE_READING] EOF occurred in violation of protocol (_ssl.c:1033)')))
2026-05-25 11:53:06,421 [WARNING] K 线重试 1/5 LINK: HTTPSConnectionPool(host='testnet.binancefuture.com', port=443): Max retries exceeded with url: /fapi/v1/klines?symbol=LINKUSDT&interval=1h&limit=60 (Caused by SSLError(SSLEOFError(8, '[SSL: UNEXPECTED_EOF_WHILE_READING] EOF occurred in violation of protocol (_ssl.c:1033)')))
2026-05-25 11:53:09,311 [WARNING] K 线重试 2/5 LINK: HTTPSConnectionPool(host='testnet.binancefuture.com', port=443): Max retries exceeded with url: /fapi/v1/klines?symbol=LINKUSDT&interval=1h&limit=60 (Caused by SSLError(SSLEOFError(8, '[SSL: UNEXPECTED_EOF_WHILE_READING] EOF occurred in violation of protocol (_ssl.c:1033)')))
2026-05-25 11:53:12,701 [WARNING] K 线重试 3/5 LINK: HTTPSConnectionPool(host='testnet.binancefuture.com', port=443): Max retries exceeded with url: /fapi/v1/klines?symbol=LINKUSDT&interval=1h&limit=60 (Caused by SSLError(SSLEOFError(8, '[SSL: UNEXPECTED_EOF_WHILE_READING] EOF occurred in violation of protocol (_ssl.c:1033)')))
2026-05-25 11:53:16,343 [WARNING] K 线重试 4/5 LINK: HTTPSConnectionPool(host='testnet.binancefuture.com', port=443): Max retries exceeded with url: /fapi/v1/klines?symbol=LINKUSDT&interval=1h&limit=60 (Caused by SSLError(SSLEOFError(8, '[SSL: UNEXPECTED_EOF_WHILE_READING] EOF occurred in violation of protocol (_ssl.c:1033)')))
2026-05-25 11:53:17,774 [ERROR] K 线失败 LINK (5 次重试耗尽): HTTPSConnectionPool(host='testnet.binancefuture.com', port=443): Max retries exceeded with url: /fapi/v1/klines?symbol=LINKUSDT&interval=1h&limit=60 (Caused by SSLError(SSLEOFError(8, '[SSL: UNEXPECTED_EOF_WHILE_READING] EOF occurred in violation of protocol (_ssl.c:1033)')))
2026-05-25 11:53:21,675 [WARNING] 24hr Ticker failed LINK: HTTPSConnectionPool(host='testnet.binancefuture.com', port=443): Max retries exceeded with url: /fapi/v1/ticker/24hr?symbol=LINKUSDT (Caused by SSLError(SSLEOFError(8, '[SSL: UNEXPECTED_EOF_WHILE_READING] EOF occurred in violation of protocol (_ssl.c:1033)')))
2026-05-25 11:53:21,677 [ERROR] 24h klines failed all fallbacks LINK
2026-05-25 11:53:25,171 [WARNING] K 线重试 1/5 XRP: HTTPSConnectionPool(host='testnet.binancefuture.com', port=443): Max retries exceeded with url: /fapi/v1/klines?symbol=XRPUSDT&interval=15m&limit=100 (Caused by SSLError(SSLEOFError(8, '[SSL: UNEXPECTED_EOF_WHILE_READING] EOF occurred in violation of protocol (_ssl.c:1033)')))
2026-05-25 11:53:28,883 [WARNING] K 线重试 2/5 XRP: HTTPSConnectionPool(host='testnet.binancefuture.com', port=443): Max retries exceeded with url: /fapi/v1/klines?symbol=XRPUSDT&interval=15m&limit=100 (Caused by SSLError(SSLEOFError(8, '[SSL: UNEXPECTED_EOF_WHILE_READING] EOF occurred in violation of protocol (_ssl.c:1033)')))
2026-05-25 11:53:31,222 [WARNING] K 线重试 3/5 XRP: HTTPSConnectionPool(host='testnet.binancefuture.com', port=443): Max retries exceeded with url: /fapi/v1/klines?symbol=XRPUSDT&interval=15m&limit=100 (Caused by SSLError(SSLEOFError(8, '[SSL: UNEXPECTED_EOF_WHILE_READING] EOF occurred in violation of protocol (_ssl.c:1033)')))
2026-05-25 11:53:33,852 [WARNING] K 线重试 4/5 XRP: HTTPSConnectionPool(host='testnet.binancefuture.com', port=443): Max retries exceeded with url: /fapi/v1/klines?symbol=XRPUSDT&interval=15m&limit=100 (Caused by SSLError(SSLEOFError(8, '[SSL: UNEXPECTED_EOF_WHILE_READING] EOF occurred in violation of protocol (_ssl.c:1033)')))
2026-05-25 11:53:36,092 [ERROR] K 线失败 XRP (5 次重试耗尽): HTTPSConnectionPool(host='testnet.binancefuture.com', port=443): Max retries exceeded with url: /fapi/v1/klines?symbol=XRPUSDT&interval=15m&limit=100 (Caused by SSLError(SSLEOFError(8, '[SSL: UNEXPECTED_EOF_WHILE_READING] EOF occurred in violation of protocol (_ssl.c:1033)')))
2026-05-25 11:53:40,111 [WARNING] K 线重试 1/5 XRP: HTTPSConnectionPool(host='testnet.binancefuture.com', port=443): Max retries exceeded with url: /fapi/v1/klines?symbol=XRPUSDT&interval=1h&limit=60 (Caused by SSLError(SSLEOFError(8, '[SSL: UNEXPECTED_EOF_WHILE_READING] EOF occurred in violation of protocol (_ssl.c:1033)')))
2026-05-25 11:53:43,934 [WARNING] K 线重试 2/5 XRP: HTTPSConnectionPool(host='testnet.binancefuture.com', port=443): Max retries exceeded with url: /fapi/v1/klines?symbol=XRPUSDT&interval=1h&limit=60 (Caused by SSLError(SSLEOFError(8, '[SSL: UNEXPECTED_EOF_WHILE_READING] EOF occurred in violation of protocol (_ssl.c:1033)')))
2026-05-25 11:53:46,890 [WARNING] K 线重试 3/5 XRP: HTTPSConnectionPool(host='testnet.binancefuture.com', port=443): Max retries exceeded with url: /fapi/v1/klines?symbol=XRPUSDT&interval=1h&limit=60 (Caused by SSLError(SSLEOFError(8, '[SSL: UNEXPECTED_EOF_WHILE_READING] EOF occurred in violation of protocol (_ssl.c:1033)')))
2026-05-25 11:53:50,789 [WARNING] K 线重试 4/5 XRP: HTTPSConnectionPool(host='testnet.binancefuture.com', port=443): Max retries exceeded with url: /fapi/v1/klines?symbol=XRPUSDT&interval=1h&limit=60 (Caused by SSLError(SSLEOFError(8, '[SSL: UNEXPECTED_EOF_WHILE_READING] EOF occurred in violation of protocol (_ssl.c:1033)')))
2026-05-25 11:53:54,455 [ERROR] K 线失败 XRP (5 次重试耗尽): HTTPSConnectionPool(host='testnet.binancefuture.com', port=443): Max retries exceeded with url: /fapi/v1/klines?symbol=XRPUSDT&interval=1h&limit=60 (Caused by SSLError(SSLEOFError(8, '[SSL: UNEXPECTED_EOF_WHILE_READING] EOF occurred in violation of protocol (_ssl.c:1033)')))
2026-05-25 11:53:57,374 [WARNING] 24hr Ticker failed XRP: HTTPSConnectionPool(host='testnet.binancefuture.com', port=443): Max retries exceeded with url: /fapi/v1/ticker/24hr?symbol=XRPUSDT (Caused by SSLError(SSLEOFError(8, '[SSL: UNEXPECTED_EOF_WHILE_READING] EOF occurred in violation of protocol (_ssl.c:1033)')))
2026-05-25 11:53:57,374 [ERROR] 24h klines failed all fallbacks XRP
2026-05-25 11:54:00,207 [WARNING] 恐惧贪婪指数获取失败: HTTPSConnectionPool(host='api.alternative.me', port=443): Max retries exceeded with url: /fng/?limit=1 (Caused by SSLError(SSLEOFError(8, '[SSL: UNEXPECTED_EOF_WHILE_READING] EOF occurred in violation of protocol (_ssl.c:1033)')))
2026-05-25 11:54:03,906 [WARNING] 资金费率获取失败 BTC: HTTPSConnectionPool(host='testnet.binancefuture.com', port=443): Max retries exceeded with url: /fapi/v1/fundingRate?symbol=BTCUSDT&limit=1 (Caused by SSLError(SSLEOFError(8, '[SSL: UNEXPECTED_EOF_WHILE_READING] EOF occurred in violation of protocol (_ssl.c:1033)')))
2026-05-25 11:54:07,314 [WARNING] 资金费率获取失败 ETH: HTTPSConnectionPool(host='testnet.binancefuture.com', port=443): Max retries exceeded with url: /fapi/v1/fundingRate?symbol=ETHUSDT&limit=1 (Caused by SSLError(SSLEOFError(8, '[SSL: UNEXPECTED_EOF_WHILE_READING] EOF occurred in violation of protocol (_ssl.c:1033)')))
2026-05-25 11:54:11,135 [WARNING] 资金费率获取失败 SOL: HTTPSConnectionPool(host='testnet.binancefuture.com', port=443): Max retries exceeded with url: /fapi/v1/fundingRate?symbol=SOLUSDT&limit=1 (Caused by SSLError(SSLEOFError(8, '[SSL: UNEXPECTED_EOF_WHILE_READING] EOF occurred in violation of protocol (_ssl.c:1033)')))
2026-05-25 11:54:14,138 [WARNING] 资金费率获取失败 BNB: HTTPSConnectionPool(host='testnet.binancefuture.com', port=443): Max retries exceeded with url: /fapi/v1/fundingRate?symbol=BNBUSDT&limit=1 (Caused by SSLError(SSLEOFError(8, '[SSL: UNEXPECTED_EOF_WHILE_READING] EOF occurred in violation of protocol (_ssl.c:1033)')))
2026-05-25 11:54:17,101 [WARNING] 资金费率获取失败 DOT: HTTPSConnectionPool(host='testnet.binancefuture.com', port=443): Max retries exceeded with url: /fapi/v1/fundingRate?symbol=DOTUSDT&limit=1 (Caused by SSLError(SSLEOFError(8, '[SSL: UNEXPECTED_EOF_WHILE_READING] EOF occurred in violation of protocol (_ssl.c:1033)')))
2026-05-25 11:54:20,033 [WARNING] 资金费率获取失败 LINK: HTTPSConnectionPool(host='testnet.binancefuture.com', port=443): Max retries exceeded with url: /fapi/v1/fundingRate?symbol=LINKUSDT&limit=1 (Caused by SSLError(SSLEOFError(8, '[SSL: UNEXPECTED_EOF_WHILE_READING] EOF occurred in violation of protocol (_ssl.c:1033)')))
2026-05-25 11:54:23,444 [WARNING] 资金费率获取失败 XRP: HTTPSConnectionPool(host='testnet.binancefuture.com', port=443): Max retries exceeded with url: /fapi/v1/fundingRate?symbol=XRPUSDT&limit=1 (Caused by SSLError(SSLEOFError(8, '[SSL: UNEXPECTED_EOF_WHILE_READING] EOF occurred in violation of protocol (_ssl.c:1033)')))
2026-05-25 11:54:34,964 [ERROR] ❌ Binance API 错误：{'error': "HTTPSConnectionPool(host='testnet.binancefuture.com', port=443): Max retries exceeded with url: /fapi/v2/positionRisk?timestamp=1779681263445&recvWindow=30000&signature=0ef436edb347a4fa393f058a381f365dc81d9f625a2f79959125bc63793ea494 (Caused by SSLError(SSLEOFError(8, '[SSL: UNEXPECTED_EOF_WHILE_READING] EOF occurred in violation of protocol (_ssl.c:1033)')))", 'clientOrderId': None}
2026-05-25 11:54:34,966 [INFO] 📊 开仓前检查：API 持仓=0, 本地缓存=0, 采用=0/4
2026-05-25 11:54:48,598 [WARNING] WebSocket 断线，5 秒后重连：Cannot connect to host stream.binancefuture.com:443 ssl:default [None]
2026-05-25 11:55:04,804 [WARNING] WebSocket 断线，5 秒后重连：Cannot connect to host stream.binancefuture.com:443 ssl:default [None]
2026-05-25 11:55:19,859 [WARNING] WebSocket 断线，5 秒后重连：Cannot connect to host stream.binancefuture.com:443 ssl:default [None]
2026-05-25 11:55:33,144 [WARNING] K 线重试 1/5 BTC: HTTPSConnectionPool(host='testnet.binancefuture.com', port=443): Max retries exceeded with url: /fapi/v1/klines?symbol=BTCUSDT&interval=15m&limit=100 (Caused by SSLError(SSLEOFError(8, '[SSL: UNEXPECTED_EOF_WHILE_READING] EOF occurred in violation of protocol (_ssl.c:1033)')))
2026-05-25 11:55:35,954 [WARNING] K 线重试 2/5 BTC: HTTPSConnectionPool(host='testnet.binancefuture.com', port=443): Max retries exceeded with url: /fapi/v1/klines?symbol=BTCUSDT&interval=15m&limit=100 (Caused by SSLError(SSLEOFError(8, '[SSL: UNEXPECTED_EOF_WHILE_READING] EOF occurred in violation of protocol (_ssl.c:1033)')))
2026-05-25 11:55:38,742 [WARNING] K 线重试 3/5 BTC: HTTPSConnectionPool(host='testnet.binancefuture.com', port=443): Max retries exceeded with url: /fapi/v1/klines?symbol=BTCUSDT&interval=15m&limit=100 (Caused by SSLError(SSLEOFError(8, '[SSL: UNEXPECTED_EOF_WHILE_READING] EOF occurred in violation of protocol (_ssl.c:1033)')))
2026-05-25 11:55:41,546 [WARNING] K 线重试 4/5 BTC: HTTPSConnectionPool(host='testnet.binancefuture.com', port=443): Max retries exceeded with url: /fapi/v1/klines?symbol=BTCUSDT&interval=15m&limit=100 (Caused by SSLError(SSLEOFError(8, '[SSL: UNEXPECTED_EOF_WHILE_READING] EOF occurred in violation of protocol (_ssl.c:1033)')))
2026-05-25 11:55:44,628 [ERROR] K 线失败 BTC (5 次重试耗尽): HTTPSConnectionPool(host='testnet.binancefuture.com', port=443): Max retries exceeded with url: /fapi/v1/klines?symbol=BTCUSDT&interval=15m&limit=100 (Caused by SSLError(SSLEOFError(8, '[SSL: UNEXPECTED_EOF_WHILE_READING] EOF occurred in violation of protocol (_ssl.c:1033)')))
2026-05-25 11:55:47,162 [WARNING] K 线重试 1/5 BTC: HTTPSConnectionPool(host='testnet.binancefuture.com', port=443): Max retries exceeded with url: /fapi/v1/klines?symbol=BTCUSDT&interval=1h&limit=60 (Caused by SSLError(SSLEOFError(8, '[SSL: UNEXPECTED_EOF_WHILE_READING] EOF occurred in violation of protocol (_ssl.c:1033)')))
2026-05-25 11:55:50,502 [WARNING] K 线重试 2/5 BTC: HTTPSConnectionPool(host='testnet.binancefuture.com', port=443): Max retries exceeded with url: /fapi/v1/klines?symbol=BTCUSDT&interval=1h&limit=60 (Caused by SSLError(SSLEOFError(8, '[SSL: UNEXPECTED_EOF_WHILE_READING] EOF occurred in violation of protocol (_ssl.c:1033)')))
2026-05-25 11:55:54,222 [WARNING] K 线重试 3/5 BTC: HTTPSConnectionPool(host='testnet.binancefuture.com', port=443): Max retries exceeded with url: /fapi/v1/klines?symbol=BTCUSDT&interval=1h&limit=60 (Caused by SSLError(SSLEOFError(8, '[SSL: UNEXPECTED_EOF_WHILE_READING] EOF occurred in violation of protocol (_ssl.c:1033)')))
2026-05-25 11:55:57,374 [WARNING] K 线重试 4/5 BTC: HTTPSConnectionPool(host='testnet.binancefuture.com', port=443): Max retries exceeded with url: /fapi/v1/klines?symbol=BTCUSDT&interval=1h&limit=60 (Caused by SSLError(SSLEOFError(8, '[SSL: UNEXPECTED_EOF_WHILE_READING] EOF occurred in violation of protocol (_ssl.c:1033)')))
2026-05-25 11:55:59,847 [ERROR] K 线失败 BTC (5 次重试耗尽): HTTPSConnectionPool(host='testnet.binancefuture.com', port=443): Max retries exceeded with url: /fapi/v1/klines?symbol=BTCUSDT&interval=1h&limit=60 (Caused by SSLError(SSLEOFError(8, '[SSL: UNEXPECTED_EOF_WHILE_READING] EOF occurred in violation of protocol (_ssl.c:1033)')))
2026-05-25 11:56:03,745 [WARNING] 24hr Ticker failed BTC: HTTPSConnectionPool(host='testnet.binancefuture.com', port=443): Max retries exceeded with url: /fapi/v1/ticker/24hr?symbol=BTCUSDT (Caused by SSLError(SSLEOFError(8, '[SSL: UNEXPECTED_EOF_WHILE_READING] EOF occurred in violation of protocol (_ssl.c:1033)')))
2026-05-25 11:56:03,747 [ERROR] 24h klines failed all fallbacks BTC
2026-05-25 11:56:06,178 [WARNING] K 线重试 1/5 ETH: HTTPSConnectionPool(host='testnet.binancefuture.com', port=443): Max retries exceeded with url: /fapi/v1/klines?symbol=ETHUSDT&interval=15m&limit=100 (Caused by SSLError(SSLEOFError(8, '[SSL: UNEXPECTED_EOF_WHILE_READING] EOF occurred in violation of protocol (_ssl.c:1033)')))
2026-05-25 11:56:09,806 [WARNING] K 线重试 2/5 ETH: HTTPSConnectionPool(host='testnet.binancefuture.com', port=443): Max retries exceeded with url: /fapi/v1/klines?symbol=ETHUSDT&interval=15m&limit=100 (Caused by SSLError(SSLEOFError(8, '[SSL: UNEXPECTED_EOF_WHILE_READING] EOF occurred in violation of protocol (_ssl.c:1033)')))
2026-05-25 11:56:12,938 [WARNING] K 线重试 3/5 ETH: HTTPSConnectionPool(host='testnet.binancefuture.com', port=443): Max retries exceeded with url: /fapi/v1/klines?symbol=ETHUSDT&interval=15m&limit=100 (Caused by SSLError(SSLEOFError(8, '[SSL: UNEXPECTED_EOF_WHILE_READING] EOF occurred in violation of protocol (_ssl.c:1033)')))
2026-05-25 11:56:16,959 [WARNING] K 线重试 4/5 ETH: HTTPSConnectionPool(host='testnet.binancefuture.com', port=443): Max retries exceeded with url: /fapi/v1/klines?symbol=ETHUSDT&interval=15m&limit=100 (Caused by SSLError(SSLEOFError(8, '[SSL: UNEXPECTED_EOF_WHILE_READING] EOF occurred in violation of protocol (_ssl.c:1033)')))
2026-05-25 11:56:20,558 [ERROR] K 线失败 ETH (5 次重试耗尽): HTTPSConnectionPool(host='testnet.binancefuture.com', port=443): Max retries exceeded with url: /fapi/v1/klines?symbol=ETHUSDT&interval=15m&limit=100 (Caused by SSLError(SSLEOFError(8, '[SSL: UNEXPECTED_EOF_WHILE_READING] EOF occurred in violation of protocol (_ssl.c:1033)')))
2026-05-25 11:56:23,490 [WARNING] K 线重试 1/5 ETH: HTTPSConnectionPool(host='testnet.binancefuture.com', port=443): Max retries exceeded with url: /fapi/v1/klines?symbol=ETHUSDT&interval=1h&limit=60 (Caused by SSLError(SSLEOFError(8, '[SSL: UNEXPECTED_EOF_WHILE_READING] EOF occurred in violation of protocol (_ssl.c:1033)')))
2026-05-25 11:56:26,377 [WARNING] K 线重试 2/5 ETH: HTTPSConnectionPool(host='testnet.binancefuture.com', port=443): Max retries exceeded with url: /fapi/v1/klines?symbol=ETHUSDT&interval=1h&limit=60 (Caused by SSLError(SSLEOFError(8, '[SSL: UNEXPECTED_EOF_WHILE_READING] EOF occurred in violation of protocol (_ssl.c:1033)')))
2026-05-25 11:56:29,262 [WARNING] K 线重试 3/5 ETH: HTTPSConnectionPool(host='testnet.binancefuture.com', port=443): Max retries exceeded with url: /fapi/v1/klines?symbol=ETHUSDT&interval=1h&limit=60 (Caused by SSLError(SSLEOFError(8, '[SSL: UNEXPECTED_EOF_WHILE_READING] EOF occurred in violation of protocol (_ssl.c:1033)')))
2026-05-25 11:56:32,693 [WARNING] K 线重试 4/5 ETH: HTTPSConnectionPool(host='testnet.binancefuture.com', port=443): Max retries exceeded with url: /fapi/v1/klines?symbol=ETHUSDT&interval=1h&limit=60 (Caused by SSLError(SSLEOFError(8, '[SSL: UNEXPECTED_EOF_WHILE_READING] EOF occurred in violation of protocol (_ssl.c:1033)')))
2026-05-25 11:56:36,410 [ERROR] K 线失败 ETH (5 次重试耗尽): HTTPSConnectionPool(host='testnet.binancefuture.com', port=443): Max retries exceeded with url: /fapi/v1/klines?symbol=ETHUSDT&interval=1h&limit=60 (Caused by SSLError(SSLEOFError(8, '[SSL: UNEXPECTED_EOF_WHILE_READING] EOF occurred in violation of protocol (_ssl.c:1033)')))
2026-05-25 11:56:38,736 [WARNING] 24hr Ticker failed ETH: HTTPSConnectionPool(host='testnet.binancefuture.com', port=443): Max retries exceeded with url: /fapi/v1/ticker/24hr?symbol=ETHUSDT (Caused by SSLError(SSLEOFError(8, '[SSL: UNEXPECTED_EOF_WHILE_READING] EOF occurred in violation of protocol (_ssl.c:1033)')))
2026-05-25 11:56:38,737 [ERROR] 24h klines failed all fallbacks ETH
2026-05-25 11:56:40,617 [WARNING] K 线重试 1/5 SOL: HTTPSConnectionPool(host='testnet.binancefuture.com', port=443): Max retries exceeded with url: /fapi/v1/klines?symbol=SOLUSDT&interval=15m&limit=100 (Caused by SSLError(SSLEOFError(8, '[SSL: UNEXPECTED_EOF_WHILE_READING] EOF occurred in violation of protocol (_ssl.c:1033)')))
2026-05-25 11:56:43,743 [WARNING] K 线重试 2/5 SOL: HTTPSConnectionPool(host='testnet.binancefuture.com', port=443): Max retries exceeded with url: /fapi/v1/klines?symbol=SOLUSDT&interval=15m&limit=100 (Caused by SSLError(SSLEOFError(8, '[SSL: UNEXPECTED_EOF_WHILE_READING] EOF occurred in violation of protocol (_ssl.c:1033)')))
2026-05-25 11:56:46,444 [WARNING] K 线重试 3/5 SOL: HTTPSConnectionPool(host='testnet.binancefuture.com', port=443): Max retries exceeded with url: /fapi/v1/klines?symbol=SOLUSDT&interval=15m&limit=100 (Caused by SSLError(SSLEOFError(8, '[SSL: UNEXPECTED_EOF_WHILE_READING] EOF occurred in violation of protocol (_ssl.c:1033)')))
2026-05-25 11:56:49,020 [WARNING] K 线重试 4/5 SOL: HTTPSConnectionPool(host='testnet.binancefuture.com', port=443): Max retries exceeded with url: /fapi/v1/klines?symbol=SOLUSDT&interval=15m&limit=100 (Caused by SSLError(SSLEOFError(8, '[SSL: UNEXPECTED_EOF_WHILE_READING] EOF occurred in violation of protocol (_ssl.c:1033)')))
2026-05-25 11:56:52,769 [ERROR] K 线失败 SOL (5 次重试耗尽): HTTPSConnectionPool(host='testnet.binancefuture.com', port=443): Max retries exceeded with url: /fapi/v1/klines?symbol=SOLUSDT&interval=15m&limit=100 (Caused by SSLError(SSLEOFError(8, '[SSL: UNEXPECTED_EOF_WHILE_READING] EOF occurred in violation of protocol (_ssl.c:1033)')))
2026-05-25 11:56:55,267 [WARNING] K 线重试 1/5 SOL: HTTPSConnectionPool(host='testnet.binancefuture.com', port=443): Max retries exceeded with url: /fapi/v1/klines?symbol=SOLUSDT&interval=1h&limit=60 (Caused by SSLError(SSLEOFError(8, '[SSL: UNEXPECTED_EOF_WHILE_READING] EOF occurred in violation of protocol (_ssl.c:1033)')))
2026-05-25 11:56:58,825 [WARNING] K 线重试 2/5 SOL: HTTPSConnectionPool(host='testnet.binancefuture.com', port=443): Max retries exceeded with url: /fapi/v1/klines?symbol=SOLUSDT&interval=1h&limit=60 (Caused by SSLError(SSLEOFError(8, '[SSL: UNEXPECTED_EOF_WHILE_READING] EOF occurred in violation of protocol (_ssl.c:1033)')))
2026-05-25 11:57:02,137 [WARNING] K 线重试 3/5 SOL: HTTPSConnectionPool(host='testnet.binancefuture.com', port=443): Max retries exceeded with url: /fapi/v1/klines?symbol=SOLUSDT&interval=1h&limit=60 (Caused by SSLError(SSLEOFError(8, '[SSL: UNEXPECTED_EOF_WHILE_READING] EOF occurred in violation of protocol (_ssl.c:1033)')))
2026-05-25 11:57:06,193 [WARNING] K 线重试 4/5 SOL: HTTPSConnectionPool(host='testnet.binancefuture.com', port=443): Max retries exceeded with url: /fapi/v1/klines?symbol=SOLUSDT&interval=1h&limit=60 (Caused by SSLError(SSLEOFError(8, '[SSL: UNEXPECTED_EOF_WHILE_READING] EOF occurred in violation of protocol (_ssl.c:1033)')))
2026-05-25 11:57:09,856 [ERROR] K 线失败 SOL (5 次重试耗尽): HTTPSConnectionPool(host='testnet.binancefuture.com', port=443): Max retries exceeded with url: /fapi/v1/klines?symbol=SOLUSDT&interval=1h&limit=60 (Caused by SSLError(SSLEOFError(8, '[SSL: UNEXPECTED_EOF_WHILE_READING] EOF occurred in violation of protocol (_ssl.c:1033)')))
2026-05-25 11:57:13,075 [WARNING] 24hr Ticker failed SOL: HTTPSConnectionPool(host='testnet.binancefuture.com', port=443): Max retries exceeded with url: /fapi/v1/ticker/24hr?symbol=SOLUSDT (Caused by SSLError(SSLEOFError(8, '[SSL: UNEXPECTED_EOF_WHILE_READING] EOF occurred in violation of protocol (_ssl.c:1033)')))
2026-05-25 11:57:13,076 [ERROR] 24h klines failed all fallbacks SOL
2026-05-25 11:57:15,730 [WARNING] K 线重试 1/5 BNB: HTTPSConnectionPool(host='testnet.binancefuture.com', port=443): Max retries exceeded with url: /fapi/v1/klines?symbol=BNBUSDT&interval=15m&limit=100 (Caused by SSLError(SSLEOFError(8, '[SSL: UNEXPECTED_EOF_WHILE_READING] EOF occurred in violation of protocol (_ssl.c:1033)')))
2026-05-25 11:57:18,208 [WARNING] K 线重试 2/5 BNB: HTTPSConnectionPool(host='testnet.binancefuture.com', port=443): Max retries exceeded with url: /fapi/v1/klines?symbol=BNBUSDT&interval=15m&limit=100 (Caused by SSLError(SSLEOFError(8, '[SSL: UNEXPECTED_EOF_WHILE_READING] EOF occurred in violation of protocol (_ssl.c:1033)')))
2026-05-25 11:57:21,657 [WARNING] K 线重试 3/5 BNB: HTTPSConnectionPool(host='testnet.binancefuture.com', port=443): Max retries exceeded with url: /fapi/v1/klines?symbol=BNBUSDT&interval=15m&limit=100 (Caused by SSLError(SSLEOFError(8, '[SSL: UNEXPECTED_EOF_WHILE_READING] EOF occurred in violation of protocol (_ssl.c:1033)')))
2026-05-25 11:57:24,254 [WARNING] K 线重试 4/5 BNB: HTTPSConnectionPool(host='testnet.binancefuture.com', port=443): Max retries exceeded with url: /fapi/v1/klines?symbol=BNBUSDT&interval=15m&limit=100 (Caused by SSLError(SSLEOFError(8, '[SSL: UNEXPECTED_EOF_WHILE_READING] EOF occurred in violation of protocol (_ssl.c:1033)')))
2026-05-25 11:57:27,559 [ERROR] K 线失败 BNB (5 次重试耗尽): HTTPSConnectionPool(host='testnet.binancefuture.com', port=443): Max retries exceeded with url: /fapi/v1/klines?symbol=BNBUSDT&interval=15m&limit=100 (Caused by SSLError(SSLEOFError(8, '[SSL: UNEXPECTED_EOF_WHILE_READING] EOF occurred in violation of protocol (_ssl.c:1033)')))
2026-05-25 11:57:30,781 [WARNING] K 线重试 1/5 BNB: HTTPSConnectionPool(host='testnet.binancefuture.com', port=443): Max retries exceeded with url: /fapi/v1/klines?symbol=BNBUSDT&interval=1h&limit=60 (Caused by SSLError(SSLEOFError(8, '[SSL: UNEXPECTED_EOF_WHILE_READING] EOF occurred in violation of protocol (_ssl.c:1033)')))
2026-05-25 11:57:34,216 [WARNING] K 线重试 2/5 BNB: HTTPSConnectionPool(host='testnet.binancefuture.com', port=443): Max retries exceeded with url: /fapi/v1/klines?symbol=BNBUSDT&interval=1h&limit=60 (Caused by SSLError(SSLEOFError(8, '[SSL: UNEXPECTED_EOF_WHILE_READING] EOF occurred in violation of protocol (_ssl.c:1033)')))
2026-05-25 11:57:38,364 [WARNING] K 线重试 3/5 BNB: HTTPSConnectionPool(host='testnet.binancefuture.com', port=443): Max retries exceeded with url: /fapi/v1/klines?symbol=BNBUSDT&interval=1h&limit=60 (Caused by SSLError(SSLEOFError(8, '[SSL: UNEXPECTED_EOF_WHILE_READING] EOF occurred in violation of protocol (_ssl.c:1033)')))
2026-05-25 11:57:41,511 [WARNING] K 线重试 4/5 BNB: HTTPSConnectionPool(host='testnet.binancefuture.com', port=443): Max retries exceeded with url: /fapi/v1/klines?symbol=BNBUSDT&interval=1h&limit=60 (Caused by SSLError(SSLEOFError(8, '[SSL: UNEXPECTED_EOF_WHILE_READING] EOF occurred in violation of protocol (_ssl.c:1033)')))
2026-05-25 11:57:43,700 [ERROR] K 线失败 BNB (5 次重试耗尽): HTTPSConnectionPool(host='testnet.binancefuture.com', port=443): Max retries exceeded with url: /fapi/v1/klines?symbol=BNBUSDT&interval=1h&limit=60 (Caused by SSLError(SSLEOFError(8, '[SSL: UNEXPECTED_EOF_WHILE_READING] EOF occurred in violation of protocol (_ssl.c:1033)')))
2026-05-25 11:57:47,144 [WARNING] 24hr Ticker failed BNB: HTTPSConnectionPool(host='testnet.binancefuture.com', port=443): Max retries exceeded with url: /fapi/v1/ticker/24hr?symbol=BNBUSDT (Caused by SSLError(SSLEOFError(8, '[SSL: UNEXPECTED_EOF_WHILE_READING] EOF occurred in violation of protocol (_ssl.c:1033)')))
2026-05-25 11:57:47,146 [ERROR] 24h klines failed all fallbacks BNB
2026-05-25 11:57:51,095 [WARNING] K 线重试 1/5 DOT: HTTPSConnectionPool(host='testnet.binancefuture.com', port=443): Max retries exceeded with url: /fapi/v1/klines?symbol=DOTUSDT&interval=15m&limit=100 (Caused by SSLError(SSLEOFError(8, '[SSL: UNEXPECTED_EOF_WHILE_READING] EOF occurred in violation of protocol (_ssl.c:1033)')))
2026-05-25 11:57:54,874 [WARNING] K 线重试 2/5 DOT: HTTPSConnectionPool(host='testnet.binancefuture.com', port=443): Max retries exceeded with url: /fapi/v1/klines?symbol=DOTUSDT&interval=15m&limit=100 (Caused by SSLError(SSLEOFError(8, '[SSL: UNEXPECTED_EOF_WHILE_READING] EOF occurred in violation of protocol (_ssl.c:1033)')))
2026-05-25 11:57:57,421 [WARNING] K 线重试 3/5 DOT: HTTPSConnectionPool(host='testnet.binancefuture.com', port=443): Max retries exceeded with url: /fapi/v1/klines?symbol=DOTUSDT&interval=15m&limit=100 (Caused by SSLError(SSLEOFError(8, '[SSL: UNEXPECTED_EOF_WHILE_READING] EOF occurred in violation of protocol (_ssl.c:1033)')))
2026-05-25 11:58:00,895 [WARNING] K 线重试 4/5 DOT: HTTPSConnectionPool(host='testnet.binancefuture.com', port=443): Max retries exceeded with url: /fapi/v1/klines?symbol=DOTUSDT&interval=15m&limit=100 (Caused by SSLError(SSLEOFError(8, '[SSL: UNEXPECTED_EOF_WHILE_READING] EOF occurred in violation of protocol (_ssl.c:1033)')))
2026-05-25 11:58:03,302 [ERROR] K 线失败 DOT (5 次重试耗尽): HTTPSConnectionPool(host='testnet.binancefuture.com', port=443): Max retries exceeded with url: /fapi/v1/klines?symbol=DOTUSDT&interval=15m&limit=100 (Caused by SSLError(SSLEOFError(8, '[SSL: UNEXPECTED_EOF_WHILE_READING] EOF occurred in violation of protocol (_ssl.c:1033)')))
2026-05-25 11:58:06,450 [WARNING] K 线重试 1/5 DOT: HTTPSConnectionPool(host='testnet.binancefuture.com', port=443): Max retries exceeded with url: /fapi/v1/klines?symbol=DOTUSDT&interval=1h&limit=60 (Caused by SSLError(SSLEOFError(8, '[SSL: UNEXPECTED_EOF_WHILE_READING] EOF occurred in violation of protocol (_ssl.c:1033)')))
2026-05-25 11:58:09,454 [WARNING] K 线重试 2/5 DOT: HTTPSConnectionPool(host='testnet.binancefuture.com', port=443): Max retries exceeded with url: /fapi/v1/klines?symbol=DOTUSDT&interval=1h&limit=60 (Caused by SSLError(SSLEOFError(8, '[SSL: UNEXPECTED_EOF_WHILE_READING] EOF occurred in violation of protocol (_ssl.c:1033)')))
2026-05-25 11:58:12,457 [WARNING] K 线重试 3/5 DOT: HTTPSConnectionPool(host='testnet.binancefuture.com', port=443): Max retries exceeded with url: /fapi/v1/klines?symbol=DOTUSDT&interval=1h&limit=60 (Caused by SSLError(SSLEOFError(8, '[SSL: UNEXPECTED_EOF_WHILE_READING] EOF occurred in violation of protocol (_ssl.c:1033)')))
2026-05-25 11:58:15,160 [WARNING] K 线重试 4/5 DOT: HTTPSConnectionPool(host='testnet.binancefuture.com', port=443): Max retries exceeded with url: /fapi/v1/klines?symbol=DOTUSDT&interval=1h&limit=60 (Caused by SSLError(SSLEOFError(8, '[SSL: UNEXPECTED_EOF_WHILE_READING] EOF occurred in violation of protocol (_ssl.c:1033)')))
2026-05-25 11:58:18,300 [ERROR] K 线失败 DOT (5 次重试耗尽): HTTPSConnectionPool(host='testnet.binancefuture.com', port=443): Max retries exceeded with url: /fapi/v1/klines?symbol=DOTUSDT&interval=1h&limit=60 (Caused by SSLError(SSLEOFError(8, '[SSL: UNEXPECTED_EOF_WHILE_READING] EOF occurred in violation of protocol (_ssl.c:1033)')))
2026-05-25 11:58:21,643 [WARNING] 24hr Ticker failed DOT: HTTPSConnectionPool(host='testnet.binancefuture.com', port=443): Max retries exceeded with url: /fapi/v1/ticker/24hr?symbol=DOTUSDT (Caused by SSLError(SSLEOFError(8, '[SSL: UNEXPECTED_EOF_WHILE_READING] EOF occurred in violation of protocol (_ssl.c:1033)')))
2026-05-25 11:58:21,645 [ERROR] 24h klines failed all fallbacks DOT
2026-05-25 11:58:24,943 [WARNING] K 线重试 1/5 LINK: HTTPSConnectionPool(host='testnet.binancefuture.com', port=443): Max retries exceeded with url: /fapi/v1/klines?symbol=LINKUSDT&interval=15m&limit=100 (Caused by SSLError(SSLEOFError(8, '[SSL: UNEXPECTED_EOF_WHILE_READING] EOF occurred in violation of protocol (_ssl.c:1033)')))
2026-05-25 11:58:28,446 [WARNING] K 线重试 2/5 LINK: HTTPSConnectionPool(host='testnet.binancefuture.com', port=443): Max retries exceeded with url: /fapi/v1/klines?symbol=LINKUSDT&interval=15m&limit=100 (Caused by SSLError(SSLEOFError(8, '[SSL: UNEXPECTED_EOF_WHILE_READING] EOF occurred in violation of protocol (_ssl.c:1033)')))
2026-05-25 11:58:31,222 [WARNING] K 线重试 3/5 LINK: HTTPSConnectionPool(host='testnet.binancefuture.com', port=443): Max retries exceeded with url: /fapi/v1/klines?symbol=LINKUSDT&interval=15m&limit=100 (Caused by SSLError(SSLEOFError(8, '[SSL: UNEXPECTED_EOF_WHILE_READING] EOF occurred in violation of protocol (_ssl.c:1033)')))
2026-05-25 11:58:33,472 [WARNING] K 线重试 4/5 LINK: HTTPSConnectionPool(host='testnet.binancefuture.com', port=443): Max retries exceeded with url: /fapi/v1/klines?symbol=LINKUSDT&interval=15m&limit=100 (Caused by SSLError(SSLEOFError(8, '[SSL: UNEXPECTED_EOF_WHILE_READING] EOF occurred in violation of protocol (_ssl.c:1033)')))
2026-05-25 11:58:37,057 [ERROR] K 线失败 LINK (5 次重试耗尽): HTTPSConnectionPool(host='testnet.binancefuture.com', port=443): Max retries exceeded with url: /fapi/v1/klines?symbol=LINKUSDT&interval=15m&limit=100 (Caused by SSLError(SSLEOFError(8, '[SSL: UNEXPECTED_EOF_WHILE_READING] EOF occurred in violation of protocol (_ssl.c:1033)')))
2026-05-25 11:58:39,633 [WARNING] K 线重试 1/5 LINK: HTTPSConnectionPool(host='testnet.binancefuture.com', port=443): Max retries exceeded with url: /fapi/v1/klines?symbol=LINKUSDT&interval=1h&limit=60 (Caused by SSLError(SSLEOFError(8, '[SSL: UNEXPECTED_EOF_WHILE_READING] EOF occurred in violation of protocol (_ssl.c:1033)')))
2026-05-25 11:58:42,478 [WARNING] K 线重试 2/5 LINK: HTTPSConnectionPool(host='testnet.binancefuture.com', port=443): Max retries exceeded with url: /fapi/v1/klines?symbol=LINKUSDT&interval=1h&limit=60 (Caused by SSLError(SSLEOFError(8, '[SSL: UNEXPECTED_EOF_WHILE_READING] EOF occurred in violation of protocol (_ssl.c:1033)')))
2026-05-25 11:58:46,362 [WARNING] K 线重试 3/5 LINK: HTTPSConnectionPool(host='testnet.binancefuture.com', port=443): Max retries exceeded with url: /fapi/v1/klines?symbol=LINKUSDT&interval=1h&limit=60 (Caused by SSLError(SSLEOFError(8, '[SSL: UNEXPECTED_EOF_WHILE_READING] EOF occurred in violation of protocol (_ssl.c:1033)')))
2026-05-25 11:58:50,408 [WARNING] K 线重试 4/5 LINK: HTTPSConnectionPool(host='testnet.binancefuture.com', port=443): Max retries exceeded with url: /fapi/v1/klines?symbol=LINKUSDT&interval=1h&limit=60 (Caused by SSLError(SSLEOFError(8, '[SSL: UNEXPECTED_EOF_WHILE_READING] EOF occurred in violation of protocol (_ssl.c:1033)')))
2026-05-25 11:58:54,227 [ERROR] K 线失败 LINK (5 次重试耗尽): HTTPSConnectionPool(host='testnet.binancefuture.com', port=443): Max retries exceeded with url: /fapi/v1/klines?symbol=LINKUSDT&interval=1h&limit=60 (Caused by SSLError(SSLEOFError(8, '[SSL: UNEXPECTED_EOF_WHILE_READING] EOF occurred in violation of protocol (_ssl.c:1033)')))
2026-05-25 11:58:57,638 [WARNING] 24hr Ticker failed LINK: HTTPSConnectionPool(host='testnet.binancefuture.com', port=443): Max retries exceeded with url: /fapi/v1/ticker/24hr?symbol=LINKUSDT (Caused by SSLError(SSLEOFError(8, '[SSL: UNEXPECTED_EOF_WHILE_READING] EOF occurred in violation of protocol (_ssl.c:1033)')))
2026-05-25 11:58:57,638 [ERROR] 24h klines failed all fallbacks LINK
2026-05-25 11:59:01,115 [WARNING] K 线重试 1/5 XRP: HTTPSConnectionPool(host='testnet.binancefuture.com', port=443): Max retries exceeded with url: /fapi/v1/klines?symbol=XRPUSDT&interval=15m&limit=100 (Caused by SSLError(SSLEOFError(8, '[SSL: UNEXPECTED_EOF_WHILE_READING] EOF occurred in violation of protocol (_ssl.c:1033)')))
2026-05-25 11:59:03,536 [WARNING] K 线重试 2/5 XRP: HTTPSConnectionPool(host='testnet.binancefuture.com', port=443): Max retries exceeded with url: /fapi/v1/klines?symbol=XRPUSDT&interval=15m&limit=100 (Caused by SSLError(SSLEOFError(8, '[SSL: UNEXPECTED_EOF_WHILE_READING] EOF occurred in violation of protocol (_ssl.c:1033)')))
2026-05-25 11:59:06,646 [WARNING] K 线重试 3/5 XRP: HTTPSConnectionPool(host='testnet.binancefuture.com', port=443): Max retries exceeded with url: /fapi/v1/klines?symbol=XRPUSDT&interval=15m&limit=100 (Caused by SSLError(SSLEOFError(8, '[SSL: UNEXPECTED_EOF_WHILE_READING] EOF occurred in violation of protocol (_ssl.c:1033)')))
2026-05-25 11:59:10,086 [WARNING] K 线重试 4/5 XRP: HTTPSConnectionPool(host='testnet.binancefuture.com', port=443): Max retries exceeded with url: /fapi/v1/klines?symbol=XRPUSDT&interval=15m&limit=100 (Caused by SSLError(SSLEOFError(8, '[SSL: UNEXPECTED_EOF_WHILE_READING] EOF occurred in violation of protocol (_ssl.c:1033)')))
2026-05-25 11:59:12,954 [ERROR] K 线失败 XRP (5 次重试耗尽): HTTPSConnectionPool(host='testnet.binancefuture.com', port=443): Max retries exceeded with url: /fapi/v1/klines?symbol=XRPUSDT&interval=15m&limit=100 (Caused by SSLError(SSLEOFError(8, '[SSL: UNEXPECTED_EOF_WHILE_READING] EOF occurred in violation of protocol (_ssl.c:1033)')))
2026-05-25 11:59:15,448 [WARNING] K 线重试 1/5 XRP: HTTPSConnectionPool(host='testnet.binancefuture.com', port=443): Max retries exceeded with url: /fapi/v1/klines?symbol=XRPUSDT&interval=1h&limit=60 (Caused by SSLError(SSLEOFError(8, '[SSL: UNEXPECTED_EOF_WHILE_READING] EOF occurred in violation of protocol (_ssl.c:1033)')))
2026-05-25 11:59:17,392 [WARNING] K 线重试 2/5 XRP: HTTPSConnectionPool(host='testnet.binancefuture.com', port=443): Max retries exceeded with url: /fapi/v1/klines?symbol=XRPUSDT&interval=1h&limit=60 (Caused by SSLError(SSLEOFError(8, '[SSL: UNEXPECTED_EOF_WHILE_READING] EOF occurred in violation of protocol (_ssl.c:1033)')))
2026-05-25 11:59:20,934 [WARNING] K 线重试 3/5 XRP: HTTPSConnectionPool(host='testnet.binancefuture.com', port=443): Max retries exceeded with url: /fapi/v1/klines?symbol=XRPUSDT&interval=1h&limit=60 (Caused by SSLError(SSLEOFError(8, '[SSL: UNEXPECTED_EOF_WHILE_READING] EOF occurred in violation of protocol (_ssl.c:1033)')))
2026-05-25 11:59:24,534 [WARNING] K 线重试 4/5 XRP: HTTPSConnectionPool(host='testnet.binancefuture.com', port=443): Max retries exceeded with url: /fapi/v1/klines?symbol=XRPUSDT&interval=1h&limit=60 (Caused by SSLError(SSLEOFError(8, '[SSL: UNEXPECTED_EOF_WHILE_READING] EOF occurred in violation of protocol (_ssl.c:1033)')))
2026-05-25 11:59:28,486 [ERROR] K 线失败 XRP (5 次重试耗尽): HTTPSConnectionPool(host='testnet.binancefuture.com', port=443): Max retries exceeded with url: /fapi/v1/klines?symbol=XRPUSDT&interval=1h&limit=60 (Caused by SSLError(SSLEOFError(8, '[SSL: UNEXPECTED_EOF_WHILE_READING] EOF occurred in violation of protocol (_ssl.c:1033)')))
2026-05-25 11:59:30,809 [WARNING] 24hr Ticker failed XRP: HTTPSConnectionPool(host='testnet.binancefuture.com', port=443): Max retries exceeded with url: /fapi/v1/ticker/24hr?symbol=XRPUSDT (Caused by SSLError(SSLEOFError(8, '[SSL: UNEXPECTED_EOF_WHILE_READING] EOF occurred in violation of protocol (_ssl.c:1033)')))
2026-05-25 11:59:30,810 [ERROR] 24h klines failed all fallbacks XRP
2026-05-25 11:59:41,809 [ERROR] ❌ Binance API 错误：{'error': "HTTPSConnectionPool(host='testnet.binancefuture.com', port=443): Max retries exceeded with url: /fapi/v2/positionRisk?timestamp=1779681570810&recvWindow=30000&signature=c1a9fb5cda71050347d3c4ca897d29b0a27247c25fd29e4e66ec8758ffef6128 (Caused by SSLError(SSLEOFError(8, '[SSL: UNEXPECTED_EOF_WHILE_READING] EOF occurred in violation of protocol (_ssl.c:1033)')))", 'clientOrderId': None}
2026-05-25 11:59:41,810 [INFO] 📊 开仓前检查：API 持仓=0, 本地缓存=0, 采用=0/4
2026-05-25 12:00:09,334 [WARNING] ⚠️ 小时汇报时 positions 为空，从 API 重新获取...
2026-05-25 12:00:19,191 [ERROR] ❌ Binance API 错误：{'error': "HTTPSConnectionPool(host='testnet.binancefuture.com', port=443): Max retries exceeded with url: /fapi/v2/positionRisk?timestamp=1779681609335&recvWindow=30000&signature=2caef4c18d85da229a535c08b33d02ce1b9d4898c478de219e32d14bc719eedb (Caused by SSLError(SSLEOFError(8, '[SSL: UNEXPECTED_EOF_WHILE_READING] EOF occurred in violation of protocol (_ssl.c:1033)')))", 'clientOrderId': None}
2026-05-25 12:00:19,191 [INFO] 
==================================================
📊 整点汇报 2026-05-25 12:00
恐惧贪婪指数: 50 (中性)
今日PnL: +0.00 USDT (+0.0%)
持仓数: 0/4
  BTC: 77076.5000 (+0.33%)
  ETH: 2094.7600 (-1.22%)
  SOL: 84.8700 (-1.00%)
  BNB: 656.7600 (-0.23%)
  DOT: 1.2420 (-3.27%)
  LINK: 9.3770 (-1.78%)
  XRP: 1.3444 (-1.20%)
==================================================
2026-05-25 12:00:19,217 [INFO] 
📊 评分详情 (2026-05-25 12:00):
  BTC: 10分 (RSI:46, 24h:+0.3%, MA60:✗) → 信号：NONE
  ETH: 10分 (RSI:38, 24h:-1.2%, MA60:✗) → 信号：NONE
  SOL: 10分 (RSI:40, 24h:-1.0%, MA60:✗) → 信号：NONE
  BNB: 10分 (RSI:42, 24h:-0.2%, MA60:✗) → 信号：NONE
  DOT: 30分 (RSI:41, 24h:-3.3%, MA60:✗) → 信号：NONE
  LINK: 30分 (RSI:35, 24h:-1.8%, MA60:✗) → 信号：NONE
  XRP: 10分 (RSI:39, 24h:-1.2%, MA60:✗) → 信号：NONE
2026-05-25 12:00:22,372 [WARNING] ⚠️ 整点汇报拉 24h ticker 失败：HTTPSConnectionPool(host='testnet.binancefuture.com', port=443): Max retries exceeded with url: /fapi/v1/ticker/24hr (Caused by SSLError(SSLEOFError(8, '[SSL: UNEXPECTED_EOF_WHILE_READING] EOF occurred in violation of protocol (_ssl.c:1033)')))
2026-05-25 12:00:26,257 [WARNING] K 线重试 1/5 BTC: HTTPSConnectionPool(host='testnet.binancefuture.com', port=443): Max retries exceeded with url: /fapi/v1/klines?symbol=BTCUSDT&interval=15m&limit=100 (Caused by SSLError(SSLEOFError(8, '[SSL: UNEXPECTED_EOF_WHILE_READING] EOF occurred in violation of protocol (_ssl.c:1033)')))
2026-05-25 12:00:29,185 [WARNING] K 线重试 2/5 BTC: HTTPSConnectionPool(host='testnet.binancefuture.com', port=443): Max retries exceeded with url: /fapi/v1/klines?symbol=BTCUSDT&interval=15m&limit=100 (Caused by SSLError(SSLEOFError(8, '[SSL: UNEXPECTED_EOF_WHILE_READING] EOF occurred in violation of protocol (_ssl.c:1033)')))
2026-05-25 12:00:31,547 [WARNING] K 线重试 3/5 BTC: HTTPSConnectionPool(host='testnet.binancefuture.com', port=443): Max retries exceeded with url: /fapi/v1/klines?symbol=BTCUSDT&interval=15m&limit=100 (Caused by SSLError(SSLEOFError(8, '[SSL: UNEXPECTED_EOF_WHILE_READING] EOF occurred in violation of protocol (_ssl.c:1033)')))
2026-05-25 12:00:34,997 [WARNING] K 线重试 4/5 BTC: HTTPSConnectionPool(host='testnet.binancefuture.com', port=443): Max retries exceeded with url: /fapi/v1/klines?symbol=BTCUSDT&interval=15m&limit=100 (Caused by SSLError(SSLEOFError(8, '[SSL: UNEXPECTED_EOF_WHILE_READING] EOF occurred in violation of protocol (_ssl.c:1033)')))
2026-05-25 12:00:38,738 [ERROR] K 线失败 BTC (5 次重试耗尽): HTTPSConnectionPool(host='testnet.binancefuture.com', port=443): Max retries exceeded with url: /fapi/v1/klines?symbol=BTCUSDT&interval=15m&limit=100 (Caused by SSLError(SSLEOFError(8, '[SSL: UNEXPECTED_EOF_WHILE_READING] EOF occurred in violation of protocol (_ssl.c:1033)')))
2026-05-25 12:00:41,688 [WARNING] K 线重试 1/5 BTC: HTTPSConnectionPool(host='testnet.binancefuture.com', port=443): Max retries exceeded with url: /fapi/v1/klines?symbol=BTCUSDT&interval=1h&limit=60 (Caused by SSLError(SSLEOFError(8, '[SSL: UNEXPECTED_EOF_WHILE_READING] EOF occurred in violation of protocol (_ssl.c:1033)')))
2026-05-25 12:00:44,764 [WARNING] K 线重试 2/5 BTC: HTTPSConnectionPool(host='testnet.binancefuture.com', port=443): Max retries exceeded with url: /fapi/v1/klines?symbol=BTCUSDT&interval=1h&limit=60 (Caused by SSLError(SSLEOFError(8, '[SSL: UNEXPECTED_EOF_WHILE_READING] EOF occurred in violation of protocol (_ssl.c:1033)')))
2026-05-25 12:00:48,044 [WARNING] K 线重试 3/5 BTC: HTTPSConnectionPool(host='testnet.binancefuture.com', port=443): Max retries exceeded with url: /fapi/v1/klines?symbol=BTCUSDT&interval=1h&limit=60 (Caused by SSLError(SSLEOFError(8, '[SSL: UNEXPECTED_EOF_WHILE_READING] EOF occurred in violation of protocol (_ssl.c:1033)')))
2026-05-25 12:00:50,147 [WARNING] K 线重试 4/5 BTC: HTTPSConnectionPool(host='testnet.binancefuture.com', port=443): Max retries exceeded with url: /fapi/v1/klines?symbol=BTCUSDT&interval=1h&limit=60 (Caused by SSLError(SSLEOFError(8, '[SSL: UNEXPECTED_EOF_WHILE_READING] EOF occurred in violation of protocol (_ssl.c:1033)')))
2026-05-25 12:00:52,680 [ERROR] K 线失败 BTC (5 次重试耗尽): HTTPSConnectionPool(host='testnet.binancefuture.com', port=443): Max retries exceeded with url: /fapi/v1/klines?symbol=BTCUSDT&interval=1h&limit=60 (Caused by SSLError(SSLEOFError(8, '[SSL: UNEXPECTED_EOF_WHILE_READING] EOF occurred in violation of protocol (_ssl.c:1033)')))
2026-05-25 12:00:56,392 [WARNING] 24hr Ticker failed BTC: HTTPSConnectionPool(host='testnet.binancefuture.com', port=443): Max retries exceeded with url: /fapi/v1/ticker/24hr?symbol=BTCUSDT (Caused by SSLError(SSLEOFError(8, '[SSL: UNEXPECTED_EOF_WHILE_READING] EOF occurred in violation of protocol (_ssl.c:1033)')))
2026-05-25 12:00:56,393 [ERROR] 24h klines failed all fallbacks BTC
2026-05-25 12:00:59,944 [WARNING] K 线重试 1/5 ETH: HTTPSConnectionPool(host='testnet.binancefuture.com', port=443): Max retries exceeded with url: /fapi/v1/klines?symbol=ETHUSDT&interval=15m&limit=100 (Caused by SSLError(SSLEOFError(8, '[SSL: UNEXPECTED_EOF_WHILE_READING] EOF occurred in violation of protocol (_ssl.c:1033)')))
2026-05-25 12:01:02,948 [WARNING] K 线重试 2/5 ETH: HTTPSConnectionPool(host='testnet.binancefuture.com', port=443): Max retries exceeded with url: /fapi/v1/klines?symbol=ETHUSDT&interval=15m&limit=100 (Caused by SSLError(SSLEOFError(8, '[SSL: UNEXPECTED_EOF_WHILE_READING] EOF occurred in violation of protocol (_ssl.c:1033)')))
2026-05-25 12:01:06,291 [WARNING] K 线重试 3/5 ETH: HTTPSConnectionPool(host='testnet.binancefuture.com', port=443): Max retries exceeded with url: /fapi/v1/klines?symbol=ETHUSDT&interval=15m&limit=100 (Caused by SSLError(SSLEOFError(8, '[SSL: UNEXPECTED_EOF_WHILE_READING] EOF occurred in violation of protocol (_ssl.c:1033)')))
2026-05-25 12:01:09,538 [WARNING] K 线重试 4/5 ETH: HTTPSConnectionPool(host='testnet.binancefuture.com', port=443): Max retries exceeded with url: /fapi/v1/klines?symbol=ETHUSDT&interval=15m&limit=100 (Caused by SSLError(SSLEOFError(8, '[SSL: UNEXPECTED_EOF_WHILE_READING] EOF occurred in violation of protocol (_ssl.c:1033)')))
2026-05-25 12:01:13,140 [ERROR] K 线失败 ETH (5 次重试耗尽): HTTPSConnectionPool(host='testnet.binancefuture.com', port=443): Max retries exceeded with url: /fapi/v1/klines?symbol=ETHUSDT&interval=15m&limit=100 (Caused by SSLError(SSLEOFError(8, '[SSL: UNEXPECTED_EOF_WHILE_READING] EOF occurred in violation of protocol (_ssl.c:1033)')))
2026-05-25 12:01:16,973 [WARNING] K 线重试 1/5 ETH: HTTPSConnectionPool(host='testnet.binancefuture.com', port=443): Max retries exceeded with url: /fapi/v1/klines?symbol=ETHUSDT&interval=1h&limit=60 (Caused by SSLError(SSLEOFError(8, '[SSL: UNEXPECTED_EOF_WHILE_READING] EOF occurred in violation of protocol (_ssl.c:1033)')))
2026-05-25 12:01:19,422 [WARNING] K 线重试 2/5 ETH: HTTPSConnectionPool(host='testnet.binancefuture.com', port=443): Max retries exceeded with url: /fapi/v1/klines?symbol=ETHUSDT&interval=1h&limit=60 (Caused by SSLError(SSLEOFError(8, '[SSL: UNEXPECTED_EOF_WHILE_READING] EOF occurred in violation of protocol (_ssl.c:1033)')))
2026-05-25 12:01:22,241 [WARNING] K 线重试 3/5 ETH: HTTPSConnectionPool(host='testnet.binancefuture.com', port=443): Max retries exceeded with url: /fapi/v1/klines?symbol=ETHUSDT&interval=1h&limit=60 (Caused by SSLError(SSLEOFError(8, '[SSL: UNEXPECTED_EOF_WHILE_READING] EOF occurred in violation of protocol (_ssl.c:1033)')))
2026-05-25 12:01:24,980 [WARNING] K 线重试 4/5 ETH: HTTPSConnectionPool(host='testnet.binancefuture.com', port=443): Max retries exceeded with url: /fapi/v1/klines?symbol=ETHUSDT&interval=1h&limit=60 (Caused by SSLError(SSLEOFError(8, '[SSL: UNEXPECTED_EOF_WHILE_READING] EOF occurred in violation of protocol (_ssl.c:1033)')))
2026-05-25 12:01:27,092 [ERROR] K 线失败 ETH (5 次重试耗尽): HTTPSConnectionPool(host='testnet.binancefuture.com', port=443): Max retries exceeded with url: /fapi/v1/klines?symbol=ETHUSDT&interval=1h&limit=60 (Caused by SSLError(SSLEOFError(8, '[SSL: UNEXPECTED_EOF_WHILE_READING] EOF occurred in violation of protocol (_ssl.c:1033)')))
2026-05-25 12:01:29,980 [WARNING] 24hr Ticker failed ETH: HTTPSConnectionPool(host='testnet.binancefuture.com', port=443): Max retries exceeded with url: /fapi/v1/ticker/24hr?symbol=ETHUSDT (Caused by SSLError(SSLEOFError(8, '[SSL: UNEXPECTED_EOF_WHILE_READING] EOF occurred in violation of protocol (_ssl.c:1033)')))
2026-05-25 12:01:29,980 [ERROR] 24h klines failed all fallbacks ETH
2026-05-25 12:01:33,169 [WARNING] K 线重试 1/5 SOL: HTTPSConnectionPool(host='testnet.binancefuture.com', port=443): Max retries exceeded with url: /fapi/v1/klines?symbol=SOLUSDT&interval=15m&limit=100 (Caused by SSLError(SSLEOFError(8, '[SSL: UNEXPECTED_EOF_WHILE_READING] EOF occurred in violation of protocol (_ssl.c:1033)')))
2026-05-25 12:01:35,608 [WARNING] K 线重试 2/5 SOL: HTTPSConnectionPool(host='testnet.binancefuture.com', port=443): Max retries exceeded with url: /fapi/v1/klines?symbol=SOLUSDT&interval=15m&limit=100 (Caused by SSLError(SSLEOFError(8, '[SSL: UNEXPECTED_EOF_WHILE_READING] EOF occurred in violation of protocol (_ssl.c:1033)')))
2026-05-25 12:01:38,356 [WARNING] K 线重试 3/5 SOL: HTTPSConnectionPool(host='testnet.binancefuture.com', port=443): Max retries exceeded with url: /fapi/v1/klines?symbol=SOLUSDT&interval=15m&limit=100 (Caused by SSLError(SSLEOFError(8, '[SSL: UNEXPECTED_EOF_WHILE_READING] EOF occurred in violation of protocol (_ssl.c:1033)')))
2026-05-25 12:01:41,175 [WARNING] K 线重试 4/5 SOL: HTTPSConnectionPool(host='testnet.binancefuture.com', port=443): Max retries exceeded with url: /fapi/v1/klines?symbol=SOLUSDT&interval=15m&limit=100 (Caused by SSLError(SSLEOFError(8, '[SSL: UNEXPECTED_EOF_WHILE_READING] EOF occurred in violation of protocol (_ssl.c:1033)')))
2026-05-25 12:01:44,518 [ERROR] K 线失败 SOL (5 次重试耗尽): HTTPSConnectionPool(host='testnet.binancefuture.com', port=443): Max retries exceeded with url: /fapi/v1/klines?symbol=SOLUSDT&interval=15m&limit=100 (Caused by SSLError(SSLEOFError(8, '[SSL: UNEXPECTED_EOF_WHILE_READING] EOF occurred in violation of protocol (_ssl.c:1033)')))
2026-05-25 12:01:47,672 [WARNING] K 线重试 1/5 SOL: HTTPSConnectionPool(host='testnet.binancefuture.com', port=443): Max retries exceeded with url: /fapi/v1/klines?symbol=SOLUSDT&interval=1h&limit=60 (Caused by SSLError(SSLEOFError(8, '[SSL: UNEXPECTED_EOF_WHILE_READING] EOF occurred in violation of protocol (_ssl.c:1033)')))
2026-05-25 12:01:50,892 [WARNING] K 线重试 2/5 SOL: HTTPSConnectionPool(host='testnet.binancefuture.com', port=443): Max retries exceeded with url: /fapi/v1/klines?symbol=SOLUSDT&interval=1h&limit=60 (Caused by SSLError(SSLEOFError(8, '[SSL: UNEXPECTED_EOF_WHILE_READING] EOF occurred in violation of protocol (_ssl.c:1033)')))
2026-05-25 12:01:54,746 [WARNING] K 线重试 3/5 SOL: HTTPSConnectionPool(host='testnet.binancefuture.com', port=443): Max retries exceeded with url: /fapi/v1/klines?symbol=SOLUSDT&interval=1h&limit=60 (Caused by SSLError(SSLEOFError(8, '[SSL: UNEXPECTED_EOF_WHILE_READING] EOF occurred in violation of protocol (_ssl.c:1033)')))
2026-05-25 12:01:57,825 [WARNING] K 线重试 4/5 SOL: HTTPSConnectionPool(host='testnet.binancefuture.com', port=443): Max retries exceeded with url: /fapi/v1/klines?symbol=SOLUSDT&interval=1h&limit=60 (Caused by SSLError(SSLEOFError(8, '[SSL: UNEXPECTED_EOF_WHILE_READING] EOF occurred in violation of protocol (_ssl.c:1033)')))
2026-05-25 12:02:00,497 [ERROR] K 线失败 SOL (5 次重试耗尽): HTTPSConnectionPool(host='testnet.binancefuture.com', port=443): Max retries exceeded with url: /fapi/v1/klines?symbol=SOLUSDT&interval=1h&limit=60 (Caused by SSLError(SSLEOFError(8, '[SSL: UNEXPECTED_EOF_WHILE_READING] EOF occurred in violation of protocol (_ssl.c:1033)')))
2026-05-25 12:02:04,373 [WARNING] 24hr Ticker failed SOL: HTTPSConnectionPool(host='testnet.binancefuture.com', port=443): Max retries exceeded with url: /fapi/v1/ticker/24hr?symbol=SOLUSDT (Caused by SSLError(SSLEOFError(8, '[SSL: UNEXPECTED_EOF_WHILE_READING] EOF occurred in violation of protocol (_ssl.c:1033)')))
2026-05-25 12:02:04,374 [ERROR] 24h klines failed all fallbacks SOL
2026-05-25 12:02:07,291 [WARNING] K 线重试 1/5 BNB: HTTPSConnectionPool(host='testnet.binancefuture.com', port=443): Max retries exceeded with url: /fapi/v1/klines?symbol=BNBUSDT&interval=15m&limit=100 (Caused by SSLError(SSLEOFError(8, '[SSL: UNEXPECTED_EOF_WHILE_READING] EOF occurred in violation of protocol (_ssl.c:1033)')))
2026-05-25 12:02:10,643 [WARNING] K 线重试 2/5 BNB: HTTPSConnectionPool(host='testnet.binancefuture.com', port=443): Max retries exceeded with url: /fapi/v1/klines?symbol=BNBUSDT&interval=15m&limit=100 (Caused by SSLError(SSLEOFError(8, '[SSL: UNEXPECTED_EOF_WHILE_READING] EOF occurred in violation of protocol (_ssl.c:1033)')))
2026-05-25 12:02:14,362 [WARNING] K 线重试 3/5 BNB: HTTPSConnectionPool(host='testnet.binancefuture.com', port=443): Max retries exceeded with url: /fapi/v1/klines?symbol=BNBUSDT&interval=15m&limit=100 (Caused by SSLError(SSLEOFError(8, '[SSL: UNEXPECTED_EOF_WHILE_READING] EOF occurred in violation of protocol (_ssl.c:1033)')))
2026-05-25 12:02:17,247 [WARNING] K 线重试 4/5 BNB: HTTPSConnectionPool(host='testnet.binancefuture.com', port=443): Max retries exceeded with url: /fapi/v1/klines?symbol=BNBUSDT&interval=15m&limit=100 (Caused by SSLError(SSLEOFError(8, '[SSL: UNEXPECTED_EOF_WHILE_READING] EOF occurred in violation of protocol (_ssl.c:1033)')))
2026-05-25 12:02:20,118 [ERROR] K 线失败 BNB (5 次重试耗尽): HTTPSConnectionPool(host='testnet.binancefuture.com', port=443): Max retries exceeded with url: /fapi/v1/klines?symbol=BNBUSDT&interval=15m&limit=100 (Caused by SSLError(SSLEOFError(8, '[SSL: UNEXPECTED_EOF_WHILE_READING] EOF occurred in violation of protocol (_ssl.c:1033)')))
2026-05-25 12:02:23,586 [WARNING] K 线重试 1/5 BNB: HTTPSConnectionPool(host='testnet.binancefuture.com', port=443): Max retries exceeded with url: /fapi/v1/klines?symbol=BNBUSDT&interval=1h&limit=60 (Caused by SSLError(SSLEOFError(8, '[SSL: UNEXPECTED_EOF_WHILE_READING] EOF occurred in violation of protocol (_ssl.c:1033)')))
2026-05-25 12:02:26,119 [WARNING] K 线重试 2/5 BNB: HTTPSConnectionPool(host='testnet.binancefuture.com', port=443): Max retries exceeded with url: /fapi/v1/klines?symbol=BNBUSDT&interval=1h&limit=60 (Caused by SSLError(SSLEOFError(8, '[SSL: UNEXPECTED_EOF_WHILE_READING] EOF occurred in violation of protocol (_ssl.c:1033)')))
2026-05-25 12:02:28,836 [WARNING] K 线重试 3/5 BNB: HTTPSConnectionPool(host='testnet.binancefuture.com', port=443): Max retries exceeded with url: /fapi/v1/klines?symbol=BNBUSDT&interval=1h&limit=60 (Caused by SSLError(SSLEOFError(8, '[SSL: UNEXPECTED_EOF_WHILE_READING] EOF occurred in violation of protocol (_ssl.c:1033)')))
2026-05-25 12:02:31,608 [WARNING] K 线重试 4/5 BNB: HTTPSConnectionPool(host='testnet.binancefuture.com', port=443): Max retries exceeded with url: /fapi/v1/klines?symbol=BNBUSDT&interval=1h&limit=60 (Caused by SSLError(SSLEOFError(8, '[SSL: UNEXPECTED_EOF_WHILE_READING] EOF occurred in violation of protocol (_ssl.c:1033)')))
2026-05-25 12:02:35,753 [ERROR] K 线失败 BNB (5 次重试耗尽): HTTPSConnectionPool(host='testnet.binancefuture.com', port=443): Max retries exceeded with url: /fapi/v1/klines?symbol=BNBUSDT&interval=1h&limit=60 (Caused by SSLError(SSLEOFError(8, '[SSL: UNEXPECTED_EOF_WHILE_READING] EOF occurred in violation of protocol (_ssl.c:1033)')))
2026-05-25 12:02:39,246 [WARNING] 24hr Ticker failed BNB: HTTPSConnectionPool(host='testnet.binancefuture.com', port=443): Max retries exceeded with url: /fapi/v1/ticker/24hr?symbol=BNBUSDT (Caused by SSLError(SSLEOFError(8, '[SSL: UNEXPECTED_EOF_WHILE_READING] EOF occurred in violation of protocol (_ssl.c:1033)')))
2026-05-25 12:02:39,246 [ERROR] 24h klines failed all fallbacks BNB
2026-05-25 12:02:41,725 [WARNING] K 线重试 1/5 DOT: HTTPSConnectionPool(host='testnet.binancefuture.com', port=443): Max retries exceeded with url: /fapi/v1/klines?symbol=DOTUSDT&interval=15m&limit=100 (Caused by SSLError(SSLEOFError(8, '[SSL: UNEXPECTED_EOF_WHILE_READING] EOF occurred in violation of protocol (_ssl.c:1033)')))
2026-05-25 12:02:44,273 [WARNING] K 线重试 2/5 DOT: HTTPSConnectionPool(host='testnet.binancefuture.com', port=443): Max retries exceeded with url: /fapi/v1/klines?symbol=DOTUSDT&interval=15m&limit=100 (Caused by SSLError(SSLEOFError(8, '[SSL: UNEXPECTED_EOF_WHILE_READING] EOF occurred in violation of protocol (_ssl.c:1033)')))
2026-05-25 12:02:47,553 [WARNING] K 线重试 3/5 DOT: HTTPSConnectionPool(host='testnet.binancefuture.com', port=443): Max retries exceeded with url: /fapi/v1/klines?symbol=DOTUSDT&interval=15m&limit=100 (Caused by SSLError(SSLEOFError(8, '[SSL: UNEXPECTED_EOF_WHILE_READING] EOF occurred in violation of protocol (_ssl.c:1033)')))
2026-05-25 12:02:50,375 [WARNING] K 线重试 4/5 DOT: HTTPSConnectionPool(host='testnet.binancefuture.com', port=443): Max retries exceeded with url: /fapi/v1/klines?symbol=DOTUSDT&interval=15m&limit=100 (Caused by SSLError(SSLEOFError(8, '[SSL: UNEXPECTED_EOF_WHILE_READING] EOF occurred in violation of protocol (_ssl.c:1033)')))
2026-05-25 12:02:54,100 [ERROR] K 线失败 DOT (5 次重试耗尽): HTTPSConnectionPool(host='testnet.binancefuture.com', port=443): Max retries exceeded with url: /fapi/v1/klines?symbol=DOTUSDT&interval=15m&limit=100 (Caused by SSLError(SSLEOFError(8, '[SSL: UNEXPECTED_EOF_WHILE_READING] EOF occurred in violation of protocol (_ssl.c:1033)')))
2026-05-25 12:02:57,088 [WARNING] K 线重试 1/5 DOT: HTTPSConnectionPool(host='testnet.binancefuture.com', port=443): Max retries exceeded with url: /fapi/v1/klines?symbol=DOTUSDT&interval=1h&limit=60 (Caused by SSLError(SSLEOFError(8, '[SSL: UNEXPECTED_EOF_WHILE_READING] EOF occurred in violation of protocol (_ssl.c:1033)')))
2026-05-25 12:02:59,952 [WARNING] K 线重试 2/5 DOT: HTTPSConnectionPool(host='testnet.binancefuture.com', port=443): Max retries exceeded with url: /fapi/v1/klines?symbol=DOTUSDT&interval=1h&limit=60 (Caused by SSLError(SSLEOFError(8, '[SSL: UNEXPECTED_EOF_WHILE_READING] EOF occurred in violation of protocol (_ssl.c:1033)')))
2026-05-25 12:03:02,460 [WARNING] K 线重试 3/5 DOT: HTTPSConnectionPool(host='testnet.binancefuture.com', port=443): Max retries exceeded with url: /fapi/v1/klines?symbol=DOTUSDT&interval=1h&limit=60 (Caused by SSLError(SSLEOFError(8, '[SSL: UNEXPECTED_EOF_WHILE_READING] EOF occurred in violation of protocol (_ssl.c:1033)')))
2026-05-25 12:03:05,524 [WARNING] K 线重试 4/5 DOT: HTTPSConnectionPool(host='testnet.binancefuture.com', port=443): Max retries exceeded with url: /fapi/v1/klines?symbol=DOTUSDT&interval=1h&limit=60 (Caused by SSLError(SSLEOFError(8, '[SSL: UNEXPECTED_EOF_WHILE_READING] EOF occurred in violation of protocol (_ssl.c:1033)')))
2026-05-25 12:03:08,699 [ERROR] K 线失败 DOT (5 次重试耗尽): HTTPSConnectionPool(host='testnet.binancefuture.com', port=443): Max retries exceeded with url: /fapi/v1/klines?symbol=DOTUSDT&interval=1h&limit=60 (Caused by SSLError(SSLEOFError(8, '[SSL: UNEXPECTED_EOF_WHILE_READING] EOF occurred in violation of protocol (_ssl.c:1033)')))
2026-05-25 12:03:11,220 [WARNING] 24hr Ticker failed DOT: HTTPSConnectionPool(host='testnet.binancefuture.com', port=443): Max retries exceeded with url: /fapi/v1/ticker/24hr?symbol=DOTUSDT (Caused by SSLError(SSLEOFError(8, '[SSL: UNEXPECTED_EOF_WHILE_READING] EOF occurred in violation of protocol (_ssl.c:1033)')))
2026-05-25 12:03:11,220 [ERROR] 24h klines failed all fallbacks DOT
2026-05-25 12:03:14,369 [WARNING] K 线重试 1/5 LINK: HTTPSConnectionPool(host='testnet.binancefuture.com', port=443): Max retries exceeded with url: /fapi/v1/klines?symbol=LINKUSDT&interval=15m&limit=100 (Caused by SSLError(SSLEOFError(8, '[SSL: UNEXPECTED_EOF_WHILE_READING] EOF occurred in violation of protocol (_ssl.c:1033)')))
2026-05-25 12:03:18,099 [WARNING] K 线重试 2/5 LINK: HTTPSConnectionPool(host='testnet.binancefuture.com', port=443): Max retries exceeded with url: /fapi/v1/klines?symbol=LINKUSDT&interval=15m&limit=100 (Caused by SSLError(SSLEOFError(8, '[SSL: UNEXPECTED_EOF_WHILE_READING] EOF occurred in violation of protocol (_ssl.c:1033)')))
2026-05-25 12:03:20,703 [WARNING] K 线重试 3/5 LINK: HTTPSConnectionPool(host='testnet.binancefuture.com', port=443): Max retries exceeded with url: /fapi/v1/klines?symbol=LINKUSDT&interval=15m&limit=100 (Caused by SSLError(SSLEOFError(8, '[SSL: UNEXPECTED_EOF_WHILE_READING] EOF occurred in violation of protocol (_ssl.c:1033)')))
2026-05-25 12:03:23,298 [WARNING] K 线重试 4/5 LINK: HTTPSConnectionPool(host='testnet.binancefuture.com', port=443): Max retries exceeded with url: /fapi/v1/klines?symbol=LINKUSDT&interval=15m&limit=100 (Caused by SSLError(SSLEOFError(8, '[SSL: UNEXPECTED_EOF_WHILE_READING] EOF occurred in violation of protocol (_ssl.c:1033)')))
2026-05-25 12:03:26,625 [ERROR] K 线失败 LINK (5 次重试耗尽): HTTPSConnectionPool(host='testnet.binancefuture.com', port=443): Max retries exceeded with url: /fapi/v1/klines?symbol=LINKUSDT&interval=15m&limit=100 (Caused by SSLError(SSLEOFError(8, '[SSL: UNEXPECTED_EOF_WHILE_READING] EOF occurred in violation of protocol (_ssl.c:1033)')))
2026-05-25 12:03:29,844 [WARNING] K 线重试 1/5 LINK: HTTPSConnectionPool(host='testnet.binancefuture.com', port=443): Max retries exceeded with url: /fapi/v1/klines?symbol=LINKUSDT&interval=1h&limit=60 (Caused by SSLError(SSLEOFError(8, '[SSL: UNEXPECTED_EOF_WHILE_READING] EOF occurred in violation of protocol (_ssl.c:1033)')))
2026-05-25 12:03:33,472 [WARNING] K 线重试 2/5 LINK: HTTPSConnectionPool(host='testnet.binancefuture.com', port=443): Max retries exceeded with url: /fapi/v1/klines?symbol=LINKUSDT&interval=1h&limit=60 (Caused by SSLError(SSLEOFError(8, '[SSL: UNEXPECTED_EOF_WHILE_READING] EOF occurred in violation of protocol (_ssl.c:1033)')))
2026-05-25 12:03:36,252 [WARNING] K 线重试 3/5 LINK: HTTPSConnectionPool(host='testnet.binancefuture.com', port=443): Max retries exceeded with url: /fapi/v1/klines?symbol=LINKUSDT&interval=1h&limit=60 (Caused by SSLError(SSLEOFError(8, '[SSL: UNEXPECTED_EOF_WHILE_READING] EOF occurred in violation of protocol (_ssl.c:1033)')))
2026-05-25 12:03:39,976 [WARNING] K 线重试 4/5 LINK: HTTPSConnectionPool(host='testnet.binancefuture.com', port=443): Max retries exceeded with url: /fapi/v1/klines?symbol=LINKUSDT&interval=1h&limit=60 (Caused by SSLError(SSLEOFError(8, '[SSL: UNEXPECTED_EOF_WHILE_READING] EOF occurred in violation of protocol (_ssl.c:1033)')))
2026-05-25 12:03:43,219 [ERROR] K 线失败 LINK (5 次重试耗尽): HTTPSConnectionPool(host='testnet.binancefuture.com', port=443): Max retries exceeded with url: /fapi/v1/klines?symbol=LINKUSDT&interval=1h&limit=60 (Caused by SSLError(SSLEOFError(8, '[SSL: UNEXPECTED_EOF_WHILE_READING] EOF occurred in violation of protocol (_ssl.c:1033)')))
2026-05-25 12:03:46,543 [WARNING] 24hr Ticker failed LINK: HTTPSConnectionPool(host='testnet.binancefuture.com', port=443): Max retries exceeded with url: /fapi/v1/ticker/24hr?symbol=LINKUSDT (Caused by SSLError(SSLEOFError(8, '[SSL: UNEXPECTED_EOF_WHILE_READING] EOF occurred in violation of protocol (_ssl.c:1033)')))
2026-05-25 12:03:46,545 [ERROR] 24h klines failed all fallbacks LINK
2026-05-25 12:03:49,936 [WARNING] K 线重试 1/5 XRP: HTTPSConnectionPool(host='testnet.binancefuture.com', port=443): Max retries exceeded with url: /fapi/v1/klines?symbol=XRPUSDT&interval=15m&limit=100 (Caused by SSLError(SSLEOFError(8, '[SSL: UNEXPECTED_EOF_WHILE_READING] EOF occurred in violation of protocol (_ssl.c:1033)')))
2026-05-25 12:03:52,019 [WARNING] K 线重试 2/5 XRP: HTTPSConnectionPool(host='testnet.binancefuture.com', port=443): Max retries exceeded with url: /fapi/v1/klines?symbol=XRPUSDT&interval=15m&limit=100 (Caused by SSLError(SSLEOFError(8, '[SSL: UNEXPECTED_EOF_WHILE_READING] EOF occurred in violation of protocol (_ssl.c:1033)')))
2026-05-25 12:03:55,196 [WARNING] K 线重试 3/5 XRP: HTTPSConnectionPool(host='testnet.binancefuture.com', port=443): Max retries exceeded with url: /fapi/v1/klines?symbol=XRPUSDT&interval=15m&limit=100 (Caused by SSLError(SSLEOFError(8, '[SSL: UNEXPECTED_EOF_WHILE_READING] EOF occurred in violation of protocol (_ssl.c:1033)')))
2026-05-25 12:03:58,369 [WARNING] K 线重试 4/5 XRP: HTTPSConnectionPool(host='testnet.binancefuture.com', port=443): Max retries exceeded with url: /fapi/v1/klines?symbol=XRPUSDT&interval=15m&limit=100 (Caused by SSLError(SSLEOFError(8, '[SSL: UNEXPECTED_EOF_WHILE_READING] EOF occurred in violation of protocol (_ssl.c:1033)')))
2026-05-25 12:04:01,266 [ERROR] K 线失败 XRP (5 次重试耗尽): HTTPSConnectionPool(host='testnet.binancefuture.com', port=443): Max retries exceeded with url: /fapi/v1/klines?symbol=XRPUSDT&interval=15m&limit=100 (Caused by SSLError(SSLEOFError(8, '[SSL: UNEXPECTED_EOF_WHILE_READING] EOF occurred in violation of protocol (_ssl.c:1033)')))
2026-05-25 12:04:05,343 [WARNING] K 线重试 1/5 XRP: HTTPSConnectionPool(host='testnet.binancefuture.com', port=443): Max retries exceeded with url: /fapi/v1/klines?symbol=XRPUSDT&interval=1h&limit=60 (Caused by SSLError(SSLEOFError(8, '[SSL: UNEXPECTED_EOF_WHILE_READING] EOF occurred in violation of protocol (_ssl.c:1033)')))
2026-05-25 12:04:08,438 [WARNING] K 线重试 2/5 XRP: HTTPSConnectionPool(host='testnet.binancefuture.com', port=443): Max retries exceeded with url: /fapi/v1/klines?symbol=XRPUSDT&interval=1h&limit=60 (Caused by SSLError(SSLEOFError(8, '[SSL: UNEXPECTED_EOF_WHILE_READING] EOF occurred in violation of protocol (_ssl.c:1033)')))
2026-05-25 12:04:11,226 [WARNING] K 线重试 3/5 XRP: HTTPSConnectionPool(host='testnet.binancefuture.com', port=443): Max retries exceeded with url: /fapi/v1/klines?symbol=XRPUSDT&interval=1h&limit=60 (Caused by SSLError(SSLEOFError(8, '[SSL: UNEXPECTED_EOF_WHILE_READING] EOF occurred in violation of protocol (_ssl.c:1033)')))
2026-05-25 12:04:15,117 [WARNING] K 线重试 4/5 XRP: HTTPSConnectionPool(host='testnet.binancefuture.com', port=443): Max retries exceeded with url: /fapi/v1/klines?symbol=XRPUSDT&interval=1h&limit=60 (Caused by SSLError(SSLEOFError(8, '[SSL: UNEXPECTED_EOF_WHILE_READING] EOF occurred in violation of protocol (_ssl.c:1033)')))
2026-05-25 12:04:18,488 [ERROR] K 线失败 XRP (5 次重试耗尽): HTTPSConnectionPool(host='testnet.binancefuture.com', port=443): Max retries exceeded with url: /fapi/v1/klines?symbol=XRPUSDT&interval=1h&limit=60 (Caused by SSLError(SSLEOFError(8, '[SSL: UNEXPECTED_EOF_WHILE_READING] EOF occurred in violation of protocol (_ssl.c:1033)')))
2026-05-25 12:04:22,153 [WARNING] 24hr Ticker failed XRP: HTTPSConnectionPool(host='testnet.binancefuture.com', port=443): Max retries exceeded with url: /fapi/v1/ticker/24hr?symbol=XRPUSDT (Caused by SSLError(SSLEOFError(8, '[SSL: UNEXPECTED_EOF_WHILE_READING] EOF occurred in violation of protocol (_ssl.c:1033)')))
2026-05-25 12:04:22,154 [ERROR] 24h klines failed all fallbacks XRP
2026-05-25 12:04:22,154 [WARNING] ⚠️ 整点汇报指标刷新失败，评分可能为 0
2026-05-25 12:04:34,336 [ERROR] ❌ Binance API 错误：{'error': "HTTPSConnectionPool(host='testnet.binancefuture.com', port=443): Max retries exceeded with url: /fapi/v2/positionRisk?timestamp=1779681862154&recvWindow=30000&signature=e3ca6fbbccb982864e54207fc279e57683c6c15c867b9a5ba9b182b2901df31b (Caused by SSLError(SSLEOFError(8, '[SSL: UNEXPECTED_EOF_WHILE_READING] EOF occurred in violation of protocol (_ssl.c:1033)')))", 'clientOrderId': None}
2026-05-25 12:04:34,336 [INFO] 📋 整点汇报：持仓数=0, prices 缓存=7
2026-05-25 12:04:38,300 [ERROR] ❌ 飞书推送异常：HTTPSConnectionPool(host='open.feishu.cn', port=443): Max retries exceeded with url: /open-apis/im/v1/messages?receive_id_type=chat_id (Caused by SSLError(SSLEOFError(8, '[SSL: UNEXPECTED_EOF_WHILE_READING] EOF occurred in violation of protocol (_ssl.c:1033)')))
2026-05-25 12:04:38,301 [WARNING] ⚠️ 小时汇报推送失败，已跳过
2026-05-25 12:04:49,291 [WARNING] WebSocket 断线，5 秒后重连：Connection timeout to host wss://stream.binancefuture.com/stream?streams=btcusdt@ticker/ethusdt@ticker/solusdt@ticker/bnbusdt@ticker/dotusdt@ticker/linkusdt@ticker/xrpusdt@ticker
2026-05-25 12:05:08,032 [WARNING] K 线重试 1/5 BTC: HTTPSConnectionPool(host='testnet.binancefuture.com', port=443): Max retries exceeded with url: /fapi/v1/klines?symbol=BTCUSDT&interval=15m&limit=100 (Caused by SSLError(SSLEOFError(8, '[SSL: UNEXPECTED_EOF_WHILE_READING] EOF occurred in violation of protocol (_ssl.c:1033)')))
2026-05-25 12:05:11,067 [WARNING] K 线重试 2/5 BTC: HTTPSConnectionPool(host='testnet.binancefuture.com', port=443): Max retries exceeded with url: /fapi/v1/klines?symbol=BTCUSDT&interval=15m&limit=100 (Caused by SSLError(SSLEOFError(8, '[SSL: UNEXPECTED_EOF_WHILE_READING] EOF occurred in violation of protocol (_ssl.c:1033)')))
2026-05-25 12:05:14,108 [WARNING] K 线重试 3/5 BTC: HTTPSConnectionPool(host='testnet.binancefuture.com', port=443): Max retries exceeded with url: /fapi/v1/klines?symbol=BTCUSDT&interval=15m&limit=100 (Caused by SSLError(SSLEOFError(8, '[SSL: UNEXPECTED_EOF_WHILE_READING] EOF occurred in violation of protocol (_ssl.c:1033)')))
2026-05-25 12:05:17,434 [WARNING] K 线重试 4/5 BTC: HTTPSConnectionPool(host='testnet.binancefuture.com', port=443): Max retries exceeded with url: /fapi/v1/klines?symbol=BTCUSDT&interval=15m&limit=100 (Caused by SSLError(SSLEOFError(8, '[SSL: UNEXPECTED_EOF_WHILE_READING] EOF occurred in violation of protocol (_ssl.c:1033)')))
2026-05-25 12:05:19,579 [ERROR] K 线失败 BTC (5 次重试耗尽): HTTPSConnectionPool(host='testnet.binancefuture.com', port=443): Max retries exceeded with url: /fapi/v1/klines?symbol=BTCUSDT&interval=15m&limit=100 (Caused by SSLError(SSLEOFError(8, '[SSL: UNEXPECTED_EOF_WHILE_READING] EOF occurred in violation of protocol (_ssl.c:1033)')))
2026-05-25 12:05:22,346 [WARNING] K 线重试 1/5 BTC: HTTPSConnectionPool(host='testnet.binancefuture.com', port=443): Max retries exceeded with url: /fapi/v1/klines?symbol=BTCUSDT&interval=1h&limit=60 (Caused by SSLError(SSLEOFError(8, '[SSL: UNEXPECTED_EOF_WHILE_READING] EOF occurred in violation of protocol (_ssl.c:1033)')))
2026-05-25 12:05:25,124 [WARNING] K 线重试 2/5 BTC: HTTPSConnectionPool(host='testnet.binancefuture.com', port=443): Max retries exceeded with url: /fapi/v1/klines?symbol=BTCUSDT&interval=1h&limit=60 (Caused by SSLError(SSLEOFError(8, '[SSL: UNEXPECTED_EOF_WHILE_READING] EOF occurred in violation of protocol (_ssl.c:1033)')))
2026-05-25 12:05:27,867 [WARNING] K 线重试 3/5 BTC: HTTPSConnectionPool(host='testnet.binancefuture.com', port=443): Max retries exceeded with url: /fapi/v1/klines?symbol=BTCUSDT&interval=1h&limit=60 (Caused by SSLError(SSLEOFError(8, '[SSL: UNEXPECTED_EOF_WHILE_READING] EOF occurred in violation of protocol (_ssl.c:1033)')))
2026-05-25 12:05:31,154 [WARNING] K 线重试 4/5 BTC: HTTPSConnectionPool(host='testnet.binancefuture.com', port=443): Max retries exceeded with url: /fapi/v1/klines?symbol=BTCUSDT&interval=1h&limit=60 (Caused by SSLError(SSLEOFError(8, '[SSL: UNEXPECTED_EOF_WHILE_READING] EOF occurred in violation of protocol (_ssl.c:1033)')))
2026-05-25 12:05:34,557 [ERROR] K 线失败 BTC (5 次重试耗尽): HTTPSConnectionPool(host='testnet.binancefuture.com', port=443): Max retries exceeded with url: /fapi/v1/klines?symbol=BTCUSDT&interval=1h&limit=60 (Caused by SSLError(SSLEOFError(8, '[SSL: UNEXPECTED_EOF_WHILE_READING] EOF occurred in violation of protocol (_ssl.c:1033)')))
2026-05-25 12:05:37,623 [WARNING] 24hr Ticker failed BTC: HTTPSConnectionPool(host='testnet.binancefuture.com', port=443): Max retries exceeded with url: /fapi/v1/ticker/24hr?symbol=BTCUSDT (Caused by SSLError(SSLEOFError(8, '[SSL: UNEXPECTED_EOF_WHILE_READING] EOF occurred in violation of protocol (_ssl.c:1033)')))
2026-05-25 12:05:37,624 [ERROR] 24h klines failed all fallbacks BTC
2026-05-25 12:05:41,527 [WARNING] K 线重试 1/5 ETH: HTTPSConnectionPool(host='testnet.binancefuture.com', port=443): Max retries exceeded with url: /fapi/v1/klines?symbol=ETHUSDT&interval=15m&limit=100 (Caused by SSLError(SSLEOFError(8, '[SSL: UNEXPECTED_EOF_WHILE_READING] EOF occurred in violation of protocol (_ssl.c:1033)')))
2026-05-25 12:05:43,963 [WARNING] K 线重试 2/5 ETH: HTTPSConnectionPool(host='testnet.binancefuture.com', port=443): Max retries exceeded with url: /fapi/v1/klines?symbol=ETHUSDT&interval=15m&limit=100 (Caused by SSLError(SSLEOFError(8, '[SSL: UNEXPECTED_EOF_WHILE_READING] EOF occurred in violation of protocol (_ssl.c:1033)')))
2026-05-25 12:05:46,691 [WARNING] K 线重试 3/5 ETH: HTTPSConnectionPool(host='testnet.binancefuture.com', port=443): Max retries exceeded with url: /fapi/v1/klines?symbol=ETHUSDT&interval=15m&limit=100 (Caused by SSLError(SSLEOFError(8, '[SSL: UNEXPECTED_EOF_WHILE_READING] EOF occurred in violation of protocol (_ssl.c:1033)')))
2026-05-25 12:05:48,734 [WARNING] K 线重试 4/5 ETH: HTTPSConnectionPool(host='testnet.binancefuture.com', port=443): Max retries exceeded with url: /fapi/v1/klines?symbol=ETHUSDT&interval=15m&limit=100 (Caused by SSLError(SSLEOFError(8, '[SSL: UNEXPECTED_EOF_WHILE_READING] EOF occurred in violation of protocol (_ssl.c:1033)')))
2026-05-25 12:05:51,826 [ERROR] K 线失败 ETH (5 次重试耗尽): HTTPSConnectionPool(host='testnet.binancefuture.com', port=443): Max retries exceeded with url: /fapi/v1/klines?symbol=ETHUSDT&interval=15m&limit=100 (Caused by SSLError(SSLEOFError(8, '[SSL: UNEXPECTED_EOF_WHILE_READING] EOF occurred in violation of protocol (_ssl.c:1033)')))
2026-05-25 12:05:55,187 [WARNING] K 线重试 1/5 ETH: HTTPSConnectionPool(host='testnet.binancefuture.com', port=443): Max retries exceeded with url: /fapi/v1/klines?symbol=ETHUSDT&interval=1h&limit=60 (Caused by SSLError(SSLEOFError(8, '[SSL: UNEXPECTED_EOF_WHILE_READING] EOF occurred in violation of protocol (_ssl.c:1033)')))
2026-05-25 12:05:57,781 [WARNING] K 线重试 2/5 ETH: HTTPSConnectionPool(host='testnet.binancefuture.com', port=443): Max retries exceeded with url: /fapi/v1/klines?symbol=ETHUSDT&interval=1h&limit=60 (Caused by SSLError(SSLEOFError(8, '[SSL: UNEXPECTED_EOF_WHILE_READING] EOF occurred in violation of protocol (_ssl.c:1033)')))
2026-05-25 12:06:01,421 [WARNING] K 线重试 3/5 ETH: HTTPSConnectionPool(host='testnet.binancefuture.com', port=443): Max retries exceeded with url: /fapi/v1/klines?symbol=ETHUSDT&interval=1h&limit=60 (Caused by SSLError(SSLEOFError(8, '[SSL: UNEXPECTED_EOF_WHILE_READING] EOF occurred in violation of protocol (_ssl.c:1033)')))
2026-05-25 12:06:04,983 [WARNING] K 线重试 4/5 ETH: HTTPSConnectionPool(host='testnet.binancefuture.com', port=443): Max retries exceeded with url: /fapi/v1/klines?symbol=ETHUSDT&interval=1h&limit=60 (Caused by SSLError(SSLEOFError(8, '[SSL: UNEXPECTED_EOF_WHILE_READING] EOF occurred in violation of protocol (_ssl.c:1033)')))
2026-05-25 12:06:08,600 [ERROR] K 线失败 ETH (5 次重试耗尽): HTTPSConnectionPool(host='testnet.binancefuture.com', port=443): Max retries exceeded with url: /fapi/v1/klines?symbol=ETHUSDT&interval=1h&limit=60 (Caused by SSLError(SSLEOFError(8, '[SSL: UNEXPECTED_EOF_WHILE_READING] EOF occurred in violation of protocol (_ssl.c:1033)')))
2026-05-25 12:06:12,544 [WARNING] 24hr Ticker failed ETH: HTTPSConnectionPool(host='testnet.binancefuture.com', port=443): Max retries exceeded with url: /fapi/v1/ticker/24hr?symbol=ETHUSDT (Caused by SSLError(SSLEOFError(8, '[SSL: UNEXPECTED_EOF_WHILE_READING] EOF occurred in violation of protocol (_ssl.c:1033)')))
2026-05-25 12:06:12,545 [ERROR] 24h klines failed all fallbacks ETH
2026-05-25 12:06:16,442 [WARNING] K 线重试 1/5 SOL: HTTPSConnectionPool(host='testnet.binancefuture.com', port=443): Max retries exceeded with url: /fapi/v1/klines?symbol=SOLUSDT&interval=15m&limit=100 (Caused by SSLError(SSLEOFError(8, '[SSL: UNEXPECTED_EOF_WHILE_READING] EOF occurred in violation of protocol (_ssl.c:1033)')))
2026-05-25 12:06:19,814 [WARNING] K 线重试 2/5 SOL: HTTPSConnectionPool(host='testnet.binancefuture.com', port=443): Max retries exceeded with url: /fapi/v1/klines?symbol=SOLUSDT&interval=15m&limit=100 (Caused by SSLError(SSLEOFError(8, '[SSL: UNEXPECTED_EOF_WHILE_READING] EOF occurred in violation of protocol (_ssl.c:1033)')))
2026-05-25 12:06:22,635 [WARNING] K 线重试 3/5 SOL: HTTPSConnectionPool(host='testnet.binancefuture.com', port=443): Max retries exceeded with url: /fapi/v1/klines?symbol=SOLUSDT&interval=15m&limit=100 (Caused by SSLError(SSLEOFError(8, '[SSL: UNEXPECTED_EOF_WHILE_READING] EOF occurred in violation of protocol (_ssl.c:1033)')))
2026-05-25 12:06:26,220 [WARNING] K 线重试 4/5 SOL: HTTPSConnectionPool(host='testnet.binancefuture.com', port=443): Max retries exceeded with url: /fapi/v1/klines?symbol=SOLUSDT&interval=15m&limit=100 (Caused by SSLError(SSLEOFError(8, '[SSL: UNEXPECTED_EOF_WHILE_READING] EOF occurred in violation of protocol (_ssl.c:1033)')))
2026-05-25 12:06:29,130 [ERROR] K 线失败 SOL (5 次重试耗尽): HTTPSConnectionPool(host='testnet.binancefuture.com', port=443): Max retries exceeded with url: /fapi/v1/klines?symbol=SOLUSDT&interval=15m&limit=100 (Caused by SSLError(SSLEOFError(8, '[SSL: UNEXPECTED_EOF_WHILE_READING] EOF occurred in violation of protocol (_ssl.c:1033)')))
2026-05-25 12:06:32,913 [WARNING] K 线重试 1/5 SOL: HTTPSConnectionPool(host='testnet.binancefuture.com', port=443): Max retries exceeded with url: /fapi/v1/klines?symbol=SOLUSDT&interval=1h&limit=60 (Caused by SSLError(SSLEOFError(8, '[SSL: UNEXPECTED_EOF_WHILE_READING] EOF occurred in violation of protocol (_ssl.c:1033)')))
2026-05-25 12:06:36,330 [WARNING] K 线重试 2/5 SOL: HTTPSConnectionPool(host='testnet.binancefuture.com', port=443): Max retries exceeded with url: /fapi/v1/klines?symbol=SOLUSDT&interval=1h&limit=60 (Caused by SSLError(SSLEOFError(8, '[SSL: UNEXPECTED_EOF_WHILE_READING] EOF occurred in violation of protocol (_ssl.c:1033)')))
2026-05-25 12:06:39,810 [WARNING] K 线重试 3/5 SOL: HTTPSConnectionPool(host='testnet.binancefuture.com', port=443): Max retries exceeded with url: /fapi/v1/klines?symbol=SOLUSDT&interval=1h&limit=60 (Caused by SSLError(SSLEOFError(8, '[SSL: UNEXPECTED_EOF_WHILE_READING] EOF occurred in violation of protocol (_ssl.c:1033)')))
2026-05-25 12:06:42,870 [WARNING] K 线重试 4/5 SOL: HTTPSConnectionPool(host='testnet.binancefuture.com', port=443): Max retries exceeded with url: /fapi/v1/klines?symbol=SOLUSDT&interval=1h&limit=60 (Caused by SSLError(SSLEOFError(8, '[SSL: UNEXPECTED_EOF_WHILE_READING] EOF occurred in violation of protocol (_ssl.c:1033)')))
2026-05-25 12:06:46,187 [ERROR] K 线失败 SOL (5 次重试耗尽): HTTPSConnectionPool(host='testnet.binancefuture.com', port=443): Max retries exceeded with url: /fapi/v1/klines?symbol=SOLUSDT&interval=1h&limit=60 (Caused by SSLError(SSLEOFError(8, '[SSL: UNEXPECTED_EOF_WHILE_READING] EOF occurred in violation of protocol (_ssl.c:1033)')))
2026-05-25 12:06:48,606 [WARNING] 24hr Ticker failed SOL: HTTPSConnectionPool(host='testnet.binancefuture.com', port=443): Max retries exceeded with url: /fapi/v1/ticker/24hr?symbol=SOLUSDT (Caused by SSLError(SSLEOFError(8, '[SSL: UNEXPECTED_EOF_WHILE_READING] EOF occurred in violation of protocol (_ssl.c:1033)')))
2026-05-25 12:06:48,606 [ERROR] 24h klines failed all fallbacks SOL
2026-05-25 12:06:52,266 [WARNING] K 线重试 1/5 BNB: HTTPSConnectionPool(host='testnet.binancefuture.com', port=443): Max retries exceeded with url: /fapi/v1/klines?symbol=BNBUSDT&interval=15m&limit=100 (Caused by SSLError(SSLEOFError(8, '[SSL: UNEXPECTED_EOF_WHILE_READING] EOF occurred in violation of protocol (_ssl.c:1033)')))
2026-05-25 12:06:53,858 [WARNING] K 线重试 2/5 BNB: HTTPSConnectionPool(host='testnet.binancefuture.com', port=443): Max retries exceeded with url: /fapi/v1/klines?symbol=BNBUSDT&interval=15m&limit=100 (Caused by SSLError(SSLEOFError(8, '[SSL: UNEXPECTED_EOF_WHILE_READING] EOF occurred in violation of protocol (_ssl.c:1033)')))
2026-05-25 12:06:56,532 [WARNING] K 线重试 3/5 BNB: HTTPSConnectionPool(host='testnet.binancefuture.com', port=443): Max retries exceeded with url: /fapi/v1/klines?symbol=BNBUSDT&interval=15m&limit=100 (Caused by SSLError(SSLEOFError(8, '[SSL: UNEXPECTED_EOF_WHILE_READING] EOF occurred in violation of protocol (_ssl.c:1033)')))
2026-05-25 12:06:59,293 [WARNING] K 线重试 4/5 BNB: HTTPSConnectionPool(host='testnet.binancefuture.com', port=443): Max retries exceeded with url: /fapi/v1/klines?symbol=BNBUSDT&interval=15m&limit=100 (Caused by SSLError(SSLEOFError(8, '[SSL: UNEXPECTED_EOF_WHILE_READING] EOF occurred in violation of protocol (_ssl.c:1033)')))
2026-05-25 12:07:02,826 [ERROR] K 线失败 BNB (5 次重试耗尽): HTTPSConnectionPool(host='testnet.binancefuture.com', port=443): Max retries exceeded with url: /fapi/v1/klines?symbol=BNBUSDT&interval=15m&limit=100 (Caused by SSLError(SSLEOFError(8, '[SSL: UNEXPECTED_EOF_WHILE_READING] EOF occurred in violation of protocol (_ssl.c:1033)')))
2026-05-25 12:07:05,088 [WARNING] K 线重试 1/5 BNB: HTTPSConnectionPool(host='testnet.binancefuture.com', port=443): Max retries exceeded with url: /fapi/v1/klines?symbol=BNBUSDT&interval=1h&limit=60 (Caused by SSLError(SSLEOFError(8, '[SSL: UNEXPECTED_EOF_WHILE_READING] EOF occurred in violation of protocol (_ssl.c:1033)')))
2026-05-25 12:07:08,291 [WARNING] K 线重试 2/5 BNB: HTTPSConnectionPool(host='testnet.binancefuture.com', port=443): Max retries exceeded with url: /fapi/v1/klines?symbol=BNBUSDT&interval=1h&limit=60 (Caused by SSLError(SSLEOFError(8, '[SSL: UNEXPECTED_EOF_WHILE_READING] EOF occurred in violation of protocol (_ssl.c:1033)')))
2026-05-25 12:07:10,446 [WARNING] K 线重试 3/5 BNB: HTTPSConnectionPool(host='testnet.binancefuture.com', port=443): Max retries exceeded with url: /fapi/v1/klines?symbol=BNBUSDT&interval=1h&limit=60 (Caused by SSLError(SSLEOFError(8, '[SSL: UNEXPECTED_EOF_WHILE_READING] EOF occurred in violation of protocol (_ssl.c:1033)')))
2026-05-25 12:07:13,407 [WARNING] K 线重试 4/5 BNB: HTTPSConnectionPool(host='testnet.binancefuture.com', port=443): Max retries exceeded with url: /fapi/v1/klines?symbol=BNBUSDT&interval=1h&limit=60 (Caused by SSLError(SSLEOFError(8, '[SSL: UNEXPECTED_EOF_WHILE_READING] EOF occurred in violation of protocol (_ssl.c:1033)')))
2026-05-25 12:07:17,357 [ERROR] K 线失败 BNB (5 次重试耗尽): HTTPSConnectionPool(host='testnet.binancefuture.com', port=443): Max retries exceeded with url: /fapi/v1/klines?symbol=BNBUSDT&interval=1h&limit=60 (Caused by SSLError(SSLEOFError(8, '[SSL: UNEXPECTED_EOF_WHILE_READING] EOF occurred in violation of protocol (_ssl.c:1033)')))
2026-05-25 12:07:19,855 [WARNING] 24hr Ticker failed BNB: HTTPSConnectionPool(host='testnet.binancefuture.com', port=443): Max retries exceeded with url: /fapi/v1/ticker/24hr?symbol=BNBUSDT (Caused by SSLError(SSLEOFError(8, '[SSL: UNEXPECTED_EOF_WHILE_READING] EOF occurred in violation of protocol (_ssl.c:1033)')))
2026-05-25 12:07:19,855 [ERROR] 24h klines failed all fallbacks BNB
2026-05-25 12:07:23,155 [WARNING] K 线重试 1/5 DOT: HTTPSConnectionPool(host='testnet.binancefuture.com', port=443): Max retries exceeded with url: /fapi/v1/klines?symbol=DOTUSDT&interval=15m&limit=100 (Caused by SSLError(SSLEOFError(8, '[SSL: UNEXPECTED_EOF_WHILE_READING] EOF occurred in violation of protocol (_ssl.c:1033)')))
2026-05-25 12:07:26,816 [WARNING] K 线重试 2/5 DOT: HTTPSConnectionPool(host='testnet.binancefuture.com', port=443): Max retries exceeded with url: /fapi/v1/klines?symbol=DOTUSDT&interval=15m&limit=100 (Caused by SSLError(SSLEOFError(8, '[SSL: UNEXPECTED_EOF_WHILE_READING] EOF occurred in violation of protocol (_ssl.c:1033)')))
2026-05-25 12:07:29,897 [WARNING] K 线重试 3/5 DOT: HTTPSConnectionPool(host='testnet.binancefuture.com', port=443): Max retries exceeded with url: /fapi/v1/klines?symbol=DOTUSDT&interval=15m&limit=100 (Caused by SSLError(SSLEOFError(8, '[SSL: UNEXPECTED_EOF_WHILE_READING] EOF occurred in violation of protocol (_ssl.c:1033)')))
2026-05-25 12:07:33,210 [WARNING] K 线重试 4/5 DOT: HTTPSConnectionPool(host='testnet.binancefuture.com', port=443): Max retries exceeded with url: /fapi/v1/klines?symbol=DOTUSDT&interval=15m&limit=100 (Caused by SSLError(SSLEOFError(8, '[SSL: UNEXPECTED_EOF_WHILE_READING] EOF occurred in violation of protocol (_ssl.c:1033)')))
2026-05-25 12:07:37,018 [ERROR] K 线失败 DOT (5 次重试耗尽): HTTPSConnectionPool(host='testnet.binancefuture.com', port=443): Max retries exceeded with url: /fapi/v1/klines?symbol=DOTUSDT&interval=15m&limit=100 (Caused by SSLError(SSLEOFError(8, '[SSL: UNEXPECTED_EOF_WHILE_READING] EOF occurred in violation of protocol (_ssl.c:1033)')))
2026-05-25 12:07:40,927 [WARNING] K 线重试 1/5 DOT: HTTPSConnectionPool(host='testnet.binancefuture.com', port=443): Max retries exceeded with url: /fapi/v1/klines?symbol=DOTUSDT&interval=1h&limit=60 (Caused by SSLError(SSLEOFError(8, '[SSL: UNEXPECTED_EOF_WHILE_READING] EOF occurred in violation of protocol (_ssl.c:1033)')))
2026-05-25 12:07:44,768 [WARNING] K 线重试 2/5 DOT: HTTPSConnectionPool(host='testnet.binancefuture.com', port=443): Max retries exceeded with url: /fapi/v1/klines?symbol=DOTUSDT&interval=1h&limit=60 (Caused by SSLError(SSLEOFError(8, '[SSL: UNEXPECTED_EOF_WHILE_READING] EOF occurred in violation of protocol (_ssl.c:1033)')))
2026-05-25 12:07:47,765 [WARNING] K 线重试 3/5 DOT: HTTPSConnectionPool(host='testnet.binancefuture.com', port=443): Max retries exceeded with url: /fapi/v1/klines?symbol=DOTUSDT&interval=1h&limit=60 (Caused by SSLError(SSLEOFError(8, '[SSL: UNEXPECTED_EOF_WHILE_READING] EOF occurred in violation of protocol (_ssl.c:1033)')))
2026-05-25 12:07:51,479 [WARNING] K 线重试 4/5 DOT: HTTPSConnectionPool(host='testnet.binancefuture.com', port=443): Max retries exceeded with url: /fapi/v1/klines?symbol=DOTUSDT&interval=1h&limit=60 (Caused by SSLError(SSLEOFError(8, '[SSL: UNEXPECTED_EOF_WHILE_READING] EOF occurred in violation of protocol (_ssl.c:1033)')))
2026-05-25 12:07:54,832 [ERROR] K 线失败 DOT (5 次重试耗尽): HTTPSConnectionPool(host='testnet.binancefuture.com', port=443): Max retries exceeded with url: /fapi/v1/klines?symbol=DOTUSDT&interval=1h&limit=60 (Caused by SSLError(SSLEOFError(8, '[SSL: UNEXPECTED_EOF_WHILE_READING] EOF occurred in violation of protocol (_ssl.c:1033)')))
2026-05-25 12:07:58,165 [WARNING] 24hr Ticker failed DOT: HTTPSConnectionPool(host='testnet.binancefuture.com', port=443): Max retries exceeded with url: /fapi/v1/ticker/24hr?symbol=DOTUSDT (Caused by SSLError(SSLEOFError(8, '[SSL: UNEXPECTED_EOF_WHILE_READING] EOF occurred in violation of protocol (_ssl.c:1033)')))
2026-05-25 12:07:58,166 [ERROR] 24h klines failed all fallbacks DOT
2026-05-25 12:08:00,908 [WARNING] K 线重试 1/5 LINK: HTTPSConnectionPool(host='testnet.binancefuture.com', port=443): Max retries exceeded with url: /fapi/v1/klines?symbol=LINKUSDT&interval=15m&limit=100 (Caused by SSLError(SSLEOFError(8, '[SSL: UNEXPECTED_EOF_WHILE_READING] EOF occurred in violation of protocol (_ssl.c:1033)')))
2026-05-25 12:08:04,684 [WARNING] K 线重试 2/5 LINK: HTTPSConnectionPool(host='testnet.binancefuture.com', port=443): Max retries exceeded with url: /fapi/v1/klines?symbol=LINKUSDT&interval=15m&limit=100 (Caused by SSLError(SSLEOFError(8, '[SSL: UNEXPECTED_EOF_WHILE_READING] EOF occurred in violation of protocol (_ssl.c:1033)')))
2026-05-25 12:08:07,947 [WARNING] K 线重试 3/5 LINK: HTTPSConnectionPool(host='testnet.binancefuture.com', port=443): Max retries exceeded with url: /fapi/v1/klines?symbol=LINKUSDT&interval=15m&limit=100 (Caused by SSLError(SSLEOFError(8, '[SSL: UNEXPECTED_EOF_WHILE_READING] EOF occurred in violation of protocol (_ssl.c:1033)')))
2026-05-25 12:08:11,564 [WARNING] K 线重试 4/5 LINK: HTTPSConnectionPool(host='testnet.binancefuture.com', port=443): Max retries exceeded with url: /fapi/v1/klines?symbol=LINKUSDT&interval=15m&limit=100 (Caused by SSLError(SSLEOFError(8, '[SSL: UNEXPECTED_EOF_WHILE_READING] EOF occurred in violation of protocol (_ssl.c:1033)')))
2026-05-25 12:08:14,290 [ERROR] K 线失败 LINK (5 次重试耗尽): HTTPSConnectionPool(host='testnet.binancefuture.com', port=443): Max retries exceeded with url: /fapi/v1/klines?symbol=LINKUSDT&interval=15m&limit=100 (Caused by SSLError(SSLEOFError(8, '[SSL: UNEXPECTED_EOF_WHILE_READING] EOF occurred in violation of protocol (_ssl.c:1033)')))
2026-05-25 12:08:16,370 [WARNING] K 线重试 1/5 LINK: HTTPSConnectionPool(host='testnet.binancefuture.com', port=443): Max retries exceeded with url: /fapi/v1/klines?symbol=LINKUSDT&interval=1h&limit=60 (Caused by SSLError(SSLEOFError(8, '[SSL: UNEXPECTED_EOF_WHILE_READING] EOF occurred in violation of protocol (_ssl.c:1033)')))
2026-05-25 12:08:19,908 [WARNING] K 线重试 2/5 LINK: HTTPSConnectionPool(host='testnet.binancefuture.com', port=443): Max retries exceeded with url: /fapi/v1/klines?symbol=LINKUSDT&interval=1h&limit=60 (Caused by SSLError(SSLEOFError(8, '[SSL: UNEXPECTED_EOF_WHILE_READING] EOF occurred in violation of protocol (_ssl.c:1033)')))
2026-05-25 12:08:22,935 [WARNING] K 线重试 3/5 LINK: HTTPSConnectionPool(host='testnet.binancefuture.com', port=443): Max retries exceeded with url: /fapi/v1/klines?symbol=LINKUSDT&interval=1h&limit=60 (Caused by SSLError(SSLEOFError(8, '[SSL: UNEXPECTED_EOF_WHILE_READING] EOF occurred in violation of protocol (_ssl.c:1033)')))
2026-05-25 12:08:26,588 [WARNING] K 线重试 4/5 LINK: HTTPSConnectionPool(host='testnet.binancefuture.com', port=443): Max retries exceeded with url: /fapi/v1/klines?symbol=LINKUSDT&interval=1h&limit=60 (Caused by SSLError(SSLEOFError(8, '[SSL: UNEXPECTED_EOF_WHILE_READING] EOF occurred in violation of protocol (_ssl.c:1033)')))
2026-05-25 12:08:29,743 [ERROR] K 线失败 LINK (5 次重试耗尽): HTTPSConnectionPool(host='testnet.binancefuture.com', port=443): Max retries exceeded with url: /fapi/v1/klines?symbol=LINKUSDT&interval=1h&limit=60 (Caused by SSLError(SSLEOFError(8, '[SSL: UNEXPECTED_EOF_WHILE_READING] EOF occurred in violation of protocol (_ssl.c:1033)')))
2026-05-25 12:08:33,438 [WARNING] 24hr Ticker failed LINK: HTTPSConnectionPool(host='testnet.binancefuture.com', port=443): Max retries exceeded with url: /fapi/v1/ticker/24hr?symbol=LINKUSDT (Caused by SSLError(SSLEOFError(8, '[SSL: UNEXPECTED_EOF_WHILE_READING] EOF occurred in violation of protocol (_ssl.c:1033)')))
2026-05-25 12:08:33,439 [ERROR] 24h klines failed all fallbacks LINK
2026-05-25 12:08:36,081 [WARNING] K 线重试 1/5 XRP: HTTPSConnectionPool(host='testnet.binancefuture.com', port=443): Max retries exceeded with url: /fapi/v1/klines?symbol=XRPUSDT&interval=15m&limit=100 (Caused by SSLError(SSLEOFError(8, '[SSL: UNEXPECTED_EOF_WHILE_READING] EOF occurred in violation of protocol (_ssl.c:1033)')))
2026-05-25 12:08:39,833 [WARNING] K 线重试 2/5 XRP: HTTPSConnectionPool(host='testnet.binancefuture.com', port=443): Max retries exceeded with url: /fapi/v1/klines?symbol=XRPUSDT&interval=15m&limit=100 (Caused by SSLError(SSLEOFError(8, '[SSL: UNEXPECTED_EOF_WHILE_READING] EOF occurred in violation of protocol (_ssl.c:1033)')))
2026-05-25 12:08:43,906 [WARNING] K 线重试 3/5 XRP: HTTPSConnectionPool(host='testnet.binancefuture.com', port=443): Max retries exceeded with url: /fapi/v1/klines?symbol=XRPUSDT&interval=15m&limit=100 (Caused by SSLError(SSLEOFError(8, '[SSL: UNEXPECTED_EOF_WHILE_READING] EOF occurred in violation of protocol (_ssl.c:1033)')))
2026-05-25 12:08:47,447 [WARNING] K 线重试 4/5 XRP: HTTPSConnectionPool(host='testnet.binancefuture.com', port=443): Max retries exceeded with url: /fapi/v1/klines?symbol=XRPUSDT&interval=15m&limit=100 (Caused by SSLError(SSLEOFError(8, '[SSL: UNEXPECTED_EOF_WHILE_READING] EOF occurred in violation of protocol (_ssl.c:1033)')))
2026-05-25 12:08:49,826 [ERROR] K 线失败 XRP (5 次重试耗尽): HTTPSConnectionPool(host='testnet.binancefuture.com', port=443): Max retries exceeded with url: /fapi/v1/klines?symbol=XRPUSDT&interval=15m&limit=100 (Caused by SSLError(SSLEOFError(8, '[SSL: UNEXPECTED_EOF_WHILE_READING] EOF occurred in violation of protocol (_ssl.c:1033)')))
2026-05-25 12:08:52,908 [WARNING] K 线重试 1/5 XRP: HTTPSConnectionPool(host='testnet.binancefuture.com', port=443): Max retries exceeded with url: /fapi/v1/klines?symbol=XRPUSDT&interval=1h&limit=60 (Caused by SSLError(SSLEOFError(8, '[SSL: UNEXPECTED_EOF_WHILE_READING] EOF occurred in violation of protocol (_ssl.c:1033)')))
2026-05-25 12:08:56,302 [WARNING] K 线重试 2/5 XRP: HTTPSConnectionPool(host='testnet.binancefuture.com', port=443): Max retries exceeded with url: /fapi/v1/klines?symbol=XRPUSDT&interval=1h&limit=60 (Caused by SSLError(SSLEOFError(8, '[SSL: UNEXPECTED_EOF_WHILE_READING] EOF occurred in violation of protocol (_ssl.c:1033)')))
2026-05-25 12:08:59,943 [WARNING] K 线重试 3/5 XRP: HTTPSConnectionPool(host='testnet.binancefuture.com', port=443): Max retries exceeded with url: /fapi/v1/klines?symbol=XRPUSDT&interval=1h&limit=60 (Caused by SSLError(SSLEOFError(8, '[SSL: UNEXPECTED_EOF_WHILE_READING] EOF occurred in violation of protocol (_ssl.c:1033)')))
2026-05-25 12:09:03,784 [WARNING] K 线重试 4/5 XRP: HTTPSConnectionPool(host='testnet.binancefuture.com', port=443): Max retries exceeded with url: /fapi/v1/klines?symbol=XRPUSDT&interval=1h&limit=60 (Caused by SSLError(SSLEOFError(8, '[SSL: UNEXPECTED_EOF_WHILE_READING] EOF occurred in violation of protocol (_ssl.c:1033)')))
2026-05-25 12:09:06,651 [ERROR] K 线失败 XRP (5 次重试耗尽): HTTPSConnectionPool(host='testnet.binancefuture.com', port=443): Max retries exceeded with url: /fapi/v1/klines?symbol=XRPUSDT&interval=1h&limit=60 (Caused by SSLError(SSLEOFError(8, '[SSL: UNEXPECTED_EOF_WHILE_READING] EOF occurred in violation of protocol (_ssl.c:1033)')))
2026-05-25 12:09:10,073 [WARNING] 24hr Ticker failed XRP: HTTPSConnectionPool(host='testnet.binancefuture.com', port=443): Max retries exceeded with url: /fapi/v1/ticker/24hr?symbol=XRPUSDT (Caused by SSLError(SSLEOFError(8, '[SSL: UNEXPECTED_EOF_WHILE_READING] EOF occurred in violation of protocol (_ssl.c:1033)')))
2026-05-25 12:09:10,073 [ERROR] 24h klines failed all fallbacks XRP
2026-05-25 12:09:19,382 [ERROR] ❌ Binance API 错误：{'error': "HTTPSConnectionPool(host='testnet.binancefuture.com', port=443): Max retries exceeded with url: /fapi/v2/positionRisk?timestamp=1779682150073&recvWindow=30000&signature=2df77ccfe9c8071fb679cfd2983145242a407a2f7a2beab79c324540af9a98ee (Caused by SSLError(SSLEOFError(8, '[SSL: UNEXPECTED_EOF_WHILE_READING] EOF occurred in violation of protocol (_ssl.c:1033)')))", 'clientOrderId': None}
2026-05-25 12:09:19,383 [INFO] 📊 开仓前检查：API 持仓=0, 本地缓存=0, 采用=0/4
2026-05-25 12:09:31,871 [WARNING] WebSocket 断线，5 秒后重连：Cannot connect to host stream.binancefuture.com:443 ssl:default [None]
2026-05-25 12:09:45,595 [INFO] WebSocket 价格流已连接 (aiohttp + 代理)
2026-05-25 12:10:11,826 [INFO] ✅ 从 Binance API 获取 4 个持仓
2026-05-25 12:10:11,828 [INFO] 📊 开仓前检查：API 持仓=4, 本地缓存=0, 采用=4/4
2026-05-25 12:10:11,828 [INFO] ⚠️ BTC 已达最大持仓数，跳过开仓
2026-05-25 12:11:06,065 [INFO] ✅ 从 Binance API 获取 4 个持仓
2026-05-25 12:11:06,069 [INFO] 📊 开仓前检查：API 持仓=4, 本地缓存=0, 采用=4/4
2026-05-25 12:11:06,069 [INFO] ⚠️ BTC 已达最大持仓数，跳过开仓
2026-05-25 12:12:06,716 [INFO] ✅ 从 Binance API 获取 4 个持仓
2026-05-25 12:12:06,718 [INFO] 🔄 持仓同步：本地0个 → API4个
2026-05-25 12:12:06,718 [INFO] 🔧 持仓 SOL 数量归一：qty=None amount=2.34 → 2.34
2026-05-25 12:12:06,718 [INFO] 🔧 持仓 ETH 数量归一：qty=None amount=0.095 → 0.095
2026-05-25 12:12:06,719 [INFO] 🔧 持仓 BNB 数量归一：qty=None amount=0.3 → 0.3
2026-05-25 12:12:06,719 [INFO] 🔧 持仓 BTC 数量归一：qty=None amount=0.003 → 0.003
2026-05-25 12:12:06,720 [INFO] ✅ 持仓同步完成：4个
2026-05-25 12:12:07,434 [INFO] ✅ 订单确认 orderId=13191157651 status=NEW
2026-05-25 12:12:07,437 [INFO] 📝 平仓结果：{'leverage': {'skipped': True}, 'order': {'orderId': 13191157651, 'symbol': 'BTCUSDT', 'status': 'NEW', 'clientOrderId': 'oc_1779682326_e168fcb8fa', 'price': '0.00', 'avgPrice': '0.00', 'origQty': '0.0030', 'executedQty': '0.0000', 'cumQty': '0.0000', 'cumQuote': '0.000000', 'timeInForce': 'GTC', 'type': 'MARKET', 'reduceOnly': True, 'closePosition': False, 'side': 'BUY', 'positionSide': 'BOTH', 'stopPrice': '0.00', 'workingType': 'CONTRACT_PRICE', 'priceProtect': False, 'origType': 'MARKET', 'priceMatch': 'NONE', 'selfTradePreventionMode': 'EXPIRE_MAKER', 'goodTillDate': 0, 'updateTime': 1779682327834}, 'quantity_used': 0.003, 'tp_price': None, 'sl_price': None, 'success': True, 'message': ''}
2026-05-25 12:12:07,438 [INFO] ✅ 平仓 BTC TP1 | 入场:79818.5000 出场:76997.6000 | PnL:3.53% (+7.07USDT) | 平100%仓 | ✅ 平仓成功
2026-05-25 12:12:07,448 [INFO] 🔄 BTC 平仓后已清除冷却记录
2026-05-25 12:12:07,454 [INFO] TP1 触发 BTC，全平移除
2026-05-25 12:12:16,228 [INFO] ✅ 从 Binance API 获取 3 个持仓
2026-05-25 12:12:16,230 [INFO] 📊 开仓前检查：API 持仓=3, 本地缓存=3, 采用=3/4
2026-05-25 12:12:16,726 [INFO] ✅ 从 Binance API 获取 3 个持仓
2026-05-25 12:12:16,728 [INFO] 🤖 LINK 触发 AI：开仓信号确认 (60分)
2026-05-25 12:12:18,472 [INFO] 🤖 AI 预测 LINK: {'direction': '做空', 'confidence': 65, 'reason': 'RSI偏弱且价格更靠近阻力位，恐慌情绪下短期下行压力较大'}
2026-05-25 12:12:18,969 [INFO] ✅ 从 Binance API 获取 3 个持仓
2026-05-25 12:12:19,424 [INFO] ✅ 从 Binance API 获取 3 个持仓
2026-05-25 12:12:19,770 [WARNING] ⚠️ LINKUSDT 设置逐仓模式失败：{'code': -4046, 'msg': 'No need to change margin type.'}
2026-05-25 12:12:21,237 [INFO] 📌 LINKUSDT 止损 Algo 单已提交：9.3 algoId=1000000084873266
2026-05-25 12:12:21,644 [INFO] 📌 LINKUSDT 止盈 Algo 单已提交：9.77 algoId=1000000084873269
2026-05-25 12:12:21,647 [INFO] ✅ 订单确认 orderId=563508282 status=NEW
2026-05-25 12:12:21,648 [INFO] 📝 下单结果：{'leverage': {'symbol': 'LINKUSDT', 'leverage': 10, 'maxNotionalValue': '1000000'}, 'order': {'orderId': 563508282, 'symbol': 'LINKUSDT', 'status': 'NEW', 'clientOrderId': 'oc_1779682340_ded21032fa', 'price': '0.000', 'avgPrice': '0.00', 'origQty': '21.28', 'executedQty': '0.00', 'cumQty': '0.00', 'cumQuote': '0.00000', 'timeInForce': 'GTC', 'type': 'MARKET', 'reduceOnly': False, 'closePosition': False, 'side': 'BUY', 'positionSide': 'BOTH', 'stopPrice': '0.000', 'workingType': 'CONTRACT_PRICE', 'priceProtect': False, 'origType': 'MARKET', 'priceMatch': 'NONE', 'selfTradePreventionMode': 'EXPIRE_MAKER', 'goodTillDate': 0, 'updateTime': 1779682341175}, 'quantity_used': 21.28, 'tp_price': 9.77, 'sl_price': 9.3, 'success': True, 'message': ''}
2026-05-25 12:12:21,648 [INFO] 🟢 开多 LINK @9.397 | 评分:60 | 状态:ranging | AI:做空(65%) | ✅ 下单成功
2026-05-25 12:12:21,655 [INFO] ✅ LINK 开仓成功，当前持仓：4/4
2026-05-25 12:12:21,656 [INFO] ⚠️ XRP 已达最大持仓数，跳过开仓
2026-05-25 12:13:07,848 [INFO] ✅ 从 Binance API 获取 4 个持仓
2026-05-25 12:13:07,850 [INFO] 📊 开仓前检查：API 持仓=4, 本地缓存=4, 采用=4/4
2026-05-25 12:13:07,850 [INFO] ⚠️ BTC 已达最大持仓数，跳过开仓
2026-05-25 12:14:11,427 [INFO] ✅ 从 Binance API 获取 4 个持仓
2026-05-25 12:14:11,429 [INFO] 📊 开仓前检查：API 持仓=4, 本地缓存=4, 采用=4/4
2026-05-25 12:14:11,430 [INFO] ⚠️ BTC 已达最大持仓数，跳过开仓
2026-05-25 12:15:07,899 [INFO] ✅ 从 Binance API 获取 4 个持仓
2026-05-25 12:15:07,901 [INFO] 📊 开仓前检查：API 持仓=4, 本地缓存=4, 采用=4/4
2026-05-25 12:15:07,901 [INFO] ⚠️ BTC 已达最大持仓数，跳过开仓
2026-05-25 12:16:10,427 [INFO] ✅ 从 Binance API 获取 4 个持仓
2026-05-25 12:16:10,429 [INFO] 📊 开仓前检查：API 持仓=4, 本地缓存=4, 采用=4/4
2026-05-25 12:16:10,429 [INFO] ⚠️ BTC 已达最大持仓数，跳过开仓
2026-05-25 12:17:07,931 [INFO] ✅ 从 Binance API 获取 4 个持仓
2026-05-25 12:17:11,068 [INFO] ✅ 从 Binance API 获取 4 个持仓
2026-05-25 12:17:11,070 [INFO] 📊 开仓前检查：API 持仓=4, 本地缓存=4, 采用=4/4
2026-05-25 12:17:11,070 [INFO] ⚠️ BTC 已达最大持仓数，跳过开仓
2026-05-25 12:17:11,323 [WARNING] ⚠️ 飞书 token 过期，强制刷新后重试...
2026-05-25 12:17:11,337 [INFO] 🔄 强制刷新飞书 token
2026-05-25 12:17:11,692 [INFO] ✅ 飞书 token 已更新
2026-05-25 12:17:12,377 [INFO] ✅ 飞书推送成功（刷新 token 后）
2026-05-25 12:17:22,909 [INFO] ✅ 飞书推送成功
2026-05-25 12:18:07,686 [INFO] ✅ 从 Binance API 获取 4 个持仓
2026-05-25 12:18:07,688 [INFO] 📊 开仓前检查：API 持仓=4, 本地缓存=4, 采用=4/4
2026-05-25 12:18:07,688 [INFO] ⚠️ BTC 已达最大持仓数，跳过开仓
2026-05-25 12:19:10,267 [INFO] ✅ 从 Binance API 获取 4 个持仓
2026-05-25 12:19:10,268 [INFO] 📊 开仓前检查：API 持仓=4, 本地缓存=4, 采用=4/4
2026-05-25 12:19:10,269 [INFO] ⚠️ BTC 已达最大持仓数，跳过开仓
2026-05-25 12:20:08,111 [INFO] ✅ 从 Binance API 获取 4 个持仓
2026-05-25 12:20:08,113 [INFO] 📊 开仓前检查：API 持仓=4, 本地缓存=4, 采用=4/4
2026-05-25 12:20:08,113 [INFO] ⚠️ BTC 已达最大持仓数，跳过开仓
2026-05-25 12:21:10,334 [INFO] ✅ 从 Binance API 获取 4 个持仓
2026-05-25 12:21:10,335 [INFO] 📊 开仓前检查：API 持仓=4, 本地缓存=4, 采用=4/4
2026-05-25 12:21:10,336 [INFO] ⚠️ BTC 已达最大持仓数，跳过开仓
2026-05-25 12:22:08,011 [INFO] ✅ 从 Binance API 获取 4 个持仓
2026-05-25 12:22:13,490 [INFO] ✅ 从 Binance API 获取 4 个持仓
2026-05-25 12:22:13,492 [INFO] 📊 开仓前检查：API 持仓=4, 本地缓存=4, 采用=4/4
2026-05-25 12:22:13,492 [INFO] ⚠️ BTC 已达最大持仓数，跳过开仓
2026-05-25 12:23:13,652 [INFO] ✅ 从 Binance API 获取 4 个持仓
2026-05-25 12:23:13,654 [INFO] 📊 开仓前检查：API 持仓=4, 本地缓存=4, 采用=4/4
2026-05-25 12:23:13,654 [INFO] ⚠️ BTC 已达最大持仓数，跳过开仓
2026-05-25 12:24:08,148 [INFO] ✅ 从 Binance API 获取 4 个持仓
2026-05-25 12:24:08,150 [INFO] 📊 开仓前检查：API 持仓=4, 本地缓存=4, 采用=4/4
2026-05-25 12:24:08,150 [INFO] ⚠️ BTC 已达最大持仓数，跳过开仓
2026-05-25 12:25:10,245 [INFO] ✅ 从 Binance API 获取 4 个持仓
2026-05-25 12:25:10,247 [INFO] 📊 开仓前检查：API 持仓=4, 本地缓存=4, 采用=4/4
2026-05-25 12:25:10,247 [INFO] ⚠️ BTC 已达最大持仓数，跳过开仓
2026-05-25 12:26:07,814 [INFO] ✅ 从 Binance API 获取 4 个持仓
2026-05-25 12:26:07,816 [INFO] 📊 开仓前检查：API 持仓=4, 本地缓存=4, 采用=4/4
2026-05-25 12:26:07,816 [INFO] ⚠️ BTC 已达最大持仓数，跳过开仓
2026-05-25 12:27:07,890 [INFO] ✅ 从 Binance API 获取 4 个持仓
2026-05-25 12:27:11,777 [INFO] ✅ 从 Binance API 获取 4 个持仓
2026-05-25 12:27:11,779 [INFO] 📊 开仓前检查：API 持仓=4, 本地缓存=4, 采用=4/4
2026-05-25 12:27:11,779 [INFO] ⚠️ BTC 已达最大持仓数，跳过开仓
2026-05-25 12:28:08,149 [INFO] ✅ 从 Binance API 获取 4 个持仓
2026-05-25 12:28:08,151 [INFO] 📊 开仓前检查：API 持仓=4, 本地缓存=4, 采用=4/4
2026-05-25 12:28:08,151 [INFO] ⚠️ BTC 已达最大持仓数，跳过开仓
2026-05-25 12:29:10,762 [INFO] ✅ 从 Binance API 获取 4 个持仓
2026-05-25 12:29:10,763 [INFO] 📊 开仓前检查：API 持仓=4, 本地缓存=4, 采用=4/4
2026-05-25 12:29:10,764 [INFO] ⚠️ BTC 已达最大持仓数，跳过开仓
2026-05-25 12:30:27,191 [INFO] ✅ 从 Binance API 获取 4 个持仓
2026-05-25 12:30:27,192 [INFO] 📊 开仓前检查：API 持仓=4, 本地缓存=4, 采用=4/4
2026-05-25 12:30:27,193 [INFO] ⚠️ BTC 已达最大持仓数，跳过开仓
